timestamp,temperature,humidity,wind_direction,wind_speed,pressure
2019-01-01 00:00:00,0.425,76.695,101.41666666666667,5.6,963.7283333333332
2019-01-01 01:00:00,0.5549999999999999,73.445,72.0,5.736666666666666,964.0533333333333
2019-01-01 02:00:00,0.31166666666666665,68.90166666666667,87.4,7.905,964.3883333333334
2019-01-01 03:00:00,0.14166666666666666,67.82833333333333,107.46666666666667,9.445,964.7033333333333
2019-01-01 04:00:00,0.48666666666666664,67.81,107.48333333333333,9.85,964.935
2019-01-01 05:00:00,1.5616666666666668,60.95333333333333,96.75,11.043333333333333,965.0366666666666
2019-01-01 06:00:00,1.7383333333333333,57.875,99.36666666666666,9.49,965.3966666666668
2019-01-01 07:00:00,1.8016666666666665,54.095,119.68333333333334,8.885,965.4133333333333
2019-01-01 08:00:00,2.385,53.458333333333336,107.31666666666666,6.916666666666667,965.3133333333333
2019-01-01 09:00:00,2.4833333333333334,53.434999999999995,129.21666666666667,6.38,965.115
2019-01-01 10:00:00,2.225,52.12,144.95,6.325,964.895
2019-01-01 11:00:00,2.8616666666666664,50.269999999999996,187.2,3.8433333333333333,964.85
2019-01-01 12:00:00,4.516666666666667,47.89333333333333,210.01666666666668,2.9183333333333334,964.75
2019-01-01 13:00:00,4.083333333333333,47.71666666666667,198.7,5.488333333333333,964.63
2019-01-01 14:00:00,4.001666666666667,48.24333333333333,182.46666666666667,5.066666666666666,964.535
2019-01-01 15:00:00,3.685,48.480000000000004,36.583333333333336,4.783333333333333,964.3
2019-01-01 16:00:00,3.01,52.406666666666666,65.75,4.415,964.3366666666666
2019-01-01 17:00:00,2.9866666666666664,53.25833333333333,80.33333333333333,3.19,964.305
2019-01-01 18:00:00,2.1599999999999997,57.49166666666667,124.03333333333333,3.618333333333333,964.2983333333334
2019-01-01 19:00:00,2.095,59.763333333333335,228.56666666666666,2.4633333333333334,964.3116666666666
2019-01-01 20:00:00,1.9183333333333332,60.315000000000005,254.61666666666667,2.3483333333333336,964.3983333333333
2019-01-01 21:00:00,1.6616666666666666,62.583333333333336,128.88333333333333,2.61,964.3733333333333
2019-01-01 22:00:00,1.3283333333333334,70.68166666666666,137.48333333333332,5.1,964.24
2019-01-01 23:00:00,1.2899999999999998,66.11333333333333,127.01666666666667,4.058333333333334,964.0116666666667
2019-01-02 00:00:00,1.245,65.54666666666667,94.88333333333334,3.7800000000000002,963.735
2019-01-02 01:00:00,1.3533333333333333,63.99333333333333,70.41666666666667,1.8133333333333332,963.6683333333333
2019-01-02 02:00:00,1.3483333333333334,64.78166666666667,109.43333333333334,1.4066666666666667,963.4599999999999
2019-01-02 03:00:00,1.3116666666666668,62.388333333333335,123.25,3.953333333333333,963.0283333333333
2019-01-02 04:00:00,1.03,59.07166666666667,144.41666666666666,9.433333333333334,962.66
2019-01-02 05:00:00,1.52,51.445,142.2,6.64,962.635
2019-01-02 06:00:00,1.6833333333333333,50.544999999999995,152.88333333333333,7.58,962.4233333333334
2019-01-02 07:00:00,2.6683333333333334,46.71666666666667,87.46666666666667,6.283333333333333,962.2483333333333
2019-01-02 08:00:00,3.0983333333333336,45.53333333333333,27.866666666666667,5.645,961.9316666666667
2019-01-02 09:00:00,3.1616666666666666,47.975,23.716666666666665,5.0233333333333325,961.615
2019-01-02 10:00:00,3.0300000000000002,49.985,25.25,5.59,961.2900000000001
2019-01-02 11:00:00,3.058333333333333,51.894999999999996,92.31666666666666,3.7816666666666667,961.2116666666667
2019-01-02 12:00:00,1.68,56.04833333333333,146.7,6.073333333333333,961.285
2019-01-02 13:00:00,2.0349999999999997,54.09166666666667,144.8,4.653333333333333,961.2633333333334
2019-01-02 14:00:00,2.7383333333333337,57.01166666666666,73.96666666666667,3.996666666666667,961.3466666666666
2019-01-02 15:00:00,2.9133333333333336,62.16833333333333,226.21666666666667,3.5766666666666667,961.1866666666666
2019-01-02 16:00:00,2.308333333333333,63.00833333333333,259.46666666666664,4.415,960.8916666666667
2019-01-02 17:00:00,1.525,66.02166666666668,212.86666666666667,5.443333333333333,960.995
2019-01-02 18:00:00,1.6316666666666668,64.33166666666666,244.25,2.9883333333333337,961.2083333333334
2019-01-02 19:00:00,1.3983333333333332,63.76833333333333,217.75,3.515,961.48
2019-01-02 20:00:00,0.8200000000000001,65.955,230.2,4.4783333333333335,961.605
2019-01-02 21:00:00,0.6366666666666666,68.59166666666667,205.63333333333333,3.6599999999999997,961.61
2019-01-02 22:00:00,0.3983333333333333,71.35,131.3,1.9933333333333332,961.5966666666667
2019-01-02 23:00:00,-0.08833333333333333,75.28500000000001,73.11666666666666,3.125,961.6516666666666
2019-01-03 00:00:00,-1.0683333333333331,80.52333333333333,116.06666666666666,2.395,961.5966666666667
2019-01-03 01:00:00,-1.28,75.08833333333334,111.05,4.516666666666667,961.515
2019-01-03 02:00:00,-0.2783333333333333,67.28833333333334,105.06666666666666,4.761666666666667,961.5216666666668
2019-01-03 03:00:00,-0.145,67.24166666666666,115.73333333333333,3.1083333333333334,961.6850000000001
2019-01-03 04:00:00,0.6633333333333333,67.11,144.95,11.748333333333333,961.5033333333333
2019-01-03 05:00:00,1.3150000000000002,65.915,120.91666666666667,11.764999999999999,961.7066666666667
2019-01-03 06:00:00,2.295,59.39,102.48333333333333,9.488333333333333,961.755
2019-01-03 07:00:00,3.02,54.681666666666665,91.58333333333333,7.819999999999999,961.8149999999999
2019-01-03 08:00:00,4.348333333333333,47.663333333333334,65.71666666666667,13.081666666666667,962.02
2019-01-03 09:00:00,3.6733333333333333,54.75,74.26666666666667,15.656666666666666,962.28
2019-01-03 10:00:00,2.728333333333333,57.165,78.0,14.433333333333334,962.45
2019-01-03 11:00:00,2.908333333333333,55.019999999999996,70.4,11.831666666666667,962.5516666666666
2019-01-03 12:00:00,3.7083333333333335,54.36333333333334,60.4,10.401666666666667,962.6483333333333
2019-01-03 13:00:00,4.113333333333333,51.90833333333333,58.88333333333333,9.948333333333332,962.78
2019-01-03 14:00:00,4.081666666666667,52.776666666666664,64.26666666666667,10.621666666666666,962.785
2019-01-03 15:00:00,3.1333333333333333,55.336666666666666,61.55,10.606666666666666,962.8549999999999
2019-01-03 16:00:00,2.8233333333333333,56.885,68.31666666666666,12.323333333333332,962.6966666666667
2019-01-03 17:00:00,2.2366666666666664,58.97,83.81666666666666,11.59,962.8766666666667
2019-01-03 18:00:00,1.7966666666666666,59.16166666666666,101.83333333333333,10.593333333333334,962.9583333333334
2019-01-03 19:00:00,1.1433333333333333,61.45,105.18333333333334,11.243333333333334,963.225
2019-01-03 20:00:00,0.8450000000000001,65.22166666666666,104.1,11.263333333333332,963.3633333333332
2019-01-03 21:00:00,0.30333333333333334,67.555,102.83333333333333,9.531666666666666,963.7216666666667
2019-01-03 22:00:00,0.165,68.45166666666667,103.06666666666666,10.558333333333334,964.0466666666667
2019-01-03 23:00:00,-0.15166666666666667,68.25,102.61666666666666,12.848333333333333,964.4566666666667
2019-01-04 00:00:00,-1.085,72.51666666666667,119.16666666666667,13.008333333333333,964.7966666666667
2019-01-04 01:00:00,-1.1466666666666667,67.075,120.95,12.631666666666666,964.8149999999999
2019-01-04 02:00:00,-1.0566666666666669,63.84166666666667,122.25,13.995000000000001,964.99
2019-01-04 03:00:00,-1.0766666666666669,66.06166666666667,115.83333333333333,13.205,965.1800000000001
2019-01-04 04:00:00,-0.92,67.35,104.4,12.573333333333332,965.4066666666666
2019-01-04 05:00:00,-0.8,65.74833333333333,92.23333333333333,14.42,965.6866666666667
2019-01-04 06:00:00,-0.9049999999999999,69.80166666666668,100.98333333333333,11.6,965.735
2019-01-04 07:00:00,-0.3266666666666667,65.94333333333333,101.78333333333333,9.241666666666667,965.87
2019-01-04 08:00:00,-0.10833333333333334,67.55333333333333,81.48333333333333,11.06,966.1
2019-01-04 09:00:00,-0.295,71.69,89.71666666666667,9.466666666666667,966.07
2019-01-04 10:00:00,-0.11,72.17166666666667,78.86666666666666,10.0,966.3566666666667
2019-01-04 11:00:00,0.255,70.72166666666666,80.03333333333333,8.423333333333334,966.5833333333334
2019-01-04 12:00:00,0.98,67.89833333333334,72.76666666666667,9.421666666666665,966.4449999999999
2019-01-04 13:00:00,1.2683333333333333,67.43166666666667,70.13333333333334,9.528333333333334,966.3266666666666
2019-01-04 14:00:00,1.105,68.56666666666666,60.88333333333333,9.581666666666667,966.1533333333334
2019-01-04 15:00:00,1.0233333333333332,68.20666666666666,69.25,10.24,966.0166666666667
2019-01-04 16:00:00,1.0283333333333333,66.82333333333334,69.91666666666667,9.54,965.7666666666667
2019-01-04 17:00:00,0.765,71.065,126.71666666666667,6.741666666666666,965.5366666666666
2019-01-04 18:00:00,1.1366666666666667,68.81833333333334,93.13333333333334,8.933333333333334,965.3533333333332
2019-01-04 19:00:00,0.6433333333333333,73.45833333333333,79.91666666666667,9.948333333333332,965.3633333333332
2019-01-04 20:00:00,0.15166666666666667,74.18,78.93333333333334,11.171666666666665,965.1066666666667
2019-01-04 21:00:00,-0.22666666666666666,74.87833333333333,73.7,9.006666666666666,965.0633333333334
2019-01-04 22:00:00,-0.775,75.38333333333334,79.35,7.575,965.1216666666667
2019-01-04 23:00:00,-1.165,77.65333333333334,76.65,7.238333333333333,964.9916666666667
2019-01-05 00:00:00,-1.3516666666666666,78.71666666666667,85.11666666666666,6.413333333333333,964.8199999999999
2019-01-05 01:00:00,-1.4083333333333334,77.735,84.18333333333334,7.133333333333334,964.4933333333333
2019-01-05 02:00:00,-1.5233333333333334,72.20333333333333,100.91666666666667,5.586666666666667,964.225
2019-01-05 03:00:00,-1.4616666666666667,68.43333333333334,84.23333333333333,9.883333333333333,964.0066666666667
2019-01-05 04:00:00,-1.47,65.31666666666666,73.5,14.24,963.9166666666666
2019-01-05 05:00:00,-1.6683333333333332,63.40833333333333,96.45,14.026666666666667,963.78
2019-01-05 06:00:00,-1.63,64.27,89.91666666666667,13.966666666666667,963.8583333333333
2019-01-05 07:00:00,-1.5066666666666668,65.69833333333334,95.03333333333333,13.866666666666667,963.8366666666666
2019-01-05 08:00:00,-1.2966666666666666,65.05833333333334,104.55,12.558333333333334,963.7666666666667
2019-01-05 09:00:00,-1.0433333333333334,64.49166666666666,101.81666666666666,12.44,963.5716666666667
2019-01-05 10:00:00,-0.7100000000000001,63.61333333333334,93.75,13.948333333333332,963.3799999999999
2019-01-05 11:00:00,-0.19499999999999998,62.26,82.35,14.514999999999999,963.265
2019-01-05 12:00:00,0.30833333333333335,60.865,68.28333333333333,16.018333333333334,963.1033333333334
2019-01-05 13:00:00,0.325,62.638333333333335,68.91666666666667,15.793333333333333,962.9166666666666
2019-01-05 14:00:00,0.14500000000000002,61.669999999999995,67.08333333333333,15.506666666666666,962.8483333333334
2019-01-05 15:00:00,0.3566666666666667,59.818333333333335,69.71666666666667,13.525,962.8
2019-01-05 16:00:00,0.041666666666666664,62.90833333333333,65.2,13.129999999999999,962.7233333333334
2019-01-05 17:00:00,0.09333333333333334,53.1,80.91666666666667,12.556666666666667,962.6566666666666
2019-01-05 18:00:00,-0.18833333333333335,56.57333333333334,75.9,8.746666666666666,962.8766666666667
2019-01-05 19:00:00,-0.9383333333333332,61.01,127.51666666666667,7.973333333333333,963.1233333333333
2019-01-05 20:00:00,-1.7466666666666666,62.791666666666664,138.05,7.9383333333333335,963.31
2019-01-05 21:00:00,-2.2766666666666664,60.88166666666667,142.76666666666668,8.541666666666666,963.2783333333333
2019-01-05 22:00:00,-2.7133333333333334,62.06666666666667,146.26666666666668,8.031666666666666,963.2516666666667
2019-01-05 23:00:00,-3.01,62.865,147.28333333333333,7.068333333333333,963.5366666666666
2019-01-06 00:00:00,-3.7466666666666666,64.57166666666667,155.9,7.83,963.8349999999999
2019-01-06 01:00:00,-4.088333333333333,58.913333333333334,157.48333333333332,11.026666666666667,963.9599999999999
2019-01-06 02:00:00,-4.046666666666666,55.835,154.18333333333334,11.85,964.0383333333334
2019-01-06 03:00:00,-3.445,53.3,145.7,10.956666666666667,964.1283333333334
2019-01-06 04:00:00,-2.828333333333333,52.53,125.9,8.225,964.305
2019-01-06 05:00:00,-1.9566666666666668,47.644999999999996,107.48333333333333,8.971666666666666,964.5066666666667
2019-01-06 06:00:00,-1.285,45.535,100.18333333333334,9.696666666666665,964.6450000000001
2019-01-06 07:00:00,-0.5666666666666667,44.376666666666665,86.98333333333333,11.338333333333333,964.9
2019-01-06 08:00:00,0.28,44.66833333333333,80.96666666666667,11.08,965.2333333333333
2019-01-06 09:00:00,1.2733333333333334,43.940000000000005,63.15,10.021666666666667,965.485
2019-01-06 10:00:00,1.8150000000000002,39.875,70.4,12.276666666666667,965.73
2019-01-06 11:00:00,1.87,40.46333333333334,60.266666666666666,10.316666666666666,965.8983333333333
2019-01-06 12:00:00,2.0233333333333334,40.52166666666667,60.666666666666664,10.201666666666666,966.1216666666667
2019-01-06 13:00:00,1.4533333333333334,43.91166666666666,47.5,10.193333333333333,966.25
2019-01-06 14:00:00,0.985,48.4,47.93333333333333,8.71,966.3533333333332
2019-01-06 15:00:00,0.31,52.44166666666667,28.183333333333334,6.403333333333333,966.4016666666666
2019-01-06 16:00:00,0.13166666666666668,54.541666666666664,25.133333333333333,4.826666666666667,966.4866666666666
2019-01-06 17:00:00,0.1366666666666667,53.34,40.766666666666666,4.8116666666666665,966.6816666666667
2019-01-06 18:00:00,0.17333333333333334,53.71333333333334,95.63333333333334,6.96,966.9416666666667
2019-01-06 19:00:00,-0.73,59.13,127.13333333333334,7.22,967.235
2019-01-06 20:00:00,-1.1566666666666667,58.325,128.43333333333334,7.696666666666667,967.5916666666667
2019-01-06 21:00:00,-1.79,57.215,107.2,8.618333333333334,968.0516666666666
2019-01-06 22:00:00,-2.558333333333333,58.443333333333335,115.5,7.926666666666667,968.425
2019-01-06 23:00:00,-2.88,55.905,111.66666666666667,8.285,968.7433333333333
2019-01-07 00:00:00,-3.475,54.89833333333333,126.08333333333333,10.32,968.9833333333333
2019-01-07 01:00:00,-3.6300000000000003,54.53,131.21666666666667,9.045,969.105
2019-01-07 02:00:00,-2.7883333333333336,51.233333333333334,104.51666666666667,8.413333333333334,969.2083333333334
2019-01-07 03:00:00,-2.4383333333333335,50.30166666666666,105.13333333333334,7.988333333333333,969.2816666666666
2019-01-07 04:00:00,-2.006666666666667,49.975,76.01666666666667,9.683333333333334,969.5766666666666
2019-01-07 05:00:00,-1.2783333333333333,48.50333333333333,72.91666666666667,10.036666666666667,969.7266666666667
2019-01-07 06:00:00,-0.5666666666666667,47.16166666666666,60.95,10.676666666666668,969.9216666666666
2019-01-07 07:00:00,1.0933333333333333,41.144999999999996,75.61666666666666,16.736666666666668,970.0633333333334
2019-01-07 08:00:00,1.1400000000000001,41.684999999999995,81.4,18.66,970.0849999999999
2019-01-07 09:00:00,1.9333333333333333,40.94666666666667,69.48333333333333,18.163333333333334,970.2783333333333
2019-01-07 10:00:00,2.1983333333333333,41.151666666666664,64.98333333333333,17.755,970.5283333333333
2019-01-07 11:00:00,2.4633333333333334,41.108333333333334,68.01666666666667,17.93,970.6816666666667
2019-01-07 12:00:00,1.7950000000000002,46.455000000000005,72.25,17.048333333333332,970.6983333333334
2019-01-07 13:00:00,1.2316666666666667,52.14,56.733333333333334,16.331666666666667,970.8616666666666
2019-01-07 14:00:00,0.43,57.794999999999995,55.166666666666664,12.548333333333334,971.045
2019-01-07 15:00:00,0.47333333333333333,59.37,59.18333333333333,11.639999999999999,970.95
2019-01-07 16:00:00,-0.004999999999999996,59.28333333333333,63.2,11.583333333333334,971.0783333333334
2019-01-07 17:00:00,-0.18000000000000002,60.57833333333333,66.4,9.391666666666667,971.0233333333333
2019-01-07 18:00:00,-0.5016666666666667,63.31666666666667,66.95,6.136666666666667,971.2016666666666
2019-01-07 19:00:00,-0.3283333333333333,61.230000000000004,113.96666666666667,7.64,971.2900000000001
2019-01-07 20:00:00,-0.56,59.50833333333333,116.53333333333333,6.9350000000000005,971.37
2019-01-07 21:00:00,-1.0383333333333333,62.515,138.93333333333334,8.448333333333332,971.1883333333334
2019-01-07 22:00:00,-1.0133333333333334,56.23833333333334,123.01666666666667,10.285,971.07
2019-01-07 23:00:00,-1.5633333333333332,52.36333333333334,119.4,12.573333333333332,971.2800000000001
2019-01-08 00:00:00,-1.9833333333333334,53.208333333333336,119.88333333333334,11.728333333333333,971.5
2019-01-08 01:00:00,-1.8716666666666666,50.835,117.46666666666667,10.955,971.4733333333334
2019-01-08 02:00:00,-2.143333333333333,53.93333333333333,113.86666666666666,9.721666666666666,971.2099999999999
2019-01-08 03:00:00,-1.6983333333333335,53.20333333333333,107.85,11.146666666666667,970.925
2019-01-08 04:00:00,-1.1366666666666667,51.05166666666666,99.48333333333333,11.808333333333334,970.9449999999999
2019-01-08 05:00:00,-0.765,49.36,97.11666666666666,13.695,970.9966666666667
2019-01-08 06:00:00,-0.5566666666666666,49.22833333333333,99.23333333333333,14.413333333333332,971.0016666666667
2019-01-08 07:00:00,-0.3766666666666667,51.281666666666666,98.4,13.506666666666666,970.9783333333332
2019-01-08 08:00:00,-0.31166666666666665,52.17833333333333,92.2,16.771666666666665,970.9483333333334
2019-01-08 09:00:00,-0.83,60.42666666666666,106.61666666666666,14.643333333333334,971.1200000000001
2019-01-08 10:00:00,-0.8016666666666666,61.998333333333335,119.23333333333333,13.366666666666667,971.0466666666667
2019-01-08 11:00:00,-0.26666666666666666,58.538333333333334,107.61666666666666,11.82,970.935
2019-01-08 12:00:00,0.10333333333333333,56.505,108.03333333333333,11.335,970.6833333333333
2019-01-08 13:00:00,0.9283333333333333,52.66833333333333,96.53333333333333,14.020000000000001,970.3483333333334
2019-01-08 14:00:00,1.1883333333333332,50.42666666666666,93.1,16.34,970.1883333333334
2019-01-08 15:00:00,1.0516666666666667,50.965,91.06666666666666,15.828333333333335,969.705
2019-01-08 16:00:00,0.9933333333333334,51.92333333333333,89.26666666666667,15.1,969.1383333333334
2019-01-08 17:00:00,0.925,51.245,88.38333333333334,14.996666666666666,968.8083333333333
2019-01-08 18:00:00,0.61,54.891666666666666,100.85,12.351666666666667,968.5583333333333
2019-01-08 19:00:00,0.525,56.184999999999995,88.66666666666667,12.815,968.495
2019-01-08 20:00:00,0.023333333333333334,59.38333333333333,92.23333333333333,11.268333333333334,968.37
2019-01-08 21:00:00,-0.4,61.623333333333335,100.63333333333334,13.723333333333333,968.0849999999999
2019-01-08 22:00:00,-0.8466666666666668,66.22833333333332,105.73333333333333,13.05,967.975
2019-01-08 23:00:00,-1.0566666666666666,67.07,100.95,12.611666666666668,967.7966666666666
2019-01-09 00:00:00,-1.655,74.47833333333332,118.1,15.521666666666667,967.5
2019-01-09 01:00:00,-1.805,77.40333333333334,116.05,15.111666666666668,967.3716666666666
2019-01-09 02:00:00,-1.87,76.205,114.66666666666667,15.203333333333335,967.23
2019-01-09 03:00:00,-1.9783333333333333,77.40333333333334,118.15,15.120000000000001,967.0550000000001
2019-01-09 04:00:00,-2.1083333333333334,82.77166666666668,112.15,13.945,967.08
2019-01-09 05:00:00,-1.8783333333333334,78.86,109.63333333333334,15.871666666666666,967.0083333333333
2019-01-09 06:00:00,-1.7616666666666667,76.56666666666666,109.33333333333333,17.08833333333333,967.1516666666666
2019-01-09 07:00:00,-1.3416666666666666,65.18,95.2,19.641666666666666,967.4433333333333
2019-01-09 08:00:00,-0.7300000000000001,53.82833333333333,90.91666666666667,18.256666666666668,967.5366666666666
2019-01-09 09:00:00,-0.25,52.763333333333335,93.98333333333333,18.558333333333334,967.42
2019-01-09 10:00:00,-0.7633333333333333,53.16,99.68333333333334,20.71833333333333,967.505
2019-01-09 11:00:00,-1.49,60.59,101.65,20.259999999999998,967.7066666666667
2019-01-09 12:00:00,-1.3866666666666667,61.2,100.71666666666667,20.566666666666666,967.74
2019-01-09 13:00:00,-1.3099999999999998,65.725,104.46666666666667,17.365000000000002,967.7433333333333
2019-01-09 14:00:00,-1.2266666666666666,66.39833333333334,103.96666666666667,16.485,967.7766666666666
2019-01-09 15:00:00,-1.385,66.96333333333334,107.31666666666666,16.21,967.6033333333334
2019-01-09 16:00:00,-1.4583333333333333,68.70166666666667,105.98333333333333,17.584999999999997,967.4566666666667
2019-01-09 17:00:00,-1.6983333333333335,73.69333333333334,109.01666666666667,15.235000000000001,967.575
2019-01-09 18:00:00,-1.645,71.77333333333333,107.2,15.995000000000001,967.7483333333333
2019-01-09 19:00:00,-2.026666666666667,75.32666666666667,111.83333333333333,14.156666666666666,968.0716666666667
2019-01-09 20:00:00,-2.2616666666666663,76.68,109.38333333333334,14.908333333333333,968.2366666666666
2019-01-09 21:00:00,-2.3466666666666662,75.65833333333333,109.6,15.198333333333332,968.3716666666666
2019-01-09 22:00:00,-2.6166666666666667,77.27,111.03333333333333,15.003333333333334,968.45
2019-01-09 23:00:00,-2.521666666666667,72.69833333333332,111.63333333333334,14.911666666666667,968.5066666666667
2019-01-10 00:00:00,-2.558333333333333,70.77166666666668,108.43333333333334,15.34,968.7933333333333
2019-01-10 01:00:00,-2.668333333333334,71.88000000000001,104.83333333333333,13.598333333333333,969.025
2019-01-10 02:00:00,-2.7283333333333335,71.78666666666666,108.31666666666666,12.296666666666665,969.3266666666666
2019-01-10 03:00:00,-2.5966666666666667,70.39166666666667,110.81666666666666,12.845,969.6550000000001
2019-01-10 04:00:00,-2.275,67.38333333333334,111.46666666666667,11.764999999999999,969.7216666666667
2019-01-10 05:00:00,-1.8900000000000001,65.45833333333333,109.35,11.331666666666667,969.9283333333333
2019-01-10 06:00:00,-1.7333333333333334,64.96,116.36666666666666,13.74,970.215
2019-01-10 07:00:00,-1.5166666666666666,64.15,112.96666666666667,14.881666666666666,970.5316666666666
2019-01-10 08:00:00,-1.3566666666666665,63.181666666666665,111.91666666666667,15.21,970.7216666666667
2019-01-10 09:00:00,-1.1966666666666665,62.06166666666666,111.28333333333333,16.236666666666668,970.8183333333333
2019-01-10 10:00:00,-1.1133333333333333,63.27166666666667,113.56666666666666,15.316666666666666,970.8583333333333
2019-01-10 11:00:00,-0.925,65.53333333333333,113.31666666666666,14.756666666666666,970.8349999999999
2019-01-10 12:00:00,-1.0550000000000002,70.48833333333333,107.5,17.508333333333333,970.9133333333333
2019-01-10 13:00:00,-1.135,71.33500000000001,116.96666666666667,16.341666666666665,970.8166666666667
2019-01-10 14:00:00,-0.24666666666666665,61.92333333333333,122.93333333333334,16.416666666666668,970.5816666666667
2019-01-10 15:00:00,0.775,57.15,112.85,14.895000000000001,970.605
2019-01-10 16:00:00,0.5183333333333333,61.190000000000005,113.45,15.046666666666665,970.4699999999999
2019-01-10 17:00:00,0.004999999999999997,66.11833333333333,112.16666666666667,16.433333333333334,970.39
2019-01-10 18:00:00,-0.6020408163265306,68.65510204081633,96.66666666666667,17.73061224489796,970.3
2019-01-10 19:00:00,-0.7816666666666666,68.73833333333333,118.43333333333334,17.118333333333332,970.44
2019-01-10 20:00:00,-0.9833333333333333,69.49666666666667,110.43333333333334,15.846666666666666,970.7533333333333
2019-01-10 21:00:00,-1.145,69.89666666666668,111.51666666666667,15.561666666666667,970.865
2019-01-10 22:00:00,-1.4316666666666669,72.48166666666665,116.41666666666667,16.671666666666667,970.7866666666666
2019-01-10 23:00:00,-1.45,68.71333333333334,119.6,17.293333333333333,970.57
2019-01-11 00:00:00,-1.2583333333333333,62.623333333333335,115.16666666666667,14.898333333333333,970.475
2019-01-11 01:00:00,-0.9066666666666666,58.275,109.55,13.04,970.1949999999999
2019-01-11 02:00:00,-0.4666666666666667,56.413333333333334,110.63333333333334,12.658333333333333,969.7266666666667
2019-01-11 03:00:00,0.051666666666666666,55.35666666666667,104.71666666666667,12.075,969.1283333333333
2019-01-11 04:00:00,0.5666666666666667,55.17833333333333,106.01666666666667,12.703333333333335,968.7683333333333
2019-01-11 05:00:00,0.94,57.36333333333334,103.21666666666667,11.003333333333334,968.6733333333334
2019-01-11 06:00:00,1.6099999999999999,55.975,101.4,10.135,968.2533333333333
2019-01-11 07:00:00,2.896666666666667,48.001666666666665,105.15,14.206666666666667,967.3016666666666
2019-01-11 08:00:00,3.2633333333333336,44.68333333333333,116.53333333333333,15.388333333333332,966.6333333333333
2019-01-11 09:00:00,3.7383333333333337,45.76833333333333,107.61666666666666,16.01,966.135
2019-01-11 10:00:00,3.9766666666666666,46.175,86.53333333333333,14.395000000000001,965.775
2019-01-11 11:00:00,3.71,52.473333333333336,92.83333333333333,12.683333333333334,965.365
2019-01-11 12:00:00,3.411666666666667,55.218333333333334,84.86666666666666,15.629999999999999,964.7183333333334
2019-01-11 13:00:00,2.885,58.99,100.43333333333334,13.506666666666666,964.17
2019-01-11 14:00:00,3.1883333333333335,55.70666666666667,86.41666666666667,16.35,963.6116666666666
2019-01-11 15:00:00,3.106666666666667,54.58166666666667,92.53333333333333,17.511666666666667,962.9583333333334
2019-01-11 16:00:00,2.9733333333333336,55.29666666666667,101.08333333333333,14.388333333333332,962.4816666666667
2019-01-11 17:00:00,2.4866666666666664,58.65833333333333,108.78333333333333,10.763333333333332,961.775
2019-01-11 18:00:00,2.2933333333333334,61.02166666666667,113.16666666666667,10.853333333333333,961.1266666666667
2019-01-11 19:00:00,2.15,58.75,105.63333333333334,8.173333333333334,960.6183333333333
2019-01-11 20:00:00,1.9783333333333333,61.51833333333333,105.75,6.411666666666666,960.2333333333333
2019-01-11 21:00:00,1.725,66.365,110.8,7.515,959.6766666666666
2019-01-11 22:00:00,1.3683333333333332,76.065,119.65,11.268333333333334,959.2766666666666
2019-01-11 23:00:00,1.4583333333333333,72.75500000000001,106.95,12.97,959.3633333333332
2019-01-12 00:00:00,1.4616666666666667,65.90833333333333,97.7,13.229999999999999,959.3383333333333
2019-01-12 01:00:00,0.7266666666666667,69.69333333333334,113.6,19.266666666666666,958.8366666666666
2019-01-12 02:00:00,0.6866666666666668,67.31666666666666,109.48333333333333,22.363333333333333,958.5833333333334
2019-01-12 03:00:00,0.7033333333333334,65.91166666666666,110.31666666666666,20.723333333333336,958.8583333333333
2019-01-12 04:00:00,0.775,63.669999999999995,111.31666666666666,20.225,959.3283333333333
2019-01-12 05:00:00,0.6183333333333334,64.70833333333333,116.95,22.465,959.7033333333334
2019-01-12 06:00:00,0.8616666666666667,66.43666666666667,112.3,20.828333333333333,960.505
2019-01-12 07:00:00,1.1133333333333333,66.70166666666667,106.53333333333333,23.71333333333333,960.9699999999999
2019-01-12 08:00:00,1.4466666666666665,64.735,107.38333333333334,22.92,961.3566666666667
2019-01-12 09:00:00,1.6133333333333333,63.37833333333333,107.9,22.101666666666667,961.715
2019-01-12 10:00:00,1.9400000000000002,62.516666666666666,109.9,20.658333333333335,962.1966666666667
2019-01-12 11:00:00,1.9283333333333335,63.36,109.41666666666667,20.441666666666666,962.615
2019-01-12 12:00:00,2.228333333333333,62.12833333333333,107.75,20.103333333333335,962.9449999999999
2019-01-12 13:00:00,2.5900000000000003,61.18,100.25,20.375,963.4066666666666
2019-01-12 14:00:00,2.46,61.45,102.55,19.779999999999998,963.8449999999999
2019-01-12 15:00:00,2.4166666666666665,61.975,101.85,19.10666666666667,964.3983333333333
2019-01-12 16:00:00,1.9766666666666666,64.36833333333333,102.96666666666667,18.506666666666668,964.9449999999999
2019-01-12 17:00:00,1.6416666666666666,66.265,99.31666666666666,17.035,965.895
2019-01-12 18:00:00,1.6366666666666667,66.675,95.13333333333334,15.918333333333333,966.6916666666667
2019-01-12 19:00:00,1.3333333333333333,66.13333333333334,95.85,18.383333333333333,967.5116666666667
2019-01-12 20:00:00,0.6483333333333333,74.32333333333332,93.26666666666667,19.381666666666668,968.455
2019-01-12 21:00:00,0.35,74.485,98.85,16.121666666666666,969.3716666666667
2019-01-12 22:00:00,0.010000000000000002,78.70666666666666,96.43333333333334,16.688333333333333,970.0550000000001
2019-01-12 23:00:00,-0.6016666666666667,86.10833333333333,109.16666666666667,15.66,970.615
2019-01-13 00:00:00,-0.43333333333333335,80.385,110.98333333333333,15.138333333333332,971.2333333333333
2019-01-13 01:00:00,-0.16333333333333336,77.795,111.75,14.481666666666666,971.7366666666666
2019-01-13 02:00:00,-0.11333333333333334,75.50500000000001,110.75,15.65,972.3716666666667
2019-01-13 03:00:00,-0.20833333333333334,76.90666666666667,110.91666666666667,15.338333333333335,972.9449999999999
2019-01-13 04:00:00,-0.345,81.54166666666667,110.53333333333333,15.246666666666666,973.5433333333333
2019-01-13 05:00:00,-0.4,83.88000000000001,108.78333333333333,14.921666666666665,974.14
2019-01-13 06:00:00,-0.15,82.70666666666666,108.71666666666667,14.176666666666668,974.6033333333332
2019-01-13 07:00:00,0.18333333333333332,78.86999999999999,112.86666666666666,14.136666666666667,975.1616666666666
2019-01-13 08:00:00,0.5233333333333333,80.15166666666667,106.36666666666666,12.593333333333334,975.6600000000001
2019-01-13 09:00:00,0.6733333333333333,84.18,100.88333333333334,12.243333333333334,975.9216666666666
2019-01-13 10:00:00,0.8550000000000001,82.65833333333333,95.18333333333334,12.45,976.1733333333334
2019-01-13 11:00:00,0.53,87.34333333333333,81.83333333333333,13.131666666666666,976.2566666666667
2019-01-13 12:00:00,0.3383333333333333,90.42333333333333,83.31666666666666,10.18,976.3083333333333
2019-01-13 13:00:00,0.14166666666666666,91.34833333333333,77.4,7.645,976.11
2019-01-13 14:00:00,0.65,89.42666666666668,102.88333333333334,6.428333333333333,975.81
2019-01-13 15:00:00,0.7433333333333334,85.45666666666666,91.15,7.781666666666666,975.6966666666667
2019-01-13 16:00:00,1.0583333333333333,78.08500000000001,127.36666666666666,6.7,975.3533333333332
2019-01-13 17:00:00,1.0316666666666667,76.175,136.2,5.86,974.9133333333334
2019-01-13 18:00:00,1.21,75.52666666666667,123.16666666666667,6.041666666666667,974.4583333333334
2019-01-13 19:00:00,0.7083333333333334,76.15,135.11666666666667,5.46,974.2216666666667
2019-01-13 20:00:00,0.42666666666666664,74.39333333333335,134.11666666666667,5.376666666666667,973.895
2019-01-13 21:00:00,0.18666666666666665,74.265,123.78333333333333,4.8533333333333335,973.39
2019-01-13 22:00:00,0.020000000000000004,74.29666666666667,104.26666666666667,3.92,972.92
2019-01-13 23:00:00,-0.005000000000000001,74.20333333333333,76.98333333333333,4.371666666666667,972.5733333333334
2019-01-14 00:00:00,-0.6783333333333333,76.49499999999999,124.43333333333334,4.015,972.2616666666667
2019-01-14 01:00:00,-1.1033333333333333,77.10333333333332,136.03333333333333,3.8233333333333333,971.8433333333334
2019-01-14 02:00:00,-1.0883333333333334,76.85333333333332,138.91666666666666,3.5283333333333333,971.4150000000001
2019-01-14 03:00:00,-1.1266666666666665,80.06333333333333,43.0,2.725,971.1316666666667
2019-01-14 04:00:00,-1.3833333333333333,85.91000000000001,43.766666666666666,2.878333333333333,970.9466666666667
2019-01-14 05:00:00,-1.5333333333333334,89.70166666666667,64.5,2.83,970.8549999999999
2019-01-14 06:00:00,-1.575,89.99333333333334,119.18333333333334,5.121666666666667,970.8199999999999
2019-01-14 07:00:00,-1.2049999999999998,86.00833333333334,97.26666666666667,3.225,970.6550000000001
2019-01-14 08:00:00,-0.81,83.73166666666665,113.36666666666666,1.525,970.3066666666667
2019-01-14 09:00:00,-0.3466666666666667,76.095,162.2,2.8633333333333337,969.9
2019-01-14 10:00:00,-0.04,78.80333333333333,164.96666666666667,3.2516666666666665,969.4050000000001
2019-01-14 11:00:00,0.6533333333333334,67.11833333333333,113.08333333333333,3.0949999999999998,969.0016666666667
2019-01-14 12:00:00,0.8966666666666666,65.90666666666667,136.68333333333334,4.081666666666667,968.7266666666667
2019-01-14 13:00:00,-0.4083333333333333,79.41499999999999,180.68333333333334,3.6566666666666667,968.6866666666667
2019-01-14 14:00:00,0.018333333333333333,75.33833333333334,124.78333333333333,5.3983333333333325,968.4483333333334
2019-01-14 15:00:00,0.5233333333333333,63.88,73.18333333333334,9.556666666666667,968.1283333333334
2019-01-14 16:00:00,0.14333333333333334,61.29833333333333,74.5,7.216666666666667,967.7900000000001
2019-01-14 17:00:00,-0.27166666666666667,66.86833333333333,112.06666666666666,5.891666666666667,967.4366666666666
2019-01-14 18:00:00,-0.6966666666666668,69.48333333333333,124.46666666666667,4.798333333333333,967.0783333333333
2019-01-14 19:00:00,-0.5583333333333333,70.99666666666667,112.31666666666666,4.218333333333333,966.7366666666666
2019-01-14 20:00:00,-0.6416666666666667,71.55333333333333,72.1,4.306666666666667,966.525
2019-01-14 21:00:00,-1.2,73.28999999999999,55.9,3.8333333333333335,966.205
2019-01-14 22:00:00,-2.2849999999999997,79.2,116.18333333333334,3.4633333333333334,965.95
2019-01-14 23:00:00,-2.691666666666667,76.33,28.75,3.771666666666667,965.865
2019-01-15 00:00:00,-3.1983333333333333,78.36166666666666,24.2,3.725,966.0066666666667
2019-01-15 01:00:00,-3.191666666666667,79.18,67.55,4.5649999999999995,966.1466666666668
2019-01-15 02:00:00,-3.256666666666667,79.64333333333335,79.35,6.593333333333334,966.2583333333333
2019-01-15 03:00:00,-3.5733333333333333,81.38666666666667,81.41666666666667,8.321666666666667,966.4716666666667
2019-01-15 04:00:00,-3.7866666666666666,78.56333333333333,117.48333333333333,10.241666666666667,966.7583333333333
2019-01-15 05:00:00,-3.5933333333333333,77.48333333333333,121.85,9.243333333333334,967.2383333333333
2019-01-15 06:00:00,-3.225,73.55,125.93333333333334,9.495000000000001,967.5616666666666
2019-01-15 07:00:00,-3.1366666666666663,68.17333333333333,123.66666666666667,9.639999999999999,967.9
2019-01-15 08:00:00,-2.4650000000000003,65.67666666666666,124.16666666666667,8.485000000000001,967.9716666666667
2019-01-15 09:00:00,-1.3016666666666665,61.36666666666667,122.86666666666666,8.37,967.9683333333334
2019-01-15 10:00:00,-0.36666666666666664,61.765,106.35,7.741666666666666,968.0983333333334
2019-01-15 11:00:00,-0.415,65.38333333333334,62.25,12.593333333333334,968.4733333333334
2019-01-15 12:00:00,-0.8833333333333333,67.50666666666667,63.6,10.658333333333333,968.735
2019-01-15 13:00:00,-0.7,67.14166666666667,63.81666666666667,13.175,968.965
2019-01-15 14:00:00,-0.7916666666666666,67.235,66.15,11.9,969.2333333333333
2019-01-15 15:00:00,-0.985,69.34333333333333,72.48333333333333,11.963333333333333,969.275
2019-01-15 16:00:00,-1.3150000000000002,70.47333333333333,80.5,10.658333333333333,969.2916666666666
2019-01-15 17:00:00,-1.5366666666666666,70.77333333333333,96.71666666666667,7.930000000000001,969.2966666666666
2019-01-15 18:00:00,-1.6083333333333334,70.83999999999999,128.75,7.203333333333333,969.2583333333333
2019-01-15 19:00:00,-1.8016666666666665,72.17,127.0,8.423333333333334,969.27
2019-01-15 20:00:00,-2.3266666666666667,72.71666666666667,136.6,8.91,969.22
2019-01-15 21:00:00,-2.3583333333333334,71.975,113.56666666666666,7.426666666666667,969.4300000000001
2019-01-15 22:00:00,-2.655,72.92833333333333,112.33333333333333,7.155,969.5783333333334
2019-01-15 23:00:00,-2.5116666666666663,72.355,120.46666666666667,8.176666666666668,969.6600000000001
2019-01-16 00:00:00,-2.52,72.04166666666667,124.4,10.226666666666667,969.8416666666667
2019-01-16 01:00:00,-2.8616666666666664,76.00166666666668,131.96666666666667,14.101666666666667,969.8966666666666
2019-01-16 02:00:00,-2.9316666666666666,78.50500000000001,131.05,15.014999999999999,970.0966666666667
2019-01-16 03:00:00,-2.4183333333333334,75.12333333333332,118.31666666666666,13.053333333333335,970.5033333333333
2019-01-16 04:00:00,-2.2183333333333333,76.115,111.21666666666667,12.183333333333334,970.9966666666667
2019-01-16 05:00:00,-2.15,80.295,104.51666666666667,13.028333333333334,971.4183333333333
2019-01-16 06:00:00,-2.1033333333333335,82.54333333333334,96.68333333333334,14.858333333333333,972.0566666666667
2019-01-16 07:00:00,-1.8316666666666668,80.89333333333335,95.56666666666666,14.493333333333334,972.7099999999999
2019-01-16 08:00:00,-1.4733333333333334,78.53,98.7,13.333333333333334,973.2766666666666
2019-01-16 09:00:00,-1.355,77.34666666666666,99.55,14.42,973.8116666666666
2019-01-16 10:00:00,-1.3150000000000002,76.60833333333333,117.01666666666667,12.728333333333333,974.1716666666667
2019-01-16 11:00:00,-1.2899999999999998,78.24666666666667,110.4,13.083333333333334,974.6233333333333
2019-01-16 12:00:00,-0.6683333333333333,73.98666666666666,112.91666666666667,13.35,974.9383333333333
2019-01-16 13:00:00,-0.52,75.29833333333333,97.43333333333334,17.376666666666665,975.185
2019-01-16 14:00:00,-0.10166666666666666,74.82666666666667,108.83333333333333,14.860000000000001,975.3666666666667
2019-01-16 15:00:00,0.43166666666666664,70.75500000000001,113.01666666666667,13.381666666666666,975.3199999999999
2019-01-16 16:00:00,0.345,70.83666666666666,109.5,13.151666666666667,975.4766666666667
2019-01-16 17:00:00,-0.19166666666666668,73.51833333333335,110.78333333333333,14.446666666666665,975.4866666666666
2019-01-16 18:00:00,-0.295,71.63333333333334,112.55,12.988333333333333,975.575
2019-01-16 19:00:00,-0.6083333333333333,69.60666666666665,120.68333333333334,13.753333333333334,975.865
2019-01-16 20:00:00,-0.8533333333333334,66.635,123.46666666666667,16.256666666666668,975.9216666666666
2019-01-16 21:00:00,-1.0166666666666666,67.565,124.53333333333333,15.796666666666669,975.9150000000001
2019-01-16 22:00:00,-1.1383333333333332,69.26333333333334,124.03333333333333,15.725,975.9733333333334
2019-01-16 23:00:00,-1.2416666666666667,68.39,124.88333333333334,16.415,975.7783333333333
2019-01-17 00:00:00,-1.4266666666666665,69.03833333333334,127.66666666666667,17.6,975.515
2019-01-17 01:00:00,-1.3716666666666666,69.56833333333334,126.28333333333333,17.398333333333333,975.2800000000001
2019-01-17 02:00:00,-1.28,69.78833333333334,126.85,15.596666666666666,974.9566666666667
2019-01-17 03:00:00,-1.0266666666666666,67.185,127.95,15.323333333333332,974.72
2019-01-17 04:00:00,-0.8566666666666667,66.035,128.23333333333332,14.671666666666665,974.6066666666667
2019-01-17 05:00:00,-0.24333333333333332,63.305,122.43333333333334,12.865,974.535
2019-01-17 06:00:00,0.21666666666666667,63.92333333333333,110.48333333333333,10.881666666666666,974.65
2019-01-17 07:00:00,0.39333333333333337,64.185,115.06666666666666,10.285,974.5033333333333
2019-01-17 08:00:00,1.2233333333333334,62.690000000000005,111.75,10.183333333333334,974.2933333333333
2019-01-17 09:00:00,1.57,59.919999999999995,102.3,11.35,974.1633333333334
2019-01-17 10:00:00,1.7666666666666666,59.96333333333334,101.45,11.518333333333334,973.9533333333333
2019-01-17 11:00:00,2.316666666666667,57.96,92.75,11.445,973.7283333333334
2019-01-17 12:00:00,2.506666666666667,57.75333333333333,91.5,11.281666666666666,973.5166666666667
2019-01-17 13:00:00,3.5983333333333336,55.358333333333334,55.86666666666667,9.291666666666666,973.2916666666666
2019-01-17 14:00:00,2.45,61.538333333333334,44.9,9.795,973.34
2019-01-17 15:00:00,1.6683333333333332,63.458333333333336,51.25,9.078333333333335,973.4916666666667
2019-01-17 16:00:00,1.1849999999999998,65.075,62.833333333333336,9.229999999999999,973.4866666666666
2019-01-17 17:00:00,0.88,64.965,62.266666666666666,7.458333333333333,973.4583333333334
2019-01-17 18:00:00,0.32,66.33666666666666,60.233333333333334,6.680000000000001,973.6716666666667
2019-01-17 19:00:00,0.11000000000000001,67.375,78.2,5.706666666666666,973.9599999999999
2019-01-17 20:00:00,-0.23,69.67333333333333,136.33333333333334,4.6850000000000005,974.065
2019-01-17 21:00:00,-1.38,70.14666666666668,162.61666666666667,7.258333333333334,974.0966666666667
2019-01-17 22:00:00,-1.725,68.73666666666666,155.31666666666666,7.1033333333333335,974.1783333333334
2019-01-17 23:00:00,-1.62,67.43833333333333,148.96666666666667,6.553333333333333,974.4
2019-01-18 00:00:00,-2.2383333333333337,66.575,160.3,9.156666666666666,974.4166666666666
2019-01-18 01:00:00,-2.1550000000000002,65.69333333333333,152.6,11.885,974.6316666666667
2019-01-18 02:00:00,-1.6,66.97166666666666,141.3,9.358333333333333,974.875
2019-01-18 03:00:00,-1.2066666666666668,64.49333333333333,143.71666666666667,7.989999999999999,975.07
2019-01-18 04:00:00,-1.0,63.968333333333334,132.18333333333334,6.786666666666666,975.25
2019-01-18 05:00:00,-0.495,62.983333333333334,117.35,5.183333333333334,975.4716666666667
2019-01-18 06:00:00,0.24166666666666667,59.64,75.48333333333333,6.993333333333334,975.7199999999999
2019-01-18 07:00:00,0.7816666666666666,58.455000000000005,70.3,6.225,975.9416666666667
2019-01-18 08:00:00,0.8966666666666667,59.205000000000005,43.6,5.9,976.2433333333333
2019-01-18 09:00:00,0.715,61.335,28.966666666666665,4.9816666666666665,976.2883333333333
2019-01-18 10:00:00,1.38,60.026666666666664,37.016666666666666,3.7666666666666666,976.39
2019-01-18 11:00:00,1.345,61.248333333333335,144.38333333333333,2.8216666666666668,976.6833333333333
2019-01-18 12:00:00,2.385,58.468333333333334,260.65,4.681666666666667,976.895
2019-01-18 13:00:00,1.9366666666666668,60.141666666666666,270.25,5.95,977.2033333333334
2019-01-18 14:00:00,1.9483333333333335,61.44166666666667,240.78333333333333,5.345,976.9216666666666
2019-01-18 15:00:00,1.1533333333333333,64.67333333333333,274.31666666666666,6.761666666666667,977.1166666666667
2019-01-18 16:00:00,1.2133333333333334,66.15666666666667,272.06666666666666,6.508333333333334,977.3383333333333
2019-01-18 17:00:00,0.8833333333333333,68.96333333333334,238.03333333333333,3.893333333333333,977.3283333333333
2019-01-18 18:00:00,0.265,73.25,246.06666666666666,5.085,977.4583333333334
2019-01-18 19:00:00,-0.3733333333333333,74.84166666666667,290.1166666666667,4.641666666666667,977.8183333333333
2019-01-18 20:00:00,-1.1966666666666665,74.845,193.7,2.2766666666666664,978.1066666666667
2019-01-18 21:00:00,-1.8900000000000001,75.29666666666667,178.56666666666666,4.008333333333334,978.1233333333333
2019-01-18 22:00:00,-2.6599999999999997,77.71666666666667,180.05,5.260000000000001,978.2
2019-01-18 23:00:00,-2.4916666666666667,80.58666666666666,186.81666666666666,3.978333333333333,978.3683333333333
2019-01-19 00:00:00,-2.4033333333333333,81.29166666666667,211.25,4.055,978.6166666666667
2019-01-19 01:00:00,-3.025,78.27833333333334,190.5,4.680000000000001,978.7016666666666
2019-01-19 02:00:00,-3.3433333333333333,76.11,184.91666666666666,4.958333333333333,978.4383333333333
2019-01-19 03:00:00,-3.3,66.71666666666667,187.45,5.408333333333333,978.4883333333333
2019-01-19 04:00:00,-2.71,66.96333333333334,178.71666666666667,2.368333333333333,978.225
2019-01-19 05:00:00,-2.05,70.13833333333334,137.2,2.253333333333333,977.7433333333333
2019-01-19 06:00:00,-1.8116666666666668,79.28333333333333,312.0,3.7616666666666663,977.6566666666666
2019-01-19 07:00:00,-1.1900000000000002,76.095,235.71666666666667,5.258333333333334,977.8416666666667
2019-01-19 08:00:00,-0.9533333333333334,74.68333333333334,296.55,5.2683333333333335,978.0383333333334
2019-01-19 09:00:00,-0.08333333333333333,71.775,269.05,4.575,978.0116666666667
2019-01-19 10:00:00,0.46166666666666667,68.17,175.03333333333333,3.3016666666666667,977.6083333333333
2019-01-19 11:00:00,1.12,67.42999999999999,297.8,5.196666666666667,977.3366666666666
2019-01-19 12:00:00,1.5150000000000001,66.25833333333334,204.3,4.123333333333333,977.0783333333333
2019-01-19 13:00:00,1.715,66.185,136.68333333333334,3.768333333333333,976.6866666666666
2019-01-19 14:00:00,2.5433333333333334,56.21,87.71666666666667,5.071666666666667,976.395
2019-01-19 15:00:00,2.0933333333333333,53.62166666666667,37.18333333333333,6.11,976.2333333333333
2019-01-19 16:00:00,1.8116666666666668,59.27333333333333,49.583333333333336,5.8149999999999995,976.0699999999999
2019-01-19 17:00:00,0.9,64.025,33.05,6.6066666666666665,975.8233333333334
2019-01-19 18:00:00,-0.38833333333333336,68.84166666666667,192.56666666666666,3.8183333333333334,976.0550000000001
2019-01-19 19:00:00,-0.13333333333333333,69.12666666666668,135.66666666666666,2.2800000000000002,975.8533333333332
2019-01-19 20:00:00,0.5883333333333333,66.19166666666666,118.81666666666666,3.1166666666666667,975.4233333333334
2019-01-19 21:00:00,2.2866666666666666,52.59666666666667,121.51666666666667,15.335,974.65
2019-01-19 22:00:00,1.7766666666666668,51.73833333333334,97.98333333333333,12.011666666666667,975.2583333333333
2019-01-19 23:00:00,0.8766666666666667,56.6,86.51666666666667,9.74,975.36
2019-01-20 00:00:00,0.19499999999999998,61.681666666666665,76.46666666666667,10.373333333333333,974.9566666666667
2019-01-20 01:00:00,0.6716666666666666,55.25333333333333,95.78333333333333,12.935,974.635
2019-01-20 02:00:00,0.5783333333333333,54.84166666666667,102.75,14.315,974.5400000000001
2019-01-20 03:00:00,0.885,52.235,102.3,14.233333333333333,974.5683333333333
2019-01-20 04:00:00,1.0799999999999998,50.23833333333334,100.23333333333333,14.35,974.5716666666667
2019-01-20 05:00:00,1.1566666666666667,51.663333333333334,104.9,12.69,974.1683333333333
2019-01-20 06:00:00,1.5450000000000002,49.27333333333333,111.6,14.135,973.6683333333333
2019-01-20 07:00:00,1.8833333333333333,49.35666666666667,115.5,13.363333333333333,973.4733333333334
2019-01-20 08:00:00,2.2633333333333336,51.41833333333333,120.1,13.585,973.4150000000001
2019-01-20 09:00:00,3.183333333333333,48.998333333333335,115.81666666666666,10.503333333333334,973.5933333333334
2019-01-20 10:00:00,3.925,41.62,98.15,6.963333333333334,973.5283333333333
2019-01-20 11:00:00,3.775,41.1,118.4,3.216666666666667,973.1416666666667
2019-01-20 12:00:00,3.5833333333333335,42.406666666666666,269.46666666666664,4.138333333333334,972.4833333333333
2019-01-20 13:00:00,3.7266666666666666,43.916666666666664,79.61666666666666,4.403333333333333,971.8433333333334
2019-01-20 14:00:00,3.4266666666666667,47.52833333333333,100.8,5.248333333333333,971.0766666666666
2019-01-20 15:00:00,3.2416666666666667,41.855000000000004,107.58333333333333,6.765,970.3333333333334
2019-01-20 16:00:00,2.8666666666666667,37.22166666666667,151.1,5.405,969.8983333333333
2019-01-20 17:00:00,3.3733333333333335,54.955000000000005,122.35,8.925,969.7199999999999
2019-01-20 18:00:00,3.3583333333333334,53.123333333333335,140.15,10.458333333333334,969.2266666666667
2019-01-20 19:00:00,3.288333333333333,53.36333333333334,126.91666666666667,14.546666666666665,968.9883333333333
2019-01-20 20:00:00,2.525,51.044999999999995,130.48333333333332,16.426666666666666,968.9183333333333
2019-01-20 21:00:00,1.9116666666666666,50.44833333333334,131.61666666666667,19.493333333333332,968.6650000000001
2019-01-20 22:00:00,1.79,46.84666666666667,130.43333333333334,20.325,968.7316666666667
2019-01-20 23:00:00,1.785,44.080000000000005,136.31666666666666,18.48,968.74
2019-01-21 00:00:00,1.5633333333333332,41.111666666666665,137.08333333333334,17.586666666666666,968.6550000000001
2019-01-21 01:00:00,0.8266666666666667,44.223333333333336,142.18333333333334,19.328333333333333,968.5266666666666
2019-01-21 02:00:00,0.5916666666666667,42.57666666666667,142.93333333333334,20.81,968.3199999999999
2019-01-21 03:00:00,-0.18666666666666665,40.086666666666666,151.15,22.928333333333335,968.15
2019-01-21 04:00:00,0.05333333333333334,37.875,147.66666666666666,20.58,967.8833333333333
2019-01-21 05:00:00,0.5833333333333334,38.943333333333335,126.76666666666667,16.18,967.7883333333333
2019-01-21 06:00:00,0.66,46.94166666666667,108.06666666666666,12.353333333333333,967.9766666666667
2019-01-21 07:00:00,1.2185185185185186,46.329629629629636,52.28333333333333,10.533333333333333,967.8629629629629
2019-01-21 08:00:00,1.8,44.44666666666667,115.58333333333333,9.046666666666665,967.5333333333333
2019-01-21 09:00:00,2.77,31.546666666666667,109.31666666666666,6.921666666666667,967.0916666666667
2019-01-21 10:00:00,2.3266666666666667,28.05,165.4,5.05,966.1583333333333
2019-01-21 11:00:00,4.301666666666667,35.766666666666666,75.31666666666666,11.773333333333333,965.7766666666666
2019-01-21 12:00:00,3.185,34.89666666666667,48.9,9.871666666666666,965.9433333333333
2019-01-21 13:00:00,2.5533333333333332,25.86,73.95,5.14,965.6266666666667
2019-01-21 14:00:00,2.1599999999999997,32.73166666666667,102.76666666666667,6.071666666666667,965.73
2019-01-21 15:00:00,1.8633333333333333,38.108333333333334,115.45,10.626666666666667,965.4666666666667
2019-01-21 16:00:00,1.98,45.28,108.96666666666667,12.860000000000001,964.7833333333333
2019-01-21 17:00:00,1.6533333333333333,42.90333333333333,102.96666666666667,16.66,964.4466666666667
2019-01-21 18:00:00,0.9983333333333333,48.806666666666665,105.91666666666667,13.945,964.3916666666667
2019-01-21 19:00:00,0.20500000000000002,50.983333333333334,106.45,14.718333333333334,964.4516666666666
2019-01-21 20:00:00,-0.29,49.565000000000005,112.81666666666666,16.303333333333335,964.2
2019-01-21 21:00:00,-0.6,46.708333333333336,106.15,17.775,964.3433333333334
2019-01-21 22:00:00,-1.395,50.641666666666666,104.26666666666667,15.323333333333332,964.7816666666666
2019-01-21 23:00:00,-1.8116666666666668,49.87166666666667,114.0,16.611666666666665,964.885
2019-01-22 00:00:00,-1.7983333333333333,46.09666666666667,118.95,19.341666666666665,965.1283333333334
2019-01-22 01:00:00,-2.0516666666666667,44.92833333333333,121.73333333333333,20.198333333333334,965.1333333333333
2019-01-22 02:00:00,-2.115,44.17333333333333,120.78333333333333,21.205,965.1016666666667
2019-01-22 03:00:00,-2.2616666666666663,47.358333333333334,106.33333333333333,18.078333333333333,965.5366666666666
2019-01-22 04:00:00,-1.8966666666666667,44.35166666666667,103.11666666666666,19.44333333333333,965.5849999999999
2019-01-22 05:00:00,-1.65,41.026666666666664,103.46666666666667,22.048333333333336,965.6883333333334
2019-01-22 06:00:00,-1.7116666666666667,39.015,97.3,24.641666666666666,966.1433333333333
2019-01-22 07:00:00,-1.7433333333333332,40.75333333333333,96.21666666666667,24.154999999999998,966.435
2019-01-22 08:00:00,-1.5083333333333333,43.51833333333333,88.78333333333333,22.17,966.6766666666667
2019-01-22 09:00:00,-1.3416666666666666,43.70333333333333,85.16666666666667,25.48166666666667,966.5616666666667
2019-01-22 10:00:00,-1.1566666666666667,44.875,83.61666666666666,24.895,966.8449999999999
2019-01-22 11:00:00,-0.7166666666666667,44.26,80.85,23.85,967.005
2019-01-22 12:00:00,-0.5950000000000001,42.25666666666667,83.16666666666667,25.28166666666667,966.8199999999999
2019-01-22 13:00:00,-0.21166666666666664,42.69833333333334,81.31666666666666,23.808333333333334,966.9116666666666
2019-01-22 14:00:00,-0.38166666666666665,43.70333333333333,82.21666666666667,22.253333333333334,966.7083333333334
2019-01-22 15:00:00,-0.38833333333333336,47.30166666666666,80.31666666666666,18.470000000000002,966.5116666666667
2019-01-22 16:00:00,-0.6366666666666667,47.263333333333335,83.73333333333333,18.303333333333335,966.4166666666666
2019-01-22 17:00:00,-0.9483333333333334,46.09666666666667,88.63333333333334,18.57,966.4566666666667
2019-01-22 18:00:00,-1.2733333333333334,45.501666666666665,87.55,18.341666666666665,966.5416666666666
2019-01-22 19:00:00,-1.6,48.135,94.03333333333333,15.071666666666665,966.8566666666667
2019-01-22 20:00:00,-2.0933333333333333,49.74333333333333,100.13333333333334,13.231666666666666,967.01
2019-01-22 21:00:00,-2.856666666666667,53.18666666666666,108.36666666666666,10.541666666666666,967.2866666666666
2019-01-22 22:00:00,-2.975,51.34166666666667,110.48333333333333,10.893333333333334,967.3583333333333
2019-01-22 23:00:00,-2.9716666666666667,49.91,112.35,10.051666666666668,967.3633333333332
2019-01-23 00:00:00,-3.25,49.43333333333333,107.18333333333334,9.456666666666667,967.42
2019-01-23 01:00:00,-3.381666666666667,47.93833333333334,109.26666666666667,9.085,967.4116666666666
2019-01-23 02:00:00,-3.5166666666666666,49.25,104.58333333333333,7.875,967.4016666666666
2019-01-23 03:00:00,-3.0316666666666667,48.083333333333336,103.11666666666666,8.376666666666667,967.4133333333333
2019-01-23 04:00:00,-2.7816666666666667,47.11333333333334,114.03333333333333,7.818333333333333,967.375
2019-01-23 05:00:00,-1.9633333333333334,43.365,93.15,8.338333333333333,967.455
2019-01-23 06:00:00,-1.1700000000000002,41.65333333333333,90.7,9.110000000000001,967.5550000000001
2019-01-23 07:00:00,-0.2533333333333333,38.318333333333335,81.61666666666666,10.773333333333333,967.6616666666667
2019-01-23 08:00:00,0.5700000000000001,34.89666666666667,74.66666666666667,12.97,967.925
2019-01-23 09:00:00,1.1633333333333333,33.59,62.4,12.581666666666667,968.065
2019-01-23 10:00:00,0.365,36.434999999999995,52.666666666666664,10.041666666666666,968.2483333333333
2019-01-23 11:00:00,0.7233333333333333,34.00833333333333,61.46666666666667,12.316666666666666,968.315
2019-01-23 12:00:00,0.5533333333333333,33.84166666666667,56.78333333333333,11.538333333333332,968.635
2019-01-23 13:00:00,0.28833333333333333,35.19166666666667,65.06666666666666,8.661666666666667,968.7833333333333
2019-01-23 14:00:00,-0.2983333333333333,39.56666666666667,93.56666666666666,6.198333333333333,968.7783333333333
2019-01-23 15:00:00,-0.6683333333333333,43.28333333333333,140.0,3.94,968.6766666666666
2019-01-23 16:00:00,-0.545,40.515,77.2,3.48,968.6983333333334
2019-01-23 17:00:00,-0.7966666666666666,41.20666666666667,98.58333333333333,4.108333333333333,968.8383333333333
2019-01-23 18:00:00,-1.2866666666666666,46.095,124.6,4.995,968.94
2019-01-23 19:00:00,-1.4200000000000002,45.715,110.46666666666667,7.501666666666667,969.1650000000001
2019-01-23 20:00:00,-1.9483333333333335,51.36666666666667,117.76666666666667,6.9766666666666675,969.2883333333333
2019-01-23 21:00:00,-2.3549999999999995,55.940000000000005,115.16666666666667,6.751666666666667,969.22
2019-01-23 22:00:00,-2.6983333333333333,56.184999999999995,126.91666666666667,6.218333333333334,969.2916666666666
2019-01-23 23:00:00,-3.2666666666666666,54.905,143.48333333333332,9.786666666666667,969.3716666666666
2019-01-24 00:00:00,-3.603333333333333,48.580000000000005,149.8,13.781666666666666,969.3883333333332
2019-01-24 01:00:00,-3.796666666666667,46.44666666666667,148.68333333333334,14.811666666666667,969.5166666666667
2019-01-24 02:00:00,-3.55,46.666666666666664,140.71666666666667,12.504999999999999,969.7716666666668
2019-01-24 03:00:00,-3.2933333333333334,47.943333333333335,130.15,9.335,970.0133333333334
2019-01-24 04:00:00,-2.7016666666666667,44.669999999999995,122.56666666666666,8.425,970.0333333333333
2019-01-24 05:00:00,-2.0766666666666667,40.44833333333334,125.6,10.223333333333333,970.1966666666667
2019-01-24 06:00:00,-1.2383333333333333,36.7,112.66666666666667,10.871666666666666,970.3783333333333
2019-01-24 07:00:00,-1.4016666666666666,41.03666666666666,118.85,10.688333333333333,970.6333333333333
2019-01-24 08:00:00,-0.7366666666666667,40.57666666666667,101.3,9.620000000000001,970.775
2019-01-24 09:00:00,0.385,38.163333333333334,66.18333333333334,12.718333333333334,970.89
2019-01-24 10:00:00,0.36166666666666664,41.598333333333336,59.31666666666667,13.0,970.9233333333334
2019-01-24 11:00:00,0.21833333333333332,47.276666666666664,57.083333333333336,12.151666666666667,970.875
2019-01-24 12:00:00,0.4066666666666666,49.75333333333333,54.28333333333333,9.458333333333334,970.8
2019-01-24 13:00:00,0.18166666666666667,51.535,41.333333333333336,7.626666666666667,970.69
2019-01-24 14:00:00,0.40166666666666667,48.915,59.03333333333333,7.145,970.5183333333333
2019-01-24 15:00:00,0.25166666666666665,49.723333333333336,63.31666666666667,7.23,970.1233333333333
2019-01-24 16:00:00,-0.2966666666666667,55.04666666666667,93.8,6.203333333333333,969.965
2019-01-24 17:00:00,-1.1366666666666667,61.28,176.56666666666666,3.645,969.8616666666666
2019-01-24 18:00:00,-1.2383333333333333,63.805,198.95,4.005,969.77
2019-01-24 19:00:00,-1.8583333333333334,65.66833333333334,239.68333333333334,3.25,969.7
2019-01-24 20:00:00,-2.3516666666666666,59.31166666666666,158.8,5.881666666666666,969.6633333333334
2019-01-24 21:00:00,-3.603333333333333,58.29,167.66666666666666,8.155,969.7
2019-01-24 22:00:00,-4.475,57.13166666666667,170.38333333333333,10.263333333333332,969.6083333333333
2019-01-24 23:00:00,-5.118333333333334,56.07,171.5,12.443333333333333,969.3883333333332
2019-01-25 00:00:00,-5.501666666666667,55.60666666666667,172.8,12.878333333333334,969.4016666666666
2019-01-25 01:00:00,-6.198333333333333,55.35666666666667,176.26666666666668,11.285,969.4866666666666
2019-01-25 02:00:00,-6.546666666666667,53.42333333333333,178.7,11.848333333333333,969.4083333333333
2019-01-25 03:00:00,-5.878333333333333,44.193333333333335,170.9,15.846666666666666,969.3483333333334
2019-01-25 04:00:00,-5.705,41.74,165.43333333333334,17.493333333333332,969.0866666666666
2019-01-25 05:00:00,-4.761666666666667,38.46333333333334,161.45,19.14333333333333,968.9783333333332
2019-01-25 06:00:00,-4.168333333333333,40.60666666666667,152.11666666666667,20.408333333333335,969.0133333333334
2019-01-25 07:00:00,-2.2933333333333334,40.13166666666667,124.68333333333334,13.315,969.26
2019-01-25 08:00:00,-1.615,40.67666666666666,122.0,14.85,969.1266666666667
2019-01-25 09:00:00,-0.8716666666666666,43.58833333333334,119.6,14.228333333333333,968.8433333333334
2019-01-25 10:00:00,0.001666666666666671,43.64666666666667,108.68333333333334,13.889999999999999,968.6416666666667
2019-01-25 11:00:00,0.9216666666666666,40.96,94.26666666666667,13.461666666666668,968.36
2019-01-25 12:00:00,2.1533333333333333,37.736666666666665,71.7,14.728333333333333,968.0233333333333
2019-01-25 13:00:00,1.965,40.11333333333334,69.65,14.41,967.8583333333333
2019-01-25 14:00:00,1.6533333333333333,41.19166666666667,81.55,15.378333333333334,967.5300000000001
2019-01-25 15:00:00,1.2533333333333334,41.875,82.6,14.615,967.19
2019-01-25 16:00:00,0.8200000000000001,46.848333333333336,88.98333333333333,13.983333333333333,966.5316666666666
2019-01-25 17:00:00,0.014999999999999998,52.559999999999995,101.18333333333334,13.403333333333334,966.2866666666666
2019-01-25 18:00:00,-0.705,52.32333333333334,112.73333333333333,12.881666666666666,966.1016666666667
2019-01-25 19:00:00,-1.1683333333333332,49.144999999999996,111.38333333333334,13.078333333333335,965.5066666666667
2019-01-25 20:00:00,-1.7933333333333332,51.44666666666667,104.83333333333333,15.17,965.2833333333333
2019-01-25 21:00:00,-2.5300000000000002,50.80166666666666,113.9,15.096666666666666,965.0083333333333
2019-01-25 22:00:00,-2.6883333333333335,45.39333333333333,112.91666666666667,17.575,964.5466666666667
2019-01-25 23:00:00,-2.8483333333333336,43.03,120.81666666666666,21.4,964.01
2019-01-26 00:00:00,-2.9699999999999998,41.175,120.63333333333334,23.646666666666665,963.5083333333333
2019-01-26 01:00:00,-3.3400000000000003,41.776666666666664,123.46666666666667,26.1,962.9883333333333
2019-01-26 02:00:00,-3.478333333333333,43.865,122.16666666666667,25.276666666666664,962.6083333333333
2019-01-26 03:00:00,-3.4733333333333336,43.21,117.48333333333333,24.705,962.545
2019-01-26 04:00:00,-3.585,45.406666666666666,115.11666666666666,23.386666666666667,962.6933333333333
2019-01-26 05:00:00,-3.296666666666667,47.64833333333333,110.75,24.555,962.675
2019-01-26 06:00:00,-2.881666666666667,48.501666666666665,112.51666666666667,25.928333333333335,962.4516666666666
2019-01-26 07:00:00,-2.575,48.885,119.08333333333333,26.215,961.8816666666667
2019-01-26 08:00:00,-2.1166666666666667,49.35166666666667,116.2,25.71333333333333,961.4133333333333
2019-01-26 09:00:00,-1.5733333333333335,52.769999999999996,113.58333333333333,23.796666666666667,961.37
2019-01-26 10:00:00,-0.9016666666666667,50.361666666666665,104.21666666666667,28.081666666666667,961.0383333333334
2019-01-26 11:00:00,-0.8616666666666667,53.93333333333333,111.6,25.723333333333336,960.7383333333333
2019-01-26 12:00:00,-0.3233333333333333,52.434999999999995,111.88333333333334,23.84333333333333,960.4833333333333
2019-01-26 13:00:00,-0.23666666666666666,52.151666666666664,109.3,23.98166666666667,960.2933333333333
2019-01-26 14:00:00,-0.1366666666666667,51.85333333333333,110.91666666666667,22.941666666666666,959.9816666666667
2019-01-26 15:00:00,-0.14,47.94833333333334,112.1,22.375,959.3766666666667
2019-01-26 16:00:00,-0.28500000000000003,43.07666666666667,110.58333333333333,24.353333333333335,959.0316666666666
2019-01-26 17:00:00,-0.23166666666666666,41.03333333333333,108.28333333333333,25.134999999999998,958.8783333333333
2019-01-26 18:00:00,-0.7116666666666667,43.74333333333333,108.26666666666667,24.358333333333334,959.16
2019-01-26 19:00:00,-1.2816666666666667,46.68,108.91666666666667,23.205,959.2316666666667
2019-01-26 20:00:00,-1.65,44.745,114.66666666666667,24.035,959.175
2019-01-26 21:00:00,-1.8366666666666667,44.211666666666666,121.35,26.42,958.6766666666666
2019-01-26 22:00:00,-1.7133333333333334,39.78666666666666,127.2,32.583333333333336,958.4
2019-01-26 23:00:00,-1.6766666666666665,38.218333333333334,125.75,31.355,958.5066666666667
2019-01-27 00:00:00,-1.7333333333333334,38.309999999999995,121.28333333333333,27.043333333333333,958.7133333333334
2019-01-27 01:00:00,-1.82,38.345,119.31666666666666,26.128333333333334,958.7616666666667
2019-01-27 02:00:00,-1.5966666666666667,35.940000000000005,124.18333333333334,27.836666666666666,958.2933333333333
2019-01-27 03:00:00,-1.1883333333333332,35.07166666666667,121.88333333333334,26.391666666666666,958.15
2019-01-27 04:00:00,-1.0566666666666666,34.190000000000005,123.25,25.76833333333333,958.245
2019-01-27 05:00:00,-0.6616666666666666,32.36,125.58333333333333,28.458333333333332,958.1333333333333
2019-01-27 06:00:00,-0.5233333333333333,35.68333333333333,122.06666666666666,24.94333333333333,958.4
2019-01-27 07:00:00,-0.36666666666666664,37.72833333333333,119.16666666666667,23.53666666666667,958.5383333333334
2019-01-27 08:00:00,-0.3,39.25,109.16666666666667,21.263333333333332,958.8733333333333
2019-01-27 09:00:00,0.018333333333333333,37.31166666666666,111.85,20.02,958.9783333333332
2019-01-27 10:00:00,0.28833333333333333,35.46666666666667,113.91666666666667,22.101666666666667,958.8799999999999
2019-01-27 11:00:00,0.2966666666666667,37.611666666666665,116.23333333333333,22.685,958.9216666666666
2019-01-27 12:00:00,0.325,40.431666666666665,118.9,22.888333333333332,958.9866666666666
2019-01-27 13:00:00,0.3783333333333333,44.235,118.16666666666667,21.078333333333333,958.9516666666666
2019-01-27 14:00:00,0.36166666666666664,43.14333333333333,123.26666666666667,27.725,958.5949999999999
2019-01-27 15:00:00,0.31166666666666665,43.93,124.46666666666667,26.748333333333335,958.4716666666667
2019-01-27 16:00:00,0.61,44.67166666666667,120.6,24.233333333333334,958.315
2019-01-27 17:00:00,0.815,45.480000000000004,122.86666666666666,24.238333333333333,958.4133333333333
2019-01-27 18:00:00,0.11833333333333333,47.675,118.48333333333333,22.293333333333333,958.6733333333334
2019-01-27 19:00:00,-0.2983333333333333,48.736666666666665,114.65,21.3,958.9183333333333
2019-01-27 20:00:00,-0.4,47.76,117.25,25.115000000000002,958.9166666666666
2019-01-27 21:00:00,-0.5883333333333333,47.184999999999995,121.18333333333334,26.841666666666665,958.7166666666667
2019-01-27 22:00:00,-0.7233333333333333,45.47166666666667,125.05,29.736666666666668,959.0716666666667
2019-01-27 23:00:00,-0.8983333333333333,46.093333333333334,126.0,30.26833333333333,959.3383333333334
2019-01-28 00:00:00,-0.6966666666666667,44.385,126.91666666666667,32.126666666666665,959.3316666666667
2019-01-28 01:00:00,-0.6549999999999999,45.22,125.9,28.706666666666667,959.51
2019-01-28 02:00:00,-0.6366666666666666,45.455000000000005,126.05,28.566666666666666,959.7733333333333
2019-01-28 03:00:00,-0.3983333333333334,45.52833333333333,125.68333333333334,28.123333333333335,959.7516666666667
2019-01-28 04:00:00,-0.14833333333333334,46.13666666666666,122.01666666666667,26.36,960.0883333333334
2019-01-28 05:00:00,0.1,46.193333333333335,124.46666666666667,27.321666666666665,960.3366666666666
2019-01-28 06:00:00,0.6416666666666667,46.980000000000004,121.66666666666667,26.776666666666664,960.8583333333333
2019-01-28 07:00:00,0.515,53.735,117.83333333333333,25.645,961.3433333333334
2019-01-28 08:00:00,0.5549999999999999,55.54333333333333,111.96666666666667,24.865000000000002,961.9266666666666
2019-01-28 09:00:00,0.7316666666666667,56.765,107.46666666666667,25.245,962.5533333333333
2019-01-28 10:00:00,0.7533333333333334,59.445,103.16666666666667,26.426666666666666,963.2766666666666
2019-01-28 11:00:00,0.6416666666666667,64.09833333333333,104.3,24.548333333333336,964.0883333333334
2019-01-28 12:00:00,1.035,63.461666666666666,101.45,23.073333333333334,964.73
2019-01-28 13:00:00,1.53,61.626666666666665,100.43333333333334,19.145,965.3183333333333
2019-01-28 14:00:00,1.875,61.623333333333335,101.11666666666666,17.903333333333332,965.7366666666666
2019-01-28 15:00:00,1.6700000000000002,61.82333333333334,105.71666666666667,17.0,966.0633333333334
2019-01-28 16:00:00,1.7,57.968333333333334,107.58333333333333,17.616666666666667,966.225
2019-01-28 17:00:00,1.8616666666666668,55.248333333333335,102.58333333333333,18.290000000000003,966.3349999999999
2019-01-28 18:00:00,1.4416666666666667,56.151666666666664,110.78333333333333,15.366666666666667,966.3483333333334
2019-01-28 19:00:00,1.2883333333333333,56.79333333333333,121.28333333333333,11.661666666666667,966.3133333333333
2019-01-28 20:00:00,1.11,58.38333333333333,117.11666666666666,8.303333333333333,966.125
2019-01-28 21:00:00,0.86,56.24166666666667,127.95,10.075,966.0583333333333
2019-01-28 22:00:00,0.895,50.38666666666666,140.33333333333334,12.863333333333333,965.6766666666666
2019-01-28 23:00:00,0.8883333333333334,50.13,125.96666666666667,11.29,965.4716666666667
2019-01-29 00:00:00,0.775,50.35,134.96666666666667,12.233333333333333,965.2383333333333
2019-01-29 01:00:00,0.21833333333333332,47.519999999999996,142.11666666666667,16.943333333333335,965.0
2019-01-29 02:00:00,0.5033333333333333,45.690000000000005,127.76666666666667,15.343333333333334,965.2099999999999
2019-01-29 03:00:00,0.35333333333333333,48.54,129.61666666666667,11.203333333333335,965.4166666666666
2019-01-29 04:00:00,-0.6566666666666666,48.38666666666666,155.85,17.07,965.405
2019-01-29 05:00:00,-1.11,48.13,152.38333333333333,22.276666666666664,965.5783333333334
2019-01-29 06:00:00,-0.495,45.79,154.66666666666666,21.276666666666664,965.9366666666666
2019-01-29 07:00:00,0.6416666666666667,44.74666666666667,142.7,16.871666666666666,966.1916666666667
2019-01-29 08:00:00,1.8683333333333332,46.833333333333336,116.86666666666666,16.941666666666666,966.4316666666667
2019-01-29 09:00:00,2.4016666666666664,46.46666666666667,104.81666666666666,18.826666666666664,966.7083333333334
2019-01-29 10:00:00,2.3366666666666664,49.968333333333334,104.5,19.483333333333334,966.965
2019-01-29 11:00:00,2.6733333333333333,53.919999999999995,101.88333333333334,17.595000000000002,967.55
2019-01-29 12:00:00,2.4633333333333334,56.99333333333333,96.61666666666666,17.983333333333334,967.9816666666667
2019-01-29 13:00:00,2.2783333333333333,58.325,98.25,16.3,968.405
2019-01-29 14:00:00,2.3466666666666667,58.34666666666667,90.56666666666666,15.291666666666666,968.8583333333333
2019-01-29 15:00:00,2.8,55.04666666666667,95.78333333333333,14.566666666666666,969.02
2019-01-29 16:00:00,2.9266666666666667,56.38166666666667,109.88333333333334,10.693333333333333,969.0933333333334
2019-01-29 17:00:00,2.7333333333333334,55.775,118.78333333333333,13.46,968.9783333333332
2019-01-29 18:00:00,2.6166666666666667,55.016666666666666,128.21666666666667,15.408333333333333,969.0383333333334
2019-01-29 19:00:00,2.816666666666667,51.725,113.76666666666667,15.536666666666667,969.5283333333333
2019-01-29 20:00:00,2.0166666666666666,62.115,108.56666666666666,12.581666666666667,970.0733333333334
2019-01-29 21:00:00,2.0616666666666665,59.11666666666667,107.03333333333333,16.62333333333333,970.5616666666666
2019-01-29 22:00:00,1.51,62.62833333333333,128.65,19.396666666666665,970.7616666666667
2019-01-29 23:00:00,1.29,64.27666666666667,124.11666666666666,18.201666666666664,971.0733333333334
2019-01-30 00:00:00,1.87,53.91833333333333,121.38333333333334,17.990000000000002,970.9150000000001
2019-01-30 01:00:00,1.9616666666666667,51.62166666666667,118.71666666666667,17.748333333333335,970.8583333333333
2019-01-30 02:00:00,1.8066666666666669,51.46666666666667,122.75,18.601666666666667,970.975
2019-01-30 03:00:00,1.9466666666666665,49.31666666666667,120.9,19.375,971.1383333333334
2019-01-30 04:00:00,2.015,49.20666666666667,109.61666666666666,19.240000000000002,971.3416666666667
2019-01-30 05:00:00,2.0766666666666667,48.794999999999995,109.35,20.601666666666667,971.4366666666666
2019-01-30 06:00:00,2.2816666666666667,48.765,106.91666666666667,20.418333333333333,971.865
2019-01-30 07:00:00,2.5566666666666666,50.041666666666664,93.63333333333334,21.198333333333334,972.2883333333333
2019-01-30 08:00:00,2.671666666666667,52.690000000000005,91.4,19.05666666666667,972.45
2019-01-30 09:00:00,3.6116666666666664,51.276666666666664,88.56666666666666,19.826666666666664,972.5433333333333
2019-01-30 10:00:00,3.2583333333333333,55.141666666666666,79.61666666666666,19.291666666666668,972.5866666666667
2019-01-30 11:00:00,3.4883333333333337,55.61833333333333,70.35,16.19666666666667,972.6516666666666
2019-01-30 12:00:00,3.253333333333333,56.19166666666667,67.06666666666666,14.946666666666667,972.7583333333333
2019-01-30 13:00:00,3.2266666666666666,56.79833333333333,68.7,13.911666666666667,972.6183333333333
2019-01-30 14:00:00,2.8883333333333336,56.968333333333334,70.1,13.781666666666666,972.3233333333334
2019-01-30 15:00:00,2.8616666666666664,58.50833333333333,67.51666666666667,12.581666666666667,971.9
2019-01-30 16:00:00,2.9283333333333332,57.975,77.91666666666667,12.25,971.4233333333334
2019-01-30 17:00:00,2.5016666666666665,59.81666666666667,97.83333333333333,9.521666666666667,971.0566666666667
2019-01-30 18:00:00,2.51,57.69833333333334,101.41666666666667,8.911666666666667,970.7516666666667
2019-01-30 19:00:00,2.1983333333333333,59.31333333333334,105.58333333333333,6.473333333333333,970.6283333333334
2019-01-30 20:00:00,1.9783333333333333,58.09166666666667,85.06666666666666,6.176666666666667,970.2916666666666
2019-01-30 21:00:00,1.6783333333333335,59.77833333333333,120.2,3.175,969.9266666666666
2019-01-30 22:00:00,0.75,61.32166666666667,162.8,4.41,969.1133333333333
2019-01-30 23:00:00,0.36166666666666664,55.255,137.83333333333334,4.418333333333334,968.6633333333334
2019-01-31 00:00:00,0.14833333333333334,45.445,132.76666666666668,6.948333333333333,968.3833333333333
2019-01-31 01:00:00,-0.34833333333333333,41.46666666666667,151.33333333333334,19.336666666666666,967.7266666666667
2019-01-31 02:00:00,-0.7616666666666667,39.955000000000005,154.16666666666666,21.395,967.425
2019-01-31 03:00:00,-1.0933333333333333,41.00666666666667,153.78333333333333,23.625,967.2566666666667
2019-01-31 04:00:00,-0.8983333333333333,42.04,150.56666666666666,21.346666666666668,967.1716666666667
2019-01-31 05:00:00,-0.47,40.72833333333333,147.13333333333333,18.011666666666667,967.1766666666667
2019-01-31 06:00:00,0.275,40.416666666666664,133.75,12.99,967.2199999999999
2019-01-31 07:00:00,1.3283333333333334,37.776666666666664,105.71666666666667,11.651666666666667,967.3116666666666
2019-01-31 08:00:00,1.76,37.42833333333333,104.9,11.973333333333333,967.2683333333333
2019-01-31 09:00:00,1.6900000000000002,33.971666666666664,82.5,15.443333333333333,967.565
2019-01-31 10:00:00,2.908333333333333,30.148333333333333,62.8,9.43,967.2816666666666
2019-01-31 11:00:00,3.015,28.328333333333333,58.3,10.101666666666667,967.1216666666667
2019-01-31 12:00:00,3.0716666666666668,30.634999999999998,56.266666666666666,9.986666666666668,967.065
2019-01-31 13:00:00,2.3183333333333334,34.36333333333334,37.93333333333333,7.468333333333334,966.9816666666667
2019-01-31 14:00:00,1.52,34.63,114.98333333333333,3.4316666666666666,966.735
2019-01-31 15:00:00,1.5416666666666667,38.64333333333333,267.0833333333333,5.680000000000001,966.5933333333334
2019-01-31 16:00:00,0.39166666666666666,48.68666666666666,293.3333333333333,5.89,966.89
2019-01-31 17:00:00,0.31666666666666665,50.34666666666667,187.16666666666666,5.056666666666667,966.8416666666667
2019-01-31 18:00:00,0.57,51.955000000000005,159.96666666666667,8.536666666666667,966.7433333333333
2019-01-31 19:00:00,0.43833333333333335,46.961666666666666,129.7,10.175,966.9466666666667
2019-01-31 20:00:00,-0.265,45.46,134.05,9.918333333333333,967.1766666666666
2019-01-31 21:00:00,-0.645,44.29833333333333,142.81666666666666,12.879999999999999,967.2316666666667
2019-01-31 22:00:00,-0.8383333333333333,46.06166666666666,90.6,9.246666666666666,967.66
2019-01-31 23:00:00,-1.8283333333333334,53.358333333333334,110.5,2.945,968.19
2019-02-01 00:00:00,-1.3816666666666668,42.30333333333333,127.35,12.011666666666667,968.3633333333332
2019-02-01 01:00:00,-1.77,46.13666666666666,96.1,5.4783333333333335,968.485
2019-02-01 02:00:00,-2.8,38.64833333333333,151.88333333333333,21.153333333333332,968.3416666666667
2019-02-01 03:00:00,-1.7066666666666668,37.49333333333333,119.76666666666667,13.541666666666666,969.0083333333333
2019-02-01 04:00:00,-1.4783333333333333,38.736666666666665,99.41666666666667,13.761666666666667,969.5166666666667
2019-02-01 05:00:00,-1.2466666666666666,36.766666666666666,87.81666666666666,19.8,969.8466666666666
2019-02-01 06:00:00,-1.1866666666666668,37.281666666666666,80.01666666666667,21.92,969.9916666666667
2019-02-01 07:00:00,-1.0166666666666666,36.980000000000004,90.65,21.628333333333334,970.4616666666666
2019-02-01 08:00:00,-0.885,39.085,95.43333333333334,17.80666666666667,970.8549999999999
2019-02-01 09:00:00,-0.2,38.940000000000005,94.16666666666667,17.171666666666667,971.1416666666667
2019-02-01 10:00:00,0.03333333333333333,38.735,84.56666666666666,19.355,971.52
2019-02-01 11:00:00,-0.10166666666666667,38.82333333333334,93.3,18.526666666666664,971.5433333333333
2019-02-01 12:00:00,0.6766666666666666,41.595,78.26666666666667,16.478333333333335,971.5583333333333
2019-02-01 13:00:00,0.9833333333333333,39.035,71.45,16.79,971.6616666666666
2019-02-01 14:00:00,0.7366666666666667,43.394999999999996,62.4,11.378333333333334,971.7666666666667
2019-02-01 15:00:00,0.49333333333333335,43.305,67.18333333333334,10.445,971.7166666666667
2019-02-01 16:00:00,0.001666666666666668,47.455000000000005,65.86666666666666,9.546666666666665,971.7899999999998
2019-02-01 17:00:00,-0.20166666666666666,49.55166666666666,89.36666666666666,9.110000000000001,971.63
2019-02-01 18:00:00,-0.65,51.50833333333333,73.51666666666667,7.441666666666666,971.7316666666667
2019-02-01 19:00:00,-1.0816666666666668,53.73166666666667,115.98333333333333,9.15,971.6383333333334
2019-02-01 20:00:00,-1.9,54.13333333333333,122.83333333333333,10.32,971.7016666666666
2019-02-01 21:00:00,-2.1616666666666666,51.04333333333333,110.96666666666667,10.295,971.985
2019-02-01 22:00:00,-2.768333333333333,51.25,111.43333333333334,9.663333333333332,972.1016666666667
2019-02-01 23:00:00,-2.8966666666666665,49.79333333333333,111.41666666666667,9.756666666666666,972.2866666666666
2019-02-02 00:00:00,-2.6233333333333335,46.40333333333333,116.56666666666666,9.979999999999999,972.2
2019-02-02 01:00:00,-2.4433333333333334,44.361666666666665,119.33333333333333,10.248333333333333,972.0933333333334
2019-02-02 02:00:00,-3.0,46.70333333333333,136.63333333333333,13.166666666666666,971.9633333333334
2019-02-02 03:00:00,-2.9983333333333335,44.68,132.25,13.961666666666668,971.6316666666667
2019-02-02 04:00:00,-2.788333333333333,41.15,124.71666666666667,15.126666666666667,971.4883333333333
2019-02-02 05:00:00,-2.5516666666666667,39.91,126.46666666666667,16.301666666666666,971.3066666666666
2019-02-02 06:00:00,-2.413333333333333,39.25,127.4,17.7,971.1266666666667
2019-02-02 07:00:00,-2.025,39.818333333333335,119.73333333333333,16.313333333333333,971.2333333333333
2019-02-02 08:00:00,-1.4433333333333331,42.39666666666667,104.11666666666666,14.591666666666667,971.3083333333333
2019-02-02 09:00:00,-1.1900000000000002,40.69833333333334,101.81666666666666,14.183333333333334,971.3166666666667
2019-02-02 10:00:00,-1.0383333333333333,41.225,98.98333333333333,13.503333333333334,971.2316666666667
2019-02-02 11:00:00,-0.8433333333333334,41.95166666666667,93.11666666666666,13.938333333333333,971.0616666666667
2019-02-02 12:00:00,-0.6466666666666666,41.84,89.41666666666667,13.176666666666668,970.7316666666667
2019-02-02 13:00:00,-0.765,39.80333333333333,86.18333333333334,15.110000000000001,970.365
2019-02-02 14:00:00,-0.9316666666666666,40.36833333333333,88.23333333333333,14.895000000000001,970.0183333333333
2019-02-02 15:00:00,-0.8533333333333334,43.14,95.46666666666667,10.981666666666666,969.5849999999999
2019-02-02 16:00:00,-0.9566666666666667,41.401666666666664,87.2,13.593333333333334,969.2983333333333
2019-02-02 17:00:00,-1.4,43.26166666666666,94.2,11.261666666666667,969.115
2019-02-02 18:00:00,-1.6033333333333333,45.405,104.91666666666667,10.866666666666667,968.765
2019-02-02 19:00:00,-1.9633333333333334,45.406666666666666,105.16666666666667,10.425,968.755
2019-02-02 20:00:00,-2.2266666666666666,46.195,113.58333333333333,8.715,968.625
2019-02-02 21:00:00,-2.365,46.333333333333336,123.0,11.285,968.3933333333333
2019-02-02 22:00:00,-2.231666666666667,44.67833333333333,107.18333333333334,10.253333333333334,968.2783333333333
2019-02-02 23:00:00,-2.3966666666666665,46.85333333333333,118.06666666666666,10.228333333333333,967.9883333333333
2019-02-03 00:00:00,-2.1966666666666668,41.644999999999996,123.25,11.423333333333334,967.7333333333333
2019-02-03 01:00:00,-2.5900000000000003,43.15,153.61666666666667,15.026666666666667,967.3966666666668
2019-02-03 02:00:00,-2.82,40.336666666666666,154.95,20.153333333333332,966.9833333333333
2019-02-03 03:00:00,-2.8449999999999998,38.28666666666666,152.46666666666667,21.71833333333333,966.6133333333333
2019-02-03 04:00:00,-3.075,38.833333333333336,152.48333333333332,23.16166666666667,966.1816666666667
2019-02-03 05:00:00,-3.315,39.651666666666664,152.86666666666667,24.541666666666668,965.9016666666666
2019-02-03 06:00:00,-3.4099999999999997,41.15,158.45,21.52,965.9816666666667
2019-02-03 07:00:00,-3.3133333333333335,40.62166666666667,156.85,21.78166666666667,966.2466666666667
2019-02-03 08:00:00,-2.8316666666666666,41.288333333333334,151.76666666666668,19.720000000000002,966.39
2019-02-03 09:00:00,-2.098148148148148,42.851851851851855,123.55,13.116666666666665,966.7481481481482
2019-02-03 10:00:00,0.05416666666666666,32.4125,65.28333333333333,14.214583333333332,966.7541666666666
2019-02-03 11:00:00,0.8783333333333334,31.134999999999998,65.51666666666667,12.386666666666667,966.4966666666667
2019-02-03 12:00:00,0.2783333333333333,34.55833333333333,50.81666666666667,10.168333333333333,966.2933333333333
2019-02-03 13:00:00,-0.225,35.86333333333334,53.36666666666667,9.958333333333334,966.17
2019-02-03 14:00:00,-0.5316666666666666,38.211666666666666,77.88333333333334,6.75,966.035
2019-02-03 15:00:00,-1.215,41.92666666666666,101.96666666666667,3.0733333333333333,965.9083333333333
2019-02-03 16:00:00,-1.0683333333333331,43.445,229.53333333333333,3.985,965.6183333333333
2019-02-03 17:00:00,-1.59,44.791666666666664,278.68333333333334,4.446666666666667,965.4416666666667
2019-02-03 18:00:00,-2.17,44.65333333333333,256.3,5.585,965.4066666666666
2019-02-03 19:00:00,-2.546666666666667,45.86666666666667,277.1333333333333,4.036666666666666,965.4933333333333
2019-02-03 20:00:00,-3.77,58.723333333333336,195.25,5.541666666666667,965.4783333333332
2019-02-03 21:00:00,-4.923333333333333,57.405,184.9,7.123333333333333,965.37
2019-02-03 22:00:00,-5.8533333333333335,54.89666666666667,182.68333333333334,9.465,965.1616666666667
2019-02-03 23:00:00,-6.64,51.70666666666667,183.13333333333333,11.725,965.1333333333333
2019-02-04 00:00:00,-6.8149999999999995,49.42166666666667,173.2,12.426666666666668,964.9033333333333
2019-02-04 01:00:00,-6.626666666666667,46.34,174.83333333333334,12.979999999999999,964.85
2019-02-04 02:00:00,-6.321666666666667,43.52333333333333,174.18333333333334,13.15,964.675
2019-02-04 03:00:00,-6.23,38.83833333333334,172.61666666666667,11.803333333333335,964.6266666666667
2019-02-04 04:00:00,-5.78,37.135,174.16666666666666,12.336666666666668,964.4666666666667
2019-02-04 05:00:00,-5.864999999999999,37.965,173.48333333333332,14.348333333333333,964.3449999999999
2019-02-04 06:00:00,-4.875,35.85,170.95,12.188333333333333,964.5849999999999
2019-02-04 07:00:00,-3.35,35.781666666666666,186.3,4.3533333333333335,965.0466666666667
2019-02-04 08:00:00,-2.4458333333333333,34.53958333333333,91.38333333333334,4.191666666666666,965.2479166666667
2019-02-04 09:00:00,-1.1090909090909091,26.443181818181817,40.166666666666664,4.452272727272727,965.3863636363636
2019-02-04 10:00:00,-1.215,27.209999999999997,40.083333333333336,6.16,965.3933333333333
2019-02-04 11:00:00,-1.3516666666666666,29.220000000000002,280.31666666666666,8.013333333333334,965.4466666666667
2019-02-04 12:00:00,-1.5799999999999998,30.01833333333333,168.26666666666668,7.191666666666666,965.4283333333333
2019-02-04 13:00:00,-2.2916666666666665,32.745,167.2,6.901666666666667,965.2916666666666
2019-02-04 14:00:00,-2.735,36.635,289.18333333333334,7.323333333333333,965.2
2019-02-04 15:00:00,-2.62,38.89,230.41666666666666,7.585,964.9633333333334
2019-02-04 16:00:00,-2.99,42.805,287.31666666666666,8.446666666666667,964.8833333333333
2019-02-04 17:00:00,-3.415,47.736666666666665,326.3666666666667,7.676666666666667,964.8166666666667
2019-02-04 18:00:00,-3.3333333333333335,42.27166666666667,269.73333333333335,5.203333333333333,964.8533333333332
2019-02-04 19:00:00,-3.4016666666666664,38.25666666666667,237.48333333333332,3.5166666666666666,964.8983333333333
2019-02-04 20:00:00,-4.725,59.28333333333333,162.28333333333333,2.33,965.0066666666667
2019-02-04 21:00:00,-5.801666666666667,63.49666666666667,99.53333333333333,3.3916666666666666,965.0666666666667
2019-02-04 22:00:00,-6.746666666666667,57.06666666666667,170.41666666666666,4.026666666666666,965.1916666666667
2019-02-04 23:00:00,-7.508333333333334,57.455000000000005,166.76666666666668,5.153333333333333,965.4783333333332
2019-02-05 00:00:00,-8.37,53.769999999999996,172.31666666666666,7.483333333333333,965.7016666666666
2019-02-05 01:00:00,-9.663333333333332,56.0,175.21666666666667,12.7,965.6283333333334
2019-02-05 02:00:00,-8.93,55.723333333333336,165.15,11.046666666666665,965.6966666666667
2019-02-05 03:00:00,-8.51,55.92333333333333,164.51666666666668,11.193333333333333,965.8666666666667
2019-02-05 04:00:00,-7.745,52.60166666666667,161.18333333333334,11.183333333333334,965.8133333333333
2019-02-05 05:00:00,-6.973333333333333,46.34,155.55,11.486666666666668,965.7899999999998
2019-02-05 06:00:00,-6.246666666666667,41.675,160.56666666666666,9.115,965.81
2019-02-05 07:00:00,-5.3983333333333325,40.623333333333335,148.83333333333334,6.345,965.9416666666667
2019-02-05 08:00:00,-4.361666666666666,40.43333333333333,117.18333333333334,3.7066666666666666,966.0183333333333
2019-02-05 09:00:00,-3.1300000000000003,47.84666666666667,243.36666666666667,3.783333333333333,966.005
2019-02-05 10:00:00,-3.5166666666666666,38.358333333333334,149.55,3.915,965.8683333333333
2019-02-05 11:00:00,-2.421666666666667,39.175,103.23333333333333,5.683333333333334,965.7566666666667
2019-02-05 12:00:00,-1.7916666666666667,41.888333333333335,49.3,6.585,965.795
2019-02-05 13:00:00,-1.9666666666666666,43.193333333333335,61.166666666666664,6.426666666666667,965.7216666666667
2019-02-05 14:00:00,-2.018333333333333,43.288333333333334,65.58333333333333,6.428333333333333,965.5383333333334
2019-02-05 15:00:00,-3.175,49.25833333333333,39.733333333333334,7.045,965.4699999999999
2019-02-05 16:00:00,-4.291666666666667,52.77166666666667,31.216666666666665,6.3516666666666675,965.4166666666666
2019-02-05 17:00:00,-4.963333333333334,53.375,34.81666666666667,5.569999999999999,965.295
2019-02-05 18:00:00,-5.683333333333334,51.50333333333333,31.583333333333332,5.081666666666666,965.2
2019-02-05 19:00:00,-6.09,44.5,34.3,3.4116666666666666,965.0433333333333
2019-02-05 20:00:00,-6.17,49.718333333333334,146.5,2.7366666666666664,964.7033333333334
2019-02-05 21:00:00,-6.921666666666667,60.651666666666664,171.96666666666667,5.785,964.5016666666667
2019-02-05 22:00:00,-7.628333333333333,56.74333333333333,174.53333333333333,7.083333333333333,964.4150000000001
2019-02-05 23:00:00,-8.511666666666667,54.75666666666667,174.0,9.610000000000001,964.1183333333333
2019-02-06 00:00:00,-8.263333333333334,55.230000000000004,171.73333333333332,10.298333333333334,963.8966666666666
2019-02-06 01:00:00,-7.6,54.44166666666667,164.4,7.913333333333333,963.7533333333333
2019-02-06 02:00:00,-7.918333333333334,51.41,170.26666666666668,9.733333333333333,963.4066666666666
2019-02-06 03:00:00,-8.056666666666667,51.766666666666666,175.53333333333333,9.861666666666668,962.9333333333333
2019-02-06 04:00:00,-7.725,50.43666666666666,148.21666666666667,7.325,962.66
2019-02-06 05:00:00,-6.9816666666666665,50.065000000000005,110.78333333333333,5.058333333333334,962.6716666666667
2019-02-06 06:00:00,-6.0600000000000005,40.75333333333333,148.36666666666667,10.228333333333333,962.1
2019-02-06 07:00:00,-4.738333333333333,38.36,105.88333333333334,7.694999999999999,962.02
2019-02-06 08:00:00,-4.336666666666667,38.425,121.5,8.395,961.885
2019-02-06 09:00:00,-3.325,36.855000000000004,112.26666666666667,10.416666666666666,961.6816666666667
2019-02-06 10:00:00,-2.3983333333333334,32.15833333333333,77.21666666666667,13.553333333333335,961.3433333333334
2019-02-06 11:00:00,-2.1216666666666666,33.405,65.96666666666667,12.741666666666667,961.1216666666667
2019-02-06 12:00:00,-2.96,37.873333333333335,54.81666666666667,11.088333333333333,960.98
2019-02-06 13:00:00,-3.8066666666666666,40.22666666666667,46.38333333333333,8.421666666666667,960.8683333333333
2019-02-06 14:00:00,-3.8716666666666666,40.1,41.45,6.316666666666666,960.5483333333334
2019-02-06 15:00:00,-4.405,42.598333333333336,42.68333333333333,5.288333333333333,960.1633333333334
2019-02-06 16:00:00,-4.4766666666666675,42.725,32.56666666666667,4.803333333333333,959.66
2019-02-06 17:00:00,-5.038333333333333,47.725,30.683333333333334,5.121666666666667,959.2416666666667
2019-02-06 18:00:00,-5.933333333333334,51.9,15.35,5.153333333333333,959.19
2019-02-06 19:00:00,-6.63,49.593333333333334,30.433333333333334,5.5649999999999995,959.2
2019-02-06 20:00:00,-6.991666666666666,51.16833333333333,34.983333333333334,3.605,959.1783333333334
2019-02-06 21:00:00,-6.956666666666667,50.51166666666666,85.66666666666667,2.23,959.07
2019-02-06 22:00:00,-7.3516666666666675,57.275,149.53333333333333,5.676666666666667,959.0733333333334
2019-02-06 23:00:00,-7.448333333333333,46.79333333333333,137.96666666666667,11.731666666666666,959.0
2019-02-07 00:00:00,-7.426666666666667,44.385,115.46666666666667,9.728333333333333,959.05
2019-02-07 01:00:00,-7.631666666666666,41.836666666666666,141.0,15.978333333333333,958.8083333333333
2019-02-07 02:00:00,-7.788333333333333,41.165,142.21666666666667,18.790000000000003,958.545
2019-02-07 03:00:00,-7.858333333333333,41.15,140.45,19.923333333333336,958.3766666666667
2019-02-07 04:00:00,-7.553333333333333,40.63,140.61666666666667,19.425,958.5016666666667
2019-02-07 05:00:00,-7.1850000000000005,40.41166666666666,140.0,19.591666666666665,958.74
2019-02-07 06:00:00,-6.661666666666666,37.77333333333333,138.53333333333333,19.831666666666667,958.94
2019-02-07 07:00:00,-5.736666666666666,36.945,129.73333333333332,14.798333333333334,959.485
2019-02-07 08:00:00,-4.991666666666666,35.05833333333333,124.46666666666667,12.626666666666667,959.7216666666667
2019-02-07 09:00:00,-4.406666666666666,34.14833333333333,120.5,14.1,959.7783333333333
2019-02-07 10:00:00,-3.61,33.29833333333333,111.38333333333334,13.123333333333333,959.9133333333333
2019-02-07 11:00:00,-2.896666666666667,34.14,76.21666666666667,14.55,960.1266666666667
2019-02-07 12:00:00,-3.0966666666666667,34.285,86.63333333333334,14.578333333333335,960.24
2019-02-07 13:00:00,-3.04,37.885,87.28333333333333,15.546666666666665,960.2333333333333
2019-02-07 14:00:00,-3.4066666666666667,40.876666666666665,85.73333333333333,17.146666666666665,960.2316666666667
2019-02-07 15:00:00,-4.1866666666666665,40.87,91.96666666666667,20.875,960.2933333333333
2019-02-07 16:00:00,-4.123333333333333,40.785,103.13333333333334,18.98,960.255
2019-02-07 17:00:00,-4.698333333333333,48.64333333333333,100.5,19.634999999999998,960.4533333333333
2019-02-07 18:00:00,-4.928333333333333,47.78333333333333,100.15,19.028333333333332,960.6783333333334
2019-02-07 19:00:00,-5.295,45.475,101.88333333333334,17.913333333333334,960.66
2019-02-07 20:00:00,-5.833333333333333,45.88,106.98333333333333,17.163333333333334,960.61
2019-02-07 21:00:00,-5.796666666666667,42.99333333333333,112.48333333333333,19.236666666666668,960.5616666666667
2019-02-07 22:00:00,-6.041666666666667,43.665,123.05,24.435,960.26
2019-02-07 23:00:00,-6.136666666666667,46.17166666666667,122.41666666666667,25.02,960.1416666666667
2019-02-08 00:00:00,-6.385000000000001,57.38166666666667,123.08333333333333,25.551666666666666,960.4483333333334
2019-02-08 01:00:00,-6.895,70.07333333333332,129.81666666666666,29.09333333333333,960.2900000000001
2019-02-08 02:00:00,-6.698333333333334,66.50500000000001,133.33333333333334,31.628333333333334,959.825
2019-02-08 03:00:00,-5.430000000000001,46.013333333333335,131.41666666666666,32.38166666666667,959.3633333333333
2019-02-08 04:00:00,-4.861666666666666,46.538333333333334,138.98333333333332,28.553333333333335,959.2866666666666
2019-02-08 05:00:00,-3.9033333333333333,41.41833333333333,131.61666666666667,32.84,958.815
2019-02-08 06:00:00,-3.6133333333333337,41.595,133.86666666666667,32.876666666666665,959.2683333333333
2019-02-08 07:00:00,-3.1333333333333333,41.108333333333334,126.26666666666667,28.478333333333335,959.8016666666666
2019-02-08 08:00:00,-2.683333333333333,40.87166666666667,127.95,28.03166666666667,960.0216666666668
2019-02-08 09:00:00,-1.974418604651163,40.48604651162791,89.66666666666667,24.290697674418606,960.3697674418605
2019-02-08 10:00:00,-1.3583333333333334,39.77833333333333,125.7,22.735,959.935
2019-02-08 11:00:00,-0.6116666666666666,37.635,120.8,22.41166666666667,959.2083333333334
2019-02-08 12:00:00,-0.115,35.99166666666667,120.91666666666667,22.936666666666667,958.5966666666667
2019-02-08 13:00:00,0.043333333333333335,35.035,124.95,26.60666666666667,957.885
2019-02-08 14:00:00,-0.22000000000000003,35.306666666666665,125.55,28.878333333333334,957.5400000000001
2019-02-08 15:00:00,-0.060000000000000005,33.32,127.16666666666667,29.163333333333334,957.215
2019-02-08 16:00:00,-0.345,35.51,135.1,24.923333333333336,957.0916666666667
2019-02-08 17:00:00,-0.7283333333333334,37.04333333333333,153.9,25.551666666666666,956.52
2019-02-08 18:00:00,-1.7933333333333332,40.843333333333334,161.41666666666666,24.886666666666667,955.76
2019-02-08 19:00:00,-2.308333333333333,40.04833333333333,159.61666666666667,27.938333333333333,955.1883333333334
2019-02-08 20:00:00,-3.0133333333333336,43.501666666666665,160.55,26.80666666666667,954.5566666666667
2019-02-08 21:00:00,-3.2849999999999997,43.36833333333333,163.16666666666666,25.641666666666666,954.0133333333334
2019-02-08 22:00:00,-3.0300000000000002,38.98166666666667,164.2,24.408333333333335,953.5783333333333
2019-02-08 23:00:00,-2.6516666666666664,37.90833333333333,162.73333333333332,25.003333333333334,952.8983333333333
2019-02-09 00:00:00,-2.533333333333333,39.42333333333333,161.81666666666666,25.915000000000003,952.3
2019-02-09 01:00:00,-2.158333333333333,39.611666666666665,165.05,23.291666666666668,951.6833333333333
2019-02-09 02:00:00,-1.4533333333333334,37.525,164.8,23.476666666666667,950.9783333333332
2019-02-09 03:00:00,-1.275,40.03,166.61666666666667,21.678333333333335,950.49
2019-02-09 04:00:00,-0.8383333333333333,39.82666666666667,161.7,21.511666666666667,950.6416666666667
2019-02-09 05:00:00,-0.6283333333333334,45.28333333333333,155.38333333333333,22.35,951.0916666666667
2019-02-09 06:00:00,-1.13,54.66166666666666,156.51666666666668,24.971666666666668,951.0183333333333
2019-02-09 07:00:00,-1.2316666666666667,59.4,152.91666666666666,26.178333333333335,951.0
2019-02-09 08:00:00,-1.2083333333333333,62.69833333333334,157.61666666666667,23.365000000000002,950.5216666666668
2019-02-09 09:00:00,0.20666666666666667,50.623333333333335,155.48333333333332,23.490000000000002,949.5816666666667
2019-02-09 10:00:00,1.5916666666666666,41.13333333333333,139.53333333333333,25.515,948.9216666666667
2019-02-09 11:00:00,1.8833333333333333,40.3,125.38333333333334,28.445,948.5666666666667
2019-02-09 12:00:00,1.5133333333333332,45.45,124.85,27.875,948.635
2019-02-09 13:00:00,1.8583333333333334,41.98833333333334,127.45,25.971666666666668,948.6183333333333
2019-02-09 14:00:00,2.381666666666667,40.281666666666666,123.23333333333333,23.209999999999997,948.5883333333334
2019-02-09 15:00:00,2.2766666666666664,41.025,126.23333333333333,23.584999999999997,948.8199999999999
2019-02-09 16:00:00,2.371666666666667,40.001666666666665,125.96666666666667,21.015,948.5516666666666
2019-02-09 17:00:00,2.36,41.45,133.51666666666668,19.709999999999997,948.4133333333333
2019-02-09 18:00:00,2.621666666666667,38.76833333333333,128.08333333333334,22.006666666666668,948.4183333333333
2019-02-09 19:00:00,2.621666666666667,39.90833333333333,128.31666666666666,22.71833333333333,948.3916666666667
2019-02-09 20:00:00,2.6550000000000002,40.443333333333335,126.2,25.781666666666663,948.3299999999999
2019-02-09 21:00:00,2.3033333333333332,42.565000000000005,128.26666666666668,28.236666666666668,948.19
2019-02-09 22:00:00,2.185,42.55166666666666,126.25,27.51833333333333,947.9916666666667
2019-02-09 23:00:00,1.8483333333333334,42.31333333333334,125.9,29.64333333333333,948.0116666666667
2019-02-10 00:00:00,1.5833333333333333,42.36333333333334,125.46666666666667,29.433333333333334,948.4216666666667
2019-02-10 01:00:00,1.3683333333333332,42.001666666666665,124.55,30.541666666666668,948.6116666666666
2019-02-10 02:00:00,1.39,40.11333333333334,123.78333333333333,32.516666666666666,948.4966666666667
2019-02-10 03:00:00,1.2016666666666667,41.355000000000004,122.98333333333333,30.61,949.2783333333333
2019-02-10 04:00:00,1.1383333333333332,42.105000000000004,125.48333333333333,34.093333333333334,950.3616666666666
2019-02-10 05:00:00,1.04,43.00333333333333,126.11666666666666,32.61833333333333,951.2516666666667
2019-02-10 06:00:00,0.9833333333333333,44.10333333333333,124.41666666666667,29.27,951.7766666666666
2019-02-10 07:00:00,1.2016666666666667,43.156666666666666,123.15,29.668333333333333,952.305
2019-02-10 08:00:00,1.4733333333333332,45.24,123.78333333333333,30.928333333333335,952.7916666666666
2019-02-10 09:00:00,1.6700000000000002,48.644999999999996,124.76666666666667,30.19333333333333,953.5550000000001
2019-02-10 10:00:00,1.4533333333333334,56.66833333333333,120.26666666666667,26.873333333333335,954.3766666666667
2019-02-10 11:00:00,1.6883333333333332,60.64833333333333,113.18333333333334,22.82,955.2033333333333
2019-02-10 12:00:00,1.5433333333333332,71.74833333333332,107.06666666666666,24.403333333333332,956.45
2019-02-10 13:00:00,1.5183333333333333,72.58500000000001,105.16666666666667,25.723333333333336,957.69
2019-02-10 14:00:00,1.8816666666666666,66.65,103.01666666666667,25.28666666666667,958.84
2019-02-10 15:00:00,1.9333333333333333,63.55166666666666,103.08333333333333,25.828333333333333,959.475
2019-02-10 16:00:00,1.8649999999999998,62.940000000000005,105.16666666666667,25.771666666666665,960.0616666666666
2019-02-10 17:00:00,1.7916666666666667,62.163333333333334,108.98333333333333,26.63,960.7
2019-02-10 18:00:00,1.5616666666666668,66.14333333333333,109.5,27.113333333333333,961.4016666666666
2019-02-10 19:00:00,1.2816666666666665,72.21166666666666,105.6,26.195,962.8433333333334
2019-02-10 20:00:00,1.0216666666666667,76.45,100.73333333333333,26.046666666666667,964.55
2019-02-10 21:00:00,0.8416666666666667,75.89833333333333,104.58333333333333,25.14,966.1566666666666
2019-02-10 22:00:00,0.73,68.89833333333333,114.43333333333334,23.063333333333333,967.065
2019-02-10 23:00:00,0.7433333333333334,66.15166666666667,111.96666666666667,25.25,967.8050000000001
2019-02-11 00:00:00,0.5916666666666667,66.11999999999999,110.73333333333333,23.866666666666667,968.685
2019-02-11 01:00:00,0.48000000000000004,63.044999999999995,111.1,25.220000000000002,969.225
2019-02-11 02:00:00,0.15333333333333335,64.385,108.48333333333333,25.413333333333334,969.8483333333334
2019-02-11 03:00:00,-0.12000000000000001,63.84,106.51666666666667,25.75,970.4433333333333
2019-02-11 04:00:00,-0.09000000000000001,60.333333333333336,115.3,24.728333333333335,970.8433333333334
2019-02-11 05:00:00,0.245,60.275,107.55,26.591666666666665,971.6033333333332
2019-02-11 06:00:00,0.625,56.31333333333334,112.33333333333333,26.51833333333333,971.86
2019-02-11 07:00:00,0.985,48.965,113.05,25.651666666666664,972.01
2019-02-11 08:00:00,0.9366666666666668,46.35333333333333,114.1,27.33833333333333,972.3050000000001
2019-02-11 09:00:00,1.305,45.608333333333334,110.65,25.48,972.4483333333334
2019-02-11 10:00:00,1.3066666666666669,44.61,107.65,26.17,972.215
2019-02-11 11:00:00,1.27,43.69833333333334,112.0,25.603333333333335,971.6566666666666
2019-02-11 12:00:00,1.1849999999999998,46.21666666666667,108.41666666666667,24.743333333333332,971.6
2019-02-11 13:00:00,0.905,46.43,103.68333333333334,27.485,971.4666666666667
2019-02-11 14:00:00,0.51,49.91833333333333,105.95,27.375,970.8816666666667
2019-02-11 15:00:00,-0.05333333333333334,52.72,106.71666666666667,25.416666666666668,970.535
2019-02-11 16:00:00,-0.41833333333333333,52.37,109.51666666666667,22.755,970.0983333333334
2019-02-11 17:00:00,-0.8733333333333333,51.144999999999996,110.55,21.408333333333335,969.7583333333333
2019-02-11 18:00:00,-1.1433333333333335,49.37166666666667,114.73333333333333,19.455,969.4983333333333
2019-02-11 19:00:00,-1.4916666666666667,48.355000000000004,116.13333333333334,19.41166666666667,969.16
2019-02-11 20:00:00,-1.5033333333333334,46.28,119.1,21.6,968.6966666666667
2019-02-11 21:00:00,-1.8,45.97,119.58333333333333,21.06,968.405
2019-02-11 22:00:00,-2.06,44.394999999999996,125.46666666666667,25.448333333333334,967.925
2019-02-11 23:00:00,-2.29,43.42333333333333,125.66666666666667,27.573333333333334,967.3583333333333
2019-02-12 00:00:00,-2.6266666666666665,44.02333333333333,125.65,26.741666666666667,967.1433333333333
2019-02-12 01:00:00,-2.865,43.59666666666667,121.35,23.325,967.2016666666666
2019-02-12 02:00:00,-2.9833333333333334,42.78,119.48333333333333,22.875,966.9266666666666
2019-02-12 03:00:00,-3.1166666666666667,42.90333333333333,120.73333333333333,21.7,966.85
2019-02-12 04:00:00,-3.0300000000000002,40.6,120.66666666666667,23.208333333333332,966.7366666666668
2019-02-12 05:00:00,-2.908333333333333,40.52833333333333,118.91666666666667,22.215,966.925
2019-02-12 06:00:00,-2.716666666666667,40.43666666666666,123.8,23.975,966.8866666666667
2019-02-12 07:00:00,-2.55,42.055,114.71666666666667,19.84333333333333,966.9483333333334
2019-02-12 08:00:00,-2.395,41.91833333333333,115.73333333333333,19.16,966.9933333333333
2019-02-12 09:00:00,-2.2633333333333336,41.39833333333333,109.55,19.785,967.0166666666667
2019-02-12 10:00:00,-2.086666666666667,42.9,106.28333333333333,17.726666666666667,966.9449999999999
2019-02-12 11:00:00,-1.6733333333333333,43.001666666666665,95.9,16.935,966.9016666666666
2019-02-12 12:00:00,-1.1066666666666667,42.57833333333333,97.3,16.811666666666667,966.5383333333334
2019-02-12 13:00:00,-1.015,38.92333333333333,92.16666666666667,20.803333333333335,966.37
2019-02-12 14:00:00,-1.585,44.33833333333334,93.11666666666666,18.613333333333333,966.375
2019-02-12 15:00:00,-1.5933333333333335,45.92666666666666,99.36666666666666,15.746666666666666,966.1166666666667
2019-02-12 16:00:00,-1.6383333333333332,45.519999999999996,100.16666666666667,17.86,965.9150000000001
2019-02-12 17:00:00,-1.875,45.763333333333335,99.45,16.9,965.9666666666667
2019-02-12 18:00:00,-2.135,49.95666666666667,100.46666666666667,13.15,966.1066666666667
2019-02-12 19:00:00,-2.425,52.54833333333333,103.01666666666667,12.308333333333334,966.3266666666666
2019-02-12 20:00:00,-2.4866666666666664,50.85,97.18333333333334,14.065,966.505
2019-02-12 21:00:00,-2.9016666666666664,50.968333333333334,99.78333333333333,16.351666666666667,966.785
2019-02-12 22:00:00,-3.0983333333333336,53.36333333333334,104.1,12.688333333333333,967.075
2019-02-12 23:00:00,-2.8966666666666665,52.04,120.26666666666667,15.376666666666667,967.0266666666666
2019-02-13 00:00:00,-2.7616666666666663,49.865,118.58333333333333,15.151666666666667,967.2616666666667
2019-02-13 01:00:00,-2.8616666666666664,52.85,125.66666666666667,15.575,967.4016666666666
2019-02-13 02:00:00,-2.6483333333333334,50.57333333333334,122.48333333333333,15.941666666666666,967.4616666666666
2019-02-13 03:00:00,-2.4466666666666668,49.18333333333333,122.4,18.008333333333333,967.575
2019-02-13 04:00:00,-2.58,50.57,123.83333333333333,19.134999999999998,967.9050000000001
2019-02-13 05:00:00,-2.52,49.77833333333333,125.1,21.748333333333335,968.2
2019-02-13 06:00:00,-2.0066666666666664,49.005,125.7,21.125,968.6933333333333
2019-02-13 07:00:00,-1.7049999999999998,48.958333333333336,128.61666666666667,22.26833333333333,969.0433333333333
2019-02-13 08:00:00,-1.4116666666666666,48.375,126.93333333333334,21.198333333333334,969.4316666666667
2019-02-13 09:00:00,-1.0469387755102042,48.88979591836735,97.78333333333333,17.746938775510205,970.1102040816327
2019-02-13 10:00:00,-0.6783333333333333,50.05166666666666,115.95,16.166666666666668,970.5433333333333
2019-02-13 11:00:00,-0.43,49.208333333333336,108.78333333333333,16.029999999999998,970.8633333333333
2019-02-13 12:00:00,-0.016666666666666666,44.913333333333334,106.38333333333334,17.26833333333333,971.1133333333333
2019-02-13 13:00:00,0.8633333333333333,43.6,103.88333333333334,14.895000000000001,971.1200000000001
2019-02-13 14:00:00,1.0,39.85666666666667,94.43333333333334,15.653333333333334,971.2099999999999
2019-02-13 15:00:00,1.3299999999999998,42.43833333333334,101.81666666666666,10.455,970.9266666666666
2019-02-13 16:00:00,1.395,44.02333333333333,100.4,10.383333333333333,970.785
2019-02-13 17:00:00,0.7366666666666667,48.36833333333333,77.0,9.093333333333334,970.8766666666667
2019-02-13 18:00:00,0.06499999999999999,51.805,106.56666666666666,8.65,971.0333333333333
2019-02-13 19:00:00,-0.13666666666666666,51.669999999999995,120.86666666666666,6.135000000000001,970.9816666666667
2019-02-13 20:00:00,-0.22833333333333333,50.940000000000005,105.68333333333334,9.241666666666667,970.75
2019-02-13 21:00:00,-0.04666666666666666,48.083333333333336,114.15,10.578333333333335,970.6516666666666
2019-02-13 22:00:00,0.010000000000000002,42.49666666666667,111.43333333333334,13.336666666666668,970.8266666666666
2019-02-13 23:00:00,-0.26166666666666666,43.015,120.46666666666667,13.715,970.8216666666666
2019-02-14 00:00:00,-0.17833333333333334,41.031666666666666,121.83333333333333,13.778333333333334,970.7083333333334
2019-02-14 01:00:00,0.04666666666666667,40.84166666666667,125.13333333333334,16.563333333333333,970.2933333333333
2019-02-14 02:00:00,0.065,42.56666666666667,128.43333333333334,14.965,969.7816666666666
2019-02-14 03:00:00,0.14,42.556666666666665,115.76666666666667,17.421666666666667,969.7383333333333
2019-02-14 04:00:00,0.043333333333333335,44.718333333333334,108.71666666666667,13.816666666666666,969.8483333333334
2019-02-14 05:00:00,0.19499999999999998,46.580000000000005,102.16666666666667,16.26,969.7983333333334
2019-02-14 06:00:00,0.25,48.00333333333333,106.16666666666667,18.955,969.5849999999999
2019-02-14 07:00:00,0.4,47.385,109.11666666666666,18.811666666666667,969.4566666666667
2019-02-14 08:00:00,0.7,46.9,108.95,15.538333333333332,969.09
2019-02-14 09:00:00,1.3333333333333333,44.71,101.53333333333333,16.725,968.5833333333334
2019-02-14 10:00:00,1.4916666666666667,41.68833333333334,101.55,20.011666666666667,968.31
2019-02-14 11:00:00,1.3066666666666669,46.401666666666664,107.18333333333334,15.586666666666668,968.065
2019-02-14 12:00:00,1.63,46.276666666666664,102.61666666666666,13.333333333333334,968.0016666666667
2019-02-14 13:00:00,2.05,46.126666666666665,103.16666666666667,12.718333333333334,968.1550000000001
2019-02-14 14:00:00,1.6366666666666667,44.495,95.1,13.360000000000001,968.4383333333333
2019-02-14 15:00:00,1.4366666666666668,44.555,103.93333333333334,14.816666666666666,968.1650000000001
2019-02-14 16:00:00,1.2650000000000001,49.044999999999995,111.8,11.845,967.9583333333334
2019-02-14 17:00:00,1.22,46.01,110.2,14.110000000000001,968.48
2019-02-14 18:00:00,0.9016666666666667,45.48166666666667,113.51666666666667,15.793333333333333,968.4683333333334
2019-02-14 19:00:00,0.7666666666666667,45.394999999999996,125.6,20.188333333333333,968.4583333333334
2019-02-14 20:00:00,0.7483333333333333,44.309999999999995,127.88333333333334,20.134999999999998,968.5550000000001
2019-02-14 21:00:00,0.6983333333333334,45.28,124.85,20.279999999999998,968.6216666666667
2019-02-14 22:00:00,0.5466666666666666,47.375,116.96666666666667,16.351666666666667,968.77
2019-02-14 23:00:00,0.13499999999999998,51.2,146.03333333333333,17.426666666666666,968.7900000000001
2019-02-15 00:00:00,0.3283333333333333,49.96666666666667,132.75,14.868333333333334,969.2916666666666
2019-02-15 01:00:00,0.17,48.455000000000005,124.91666666666667,15.28,969.3349999999999
2019-02-15 02:00:00,-0.17333333333333334,47.905,123.05,12.726666666666667,969.37
2019-02-15 03:00:00,-0.06333333333333332,48.285,133.05,16.34,969.4083333333333
2019-02-15 04:00:00,-0.05333333333333334,43.166666666666664,121.48333333333333,14.305,969.6916666666667
2019-02-15 05:00:00,-0.24333333333333332,43.46666666666667,105.65,11.375,969.89
2019-02-15 06:00:00,-0.005000000000000001,45.605000000000004,123.15,7.248333333333333,969.81
2019-02-15 07:00:00,0.2783333333333333,44.901666666666664,112.76666666666667,7.996666666666667,969.9166666666666
2019-02-15 08:00:00,0.22166666666666668,47.336666666666666,146.18333333333334,8.813333333333333,969.7333333333333
2019-02-15 09:00:00,0.8933333333333333,44.79666666666667,121.9,9.165,969.7883333333334
2019-02-15 10:00:00,1.1983333333333335,39.65,128.63333333333333,10.35,969.7916666666666
2019-02-15 11:00:00,2.3583333333333334,32.708333333333336,133.65,7.364999999999999,969.5833333333334
2019-02-15 12:00:00,2.5733333333333333,35.49,153.08333333333334,7.883333333333334,969.3283333333333
2019-02-15 13:00:00,3.533333333333333,33.74666666666666,111.88333333333334,6.631666666666666,969.1700000000001
2019-02-15 14:00:00,3.2583333333333333,38.730000000000004,103.78333333333333,8.478333333333333,969.1316666666667
2019-02-15 15:00:00,2.515,42.73833333333334,147.83333333333334,8.201666666666666,968.8133333333333
2019-02-15 16:00:00,2.17,44.15833333333333,162.08333333333334,8.671666666666665,968.5166666666667
2019-02-15 17:00:00,1.4849999999999999,44.830000000000005,167.65,11.271666666666667,968.4616666666666
2019-02-15 18:00:00,1.2133333333333334,45.894999999999996,167.56666666666666,12.706666666666667,968.3333333333334
2019-02-15 19:00:00,1.2983333333333333,43.47166666666667,161.86666666666667,18.06833333333333,968.1416666666667
2019-02-15 20:00:00,1.4216666666666666,42.15,126.28333333333333,15.143333333333334,968.6483333333333
2019-02-15 21:00:00,1.1283333333333334,41.87833333333333,113.63333333333334,10.79,969.1083333333333
2019-02-15 22:00:00,0.4033333333333333,41.751666666666665,125.31666666666666,13.56,969.1316666666667
2019-02-15 23:00:00,0.105,39.20166666666667,122.73333333333333,14.403333333333334,969.545
2019-02-16 00:00:00,-0.6866666666666668,38.79666666666667,142.46666666666667,19.125,969.8
2019-02-16 01:00:00,-1.1083333333333334,37.501666666666665,139.01666666666668,19.10666666666667,970.13
2019-02-16 02:00:00,-1.5799999999999998,35.09,148.65,22.34,970.19
2019-02-16 03:00:00,-2.27,34.48833333333334,156.78333333333333,24.776666666666664,970.005
2019-02-16 04:00:00,-2.4166666666666665,35.056666666666665,149.83333333333334,25.908333333333335,970.1116666666666
2019-02-16 05:00:00,-1.9466666666666665,35.675,141.38333333333333,20.94333333333333,970.2833333333333
2019-02-16 06:00:00,-1.8983333333333334,36.690000000000005,146.15,20.171666666666667,970.66
2019-02-16 07:00:00,-0.9966666666666666,35.098333333333336,139.05,17.34333333333333,971.0166666666667
2019-02-16 08:00:00,0.2783333333333333,33.80833333333333,127.81666666666666,13.543333333333333,971.16
2019-02-16 09:00:00,1.0666666666666667,34.95333333333333,114.38333333333334,12.091666666666667,971.095
2019-02-16 10:00:00,1.6616666666666666,35.09,95.83333333333333,14.866666666666667,970.9866666666666
2019-02-16 11:00:00,1.8266666666666667,30.475,94.05,15.685,971.1566666666666
2019-02-16 12:00:00,1.9866666666666668,31.884999999999998,95.53333333333333,12.233333333333333,971.2233333333334
2019-02-16 13:00:00,2.12,35.873333333333335,114.38333333333334,8.698333333333332,971.275
2019-02-16 14:00:00,2.006666666666667,41.615,124.08333333333333,6.348333333333333,971.1166666666667
2019-02-16 15:00:00,2.2666666666666666,41.75666666666667,109.01666666666667,10.506666666666666,971.2983333333334
2019-02-16 16:00:00,1.7816666666666667,45.961666666666666,117.48333333333333,12.188333333333333,971.565
2019-02-16 17:00:00,1.3599999999999999,44.415,130.0,12.296666666666665,972.0383333333334
2019-02-16 18:00:00,0.6066666666666667,42.019999999999996,155.26666666666668,15.701666666666666,972.2666666666667
2019-02-16 19:00:00,-0.31,41.11333333333334,162.31666666666666,16.216666666666665,972.3116666666666
2019-02-16 20:00:00,-1.6633333333333333,41.115,167.68333333333334,18.19333333333333,972.3883333333332
2019-02-16 21:00:00,-1.25,35.67166666666667,162.4,21.205,972.5333333333333
2019-02-16 22:00:00,-1.5766666666666667,36.48833333333334,165.33333333333334,19.021666666666665,972.7966666666666
2019-02-16 23:00:00,-1.665,34.82,163.08333333333334,21.091666666666665,973.0883333333334
2019-02-17 00:00:00,-1.1700000000000002,33.19833333333334,156.51666666666668,20.788333333333334,973.765
2019-02-17 01:00:00,-1.3833333333333333,33.2,163.18333333333334,17.290000000000003,974.09
2019-02-17 02:00:00,-3.3016666666666667,36.888333333333335,165.43333333333334,20.245,974.605
2019-02-17 03:00:00,-3.8266666666666667,36.486666666666665,164.11666666666667,22.328333333333333,975.1183333333333
2019-02-17 04:00:00,-3.985,37.92666666666666,166.16666666666666,21.063333333333333,975.5083333333333
2019-02-17 05:00:00,-3.4383333333333335,36.13,163.15,22.26833333333333,976.2266666666667
2019-02-17 06:00:00,-2.315,35.556666666666665,162.41666666666666,22.535,976.8349999999999
2019-02-17 07:00:00,-1.5816666666666668,36.49166666666667,164.4,20.716666666666665,977.2433333333333
2019-02-17 08:00:00,-0.74,37.901666666666664,163.01666666666668,18.18166666666667,977.815
2019-02-17 09:00:00,0.7383333333333333,35.016666666666666,160.11666666666667,17.27,978.33
2019-02-17 10:00:00,2.0733333333333333,32.795,117.63333333333334,16.028333333333332,979.3116666666666
2019-02-17 11:00:00,2.1183333333333336,35.75666666666667,110.4,19.601666666666667,979.8633333333333
2019-02-17 12:00:00,2.2133333333333334,38.87,108.28333333333333,19.378333333333334,980.1650000000001
2019-02-17 13:00:00,2.4,39.919999999999995,107.65,19.163333333333334,980.65
2019-02-17 14:00:00,2.378333333333333,41.5,105.36666666666666,18.186666666666667,981.3416666666667
2019-02-17 15:00:00,2.2,42.69166666666667,106.41666666666667,17.31833333333333,981.8533333333332
2019-02-17 16:00:00,1.7733333333333334,45.248333333333335,107.2,16.766666666666666,982.2133333333334
2019-02-17 17:00:00,1.43,46.39333333333333,114.68333333333334,13.018333333333334,982.5783333333334
2019-02-17 18:00:00,1.1583333333333334,43.88166666666667,117.5,14.466666666666667,982.6083333333333
2019-02-17 19:00:00,0.7516666666666667,42.66,123.93333333333334,18.965,982.7266666666667
2019-02-17 20:00:00,0.9583333333333334,39.35666666666667,125.83333333333333,17.018333333333334,983.4316666666667
2019-02-17 21:00:00,0.5583333333333333,39.806666666666665,128.9,18.761666666666667,984.0833333333334
2019-02-17 22:00:00,0.5333333333333333,38.75,129.26666666666668,20.266666666666666,984.3449999999999
2019-02-17 23:00:00,0.42833333333333334,39.07666666666667,127.38333333333334,21.10666666666667,984.4066666666666
2019-02-18 00:00:00,0.060000000000000005,41.04333333333333,130.63333333333333,21.221666666666668,984.6433333333333
2019-02-18 01:00:00,-0.155,41.281666666666666,134.78333333333333,21.233333333333334,984.8516666666667
2019-02-18 02:00:00,0.08333333333333333,38.86666666666667,127.5,19.708333333333332,984.7666666666667
2019-02-18 03:00:00,-0.6649999999999999,37.95,147.21666666666667,27.596666666666668,984.1
2019-02-18 04:00:00,-0.94,36.505,151.7,29.116666666666667,984.3950000000001
2019-02-18 05:00:00,-0.6083333333333333,37.04,151.33333333333334,26.401666666666664,984.91
2019-02-18 06:00:00,0.7133333333333333,35.544999999999995,137.03333333333333,20.83,985.6566666666666
2019-02-18 07:00:00,1.55,35.255,131.21666666666667,19.775,985.8866666666667
2019-02-18 08:00:00,2.525,33.84166666666667,107.7,14.9,986.2566666666667
2019-02-18 09:00:00,3.5159090909090907,34.747727272727275,76.45,13.886363636363637,986.0045454545453
2019-02-18 10:00:00,3.6733333333333333,36.23166666666667,113.5,14.854999999999999,985.8633333333332
2019-02-18 11:00:00,3.881666666666667,35.29666666666667,119.31666666666666,14.646666666666667,985.8316666666667
2019-02-18 12:00:00,4.223333333333334,36.641666666666666,114.11666666666666,14.328333333333335,985.5516666666666
2019-02-18 13:00:00,4.4383333333333335,39.255,97.5,14.118333333333334,985.4033333333333
2019-02-18 14:00:00,4.4350000000000005,38.836666666666666,96.8,14.215,985.3133333333334
2019-02-18 15:00:00,4.375,41.45,100.46666666666667,12.193333333333333,985.1166666666667
2019-02-18 16:00:00,3.9116666666666666,41.711666666666666,103.26666666666667,11.335,984.8066666666667
2019-02-18 17:00:00,3.57,38.405,104.96666666666667,11.033333333333333,984.4216666666666
2019-02-18 18:00:00,2.93,38.91833333333333,139.56666666666666,16.171666666666667,983.9133333333334
2019-02-18 19:00:00,2.2416666666666667,36.97166666666667,154.56666666666666,20.528333333333332,983.48
2019-02-18 20:00:00,1.3666666666666667,36.348333333333336,161.5,19.8,983.0616666666666
2019-02-18 21:00:00,0.785,36.31333333333334,163.55,21.466666666666665,982.4833333333333
2019-02-18 22:00:00,0.26999999999999996,36.791666666666664,162.9,24.023333333333333,981.5516666666666
2019-02-18 23:00:00,0.11000000000000001,37.23833333333334,163.55,24.06,980.8799999999999
2019-02-19 00:00:00,0.31,36.68333333333333,162.46666666666667,23.455,980.3333333333334
2019-02-19 01:00:00,0.4683333333333334,34.52166666666667,161.86666666666667,25.716666666666665,979.5733333333334
2019-02-19 02:00:00,0.3266666666666667,34.67333333333333,164.0,25.715,978.9166666666666
2019-02-19 03:00:00,0.31666666666666665,36.43333333333333,165.7,23.31833333333333,978.245
2019-02-19 04:00:00,0.8350000000000001,36.580000000000005,164.38333333333333,24.025,977.7566666666667
2019-02-19 05:00:00,1.4816666666666667,36.998333333333335,162.1,26.1,977.4383333333333
2019-02-19 06:00:00,2.625,37.04833333333333,157.45,23.561666666666667,977.2900000000001
2019-02-19 07:00:00,3.756666666666667,36.59666666666667,152.1,25.308333333333334,976.8333333333334
2019-02-19 08:00:00,4.911666666666666,37.77166666666667,143.83333333333334,22.586666666666666,976.4483333333334
2019-02-19 09:00:00,5.903333333333333,38.70166666666667,124.78333333333333,16.761666666666667,976.7116666666667
2019-02-19 10:00:00,6.485,38.413333333333334,107.63333333333334,16.706666666666667,976.6733333333334
2019-02-19 11:00:00,6.725,38.70666666666667,98.16666666666667,17.858333333333334,976.75
2019-02-19 12:00:00,6.205,43.26,109.85,13.416666666666666,976.8466666666666
2019-02-19 13:00:00,6.058333333333334,41.945,113.88333333333334,14.056666666666667,976.8533333333332
2019-02-19 14:00:00,5.795,42.056666666666665,111.85,16.345000000000002,976.7133333333334
2019-02-19 15:00:00,5.663333333333333,40.705000000000005,118.2,16.12666666666667,976.65
2019-02-19 16:00:00,5.331666666666666,43.18666666666666,116.9,13.7,976.5183333333333
2019-02-19 17:00:00,4.555000000000001,48.835,117.1,11.03,976.2983333333334
2019-02-19 18:00:00,3.9566666666666666,49.79666666666667,105.63333333333334,11.28,976.2916666666666
2019-02-19 19:00:00,3.9433333333333334,46.041666666666664,111.25,12.47,976.2933333333333
2019-02-19 20:00:00,3.935,45.085,118.65,11.936666666666667,976.2900000000001
2019-02-19 21:00:00,3.9433333333333334,42.94166666666667,124.25,13.046666666666665,976.06
2019-02-19 22:00:00,3.158333333333333,46.443333333333335,128.5,10.563333333333333,975.8449999999999
2019-02-19 23:00:00,3.171666666666667,42.57333333333334,109.08333333333333,10.953333333333335,975.3466666666667
2019-02-20 00:00:00,2.9383333333333335,43.15333333333333,106.36666666666666,10.996666666666666,975.1233333333333
2019-02-20 01:00:00,2.315,45.861666666666665,100.31666666666666,10.445,975.34
2019-02-20 02:00:00,2.095,42.608333333333334,104.7,12.604999999999999,975.0683333333333
2019-02-20 03:00:00,1.7783333333333333,41.723333333333336,116.31666666666666,12.745000000000001,974.3383333333334
2019-02-20 04:00:00,1.745,39.56666666666667,133.68333333333334,19.176666666666666,973.9366666666666
2019-02-20 05:00:00,2.2733333333333334,37.39666666666667,122.48333333333333,19.273333333333333,973.8883333333332
2019-02-20 06:00:00,2.6216666666666666,37.72,121.3,17.720000000000002,974.0566666666667
2019-02-20 07:00:00,3.26,35.025,113.65,15.588333333333333,973.6183333333333
2019-02-20 08:00:00,2.783333333333333,37.285,100.5,14.033333333333333,973.615
2019-02-20 09:00:00,2.796666666666667,36.64666666666667,100.5,17.736666666666668,973.225
2019-02-20 10:00:00,2.5833333333333335,39.99666666666667,110.0,19.42,973.0416666666666
2019-02-20 11:00:00,2.7199999999999998,42.31166666666666,106.75,18.825,973.045
2019-02-20 12:00:00,2.2666666666666666,44.57,109.1,20.490000000000002,972.8533333333332
2019-02-20 13:00:00,2.2983333333333333,47.348333333333336,108.83333333333333,18.946666666666665,972.6766666666666
2019-02-20 14:00:00,1.9466666666666665,46.806666666666665,114.41666666666667,16.98,972.2816666666666
2019-02-20 15:00:00,1.72,47.611666666666665,115.18333333333334,15.888333333333332,971.98
2019-02-20 16:00:00,1.325,47.29833333333333,118.56666666666666,14.406666666666666,971.76
2019-02-20 17:00:00,1.1416666666666666,50.74166666666667,107.88333333333334,13.268333333333334,971.6983333333334
2019-02-20 18:00:00,0.7483333333333333,52.03333333333333,99.98333333333333,11.151666666666667,971.5333333333333
2019-02-20 19:00:00,0.09833333333333334,48.526666666666664,120.76666666666667,15.848333333333333,971.2633333333334
2019-02-20 20:00:00,-0.2966666666666667,47.24166666666667,128.33333333333334,18.345000000000002,971.2099999999999
2019-02-20 21:00:00,-0.04666666666666666,44.975,125.66666666666667,18.15666666666667,970.8666666666667
2019-02-20 22:00:00,0.2783333333333333,44.78666666666666,111.65,14.57,970.8316666666667
2019-02-20 23:00:00,0.03333333333333333,47.855000000000004,107.01666666666667,12.826666666666666,970.8433333333334
2019-02-21 00:00:00,-0.20500000000000002,48.873333333333335,101.61666666666666,13.695,970.735
2019-02-21 01:00:00,-0.36166666666666664,49.70333333333333,101.03333333333333,12.906666666666666,970.7900000000001
2019-02-21 02:00:00,-0.435,48.17166666666667,104.36666666666666,13.085,970.6933333333333
2019-02-21 03:00:00,-0.6716666666666666,45.098333333333336,113.93333333333334,19.948333333333334,970.19
2019-02-21 04:00:00,-0.9516666666666667,46.70333333333333,124.76666666666667,26.876666666666665,969.6949999999999
2019-02-21 05:00:00,-0.8616666666666667,43.37833333333333,120.93333333333334,21.459999999999997,969.8366666666666
2019-02-21 06:00:00,-0.685,44.681666666666665,104.58333333333333,18.993333333333332,970.0333333333333
2019-02-21 07:00:00,-0.13333333333333333,43.235,111.41666666666667,22.259999999999998,969.3116666666666
2019-02-21 08:00:00,0.3783333333333333,44.46333333333334,114.73333333333333,22.753333333333334,968.8716666666666
2019-02-21 09:00:00,0.785,45.526666666666664,112.53333333333333,20.515,968.7883333333333
2019-02-21 10:00:00,1.1383333333333332,44.39666666666667,114.65,20.665000000000003,969.1316666666667
2019-02-21 11:00:00,1.1883333333333332,44.401666666666664,109.28333333333333,22.215,969.0933333333334
2019-02-21 12:00:00,1.4416666666666667,45.35,108.83333333333333,19.366666666666667,969.125
2019-02-21 13:00:00,1.3466666666666667,46.025,117.85,20.421666666666667,968.7016666666666
2019-02-21 14:00:00,2.1,45.57833333333333,114.53333333333333,20.259999999999998,968.0566666666667
2019-02-21 15:00:00,2.06,46.945,109.85,21.459999999999997,967.5
2019-02-21 16:00:00,1.6066666666666667,48.019999999999996,118.05,21.326666666666664,967.5133333333334
2019-02-21 17:00:00,1.4200000000000002,47.93,119.81666666666666,20.53666666666667,967.3383333333334
2019-02-21 18:00:00,1.3833333333333333,47.218333333333334,120.83333333333333,18.421666666666667,966.9883333333333
2019-02-21 19:00:00,1.2316666666666667,45.78666666666666,132.76666666666668,16.698333333333334,966.1516666666666
2019-02-21 20:00:00,1.2766666666666666,41.01833333333333,153.83333333333334,17.745,965.0516666666666
2019-02-21 21:00:00,0.26,43.144999999999996,168.76666666666668,17.27,963.6866666666666
2019-02-21 22:00:00,0.43666666666666665,38.73833333333334,169.93333333333334,19.205,962.3116666666666
2019-02-21 23:00:00,0.4,37.27333333333333,165.53333333333333,19.506666666666668,961.2466666666667
2019-02-22 00:00:00,-0.060000000000000005,38.02833333333333,164.43333333333334,20.82,960.01
2019-02-22 01:00:00,-0.7983333333333333,39.90333333333333,170.88333333333333,18.941666666666666,958.9816666666667
2019-02-22 02:00:00,-1.0333333333333334,38.69166666666667,169.2,18.43,958.1066666666667
2019-02-22 03:00:00,-1.1849999999999998,37.6,164.5,19.603333333333335,957.7716666666666
2019-02-22 04:00:00,-0.5633333333333332,41.12166666666667,144.31666666666666,22.421666666666667,957.5633333333334
2019-02-22 05:00:00,-0.03333333333333333,45.22666666666667,132.88333333333333,17.196666666666665,958.0733333333334
2019-02-22 06:00:00,0.5833333333333334,47.419999999999995,144.71666666666667,19.85666666666667,958.1966666666667
2019-02-22 07:00:00,0.725,60.475,157.26666666666668,20.726666666666667,958.2933333333333
2019-02-22 08:00:00,1.7516666666666665,54.01166666666666,151.9,15.941666666666666,958.2
2019-02-22 09:00:00,1.7595238095238093,64.78095238095239,92.23333333333333,13.426190476190476,958.5023809523809
2019-02-22 10:00:00,1.5666666666666667,61.34,119.85,18.728333333333335,958.9300000000001
2019-02-22 11:00:00,1.0166666666666666,68.06333333333333,111.86666666666666,19.808333333333334,959.3466666666667
2019-02-22 12:00:00,1.0799999999999998,66.25166666666667,114.85,20.461666666666666,959.59
2019-02-22 13:00:00,1.4,61.19666666666667,115.78333333333333,21.361666666666668,959.89
2019-02-22 14:00:00,1.5666666666666667,57.57333333333334,114.05,21.528333333333332,959.635
2019-02-22 15:00:00,0.7216666666666666,70.86166666666666,116.2,24.126666666666665,959.7066666666667
2019-02-22 16:00:00,-0.04,81.53833333333334,94.21666666666667,21.584999999999997,961.59
2019-02-22 17:00:00,-0.6366666666666666,81.30666666666666,86.31666666666666,20.876666666666665,964.3866666666667
2019-02-22 18:00:00,-1.7983333333333333,79.89,91.61666666666666,24.496666666666666,966.7033333333333
2019-02-22 19:00:00,-2.1733333333333333,80.45,94.8,23.14,968.7183333333334
2019-02-22 20:00:00,-1.7966666666666666,82.38666666666667,96.23333333333333,23.653333333333332,970.3916666666667
2019-02-22 21:00:00,-1.55,82.01,97.66666666666667,20.861666666666668,971.9966666666667
2019-02-22 22:00:00,-1.44,81.385,106.0,15.511666666666667,973.4116666666666
2019-02-22 23:00:00,-1.3016666666666667,80.72166666666666,106.83333333333333,13.608333333333333,974.7733333333333
2019-02-23 00:00:00,-1.285,79.395,111.73333333333333,14.816666666666666,975.7283333333332
2019-02-23 01:00:00,-1.1766666666666665,74.425,114.78333333333333,16.138333333333332,976.6883333333334
2019-02-23 02:00:00,-1.5683333333333336,80.50666666666666,119.38333333333334,17.85,977.675
2019-02-23 03:00:00,-1.2083333333333333,73.40333333333334,118.58333333333333,16.496666666666666,978.515
2019-02-23 04:00:00,-0.8566666666666667,64.69333333333333,118.25,17.158333333333335,979.1983333333334
2019-02-23 05:00:00,-1.0583333333333333,70.41000000000001,126.5,18.363333333333333,979.9716666666667
2019-02-23 06:00:00,-0.8616666666666667,71.50666666666666,120.25,15.833333333333334,980.6333333333333
2019-02-23 07:00:00,-0.305,67.49499999999999,117.88333333333334,16.663333333333334,980.865
2019-02-23 08:00:00,0.28,61.681666666666665,111.03333333333333,15.616666666666667,981.2916666666666
2019-02-23 09:00:00,1.22,52.99666666666667,113.48333333333333,14.415,981.0933333333334
2019-02-23 10:00:00,1.9683333333333333,51.60666666666667,104.53333333333333,16.741666666666667,981.0400000000001
2019-02-23 11:00:00,2.0716666666666668,54.63,103.68333333333334,17.201666666666664,981.265
2019-02-23 12:00:00,2.145,55.14666666666667,93.31666666666666,17.15,981.44
2019-02-23 13:00:00,1.7116666666666667,56.89333333333333,89.06666666666666,15.685,981.3
2019-02-23 14:00:00,1.7983333333333333,56.51833333333333,81.88333333333334,14.601666666666667,981.0866666666667
2019-02-23 15:00:00,1.5716666666666665,58.05833333333333,87.95,13.475,980.7900000000001
2019-02-23 16:00:00,1.1533333333333333,62.641666666666666,87.0,11.856666666666666,980.6083333333333
2019-02-23 17:00:00,0.765,64.76166666666667,99.0,8.883333333333333,980.4616666666666
2019-02-23 18:00:00,0.67,66.06666666666666,98.96666666666667,5.9816666666666665,980.16
2019-02-23 19:00:00,0.08166666666666668,66.99333333333333,113.71666666666667,3.1866666666666665,979.7566666666667
2019-02-23 20:00:00,-0.4716666666666667,63.443333333333335,115.6,4.491666666666666,979.3666666666667
2019-02-23 21:00:00,-0.25166666666666665,60.46666666666667,113.58333333333333,3.555,978.705
2019-02-23 22:00:00,-0.125,56.501666666666665,98.06666666666666,5.993333333333334,978.1133333333333
2019-02-23 23:00:00,-0.65,56.25,185.38333333333333,6.11,977.5783333333333
2019-02-24 00:00:00,-0.4066666666666666,46.07666666666667,150.18333333333334,19.06833333333333,976.9283333333333
2019-02-24 01:00:00,-0.6133333333333333,44.38333333333333,152.48333333333332,20.945,976.5083333333333
2019-02-24 02:00:00,-0.53,42.080000000000005,151.21666666666667,21.061666666666667,976.16
2019-02-24 03:00:00,-0.7316666666666667,40.236666666666665,148.01666666666668,21.14333333333333,975.975
2019-02-24 04:00:00,-0.9700000000000001,41.43333333333333,146.15,19.323333333333334,975.965
2019-02-24 05:00:00,-0.565,40.25666666666667,135.05,15.356666666666666,976.1783333333333
2019-02-24 06:00:00,-0.38666666666666666,39.81333333333334,143.38333333333333,15.731666666666666,976.2616666666667
2019-02-24 07:00:00,-0.23833333333333334,39.99166666666667,144.2,14.785,976.115
2019-02-24 08:00:00,0.775,38.405,127.93333333333334,13.216666666666667,975.9666666666667
2019-02-24 09:00:00,1.4549999999999998,34.14333333333333,125.66666666666667,12.905,975.7683333333333
2019-02-24 10:00:00,1.3783333333333334,38.54666666666667,136.93333333333334,11.825,975.49
2019-02-24 11:00:00,1.8766666666666665,32.971666666666664,123.71666666666667,10.983333333333333,975.1916666666667
2019-02-24 12:00:00,2.7233333333333336,27.526666666666664,95.28333333333333,10.523333333333333,974.705
2019-02-24 13:00:00,2.9033333333333333,28.15666666666667,110.41666666666667,9.126666666666667,974.0283333333333
2019-02-24 14:00:00,3.385,36.63333333333333,47.63333333333333,6.493333333333334,973.9266666666666
2019-02-24 15:00:00,2.768333333333333,38.105000000000004,89.58333333333333,4.96,973.535
2019-02-24 16:00:00,0.81,53.63166666666667,276.3833333333333,3.8633333333333337,973.4933333333333
2019-02-24 17:00:00,0.27166666666666667,53.666666666666664,168.98333333333332,4.175,973.3366666666666
2019-02-24 18:00:00,0.18000000000000002,45.723333333333336,112.3,8.101666666666667,973.2233333333334
2019-02-24 19:00:00,-0.17666666666666667,49.52833333333333,68.31666666666666,7.121666666666667,973.4449999999999
2019-02-24 20:00:00,-0.92,54.35166666666667,47.266666666666666,3.6383333333333336,973.5616666666667
2019-02-24 21:00:00,-1.125,53.30333333333333,97.86666666666666,7.911666666666666,973.7783333333333
2019-02-24 22:00:00,-1.2166666666666666,49.825,99.7,8.746666666666666,973.9449999999999
2019-02-24 23:00:00,-1.6366666666666667,48.96666666666667,105.73333333333333,7.956666666666666,974.2233333333334
2019-02-25 00:00:00,-2.378333333333333,52.71333333333334,120.41666666666667,10.19,974.5833333333334
2019-02-25 01:00:00,-3.203333333333333,50.684999999999995,130.25,13.243333333333334,974.6833333333333
2019-02-25 02:00:00,-3.5683333333333334,50.52166666666667,125.13333333333334,13.513333333333332,974.8449999999999
2019-02-25 03:00:00,-4.391666666666667,54.99166666666667,105.9,11.333333333333334,975.5383333333334
2019-02-25 04:00:00,-4.671666666666667,56.36833333333333,103.65,12.011666666666667,976.0066666666667
2019-02-25 05:00:00,-4.238333333333333,54.24333333333333,105.81666666666666,10.813333333333333,976.4183333333333
2019-02-25 06:00:00,-3.3883333333333336,51.041666666666664,110.15,10.295,976.5916666666667
2019-02-25 07:00:00,-2.665,49.99,116.41666666666667,11.243333333333334,976.7099999999999
2019-02-25 08:00:00,-2.3133333333333335,48.833333333333336,118.2,12.06,976.7983333333334
2019-02-25 09:00:00,-2.2066666666666666,51.958333333333336,113.53333333333333,10.518333333333334,977.0966666666667
2019-02-25 10:00:00,-2.205,57.669999999999995,110.23333333333333,9.268333333333334,977.2766666666666
2019-02-25 11:00:00,-1.9733333333333334,55.486666666666665,112.2,10.226666666666667,977.11
2019-02-25 12:00:00,-1.3716666666666666,51.475,108.25,10.995000000000001,977.0166666666667
2019-02-25 13:00:00,-1.0716666666666665,52.12833333333333,94.18333333333334,10.991666666666667,977.0066666666667
2019-02-25 14:00:00,-1.1216666666666666,53.276666666666664,81.48333333333333,9.591666666666667,977.0433333333333
2019-02-25 15:00:00,-1.4400000000000002,53.736666666666665,51.95,8.185,977.0033333333333
2019-02-25 16:00:00,-1.625,58.335,80.93333333333334,4.716666666666667,976.9599999999999
2019-02-25 17:00:00,-2.095,60.56666666666667,65.05,1.8683333333333332,977.0083333333333
2019-02-25 18:00:00,-2.4116666666666666,62.080000000000005,157.83333333333334,2.005,977.0883333333334
2019-02-25 19:00:00,-2.6516666666666664,58.401666666666664,150.81666666666666,3.71,977.3316666666667
2019-02-25 20:00:00,-2.668333333333334,53.17833333333333,147.31666666666666,7.8933333333333335,977.5666666666667
2019-02-25 21:00:00,-2.4866666666666664,48.22166666666667,140.66666666666666,7.716666666666667,977.6
2019-02-25 22:00:00,-2.5866666666666664,53.77833333333333,146.61666666666667,3.5799999999999996,977.8016666666666
2019-02-25 23:00:00,-2.8116666666666665,60.54333333333333,100.41666666666667,1.4366666666666668,978.1583333333333
2019-02-26 00:00:00,-3.3400000000000003,59.483333333333334,122.5,2.9133333333333336,978.3133333333334
2019-02-26 01:00:00,-3.7733333333333334,55.875,119.58333333333333,2.8983333333333334,978.52
2019-02-26 02:00:00,-3.8916666666666666,54.376666666666665,120.43333333333334,2.3216666666666668,978.6716666666667
2019-02-26 03:00:00,-4.138333333333334,54.12,132.06666666666666,2.2116666666666664,978.73
2019-02-26 04:00:00,-3.9633333333333334,43.34666666666667,140.78333333333333,8.071666666666667,978.8666666666667
2019-02-26 05:00:00,-3.3699999999999997,43.615,113.5,7.223333333333333,979.1633333333334
2019-02-26 06:00:00,-3.033333333333333,48.291666666666664,103.01666666666667,7.971666666666667,979.4666666666667
2019-02-26 07:00:00,-2.5566666666666666,46.945,106.83333333333333,9.308333333333334,979.7883333333333
2019-02-26 08:00:00,-2.3800000000000003,52.85,63.8,6.986666666666666,979.8199999999999
2019-02-26 09:00:00,-2.0933333333333333,53.155,37.2,5.3516666666666675,980.0133333333334
2019-02-26 10:00:00,-2.0033333333333334,52.10333333333333,165.33333333333334,4.319999999999999,980.1650000000001
2019-02-26 11:00:00,-1.5783333333333334,48.830000000000005,223.86666666666667,4.1066666666666665,979.9966666666667
2019-02-26 12:00:00,-1.785,47.711666666666666,314.4166666666667,4.3933333333333335,979.8233333333334
2019-02-26 13:00:00,-1.6533333333333333,46.763333333333335,272.3333333333333,5.501666666666667,979.5883333333334
2019-02-26 14:00:00,-2.1816666666666666,51.67166666666667,249.48333333333332,5.135000000000001,979.0933333333334
2019-02-26 15:00:00,-2.665,56.723333333333336,196.16666666666666,4.783333333333333,978.4916666666667
2019-02-26 16:00:00,-3.5233333333333334,67.735,305.35,4.336666666666667,978.2116666666667
2019-02-26 17:00:00,-4.3933333333333335,75.65666666666667,270.1666666666667,4.075,978.02
2019-02-26 18:00:00,-5.075,80.39666666666668,229.71666666666667,2.6,977.625
2019-02-26 19:00:00,-5.6866666666666665,83.06833333333334,149.71666666666667,1.76,977.59
2019-02-26 20:00:00,-5.988333333333333,72.67333333333333,114.53333333333333,2.0566666666666666,977.6216666666667
2019-02-26 21:00:00,-6.59,81.60166666666667,115.21666666666667,2.7766666666666664,977.4266666666666
2019-02-26 22:00:00,-6.588333333333334,56.175,149.65,11.253333333333334,976.9883333333332
2019-02-26 23:00:00,-5.9399999999999995,46.20666666666667,152.66666666666666,12.386666666666667,976.865
2019-02-27 00:00:00,-6.276666666666667,46.026666666666664,167.9,11.296666666666665,976.6766666666666
2019-02-27 01:00:00,-6.323333333333333,44.08166666666667,167.41666666666666,11.626666666666667,976.51
2019-02-27 02:00:00,-6.151666666666667,45.24333333333333,169.65,10.97,976.27
2019-02-27 03:00:00,-5.421666666666667,37.294999999999995,156.46666666666667,16.716666666666665,976.175
2019-02-27 04:00:00,-5.243333333333334,38.32666666666667,64.45,14.9,976.3
2019-02-27 05:00:00,-4.308333333333334,35.07666666666667,107.25,10.503333333333334,977.0083333333333
2019-02-27 06:00:00,-4.019230769230769,38.330769230769235,133.18333333333334,4.575,976.9749999999999
2019-02-27 07:00:00,-4.75,47.401666666666664,212.35,4.943333333333333,977.0716666666666
2019-02-27 08:00:00,-3.295,36.626666666666665,179.1,5.66,977.2616666666667
2019-02-27 09:00:00,-2.2383333333333337,28.21333333333333,112.18333333333334,12.475,977.1033333333334
2019-02-27 10:00:00,-2.2066666666666666,28.346666666666668,97.66666666666667,13.638333333333332,977.0766666666666
2019-02-27 11:00:00,-1.4849999999999999,27.236666666666668,82.96666666666667,13.781666666666666,976.9216666666666
2019-02-27 12:00:00,-1.655,30.745,79.6,12.973333333333333,976.7099999999999
2019-02-27 13:00:00,-1.78,33.46666666666667,77.55,14.016666666666667,976.3016666666666
2019-02-27 14:00:00,-1.9783333333333333,35.42166666666667,71.8,10.82,975.9816666666667
2019-02-27 15:00:00,-2.7550000000000003,37.995,88.53333333333333,11.356666666666666,975.6483333333333
2019-02-27 16:00:00,-3.478333333333333,41.385,63.71666666666667,12.128333333333334,975.495
2019-02-27 17:00:00,-4.491666666666666,49.163333333333334,49.583333333333336,7.788333333333333,975.285
2019-02-27 18:00:00,-5.078333333333333,51.163333333333334,80.21666666666667,7.47,975.1933333333333
2019-02-27 19:00:00,-5.5216666666666665,50.38666666666666,106.56666666666666,9.725,975.065
2019-02-27 20:00:00,-5.933333333333334,47.50833333333333,110.11666666666666,9.751666666666667,974.8133333333334
2019-02-27 21:00:00,-6.0216666666666665,45.535,100.01666666666667,10.701666666666666,974.4316666666667
2019-02-27 22:00:00,-6.3133333333333335,47.35666666666667,92.8,10.891666666666667,974.1800000000001
2019-02-27 23:00:00,-5.98,42.62166666666667,107.98333333333333,15.330000000000002,973.95
2019-02-28 00:00:00,-5.755,38.809999999999995,107.51666666666667,16.263333333333332,974.0216666666668
2019-02-28 01:00:00,-5.928333333333333,38.21333333333334,108.91666666666667,16.995,974.0933333333334
2019-02-28 02:00:00,-6.416666666666667,38.36333333333334,113.61666666666666,15.701666666666666,973.9716666666667
2019-02-28 03:00:00,-6.5633333333333335,36.455000000000005,110.06666666666666,16.02,973.69
2019-02-28 04:00:00,-6.743333333333334,37.3,101.65,15.655,973.55
2019-02-28 05:00:00,-6.665,36.27333333333333,105.1,16.735,973.45
2019-02-28 06:00:00,-6.513333333333334,37.49166666666667,106.83333333333333,17.91166666666667,973.3383333333333
2019-02-28 07:00:00,-5.781666666666666,34.50833333333333,104.66666666666667,17.116666666666667,973.1800000000001
2019-02-28 08:00:00,-5.168333333333334,31.998333333333335,94.68333333333334,18.131666666666668,972.6783333333334
2019-02-28 09:00:00,-4.568333333333333,31.295,89.85,18.90666666666667,972.325
2019-02-28 10:00:00,-4.133333333333334,31.290000000000003,97.35,18.293333333333333,971.8766666666667
2019-02-28 11:00:00,-3.7849999999999997,31.228333333333335,88.86666666666666,20.391666666666666,971.3133333333334
2019-02-28 12:00:00,-4.068333333333333,32.848333333333336,90.16666666666667,21.098333333333336,970.9966666666667
2019-02-28 13:00:00,-3.9233333333333333,34.27166666666667,77.86666666666666,16.578333333333333,970.6916666666667
2019-02-28 14:00:00,-3.8133333333333335,38.91833333333333,80.25,11.555,970.5616666666667
2019-02-28 15:00:00,-3.6933333333333334,38.55833333333333,85.45,11.225,970.435
2019-02-28 16:00:00,-4.326666666666667,39.21,97.38333333333334,11.856666666666666,970.3766666666667
2019-02-28 17:00:00,-4.801666666666667,41.97833333333333,102.93333333333334,12.49,970.27
2019-02-28 18:00:00,-5.608333333333333,45.61666666666667,106.65,12.063333333333333,970.2016666666666
2019-02-28 19:00:00,-5.915,42.155,117.61666666666666,17.466666666666665,970.1716666666667
2019-02-28 20:00:00,-6.096666666666667,43.218333333333334,111.0,13.92,970.3233333333334
2019-02-28 21:00:00,-6.491666666666666,45.52166666666667,107.6,8.388333333333334,970.3533333333332
2019-02-28 22:00:00,-6.551666666666667,42.94166666666667,68.18333333333334,9.201666666666666,970.425
2019-02-28 23:00:00,-6.7,44.07833333333333,48.8,9.075,970.5733333333334
2019-03-01 00:00:00,-7.443333333333333,47.586666666666666,102.5,2.2133333333333334,970.755
2019-03-01 01:00:00,-7.753333333333333,47.235,118.33333333333333,3.0133333333333336,970.7566666666667
2019-03-01 02:00:00,-7.946666666666667,47.53,98.46666666666667,5.233333333333333,970.5983333333334
2019-03-01 03:00:00,-7.933333333333334,47.251666666666665,57.56666666666667,7.968333333333334,970.525
2019-03-01 04:00:00,-7.6850000000000005,44.35,74.75,11.245000000000001,970.6650000000001
2019-03-01 05:00:00,-7.1483333333333325,42.031666666666666,99.18333333333334,12.633333333333333,970.9716666666667
2019-03-01 06:00:00,-6.631666666666666,40.684999999999995,104.66666666666667,13.656666666666666,971.1433333333333
2019-03-01 07:00:00,-6.213333333333334,38.555,100.8,15.703333333333335,971.2816666666666
2019-03-01 08:00:00,-5.961666666666667,39.468333333333334,103.68333333333334,13.833333333333334,971.3833333333333
2019-03-01 09:00:00,-5.14,34.34666666666667,101.1,17.126666666666665,971.52
2019-03-01 10:00:00,-5.086666666666667,35.94666666666667,104.86666666666666,18.259999999999998,971.465
2019-03-01 11:00:00,-4.861666666666666,37.083333333333336,105.66666666666667,17.94,971.5716666666667
2019-03-01 12:00:00,-4.681666666666667,37.10166666666667,94.51666666666667,19.558333333333334,971.8799999999999
2019-03-01 13:00:00,-4.6483333333333325,38.59666666666667,89.73333333333333,17.646666666666665,971.955
2019-03-01 14:00:00,-4.828333333333333,41.56333333333334,87.38333333333334,15.433333333333334,972.045
2019-03-01 15:00:00,-5.1850000000000005,44.568333333333335,89.81666666666666,14.651666666666667,972.1533333333334
2019-03-01 16:00:00,-5.288333333333333,46.056666666666665,97.93333333333334,13.711666666666668,972.1200000000001
2019-03-01 17:00:00,-5.613333333333333,48.11833333333333,106.83333333333333,12.731666666666666,972.2083333333334
2019-03-01 18:00:00,-5.986666666666666,48.30833333333333,110.86666666666666,12.08,972.4599999999999
2019-03-01 19:00:00,-6.223333333333333,46.211666666666666,119.38333333333334,13.258333333333333,972.59
2019-03-01 20:00:00,-6.29,44.33166666666667,119.68333333333334,14.775,972.485
2019-03-01 21:00:00,-6.364999999999999,45.413333333333334,114.95,13.695,972.6516666666666
2019-03-01 22:00:00,-6.2716666666666665,43.269999999999996,108.85,14.046666666666665,972.6233333333333
2019-03-01 23:00:00,-6.056666666666667,41.14833333333333,107.7,14.406666666666666,972.6566666666666
2019-03-02 00:00:00,-6.203333333333333,41.151666666666664,110.35,13.743333333333334,972.8183333333333
2019-03-02 01:00:00,-6.251666666666667,38.39,111.93333333333334,15.99,972.8466666666666
2019-03-02 02:00:00,-6.331666666666667,36.288333333333334,111.45,14.668333333333333,972.87
2019-03-02 03:00:00,-6.235,36.22666666666667,107.16666666666667,15.228333333333333,972.6183333333333
2019-03-02 04:00:00,-6.355,35.655,104.16666666666667,13.166666666666666,972.5466666666667
2019-03-02 05:00:00,-6.0633333333333335,35.865,101.1,12.666666666666666,972.3466666666666
2019-03-02 06:00:00,-5.680000000000001,35.083333333333336,96.83333333333333,14.976666666666667,972.1066666666667
2019-03-02 07:00:00,-5.496666666666667,35.01166666666666,103.15,17.311666666666667,971.7466666666667
2019-03-02 08:00:00,-5.4,34.876666666666665,105.95,17.601666666666667,971.3416666666667
2019-03-02 09:00:00,-5.026666666666667,33.61666666666667,105.63333333333334,17.723333333333336,971.11
2019-03-02 10:00:00,-4.871666666666667,33.745,96.3,18.503333333333334,970.735
2019-03-02 11:00:00,-4.6483333333333325,34.30333333333333,93.03333333333333,17.921666666666667,970.3416666666667
2019-03-02 12:00:00,-4.319999999999999,35.038333333333334,95.53333333333333,17.076666666666664,969.5833333333334
2019-03-02 13:00:00,-4.1033333333333335,36.94833333333334,86.48333333333333,14.418333333333333,969.1466666666668
2019-03-02 14:00:00,-4.233333333333333,40.95666666666667,71.35,10.101666666666667,968.6166666666667
2019-03-02 15:00:00,-4.515,42.20666666666667,66.83333333333333,11.281666666666666,968.0083333333333
2019-03-02 16:00:00,-5.066666666666666,41.02833333333333,71.28333333333333,10.906666666666666,967.5166666666667
2019-03-02 17:00:00,-5.6466666666666665,41.49666666666667,62.766666666666666,9.923333333333334,967.375
2019-03-02 18:00:00,-6.003333333333333,43.91166666666666,67.5,8.586666666666668,967.36
2019-03-02 19:00:00,-6.078333333333333,41.690000000000005,83.63333333333334,9.905,967.2316666666667
2019-03-02 20:00:00,-6.371666666666667,38.85666666666667,104.65,13.34,967.0916666666667
2019-03-02 21:00:00,-6.761666666666667,37.84666666666667,111.33333333333333,13.43,966.9783333333332
2019-03-02 22:00:00,-6.665,36.95,117.93333333333334,12.94,967.0083333333333
2019-03-02 23:00:00,-6.636666666666667,35.53666666666666,125.1,14.306666666666667,966.8383333333334
2019-03-03 00:00:00,-6.755,36.11833333333333,128.68333333333334,17.721666666666668,966.5783333333334
2019-03-03 01:00:00,-6.6883333333333335,31.845000000000002,125.3,20.021666666666665,966.3
2019-03-03 02:00:00,-6.668333333333334,30.101666666666667,123.06666666666666,19.05,966.1416666666667
2019-03-03 03:00:00,-7.011666666666667,32.79666666666667,138.58333333333334,19.403333333333332,965.9816666666667
2019-03-03 04:00:00,-7.118333333333334,32.22,114.63333333333334,18.45,966.0983333333334
2019-03-03 05:00:00,-7.668333333333334,35.184999999999995,131.98333333333332,18.438333333333333,966.0283333333333
2019-03-03 06:00:00,-7.36,35.75333333333333,134.16666666666666,20.14,965.9599999999999
2019-03-03 07:00:00,-6.298333333333333,31.17,127.73333333333333,19.946666666666665,966.275
2019-03-03 08:00:00,-5.628333333333333,32.888333333333335,127.55,18.154999999999998,966.4050000000001
2019-03-03 09:00:00,-5.335,33.608333333333334,111.58333333333333,15.713333333333333,966.9966666666667
2019-03-03 10:00:00,-4.545,31.166666666666668,105.23333333333333,17.815,966.8866666666667
2019-03-03 11:00:00,-4.223333333333334,29.828333333333333,98.48333333333333,19.648333333333333,966.8633333333332
2019-03-03 12:00:00,-3.9299999999999997,31.2,89.48333333333333,17.81833333333333,967.0283333333333
2019-03-03 13:00:00,-3.5050000000000003,33.26,79.31666666666666,16.08,967.0233333333333
2019-03-03 14:00:00,-3.3883333333333336,36.461666666666666,70.61666666666666,14.96,966.9783333333332
2019-03-03 15:00:00,-4.131666666666667,37.059999999999995,80.06666666666666,13.786666666666667,966.9933333333333
2019-03-03 16:00:00,-4.7683333333333335,39.16166666666666,96.35,12.285,967.0
2019-03-03 17:00:00,-5.183333333333334,41.26833333333333,104.95,11.171666666666665,967.065
2019-03-03 18:00:00,-5.765,41.08166666666667,112.2,12.128333333333334,967.4483333333334
2019-03-03 19:00:00,-6.178333333333333,36.10666666666667,124.25,16.683333333333334,968.045
2019-03-03 20:00:00,-6.291666666666667,33.443333333333335,124.53333333333333,19.09,968.275
2019-03-03 21:00:00,-6.508333333333334,33.901666666666664,124.88333333333334,18.69,968.6983333333334
2019-03-03 22:00:00,-6.6466666666666665,34.02166666666667,126.95,19.075,969.0483333333334
2019-03-03 23:00:00,-6.8516666666666675,36.06166666666666,129.9,19.188333333333333,969.3549999999999
2019-03-04 00:00:00,-6.9783333333333335,35.44666666666667,125.06666666666666,19.423333333333336,969.7216666666667
2019-03-04 01:00:00,-7.17,35.65833333333333,121.75,18.709999999999997,970.3383333333334
2019-03-04 02:00:00,-7.448333333333333,33.901666666666664,116.16666666666667,17.848333333333336,970.9533333333333
2019-03-04 03:00:00,-7.681666666666667,34.833333333333336,110.83333333333333,16.458333333333332,971.2016666666666
2019-03-04 04:00:00,-8.013333333333334,35.07833333333333,115.86666666666666,17.598333333333336,971.5383333333334
2019-03-04 05:00:00,-7.968333333333334,34.265,110.23333333333333,15.978333333333333,972.1283333333334
2019-03-04 06:00:00,-7.325,33.260000000000005,101.5,16.62,972.2316666666667
2019-03-04 07:00:00,-6.463333333333334,31.163333333333334,95.41666666666667,21.176666666666666,972.1133333333333
2019-03-04 08:00:00,-5.958333333333333,30.946666666666665,97.63333333333334,21.485,972.2199999999999
2019-03-04 09:00:00,-5.626666666666667,32.18333333333333,102.25,19.71833333333333,972.7033333333333
2019-03-04 10:00:00,-5.088333333333334,33.63333333333333,110.78333333333333,16.391666666666666,972.905
2019-03-04 11:00:00,-4.35,33.64,106.56666666666666,16.385,972.7766666666666
2019-03-04 12:00:00,-4.5,36.190000000000005,113.16666666666667,14.54,972.4316666666667
2019-03-04 13:00:00,-4.06,37.99666666666667,107.08333333333333,14.235000000000001,972.275
2019-03-04 14:00:00,-3.7199999999999998,36.595,106.31666666666666,15.24,971.9616666666666
2019-03-04 15:00:00,-3.9616666666666664,37.943333333333335,116.46666666666667,15.198333333333332,971.56
2019-03-04 16:00:00,-4.145,38.18833333333334,117.98333333333333,15.356666666666666,971.5983333333334
2019-03-04 17:00:00,-4.093333333333333,35.80833333333333,117.58333333333333,16.551666666666666,971.6333333333333
2019-03-04 18:00:00,-4.27,35.848333333333336,120.23333333333333,15.321666666666665,972.0333333333333
2019-03-04 19:00:00,-5.358333333333333,41.26833333333333,138.71666666666667,18.895,972.285
2019-03-04 20:00:00,-5.295,39.91833333333333,136.5,19.436666666666667,972.4466666666667
2019-03-04 21:00:00,-5.876666666666667,41.505,141.6,20.353333333333335,972.3799999999999
2019-03-04 22:00:00,-6.0600000000000005,36.85,147.83333333333334,21.53666666666667,972.4633333333334
2019-03-04 23:00:00,-6.3100000000000005,37.67666666666666,149.58333333333334,19.505,972.6666666666666
2019-03-05 00:00:00,-6.785,37.91166666666666,151.13333333333333,20.841666666666665,972.6766666666667
2019-03-05 01:00:00,-7.008333333333334,37.615,150.75,20.266666666666666,972.51
2019-03-05 02:00:00,-7.833333333333333,37.04,160.21666666666667,24.08,972.2033333333333
2019-03-05 03:00:00,-8.815,37.82166666666667,166.11666666666667,18.720000000000002,972.0016666666667
2019-03-05 04:00:00,-9.948333333333332,38.91166666666666,169.93333333333334,17.573333333333334,972.14
2019-03-05 05:00:00,-10.025,39.64666666666667,167.63333333333333,17.176666666666666,972.0933333333334
2019-03-05 06:00:00,-8.383333333333333,33.20666666666667,161.01666666666668,18.291666666666668,972.0233333333333
2019-03-05 07:00:00,-7.953333333333333,35.125,162.65,18.861666666666668,971.825
2019-03-05 08:00:00,-7.068333333333333,37.73166666666667,167.5,14.458333333333334,971.8783333333333
2019-03-05 09:00:00,-6.345454545454545,37.59090909090909,121.68333333333334,12.677272727272726,971.7636363636364
2019-03-05 10:00:00,-4.578333333333333,36.818333333333335,176.86666666666667,6.796666666666667,971.81
2019-03-05 11:00:00,-3.808333333333333,36.92833333333333,71.61666666666666,5.6466666666666665,971.765
2019-03-05 12:00:00,-3.7783333333333333,36.98166666666667,177.73333333333332,7.571666666666667,971.3166666666667
2019-03-05 13:00:00,-3.35,37.74166666666667,165.93333333333334,11.616666666666667,970.7433333333333
2019-03-05 14:00:00,-3.6816666666666666,37.14333333333333,148.65,13.181666666666667,970.3316666666667
2019-03-05 15:00:00,-4.033333333333333,36.934999999999995,163.1,11.935,969.8533333333332
2019-03-05 16:00:00,-5.071666666666667,39.77333333333333,174.08333333333334,13.353333333333333,969.4483333333334
2019-03-05 17:00:00,-5.503333333333333,38.03666666666666,168.68333333333334,15.0,969.4266666666666
2019-03-05 18:00:00,-5.701666666666667,36.163333333333334,165.75,12.353333333333333,969.75
2019-03-05 19:00:00,-6.661666666666666,39.51166666666666,168.56666666666666,13.841666666666667,969.9516666666666
2019-03-05 20:00:00,-6.546666666666667,40.9,165.26666666666668,14.055,969.9916666666667
2019-03-05 21:00:00,-6.755,41.791666666666664,169.76666666666668,13.44,970.0783333333334
2019-03-05 22:00:00,-5.78,41.535,155.6,14.301666666666668,970.325
2019-03-05 23:00:00,-4.591666666666667,39.42833333333333,125.33333333333333,7.4399999999999995,970.7533333333333
2019-03-06 00:00:00,-5.6483333333333325,49.34166666666667,177.21666666666667,8.788333333333332,970.8166666666667
2019-03-06 01:00:00,-4.585,44.45333333333333,154.66666666666666,2.7633333333333336,970.975
2019-03-06 02:00:00,-4.751666666666667,44.89666666666667,164.7,7.364999999999999,971.0033333333333
2019-03-06 03:00:00,-4.801666666666667,47.638333333333335,137.25,5.505,971.1949999999999
2019-03-06 04:00:00,-4.84,45.85666666666667,138.76666666666668,11.59,971.6266666666667
2019-03-06 05:00:00,-3.9616666666666664,37.725,130.83333333333334,13.311666666666667,971.8133333333333
2019-03-06 06:00:00,-3.9283333333333332,37.794999999999995,143.08333333333334,15.296666666666665,971.91
2019-03-06 07:00:00,-3.853333333333333,38.443333333333335,147.0,18.959999999999997,972.0533333333333
2019-03-06 08:00:00,-3.225,37.14666666666667,152.61666666666667,15.191666666666666,972.0383333333334
2019-03-06 09:00:00,-2.6233333333333335,36.32333333333334,147.76666666666668,15.538333333333332,972.135
2019-03-06 10:00:00,-2.365,36.81666666666667,150.73333333333332,16.12666666666667,972.405
2019-03-06 11:00:00,-1.9466666666666665,37.35666666666667,154.51666666666668,14.041666666666666,972.5383333333334
2019-03-06 12:00:00,-1.1666666666666667,37.095,119.66666666666667,11.84,972.8799999999999
2019-03-06 13:00:00,-0.5,38.655,126.68333333333334,13.155,972.9783333333332
2019-03-06 14:00:00,-0.425,41.94166666666667,113.41666666666667,14.729999999999999,973.2
2019-03-06 15:00:00,-0.94,46.86,107.21666666666667,13.175,973.6966666666667
2019-03-06 16:00:00,-1.2416666666666667,50.995,116.11666666666666,13.821666666666665,974.0949999999999
2019-03-06 17:00:00,-1.7583333333333333,59.026666666666664,119.93333333333334,13.621666666666666,974.775
2019-03-06 18:00:00,-1.4833333333333334,55.5,131.98333333333332,14.020000000000001,975.3050000000001
2019-03-06 19:00:00,-1.4966666666666666,58.45333333333333,115.11666666666666,13.006666666666666,976.1183333333333
2019-03-06 20:00:00,-1.745,61.32833333333333,122.3,12.501666666666667,976.4966666666667
2019-03-06 21:00:00,-0.46499999999999997,44.765,89.15,16.801666666666666,976.8583333333333
2019-03-06 22:00:00,-0.3466666666666667,42.035,103.33333333333333,11.08,977.0766666666666
2019-03-06 23:00:00,-0.6483333333333333,45.55,120.15,8.68,977.4066666666666
2019-03-07 00:00:00,-1.0666666666666667,46.92666666666666,154.88333333333333,14.166666666666666,977.5766666666666
2019-03-07 01:00:00,-1.1183333333333332,44.495,157.2,15.576666666666666,977.4599999999999
2019-03-07 02:00:00,-1.1066666666666667,42.01833333333333,157.25,15.604999999999999,977.6233333333333
2019-03-07 03:00:00,-1.1933333333333331,40.233333333333334,156.93333333333334,13.729999999999999,977.66
2019-03-07 04:00:00,-2.1516666666666664,41.075,162.73333333333332,10.055,977.8
2019-03-07 05:00:00,-2.4883333333333337,39.086666666666666,162.6,10.65,977.7383333333333
2019-03-07 06:00:00,-3.5383333333333336,41.155,172.1,14.603333333333333,977.7433333333333
2019-03-07 07:00:00,-2.945,39.288333333333334,167.16666666666666,13.958333333333334,977.8433333333334
2019-03-07 08:00:00,-2.4316666666666666,39.93833333333334,167.66666666666666,14.29,977.4283333333333
2019-03-07 09:00:00,-1.7633333333333332,39.95,148.15,10.273333333333333,977.3283333333334
2019-03-07 10:00:00,-0.7016666666666667,37.12166666666667,141.58333333333334,10.121666666666666,977.19
2019-03-07 11:00:00,-0.37,38.11666666666667,128.1,9.418333333333333,976.6366666666667
2019-03-07 12:00:00,0.7183333333333334,36.190000000000005,115.35,4.591666666666667,976.1550000000001
2019-03-07 13:00:00,0.4116666666666667,35.535,124.15,8.038333333333334,975.4216666666667
2019-03-07 14:00:00,0.4516666666666667,36.78,87.83333333333333,5.405,974.8966666666668
2019-03-07 15:00:00,0.6433333333333333,36.43333333333333,75.53333333333333,3.075,974.25
2019-03-07 16:00:00,-0.8466666666666666,33.36,136.13333333333333,8.851666666666667,973.64
2019-03-07 17:00:00,-2.2800000000000002,37.64833333333333,139.56666666666666,10.068333333333333,973.48
2019-03-07 18:00:00,-3.4516666666666667,38.205000000000005,146.58333333333334,15.118333333333334,972.9033333333333
2019-03-07 19:00:00,-4.156666666666667,36.461666666666666,164.68333333333334,19.868333333333332,972.5283333333333
2019-03-07 20:00:00,-4.225,33.98,158.98333333333332,21.793333333333333,972.5266666666666
2019-03-07 21:00:00,-4.908333333333333,36.34166666666667,153.3,21.381666666666668,972.6516666666666
2019-03-07 22:00:00,-4.923333333333333,35.505,148.81666666666666,24.501666666666665,972.5433333333333
2019-03-07 23:00:00,-5.4366666666666665,36.265,128.91666666666666,16.908333333333335,973.0400000000001
2019-03-08 00:00:00,-6.08,36.605000000000004,116.73333333333333,14.716666666666667,973.1816666666667
2019-03-08 01:00:00,-6.505,37.126666666666665,143.96666666666667,14.728333333333333,973.065
2019-03-08 02:00:00,-6.4383333333333335,35.845,146.45,17.341666666666665,972.745
2019-03-08 03:00:00,-7.028333333333333,36.105000000000004,121.36666666666666,18.618333333333332,973.1
2019-03-08 04:00:00,-7.656666666666666,37.04333333333333,130.81666666666666,13.448333333333332,973.66
2019-03-08 05:00:00,-7.285,34.78,158.83333333333334,16.835,972.9833333333333
2019-03-08 06:00:00,-6.413333333333333,35.3,178.03333333333333,6.78,972.865
2019-03-08 07:00:00,-5.508333333333334,35.044999999999995,147.53333333333333,5.6883333333333335,973.475
2019-03-08 08:00:00,-5.816666666666666,36.94666666666667,114.38333333333334,8.993333333333334,973.42
2019-03-08 09:00:00,-5.283333333333333,33.075,113.06666666666666,10.001666666666667,973.205
2019-03-08 10:00:00,-3.8,31.540000000000003,90.51666666666667,8.303333333333333,972.7216666666667
2019-03-08 11:00:00,-3.265,31.011666666666667,93.0,9.145000000000001,972.705
2019-03-08 12:00:00,-2.855,30.071666666666665,54.18333333333333,6.194999999999999,972.5033333333333
2019-03-08 13:00:00,-3.2016666666666667,28.378333333333334,84.45,9.908333333333333,972.41
2019-03-08 14:00:00,-3.545,33.053333333333335,192.01666666666668,6.693333333333333,972.1133333333333
2019-03-08 15:00:00,-4.5233333333333325,36.47,291.5,5.638333333333334,972.105
2019-03-08 16:00:00,-5.22,35.67333333333333,312.76666666666665,6.545,972.1616666666667
2019-03-08 17:00:00,-5.716666666666667,40.123333333333335,267.1166666666667,5.0600000000000005,972.1883333333334
2019-03-08 18:00:00,-6.673333333333333,47.88333333333333,196.61666666666667,3.8233333333333333,972.1650000000001
2019-03-08 19:00:00,-6.963333333333334,46.12833333333333,118.63333333333334,8.198333333333332,972.4216666666667
2019-03-08 20:00:00,-7.641666666666667,46.391666666666666,109.78333333333333,6.0600000000000005,972.755
2019-03-08 21:00:00,-7.819999999999999,41.65,130.36666666666667,10.31,972.645
2019-03-08 22:00:00,-7.760000000000001,36.59666666666667,126.75,14.631666666666666,972.4599999999999
2019-03-08 23:00:00,-8.316666666666666,37.11833333333333,120.56666666666666,13.593333333333334,972.6533333333334
2019-03-09 00:00:00,-8.468333333333332,35.830000000000005,111.98333333333333,13.498333333333333,972.6066666666667
2019-03-09 01:00:00,-9.025,38.18333333333333,109.7,11.76,972.6866666666666
2019-03-09 02:00:00,-8.615,32.73833333333333,127.08333333333333,18.36,972.1949999999999
2019-03-09 03:00:00,-8.865,32.693333333333335,129.23333333333332,20.658333333333335,971.7866666666667
2019-03-09 04:00:00,-9.33,35.945,133.31666666666666,19.771666666666665,971.7216666666667
2019-03-09 05:00:00,-9.323333333333332,35.30333333333333,138.2,21.423333333333336,971.8983333333333
2019-03-09 06:00:00,-9.078333333333335,35.61833333333333,135.51666666666668,21.03166666666667,972.0616666666667
2019-03-09 07:00:00,-8.031666666666666,31.081666666666667,131.01666666666668,23.43166666666667,971.8533333333332
2019-03-09 08:00:00,-7.176666666666666,27.608333333333334,125.56666666666666,25.305,971.63
2019-03-09 09:00:00,-6.895,30.998333333333335,120.21666666666667,19.471666666666668,971.7216666666667
2019-03-09 10:00:00,-6.371666666666667,31.39,112.23333333333333,20.381666666666668,971.4033333333333
2019-03-09 11:00:00,-6.315,34.690000000000005,111.41666666666667,20.563333333333333,971.3383333333333
2019-03-09 12:00:00,-6.416666666666667,38.61,115.8,18.76833333333333,971.185
2019-03-09 13:00:00,-6.295,39.82833333333333,117.65,19.220000000000002,970.5266666666666
2019-03-09 14:00:00,-6.126666666666666,40.765,119.38333333333334,18.366666666666667,969.9066666666666
2019-03-09 15:00:00,-5.948333333333334,42.983333333333334,118.95,17.721666666666668,969.2316666666667
2019-03-09 16:00:00,-6.2733333333333325,53.78333333333333,123.05,26.08833333333333,967.8866666666667
2019-03-09 17:00:00,-6.341666666666667,55.33166666666667,123.8,26.166666666666668,967.2016666666666
2019-03-09 18:00:00,-5.9783333333333335,49.975,118.7,25.475,966.6200000000001
2019-03-09 19:00:00,-5.85,48.26,118.31666666666666,26.125,966.4516666666666
2019-03-09 20:00:00,-5.864999999999999,45.66166666666666,121.33333333333333,25.59,965.94
2019-03-09 21:00:00,-5.653333333333333,42.605000000000004,119.51666666666667,24.868333333333332,965.3133333333334
2019-03-09 22:00:00,-5.67,41.24166666666667,120.06666666666666,28.55666666666667,964.5783333333333
2019-03-09 23:00:00,-6.005,44.23166666666667,118.18333333333334,26.743333333333332,963.8666666666667
2019-03-10 00:00:00,-5.873333333333334,44.776666666666664,115.21666666666667,27.178333333333335,963.4150000000001
2019-03-10 01:00:00,-5.875,46.00833333333333,117.15,27.75,962.9983333333333
2019-03-10 02:00:00,-5.825,46.65333333333333,117.56666666666666,29.016666666666666,962.3433333333334
2019-03-10 03:00:00,-5.64,44.43333333333333,117.06666666666666,27.584999999999997,962.15
2019-03-10 04:00:00,-5.5633333333333335,41.615,121.85,28.596666666666668,962.11
2019-03-10 05:00:00,-5.355,39.690000000000005,118.41666666666667,26.733333333333334,962.09
2019-03-10 06:00:00,-5.461666666666667,38.49,123.98333333333333,29.428333333333335,961.9233333333334
2019-03-10 07:00:00,-5.1,35.080000000000005,127.83333333333333,32.15,961.5883333333334
2019-03-10 08:00:00,-4.38,31.216666666666665,127.0,31.470000000000002,961.5583333333333
2019-03-10 09:00:00,-4.073333333333333,29.26833333333333,125.28333333333333,28.273333333333333,961.775
2019-03-10 10:00:00,-4.0616666666666665,27.93166666666667,126.68333333333334,29.228333333333335,961.745
2019-03-10 11:00:00,-4.391666666666667,32.21,133.31666666666666,27.753333333333334,961.9599999999999
2019-03-10 12:00:00,-6.316666666666666,41.641666666666666,145.41666666666666,33.915,961.7900000000001
2019-03-10 13:00:00,-5.133333333333334,37.038333333333334,142.75,29.053333333333335,961.7783333333333
2019-03-10 14:00:00,-4.906666666666666,38.47666666666667,139.58333333333334,28.321666666666665,961.9783333333332
2019-03-10 15:00:00,-4.02,35.29666666666667,129.21666666666667,26.60666666666667,962.2666666666667
2019-03-10 16:00:00,-3.9366666666666665,35.495,130.21666666666667,25.971666666666668,962.6066666666667
2019-03-10 17:00:00,-3.99,36.67666666666666,134.4,24.438333333333333,963.05
2019-03-10 18:00:00,-4.998333333333333,40.48833333333334,147.21666666666667,24.583333333333332,963.565
2019-03-10 19:00:00,-5.328333333333333,39.02333333333333,152.28333333333333,29.745,963.61
2019-03-10 20:00:00,-5.416666666666667,35.74666666666667,153.95,31.145,963.8016666666666
2019-03-10 21:00:00,-5.625,34.855000000000004,157.95,27.501666666666665,963.9233333333334
2019-03-10 22:00:00,-5.906666666666666,35.57333333333334,163.11666666666667,22.351666666666667,964.2316666666667
2019-03-10 23:00:00,-6.736666666666666,35.67333333333333,166.13333333333333,20.091666666666665,964.4216666666666
2019-03-11 00:00:00,-7.63,37.54333333333333,172.46666666666667,18.26833333333333,964.6216666666667
2019-03-11 01:00:00,-8.608333333333333,38.555,179.91666666666666,16.775,964.7099999999999
2019-03-11 02:00:00,-8.535,44.830000000000005,239.06666666666666,7.61,965.6783333333333
2019-03-11 03:00:00,-8.979999999999999,56.24166666666667,94.46666666666667,2.2916666666666665,965.825
2019-03-11 04:00:00,-10.118333333333334,48.32,135.23333333333332,5.741666666666666,965.95
2019-03-11 05:00:00,-10.026666666666667,41.998333333333335,169.16666666666666,6.448333333333333,965.9666666666667
2019-03-11 06:00:00,-10.163333333333332,44.60333333333333,191.45,8.166666666666666,966.0383333333334
2019-03-11 07:00:00,-10.216666666666667,44.733333333333334,189.06666666666666,9.754999999999999,966.245
2019-03-11 08:00:00,-8.8,42.50833333333333,235.0,6.598333333333333,966.3216666666666
2019-03-11 09:00:00,-7.42037037037037,39.1462962962963,250.7,7.431481481481482,966.337037037037
2019-03-11 10:00:00,-6.053061224489796,32.35510204081633,250.86666666666667,7.7306122448979595,966.1795918367347
2019-03-11 11:00:00,-5.546666666666667,28.828333333333333,311.05,8.713333333333333,966.0416666666666
2019-03-11 12:00:00,-5.915,30.12,313.6166666666667,9.436666666666667,966.0583333333333
2019-03-11 13:00:00,-5.958333333333333,29.435,311.2,9.586666666666668,966.0300000000001
2019-03-11 14:00:00,-6.371666666666667,32.60166666666667,311.65,8.615,965.6466666666668
2019-03-11 15:00:00,-7.203333333333333,34.358333333333334,231.63333333333333,7.766666666666667,965.0816666666667
2019-03-11 16:00:00,-8.059999999999999,35.80333333333333,213.75,8.826666666666666,964.6966666666667
2019-03-11 17:00:00,-8.29,36.27333333333333,220.51666666666668,8.754999999999999,964.3766666666667
2019-03-11 18:00:00,-8.486666666666666,30.98,242.55,7.465,964.2283333333334
2019-03-11 19:00:00,-9.229999999999999,33.28333333333333,278.0833333333333,5.5616666666666665,964.2633333333334
2019-03-11 20:00:00,-10.258333333333333,39.806666666666665,273.6,3.283333333333333,964.1233333333333
2019-03-11 21:00:00,-12.391666666666667,44.97833333333333,180.28333333333333,8.82,963.8083333333333
2019-03-11 22:00:00,-12.729999999999999,43.288333333333334,163.06666666666666,7.9783333333333335,963.9383333333333
2019-03-11 23:00:00,-12.713333333333333,43.60333333333333,154.58333333333334,7.194999999999999,963.9966666666667
2019-03-12 00:00:00,-12.555,41.36666666666667,150.63333333333333,8.968333333333334,964.0550000000001
2019-03-12 01:00:00,-12.933333333333334,48.75333333333333,104.8,5.543333333333334,964.1783333333334
2019-03-12 02:00:00,-12.846666666666666,47.965,184.95,2.466666666666667,964.2016666666667
2019-03-12 03:00:00,-13.508333333333333,52.75,147.35,2.205,964.25
2019-03-12 04:00:00,-13.591666666666667,52.38666666666666,134.6,1.18,964.4616666666666
2019-03-12 05:00:00,-13.44,53.47166666666667,106.9,2.85,964.8683333333333
2019-03-12 06:00:00,-12.853333333333333,47.74333333333333,100.33333333333333,3.1366666666666663,965.1883333333334
2019-03-12 07:00:00,-11.463333333333333,47.68,180.21666666666667,7.17,964.905
2019-03-12 08:00:00,-11.233333333333333,49.44166666666667,241.9,5.77,965.19
2019-03-12 09:00:00,-11.066666666666666,50.085,197.15,2.8400000000000003,965.515
2019-03-12 10:00:00,-10.631666666666666,53.358333333333334,273.8,2.26,965.6566666666666
2019-03-12 11:00:00,-9.075,47.473333333333336,134.11666666666667,3.5483333333333333,965.85
2019-03-12 12:00:00,-9.266666666666667,44.434999999999995,78.48333333333333,3.6566666666666667,966.14
2019-03-12 13:00:00,-9.431666666666667,43.39833333333333,140.06666666666666,4.4816666666666665,966.1316666666667
2019-03-12 14:00:00,-8.505,38.144999999999996,131.0,6.046666666666667,966.2033333333334
2019-03-12 15:00:00,-8.256666666666668,38.556666666666665,59.88333333333333,8.751666666666667,966.3733333333333
2019-03-12 16:00:00,-8.821666666666665,35.22,75.36666666666666,11.471666666666666,966.3449999999999
2019-03-12 17:00:00,-9.34,41.169999999999995,82.43333333333334,9.903333333333334,966.5166666666667
2019-03-12 18:00:00,-9.758333333333333,42.61333333333334,78.9,9.29,966.9833333333333
2019-03-12 19:00:00,-9.956666666666667,42.181666666666665,86.15,6.5616666666666665,967.07
2019-03-12 20:00:00,-9.973333333333333,39.718333333333334,78.95,4.2716666666666665,966.9783333333332
2019-03-12 21:00:00,-10.161666666666667,35.72,136.3,11.51,966.8716666666667
2019-03-12 22:00:00,-10.226666666666667,36.58166666666667,148.56666666666666,14.748333333333333,966.8183333333333
2019-03-12 23:00:00,-10.275,36.458333333333336,127.41666666666667,12.020000000000001,966.9699999999999
2019-03-13 00:00:00,-10.758333333333333,37.26166666666666,129.85,10.968333333333334,967.0366666666666
2019-03-13 01:00:00,-10.493333333333334,28.89,112.81666666666666,15.31,967.1816666666667
2019-03-13 02:00:00,-10.921666666666665,32.35666666666667,93.63333333333334,15.885,967.6
2019-03-13 03:00:00,-11.223333333333333,35.29666666666667,100.35,14.071666666666665,967.8816666666667
2019-03-13 04:00:00,-11.366666666666667,31.373333333333335,108.83333333333333,18.06,967.6949999999999
2019-03-13 05:00:00,-11.298333333333334,31.063333333333333,116.48333333333333,15.228333333333333,967.6433333333333
2019-03-13 06:00:00,-11.014999999999999,31.89333333333333,114.81666666666666,14.016666666666667,967.73
2019-03-13 07:00:00,-10.535,33.059999999999995,110.41666666666667,13.178333333333335,967.595
2019-03-13 08:00:00,-9.983333333333333,32.10666666666667,103.66666666666667,13.646666666666667,967.6783333333334
2019-03-13 09:00:00,-9.104999999999999,29.928333333333335,98.96666666666667,14.35,967.63
2019-03-13 10:00:00,-8.764999999999999,28.458333333333332,102.01666666666667,17.855,967.5116666666667
2019-03-13 11:00:00,-8.825,29.408333333333335,105.45,20.465,967.485
2019-03-13 12:00:00,-8.776666666666667,29.321666666666665,112.85,18.455,967.5816666666667
2019-03-13 13:00:00,-8.551666666666668,29.71333333333333,115.35,17.323333333333334,967.7683333333333
2019-03-13 14:00:00,-8.675,31.243333333333332,111.68333333333334,16.266666666666666,968.0
2019-03-13 15:00:00,-8.813333333333334,31.94333333333333,111.98333333333333,14.735000000000001,968.0633333333334
2019-03-13 16:00:00,-9.043333333333333,31.808333333333334,109.23333333333333,15.238333333333333,968.1450000000001
2019-03-13 17:00:00,-9.2,32.38,106.28333333333333,15.19,968.3633333333332
2019-03-13 18:00:00,-9.451666666666666,31.490000000000002,105.96666666666667,16.69,968.4316666666667
2019-03-13 19:00:00,-9.665,31.371666666666666,106.98333333333333,15.346666666666666,968.6716666666667
2019-03-13 20:00:00,-9.763333333333334,31.275,105.45,15.266666666666667,968.8366666666666
2019-03-13 21:00:00,-9.838333333333335,30.16166666666667,111.13333333333334,15.311666666666667,968.8
2019-03-13 22:00:00,-9.99,32.903333333333336,119.46666666666667,14.731666666666666,968.6666666666666
2019-03-13 23:00:00,-9.856666666666666,31.59,116.06666666666666,15.06,968.5866666666667
2019-03-14 00:00:00,-9.535,29.10666666666667,115.25,15.53,968.6233333333333
2019-03-14 01:00:00,-9.33,28.09,115.36666666666666,15.610000000000001,968.4166666666666
2019-03-14 02:00:00,-9.235000000000001,30.220000000000002,101.75,14.531666666666666,968.175
2019-03-14 03:00:00,-9.045,29.976666666666667,100.23333333333333,13.963333333333333,967.9616666666666
2019-03-14 04:00:00,-9.18,31.613333333333333,96.58333333333333,14.585,967.925
2019-03-14 05:00:00,-9.085,31.3,100.01666666666667,15.185,967.8449999999999
2019-03-14 06:00:00,-8.881666666666666,34.32166666666667,93.5,13.146666666666667,967.9316666666667
2019-03-14 07:00:00,-8.476666666666667,33.42333333333333,95.96666666666667,13.703333333333335,967.9616666666666
2019-03-14 08:00:00,-7.668333333333334,32.184999999999995,94.4,14.985000000000001,967.7033333333333
2019-03-14 09:00:00,-6.836666666666667,32.843333333333334,85.21666666666667,13.01,967.5533333333333
2019-03-14 10:00:00,-6.29,33.57333333333334,85.3,13.09,967.4233333333334
2019-03-14 11:00:00,-6.066666666666666,33.94833333333334,92.6,15.316666666666666,967.1366666666668
2019-03-14 12:00:00,-5.95,34.141666666666666,85.15,13.536666666666667,967.1566666666666
2019-03-14 13:00:00,-5.863333333333333,33.12833333333334,94.1,14.095,966.8816666666667
2019-03-14 14:00:00,-6.3133333333333335,35.19166666666667,89.28333333333333,13.961666666666668,966.635
2019-03-14 15:00:00,-7.3,42.193333333333335,78.93333333333334,14.878333333333334,966.5433333333333
2019-03-14 16:00:00,-7.421666666666667,42.934999999999995,90.76666666666667,12.138333333333332,966.34
2019-03-14 17:00:00,-7.883333333333334,43.269999999999996,79.26666666666667,14.68,966.1533333333334
2019-03-14 18:00:00,-7.585,35.931666666666665,99.85,16.476666666666667,966.13
2019-03-14 19:00:00,-7.881666666666667,35.99666666666667,103.4,14.04,966.3033333333333
2019-03-14 20:00:00,-7.835,32.20333333333333,108.21666666666667,15.588333333333333,966.39
2019-03-14 21:00:00,-8.168333333333333,32.16,102.73333333333333,16.111666666666668,966.4716666666667
2019-03-14 22:00:00,-8.428333333333333,31.990000000000002,105.21666666666667,17.545,966.1933333333333
2019-03-14 23:00:00,-8.315,28.025,112.1,17.986666666666668,966.0550000000001
2019-03-15 00:00:00,-8.946666666666665,32.901666666666664,111.21666666666667,14.618333333333334,966.2533333333333
2019-03-15 01:00:00,-9.246666666666666,32.736666666666665,108.71666666666667,14.426666666666668,966.1183333333333
2019-03-15 02:00:00,-8.961666666666668,28.82,113.0,15.51,965.6666666666666
2019-03-15 03:00:00,-9.103333333333333,29.126666666666665,118.16666666666667,16.611666666666668,965.2883333333334
2019-03-15 04:00:00,-9.136666666666665,28.081666666666667,116.13333333333334,16.116666666666667,965.1516666666666
2019-03-15 05:00:00,-9.158333333333333,28.648333333333333,116.26666666666667,14.913333333333332,965.1333333333333
2019-03-15 06:00:00,-8.705,27.488333333333333,114.2,14.356666666666666,965.2633333333332
2019-03-15 07:00:00,-8.295,27.575,111.93333333333334,13.65,965.3349999999999
2019-03-15 08:00:00,-7.763333333333334,28.373333333333335,108.85,15.5,965.41
2019-03-15 09:00:00,-7.251666666666667,29.02,106.66666666666667,15.956666666666667,965.3433333333334
2019-03-15 10:00:00,-7.053333333333333,33.52166666666667,110.03333333333333,12.843333333333334,965.23
2019-03-15 11:00:00,-6.536666666666666,27.313333333333333,96.58333333333333,18.92,965.0083333333333
2019-03-15 12:00:00,-6.276666666666667,26.235,92.05,19.415000000000003,964.9316666666667
2019-03-15 13:00:00,-6.375,25.971666666666668,93.16666666666667,19.723333333333336,964.7583333333333
2019-03-15 14:00:00,-6.463333333333334,24.663333333333334,90.36666666666666,18.821666666666665,964.6883333333334
2019-03-15 15:00:00,-6.836666666666667,26.216666666666665,93.48333333333333,18.211666666666666,964.6033333333334
2019-03-15 16:00:00,-7.53,32.56166666666667,106.41666666666667,12.471666666666666,964.6200000000001
2019-03-15 17:00:00,-8.383333333333333,36.17833333333333,115.18333333333334,8.758333333333333,964.6116666666668
2019-03-15 18:00:00,-8.92,32.825,128.15,11.431666666666667,964.6316666666667
2019-03-15 19:00:00,-9.386666666666667,31.223333333333336,134.26666666666668,10.666666666666666,964.575
2019-03-15 20:00:00,-9.963333333333333,31.16,147.41666666666666,12.583333333333334,964.5516666666666
2019-03-15 21:00:00,-10.606666666666666,32.325,146.33333333333334,11.296666666666665,964.5183333333333
2019-03-15 22:00:00,-11.073333333333332,32.065000000000005,150.58333333333334,13.715,964.475
2019-03-15 23:00:00,-11.268333333333334,32.358333333333334,131.33333333333334,11.514999999999999,964.3883333333332
2019-03-16 00:00:00,-11.555,32.18833333333333,137.25,11.435,964.1383333333332
2019-03-16 01:00:00,-11.583333333333334,31.06833333333333,131.3,11.879999999999999,963.8299999999999
2019-03-16 02:00:00,-11.753333333333334,31.413333333333334,131.73333333333332,11.19,963.5550000000001
2019-03-16 03:00:00,-12.088333333333333,33.098333333333336,111.61666666666666,7.785,963.2583333333333
2019-03-16 04:00:00,-12.378333333333334,30.766666666666666,136.2,11.338333333333333,963.015
2019-03-16 05:00:00,-12.305000000000001,28.816666666666666,140.56666666666666,13.764999999999999,962.9416666666667
2019-03-16 06:00:00,-12.276666666666667,29.993333333333332,143.46666666666667,9.75,962.93
2019-03-16 07:00:00,-11.65,30.078333333333333,133.01666666666668,10.548333333333334,962.7283333333332
2019-03-16 08:00:00,-10.693333333333333,30.19,109.2,6.6866666666666665,962.6466666666668
2019-03-16 09:00:00,-9.823333333333332,26.21333333333333,101.93333333333334,9.101666666666667,962.455
2019-03-16 10:00:00,-8.985000000000001,25.48166666666667,95.18333333333334,8.685,962.3349999999999
2019-03-16 11:00:00,-8.583333333333334,28.361666666666668,63.11666666666667,11.413333333333332,962.3016666666666
2019-03-16 12:00:00,-9.108333333333333,28.351666666666667,59.11666666666667,10.47,962.3916666666667
2019-03-16 13:00:00,-9.92,29.17,35.416666666666664,5.661666666666666,962.3633333333332
2019-03-16 14:00:00,-10.668333333333333,26.728333333333335,205.51666666666668,5.263333333333334,962.3366666666666
2019-03-16 15:00:00,-10.96,31.333333333333332,298.93333333333334,5.58,962.0333333333333
2019-03-16 16:00:00,-11.651666666666667,39.89333333333333,255.68333333333334,5.805000000000001,961.9166666666666
2019-03-16 17:00:00,-12.598333333333333,43.94166666666667,283.73333333333335,7.471666666666667,962.1816666666667
2019-03-16 18:00:00,-13.335,37.623333333333335,280.8,5.418333333333334,962.605
2019-03-16 19:00:00,-13.770000000000001,45.97666666666667,145.28333333333333,4.585,962.7583333333333
2019-03-16 20:00:00,-14.243333333333334,49.019999999999996,112.33333333333333,5.406666666666666,963.05
2019-03-16 21:00:00,-14.263333333333332,39.875,136.75,7.755,963.27
2019-03-16 22:00:00,-14.406666666666666,35.51,134.1,13.401666666666667,963.435
2019-03-16 23:00:00,-14.351666666666667,32.99333333333333,144.86666666666667,14.591666666666667,963.5300000000001
2019-03-17 00:00:00,-14.598333333333333,30.71833333333333,160.43333333333334,12.078333333333335,963.6966666666667
2019-03-17 01:00:00,-15.626666666666667,31.84,174.13333333333333,14.913333333333332,963.715
2019-03-17 02:00:00,-16.12333333333333,31.401666666666664,175.33333333333334,16.138333333333332,963.5133333333334
2019-03-17 03:00:00,-15.865,29.78166666666667,169.25,17.39333333333333,963.5383333333334
2019-03-17 04:00:00,-15.8,29.903333333333332,168.35,17.515,963.705
2019-03-17 05:00:00,-15.475,27.945,165.83333333333334,17.495,964.175
2019-03-17 06:00:00,-15.115,27.18166666666667,164.98333333333332,18.008333333333333,964.515
2019-03-17 07:00:00,-14.301666666666668,26.88,158.48333333333332,19.621666666666666,964.8183333333333
2019-03-17 08:00:00,-13.948333333333332,30.55,160.2,19.091666666666665,965.1033333333334
2019-03-17 09:00:00,-12.787037037037036,30.933333333333334,143.35,19.335185185185182,965.2518518518518
2019-03-17 10:00:00,-11.445283018867926,29.91320754716981,135.66666666666666,16.07547169811321,965.6490566037736
2019-03-17 11:00:00,-10.24,34.63333333333333,194.05,6.178333333333333,966.0833333333334
2019-03-17 12:00:00,-9.46,36.95,269.6333333333333,4.985,966.3283333333333
2019-03-17 13:00:00,-9.666666666666666,40.458333333333336,21.75,5.858333333333333,966.4
2019-03-17 14:00:00,-9.937878787878788,39.90409090909091,0.0,7.219393939393939,966.7187878787879
2019-03-17 15:00:00,-10.209090909090909,39.349848484848486,0.0,8.580454545454545,967.0375757575757
2019-03-17 16:00:00,-10.48030303030303,38.79560606060606,0.0,9.941515151515151,967.3563636363637
2019-03-17 17:00:00,-10.751515151515152,38.24136363636364,0.0,11.302575757575756,967.6751515151515
2019-03-17 18:00:00,-11.022727272727273,37.68712121212121,0.0,12.663636363636362,967.9939393939394
2019-03-17 19:00:00,-11.293939393939393,37.13287878787879,0.0,14.024696969696969,968.3127272727272
2019-03-17 20:00:00,-11.565151515151515,36.57863636363636,0.0,15.385757575757573,968.6315151515151
2019-03-17 21:00:00,-11.836363636363636,36.02439393939394,0.0,16.74681818181818,968.950303030303
2019-03-17 22:00:00,-12.107575757575757,35.470151515151514,0.0,18.107878787878786,969.2690909090909
2019-03-17 23:00:00,-12.378787878787879,34.91590909090909,0.0,19.46893939393939,969.5878787878787
2019-03-18 00:00:00,-12.65,34.361666666666665,171.73333333333332,20.83,969.9066666666666
2019-03-18 01:00:00,-12.139999999999999,35.485,165.15,21.083333333333332,970.1316666666667
2019-03-18 02:00:00,-11.770000000000001,37.763333333333335,167.21666666666667,20.995,970.3083333333333
2019-03-18 03:00:00,-11.878333333333334,35.34166666666667,167.61666666666667,21.775,970.3833333333333
2019-03-18 04:00:00,-12.4,35.02166666666667,174.25,21.675,970.565
2019-03-18 05:00:00,-13.123333333333333,36.93666666666666,166.56666666666666,20.30666666666667,970.77
2019-03-18 06:00:00,-12.526666666666667,32.876666666666665,165.1,23.11,971.3933333333333
2019-03-18 07:00:00,-12.020000000000001,33.348333333333336,160.76666666666668,23.215,971.6633333333334
2019-03-18 08:00:00,-10.988333333333333,34.47833333333333,150.88333333333333,24.246666666666666,971.6550000000001
2019-03-18 09:00:00,-10.098333333333333,36.82166666666667,146.11666666666667,22.755,971.7866666666666
2019-03-18 10:00:00,-9.07,40.585,133.15,18.168333333333333,971.7766666666666
2019-03-18 11:00:00,-8.208333333333334,43.355000000000004,106.96666666666667,13.745000000000001,971.8066666666666
2019-03-18 12:00:00,-7.846666666666667,43.56333333333334,95.5,14.71,971.9633333333334
2019-03-18 13:00:00,-8.103333333333333,48.475,93.88333333333334,16.56,972.0866666666667
2019-03-18 14:00:00,-8.218333333333332,51.46666666666667,107.61666666666666,12.521666666666667,971.9816666666667
2019-03-18 15:00:00,-8.209999999999999,50.35333333333333,104.78333333333333,13.345,971.8399999999999
2019-03-18 16:00:00,-8.51,51.88666666666666,98.98333333333333,13.995000000000001,972.0283333333333
2019-03-18 17:00:00,-8.816666666666666,51.98833333333334,97.26666666666667,16.826666666666668,972.2566666666667
2019-03-18 18:00:00,-8.978333333333333,54.711666666666666,105.96666666666667,13.288333333333332,972.5433333333333
2019-03-18 19:00:00,-8.785,52.401666666666664,102.9,19.540000000000003,972.55
2019-03-18 20:00:00,-10.128333333333334,62.07166666666667,91.5,21.676666666666666,973.16
2019-03-18 21:00:00,-10.45,65.83666666666666,93.16666666666667,15.568333333333333,973.4616666666666
2019-03-18 22:00:00,-9.623333333333333,62.515,90.86666666666666,18.69333333333333,973.425
2019-03-18 23:00:00,-9.28,60.275,96.16666666666667,16.148333333333333,973.7133333333334
2019-03-19 00:00:00,-9.083333333333334,59.888333333333335,107.06666666666666,14.941666666666666,973.6383333333334
2019-03-19 01:00:00,-9.188333333333333,66.43166666666667,121.81666666666666,17.748333333333335,973.3983333333333
2019-03-19 02:00:00,-9.141666666666667,65.915,122.76666666666667,19.279999999999998,973.1566666666666
2019-03-19 03:00:00,-9.05,64.08166666666666,124.51666666666667,21.873333333333335,972.8383333333333
2019-03-19 04:00:00,-8.901666666666667,62.71,123.85,21.283333333333335,972.8233333333334
2019-03-19 05:00:00,-8.706666666666667,59.586666666666666,124.7,22.33833333333333,973.1866666666666
2019-03-19 06:00:00,-8.386666666666667,55.91166666666666,126.28333333333333,23.9,973.36
2019-03-19 07:00:00,-7.948333333333333,55.01166666666666,124.66666666666667,22.188333333333333,973.4883333333333
2019-03-19 08:00:00,-7.488333333333333,56.306666666666665,128.11666666666667,24.408333333333335,973.3316666666666
2019-03-19 09:00:00,-6.67,53.915,127.1,24.283333333333335,973.2466666666667
2019-03-19 10:00:00,-6.156666666666666,52.38666666666666,126.08333333333333,23.83833333333333,973.0716666666667
2019-03-19 11:00:00,-5.793333333333334,50.25833333333333,130.08333333333334,24.296666666666667,972.8816666666667
2019-03-19 12:00:00,-5.47,47.181666666666665,124.1,22.34,972.7583333333333
2019-03-19 13:00:00,-5.3,47.583333333333336,123.4,19.458333333333332,972.6983333333334
2019-03-19 14:00:00,-5.323333333333333,48.96333333333334,118.43333333333334,18.475,972.4449999999999
2019-03-19 15:00:00,-5.513333333333334,51.52166666666667,111.73333333333333,16.83,972.6200000000001
2019-03-19 16:00:00,-6.016666666666667,58.583333333333336,110.68333333333334,15.353333333333333,972.6700000000001
2019-03-19 17:00:00,-5.806666666666667,52.64833333333333,110.41666666666667,13.998333333333333,972.625
2019-03-19 18:00:00,-5.4383333333333335,45.443333333333335,106.05,14.865,972.6583333333333
2019-03-19 19:00:00,-5.3566666666666665,44.04333333333333,120.96666666666667,15.270000000000001,972.675
2019-03-19 20:00:00,-5.92,47.480000000000004,136.41666666666666,15.873333333333333,972.56
2019-03-19 21:00:00,-5.463333333333334,40.419999999999995,126.96666666666667,16.565,972.3983333333333
2019-03-19 22:00:00,-5.921666666666667,40.77166666666667,136.0,18.398333333333333,972.4466666666667
2019-03-19 23:00:00,-6.5633333333333335,40.751666666666665,148.08333333333334,21.913333333333334,972.6483333333333
2019-03-20 00:00:00,-7.371666666666667,40.64,157.83333333333334,23.855,972.715
2019-03-20 01:00:00,-7.088333333333334,35.96,152.36666666666667,26.02,972.5933333333334
2019-03-20 02:00:00,-7.286666666666666,35.708333333333336,153.3,26.601666666666667,972.5866666666667
2019-03-20 03:00:00,-7.96,36.17166666666667,158.08333333333334,27.490000000000002,972.6200000000001
2019-03-20 04:00:00,-8.365,34.26833333333333,158.35,29.183333333333334,972.6533333333334
2019-03-20 05:00:00,-8.808333333333334,33.79,159.7,28.578333333333333,972.785
2019-03-20 06:00:00,-8.946666666666665,32.965,160.75,30.225,972.99
2019-03-20 07:00:00,-8.681666666666667,33.14666666666667,160.18333333333334,30.116666666666667,973.1033333333334
2019-03-20 08:00:00,-8.418333333333333,34.82333333333334,161.2,28.886666666666667,973.3383333333333
2019-03-20 09:00:00,-8.278333333333332,35.51,161.06666666666666,28.6,973.4283333333333
2019-03-20 10:00:00,-7.961666666666667,33.55833333333333,161.4,29.334999999999997,973.385
2019-03-20 11:00:00,-7.863333333333333,34.968333333333334,160.88333333333333,28.375,973.435
2019-03-20 12:00:00,-7.3149999999999995,32.193333333333335,161.36666666666667,25.695,973.465
2019-03-20 13:00:00,-7.569999999999999,38.06333333333334,165.7,18.89333333333333,973.275
2019-03-20 14:00:00,-7.823333333333334,37.93,167.25,19.16166666666667,973.0333333333333
2019-03-20 15:00:00,-8.145,36.144999999999996,170.16666666666666,20.176666666666666,972.7516666666667
2019-03-20 16:00:00,-8.526666666666667,35.025,167.9,20.78166666666667,972.7099999999999
2019-03-20 17:00:00,-9.198333333333332,35.75666666666667,168.46666666666667,20.555,972.7033333333334
2019-03-20 18:00:00,-9.82,35.71666666666667,172.16666666666666,22.003333333333334,972.63
2019-03-20 19:00:00,-9.766666666666667,36.098333333333336,174.28333333333333,22.205,972.4466666666667
2019-03-20 20:00:00,-9.69,36.72666666666667,173.2,22.06833333333333,972.1116666666666
2019-03-20 21:00:00,-9.756666666666666,37.59166666666667,172.81666666666666,20.868333333333332,971.8
2019-03-20 22:00:00,-9.243333333333334,39.193333333333335,171.8,18.81833333333333,971.5016666666667
2019-03-20 23:00:00,-8.346666666666668,41.27833333333333,170.25,17.85,971.0133333333334
2019-03-21 00:00:00,-7.4350000000000005,40.94833333333334,166.11666666666667,18.921666666666667,970.7266666666667
2019-03-21 01:00:00,-7.108333333333333,44.02166666666667,167.8,14.84,970.4283333333333
2019-03-21 02:00:00,-7.239999999999999,53.08833333333334,165.06666666666666,16.526666666666667,969.8283333333333
2019-03-21 03:00:00,-7.196666666666667,54.37166666666667,168.23333333333332,17.515,968.8183333333333
2019-03-21 04:00:00,-6.9766666666666675,60.961666666666666,164.15,17.475,968.2
2019-03-21 05:00:00,-6.898333333333334,62.62,163.65,16.725,967.6966666666667
2019-03-21 06:00:00,-6.558333333333334,62.99333333333333,157.28333333333333,18.58833333333333,967.05
2019-03-21 07:00:00,-6.223333333333333,63.538333333333334,152.23333333333332,20.305,966.49
2019-03-21 08:00:00,-6.003333333333333,63.568333333333335,152.63333333333333,18.765,965.9916666666667
2019-03-21 09:00:00,-5.651666666666667,59.33166666666667,161.58333333333334,16.788333333333334,965.1483333333333
2019-03-21 10:00:00,-5.138333333333334,53.765,150.06666666666666,15.685,964.7283333333332
2019-03-21 11:00:00,-4.761666666666667,61.623333333333335,134.9,17.83833333333333,964.0516666666666
2019-03-21 12:00:00,-5.073333333333333,67.185,148.1,19.638333333333332,963.5933333333334
2019-03-21 13:00:00,-4.668333333333334,68.16333333333334,142.91666666666666,18.776666666666664,963.0633333333334
2019-03-21 14:00:00,-4.165,68.53999999999999,126.63333333333334,14.371666666666666,962.7566666666667
2019-03-21 15:00:00,-4.213333333333334,73.75666666666666,123.61666666666666,12.741666666666667,962.4983333333333
2019-03-21 16:00:00,-4.243333333333333,76.71833333333333,121.16666666666667,12.771666666666667,962.2583333333333
2019-03-21 17:00:00,-3.941666666666667,72.33999999999999,124.85,16.578333333333333,961.9966666666667
2019-03-21 18:00:00,-4.145,72.84666666666666,117.58333333333333,13.921666666666665,962.2333333333333
2019-03-21 19:00:00,-4.405,76.87166666666667,109.83333333333333,16.211666666666666,962.705
2019-03-21 20:00:00,-5.2316666666666665,64.94166666666666,98.5,17.64333333333333,963.48
2019-03-21 21:00:00,-5.245,58.931666666666665,108.05,18.026666666666664,963.5
2019-03-21 22:00:00,-5.571666666666667,67.845,118.41666666666667,18.825,963.2883333333334
2019-03-21 23:00:00,-5.448333333333333,66.17833333333333,113.61666666666666,16.403333333333332,963.375
2019-03-22 00:00:00,-5.583333333333333,68.41666666666667,121.0,19.34333333333333,963.9716666666667
2019-03-22 01:00:00,-5.67,73.3,124.38333333333334,23.075,964.3766666666667
2019-03-22 02:00:00,-5.245,66.365,124.05,22.27,964.6783333333334
2019-03-22 03:00:00,-5.166666666666667,66.28333333333333,128.55,25.64333333333333,964.615
2019-03-22 04:00:00,-4.993333333333334,62.515,125.88333333333334,25.601666666666667,964.9266666666666
2019-03-22 05:00:00,-5.455,71.80666666666666,126.83333333333333,28.853333333333335,965.1133333333333
2019-03-22 06:00:00,-5.58,76.61166666666666,130.03333333333333,30.08,965.3449999999999
2019-03-22 07:00:00,-5.653333333333333,79.87166666666667,128.61666666666667,28.84333333333333,966.0916666666667
2019-03-22 08:00:00,-5.748333333333333,81.96499999999999,126.0,27.23166666666667,967.0083333333333
2019-03-22 09:00:00,-5.575,80.94666666666667,123.45,25.475,967.8
2019-03-22 10:00:00,-5.656666666666666,82.50666666666666,124.25,24.503333333333334,968.4283333333333
2019-03-22 11:00:00,-5.406666666666666,81.26666666666667,120.35,20.436666666666667,968.9699999999999
2019-03-22 12:00:00,-4.805000000000001,77.06166666666667,126.55,22.13,969.3833333333333
2019-03-22 13:00:00,-4.196666666666667,73.52833333333334,129.15,21.095000000000002,969.7766666666666
2019-03-22 14:00:00,-3.6233333333333335,69.11999999999999,130.3,22.075,969.8133333333333
2019-03-22 15:00:00,-3.295,66.51,140.71666666666667,20.834999999999997,969.935
2019-03-22 16:00:00,-2.981666666666667,63.394999999999996,148.15,19.846666666666668,970.1516666666666
2019-03-22 17:00:00,-2.9483333333333333,58.56666666666667,161.46666666666667,18.026666666666664,970.3683333333333
2019-03-22 18:00:00,-2.8266666666666667,51.736666666666665,163.15,16.566666666666666,970.52
2019-03-22 19:00:00,-2.375,44.715,161.2,16.205,970.7366666666666
2019-03-22 20:00:00,-2.558333333333333,42.60333333333333,154.91666666666666,17.33833333333333,970.9766666666667
2019-03-22 21:00:00,-2.9766666666666666,43.833333333333336,112.76666666666667,11.115,971.61
2019-03-22 22:00:00,-3.75,47.03666666666666,114.98333333333333,11.335,972.0616666666666
2019-03-22 23:00:00,-3.4699999999999998,40.35166666666667,142.4,14.411666666666667,972.2083333333334
2019-03-23 00:00:00,-3.4699999999999998,42.01833333333333,149.66666666666666,19.185,972.3783333333333
2019-03-23 01:00:00,-3.42,42.43,132.81666666666666,17.173333333333336,972.9150000000001
2019-03-23 02:00:00,-3.2766666666666664,42.05333333333333,124.58333333333333,16.976666666666667,973.26
2019-03-23 03:00:00,-3.203333333333333,43.465,122.96666666666667,18.908333333333335,973.0416666666666
2019-03-23 04:00:00,-3.045,43.769999999999996,125.31666666666666,19.473333333333336,973.0266666666666
2019-03-23 05:00:00,-3.058333333333333,45.61333333333334,126.1,21.956666666666667,972.6683333333333
2019-03-23 06:00:00,-2.8133333333333335,44.475,123.55,20.85,972.11
2019-03-23 07:00:00,-2.4866666666666664,44.875,121.11666666666666,19.371666666666666,971.6633333333334
2019-03-23 08:00:00,-2.19,46.14,128.65,25.115000000000002,970.8483333333334
2019-03-23 09:00:00,-2.0233333333333334,46.093333333333334,127.05,25.3,970.72
2019-03-23 10:00:00,-1.8527777777777779,45.23888888888889,75.6,25.405555555555555,970.4722222222222
2019-03-23 11:00:00,-1.625,45.36,121.3,22.01833333333333,970.2283333333332
2019-03-23 12:00:00,-1.8133333333333332,51.67166666666667,108.63333333333334,18.206666666666667,970.5566666666667
2019-03-23 13:00:00,-1.12,45.89666666666667,106.78333333333333,17.2,970.2816666666666
2019-03-23 14:00:00,-0.8633333333333333,42.405,106.61666666666666,15.635,970.0133333333334
2019-03-23 15:00:00,-1.4283333333333335,43.01,106.13333333333334,15.165,970.0366666666666
2019-03-23 16:00:00,-2.295,43.66833333333333,109.9,16.705,970.0433333333333
2019-03-23 17:00:00,-3.165,44.80833333333333,105.75,17.08833333333333,970.2266666666667
2019-03-23 18:00:00,-3.9050000000000002,49.080000000000005,107.8,15.173333333333334,969.9833333333333
2019-03-23 19:00:00,-4.263333333333334,46.416666666666664,104.11666666666666,18.078333333333333,970.1983333333334
2019-03-23 20:00:00,-4.55,44.12166666666667,100.46666666666667,19.57,970.5383333333334
2019-03-23 21:00:00,-4.551666666666667,42.218333333333334,103.06666666666666,18.98,970.1333333333333
2019-03-23 22:00:00,-4.7283333333333335,43.92166666666667,103.18333333333334,19.06833333333333,970.0616666666667
2019-03-23 23:00:00,-5.0649999999999995,45.325,105.08333333333333,16.346666666666668,969.6800000000001
2019-03-24 00:00:00,-5.0633333333333335,44.82833333333333,96.66666666666667,16.743333333333332,969.37
2019-03-24 01:00:00,-5.085,40.019999999999996,96.43333333333334,20.55,969.6483333333333
2019-03-24 02:00:00,-5.423333333333333,39.836666666666666,99.71666666666667,20.755,969.6966666666667
2019-03-24 03:00:00,-5.596666666666667,41.019999999999996,98.61666666666666,16.718333333333334,969.225
2019-03-24 04:00:00,-6.288333333333333,49.005,95.75,12.385,969.0483333333334
2019-03-24 05:00:00,-5.941666666666666,44.02166666666667,82.48333333333333,14.8,969.3283333333333
2019-03-24 06:00:00,-6.614999999999999,46.02333333333333,81.35,12.708333333333334,969.8833333333333
2019-03-24 07:00:00,-7.006666666666666,45.434999999999995,91.66666666666667,11.110000000000001,970.035
2019-03-24 08:00:00,-6.9366666666666665,46.02166666666667,85.83333333333333,13.761666666666667,969.5766666666666
2019-03-24 09:00:00,-6.845,44.48833333333334,87.56666666666666,19.89333333333333,969.43
2019-03-24 10:00:00,-6.538333333333333,44.71333333333334,104.15,18.58833333333333,969.0466666666666
2019-03-24 11:00:00,-6.086666666666667,43.17833333333333,109.13333333333334,20.95,968.3833333333333
2019-03-24 12:00:00,-6.25,45.55333333333333,109.13333333333334,21.295,968.1516666666666
2019-03-24 13:00:00,-6.431666666666667,46.01,107.83333333333333,22.57,968.0816666666667
2019-03-24 14:00:00,-6.613333333333333,45.825,108.66666666666667,20.636666666666667,967.9616666666666
2019-03-24 15:00:00,-6.828333333333333,44.505,110.21666666666667,18.493333333333332,967.9699999999999
2019-03-24 16:00:00,-7.206666666666666,44.223333333333336,117.91666666666667,21.016666666666666,967.7900000000001
2019-03-24 17:00:00,-7.475,43.093333333333334,119.0,22.225,967.8066666666667
2019-03-24 18:00:00,-7.636666666666667,42.60333333333333,121.63333333333334,21.65,967.9516666666666
2019-03-24 19:00:00,-7.54,40.5,122.51666666666667,22.716666666666665,968.1433333333333
2019-03-24 20:00:00,-7.825,40.44166666666667,123.8,23.715,968.1233333333333
2019-03-24 21:00:00,-7.925,38.861666666666665,122.13333333333334,23.051666666666666,968.15
2019-03-24 22:00:00,-8.52,41.41833333333333,122.43333333333334,24.575,968.205
2019-03-24 23:00:00,-8.398333333333333,40.30333333333333,125.16666666666667,28.58833333333333,968.0083333333333
2019-03-25 00:00:00,-8.346666666666668,39.49,126.95,28.121666666666666,968.0216666666668
2019-03-25 01:00:00,-8.226666666666667,40.59166666666667,127.66666666666667,27.076666666666664,968.1583333333333
2019-03-25 02:00:00,-7.961666666666667,39.266666666666666,129.58333333333334,27.526666666666664,968.075
2019-03-25 03:00:00,-7.760000000000001,36.74166666666667,128.33333333333334,26.53666666666667,968.2133333333334
2019-03-25 04:00:00,-7.335,33.76,131.1,22.740000000000002,968.065
2019-03-25 05:00:00,-7.756666666666666,34.223333333333336,128.61666666666667,22.636666666666667,968.6266666666667
2019-03-25 06:00:00,-8.028333333333332,32.395,126.46666666666667,19.466666666666665,969.36
2019-03-25 07:00:00,-7.3516666666666675,31.273333333333333,122.98333333333333,14.715,969.6366666666668
2019-03-25 08:00:00,-7.25,34.05,120.41666666666667,15.476666666666667,970.0383333333334
2019-03-25 09:00:00,-7.091666666666667,36.50833333333333,111.3,13.443333333333333,970.0066666666667
2019-03-25 10:00:00,-6.868333333333334,37.99666666666667,107.5,12.643333333333334,969.9216666666666
2019-03-25 11:00:00,-6.631666666666666,38.068333333333335,112.15,14.331666666666667,969.7866666666666
2019-03-25 12:00:00,-6.611666666666666,38.54666666666667,108.43333333333334,14.31,969.63
2019-03-25 13:00:00,-6.328333333333333,40.458333333333336,102.23333333333333,13.945,969.745
2019-03-25 14:00:00,-6.285,39.745,104.36666666666666,13.79,969.805
2019-03-25 15:00:00,-6.345,38.68333333333333,105.81666666666666,12.953333333333335,969.9283333333333
2019-03-25 16:00:00,-6.401666666666667,38.0,109.85,12.133333333333333,970.0166666666667
2019-03-25 17:00:00,-6.114999999999999,35.2,112.73333333333333,13.385,970.1766666666666
2019-03-25 18:00:00,-6.216666666666667,37.64333333333333,104.81666666666666,11.518333333333334,970.2133333333334
2019-03-25 19:00:00,-6.253333333333333,37.69666666666667,103.9,12.233333333333333,970.305
2019-03-25 20:00:00,-6.34,36.580000000000005,106.51666666666667,12.228333333333333,970.615
2019-03-25 21:00:00,-6.403333333333333,35.70666666666667,109.91666666666667,11.666666666666666,970.605
2019-03-25 22:00:00,-6.446666666666667,34.57,114.63333333333334,11.74,970.6816666666667
2019-03-25 23:00:00,-6.855,36.06333333333334,114.88333333333334,11.461666666666668,970.7616666666667
2019-03-26 00:00:00,-7.218333333333334,36.519999999999996,141.76666666666668,14.178333333333335,970.515
2019-03-26 01:00:00,-7.166666666666667,32.705,148.0,16.478333333333335,970.235
2019-03-26 02:00:00,-7.423333333333333,31.06,154.23333333333332,15.738333333333335,970.2833333333333
2019-03-26 03:00:00,-7.943333333333333,30.746666666666666,155.23333333333332,15.206666666666667,970.475
2019-03-26 04:00:00,-8.445,31.2,157.68333333333334,15.348333333333333,970.5300000000001
2019-03-26 05:00:00,-8.436666666666666,29.168333333333333,154.56666666666666,14.693333333333333,970.8783333333333
2019-03-26 06:00:00,-8.598333333333333,28.525,152.18333333333334,16.645,970.89
2019-03-26 07:00:00,-8.465,29.533333333333335,153.96666666666667,14.556666666666667,970.8299999999999
2019-03-26 08:00:00,-7.658333333333333,27.279999999999998,153.06666666666666,13.54,970.91
2019-03-26 09:00:00,-7.569999999999999,30.145,158.51666666666668,13.768333333333334,970.8766666666667
2019-03-26 10:00:00,-7.006666666666666,28.241666666666667,148.51666666666668,11.435,971.1583333333333
2019-03-26 11:00:00,-6.621666666666667,27.708333333333332,151.48333333333332,10.643333333333334,971.2416666666667
2019-03-26 12:00:00,-5.861666666666666,28.895,107.06666666666666,5.801666666666667,971.0966666666667
2019-03-26 13:00:00,-6.465,30.395,137.65,8.55,970.905
2019-03-26 14:00:00,-6.7683333333333335,30.75,137.01666666666668,8.255,970.9
2019-03-26 15:00:00,-7.489999999999999,33.89666666666667,150.21666666666667,7.855,971.0416666666666
2019-03-26 16:00:00,-8.066666666666666,37.415,152.13333333333333,4.1,970.8683333333333
2019-03-26 17:00:00,-9.158333333333333,40.708333333333336,211.83333333333334,4.9783333333333335,970.8266666666666
2019-03-26 18:00:00,-10.003333333333334,39.43333333333333,132.6,4.336666666666667,971.2
2019-03-26 19:00:00,-9.766666666666667,32.175,154.7,11.610000000000001,971.2616666666667
2019-03-26 20:00:00,-9.905,30.16166666666667,155.8,14.001666666666667,971.25
2019-03-26 21:00:00,-10.158333333333333,31.11,140.75,10.523333333333333,971.31
2019-03-26 22:00:00,-10.754999999999999,35.13166666666667,167.08333333333334,3.4683333333333333,971.0933333333334
2019-03-26 23:00:00,-11.686666666666667,35.251666666666665,195.3,11.403333333333334,971.1766666666666
2019-03-27 00:00:00,-10.711666666666668,28.038333333333334,150.13333333333333,16.718333333333334,971.455
2019-03-27 01:00:00,-10.983333333333333,29.775,139.58333333333334,15.415,971.4216666666667
2019-03-27 02:00:00,-11.178333333333335,30.038333333333334,160.35,14.678333333333335,970.9616666666666
2019-03-27 03:00:00,-11.351666666666667,29.223333333333336,157.21666666666667,14.925,971.075
2019-03-27 04:00:00,-11.261666666666667,28.82,145.66666666666666,14.205,971.3033333333333
2019-03-27 05:00:00,-10.885,26.94333333333333,146.71666666666667,10.025,970.8883333333332
2019-03-27 06:00:00,-11.768333333333334,29.51833333333333,161.4,14.938333333333333,971.2549999999999
2019-03-27 07:00:00,-10.208333333333334,25.959999999999997,154.61666666666667,11.341666666666667,971.4466666666667
2019-03-27 08:00:00,-9.586666666666668,26.961666666666666,142.3,12.276666666666667,971.525
2019-03-27 09:00:00,-8.468333333333334,28.008333333333333,121.21666666666667,8.686666666666667,971.4466666666667
2019-03-27 10:00:00,-6.9350000000000005,28.55666666666667,75.03333333333333,7.485,971.3333333333334
2019-03-27 11:00:00,-7.335,29.971666666666668,127.58333333333333,12.136666666666667,971.1
2019-03-27 12:00:00,-7.176666666666667,28.65,140.85,14.156666666666666,970.9166666666666
2019-03-27 13:00:00,-5.915,31.865000000000002,68.56666666666666,5.5633333333333335,970.9566666666667
2019-03-27 14:00:00,-7.081666666666666,32.02333333333333,126.3,10.856666666666666,970.795
2019-03-27 15:00:00,-7.748333333333334,31.055,150.16666666666666,20.746666666666666,970.5516666666666
2019-03-27 16:00:00,-7.786666666666666,28.651666666666664,147.38333333333333,22.009999999999998,970.6650000000001
2019-03-27 17:00:00,-8.406666666666666,28.546666666666667,151.03333333333333,21.108333333333334,971.1083333333333
2019-03-27 18:00:00,-8.983333333333333,29.271666666666665,159.68333333333334,21.205,971.36
2019-03-27 19:00:00,-9.04,29.105,157.26666666666668,21.096666666666668,971.57
2019-03-27 20:00:00,-9.178333333333335,29.311666666666667,157.8,25.13,971.495
2019-03-27 21:00:00,-9.778333333333334,32.33,156.63333333333333,28.31,971.495
2019-03-27 22:00:00,-9.985000000000001,34.388333333333335,163.86666666666667,27.611666666666668,971.6416666666667
2019-03-27 23:00:00,-10.004999999999999,34.19166666666667,163.88333333333333,25.81,971.9083333333333
2019-03-28 00:00:00,-9.975,33.123333333333335,158.35,28.35666666666667,971.8483333333334
2019-03-28 01:00:00,-9.751666666666667,33.098333333333336,164.8,27.288333333333334,971.5066666666667
2019-03-28 02:00:00,-10.211666666666668,38.10666666666667,168.41666666666666,28.375,971.0483333333334
2019-03-28 03:00:00,-9.898333333333333,38.419999999999995,165.01666666666668,29.071666666666665,970.6783333333334
2019-03-28 04:00:00,-9.646666666666667,38.39,164.25,30.85,970.4933333333333
2019-03-28 05:00:00,-9.541666666666666,38.72166666666667,160.73333333333332,33.416666666666664,970.505
2019-03-28 06:00:00,-9.32,37.635,159.2,33.751666666666665,970.4133333333333
2019-03-28 07:00:00,-9.264999999999999,38.655,157.28333333333333,32.266666666666666,970.1200000000001
2019-03-28 08:00:00,-8.854999999999999,37.715,156.53333333333333,30.255,970.1033333333334
2019-03-28 09:00:00,-8.355,37.138333333333335,156.45,31.685,969.8383333333333
2019-03-28 10:00:00,-7.875,36.64666666666667,156.21666666666667,31.68166666666667,969.385
2019-03-28 11:00:00,-7.655,38.61,155.65,28.928333333333335,968.7416666666667
2019-03-28 12:00:00,-7.338333333333334,39.175,145.9,25.05,968.375
2019-03-28 13:00:00,-7.0633333333333335,37.32333333333334,147.63333333333333,24.353333333333335,967.9183333333333
2019-03-28 14:00:00,-6.9,34.516666666666666,140.93333333333334,21.793333333333333,967.3466666666667
2019-03-28 15:00:00,-6.961666666666667,33.27,132.4,20.566666666666666,967.1650000000001
2019-03-28 16:00:00,-7.475,32.593333333333334,139.05,19.578333333333333,966.6333333333333
2019-03-28 17:00:00,-8.139999999999999,33.3,141.88333333333333,20.026666666666664,966.2533333333333
2019-03-28 18:00:00,-8.298333333333334,33.903333333333336,148.15,20.540000000000003,965.8266666666666
2019-03-28 19:00:00,-8.851666666666667,37.855000000000004,135.8,19.303333333333335,965.4466666666667
2019-03-28 20:00:00,-8.408333333333333,33.645,130.51666666666668,17.705,965.1466666666668
2019-03-28 21:00:00,-8.951666666666666,35.48833333333334,150.05,17.505,964.9150000000001
2019-03-28 22:00:00,-8.648333333333333,33.516666666666666,142.35,19.59333333333333,964.4083333333333
2019-03-28 23:00:00,-9.3,37.39,140.21666666666667,21.238333333333333,963.7216666666667
2019-03-29 00:00:00,-8.731666666666666,35.37,142.81666666666666,21.003333333333334,963.2033333333333
2019-03-29 01:00:00,-8.131666666666666,32.345,148.61666666666667,27.448333333333334,962.3199999999999
2019-03-29 02:00:00,-8.201666666666666,34.07666666666667,152.88333333333333,28.956666666666667,961.605
2019-03-29 03:00:00,-8.216666666666667,34.28,158.88333333333333,27.740000000000002,960.8616666666666
2019-03-29 04:00:00,-8.125,34.035,155.05,25.348333333333336,960.5233333333333
2019-03-29 05:00:00,-8.073333333333332,34.026666666666664,155.18333333333334,26.116666666666667,959.9216666666667
2019-03-29 06:00:00,-7.0649999999999995,29.496666666666666,161.45,20.853333333333335,959.2466666666667
2019-03-29 07:00:00,-7.03,33.608333333333334,161.93333333333334,24.368333333333332,959.1666666666666
2019-03-29 08:00:00,-6.595,32.998333333333335,151.41666666666666,32.126666666666665,958.5116666666667
2019-03-29 09:00:00,-6.220000000000001,32.975,101.23333333333333,30.060000000000002,957.96
2019-03-29 10:00:00,-5.3100000000000005,30.751666666666665,155.5,20.545,958.0083333333333
2019-03-29 11:00:00,-5.111666666666666,31.58,154.51666666666668,18.515,958.1266666666667
2019-03-29 12:00:00,-4.886666666666667,30.788333333333334,158.78333333333333,17.206666666666667,958.09
2019-03-29 13:00:00,-4.6850000000000005,29.065,157.81666666666666,13.305,958.0383333333334
2019-03-29 14:00:00,-5.048333333333333,30.11,143.76666666666668,18.166666666666668,957.8633333333333
2019-03-29 15:00:00,-6.391666666666667,34.83166666666667,117.75,9.696666666666665,958.2933333333333
2019-03-29 16:00:00,-7.183333333333334,34.39833333333333,149.06666666666666,21.103333333333335,958.2233333333334
2019-03-29 17:00:00,-7.835,34.01,154.38333333333333,24.823333333333334,958.6116666666666
2019-03-29 18:00:00,-8.528333333333332,34.01166666666667,153.81666666666666,25.258333333333333,959.3266666666666
2019-03-29 19:00:00,-9.441666666666666,36.165,150.3,20.686666666666667,960.1966666666667
2019-03-29 20:00:00,-9.45,32.05166666666666,134.95,16.71,960.9566666666667
2019-03-29 21:00:00,-9.736666666666668,29.046666666666667,129.13333333333333,19.779999999999998,961.38
2019-03-29 22:00:00,-10.611666666666668,32.526666666666664,134.1,22.278333333333332,962.0550000000001
2019-03-29 23:00:00,-11.065,32.40833333333333,139.08333333333334,20.845000000000002,962.7566666666667
2019-03-30 00:00:00,-11.483333333333333,31.605,145.65,21.71833333333333,963.1816666666667
2019-03-30 01:00:00,-11.608333333333333,31.01833333333333,148.61666666666667,21.13,963.5583333333333
2019-03-30 02:00:00,-11.668333333333333,29.061666666666667,158.31666666666666,22.546666666666667,963.7016666666666
2019-03-30 03:00:00,-11.641666666666667,28.209999999999997,159.21666666666667,24.965,963.8983333333333
2019-03-30 04:00:00,-12.166666666666666,31.176666666666666,167.1,26.945,964.08
2019-03-30 05:00:00,-12.398333333333333,32.516666666666666,169.11666666666667,24.834999999999997,964.61
2019-03-30 06:00:00,-12.185,30.93,162.73333333333332,26.228333333333335,964.8549999999999
2019-03-30 07:00:00,-11.898333333333333,31.98,166.75,26.491666666666667,965.2583333333333
2019-03-30 08:00:00,-11.59,33.733333333333334,163.93333333333334,25.196666666666665,965.51
2019-03-30 09:00:00,-10.885,34.27833333333333,154.98333333333332,25.32,965.69
2019-03-30 10:00:00,-10.343333333333334,35.07666666666667,156.93333333333334,23.408333333333335,965.9983333333333
2019-03-30 11:00:00,-10.016666666666667,35.21333333333334,163.98333333333332,18.648333333333333,966.1166666666667
2019-03-30 12:00:00,-9.901666666666667,35.74,163.96666666666667,17.959999999999997,966.2783333333333
2019-03-30 13:00:00,-9.753333333333334,35.34666666666667,164.66666666666666,18.35,966.2883333333333
2019-03-30 14:00:00,-9.604999999999999,34.16166666666666,163.28333333333333,19.126666666666665,966.3116666666666
2019-03-30 15:00:00,-10.004999999999999,33.955,164.6,18.658333333333335,966.285
2019-03-30 16:00:00,-10.758333333333333,34.24666666666667,170.78333333333333,18.011666666666667,966.2816666666666
2019-03-30 17:00:00,-11.233333333333333,32.77,168.91666666666666,20.05666666666667,966.5666666666667
2019-03-30 18:00:00,-10.933333333333334,30.171666666666667,167.3,21.938333333333333,966.9116666666666
2019-03-30 19:00:00,-11.528333333333334,33.06666666666667,171.95,20.863333333333333,967.1650000000001
2019-03-30 20:00:00,-11.895000000000001,33.09166666666667,171.86666666666667,21.111666666666668,967.4766666666667
2019-03-30 21:00:00,-11.613333333333333,30.478333333333335,164.53333333333333,26.326666666666664,967.9150000000001
2019-03-30 22:00:00,-12.018333333333334,31.815,172.73333333333332,27.31833333333333,968.59
2019-03-30 23:00:00,-12.604999999999999,34.18833333333334,169.63333333333333,26.316666666666666,969.16
2019-03-31 00:00:00,-12.725,34.18,173.85,26.525,969.65
2019-03-31 01:00:00,-12.811666666666667,34.21666666666667,173.03333333333333,24.916666666666668,969.9883333333333
2019-03-31 02:00:00,-12.196666666666665,32.72833333333333,174.9,24.653333333333332,969.865
2019-03-31 03:00:00,-12.44,33.61833333333333,169.13333333333333,22.868333333333332,969.685
2019-03-31 04:00:00,-12.673333333333334,33.44833333333333,172.23333333333332,21.65666666666667,969.8216666666666
2019-03-31 05:00:00,-12.943333333333333,33.208333333333336,177.93333333333334,22.205,969.8533333333332
2019-03-31 06:00:00,-12.706666666666667,32.61333333333333,171.05,22.561666666666667,969.875
2019-03-31 07:00:00,-11.516666666666667,29.821666666666665,165.88333333333333,25.203333333333333,969.77
2019-03-31 08:00:00,-11.171666666666665,31.945,163.8,24.14,969.6983333333334
2019-03-31 09:00:00,-10.108333333333333,30.003333333333334,159.36666666666667,23.505,969.7066666666667
2019-03-31 10:00:00,-10.061666666666667,32.17166666666667,157.55,23.416666666666668,969.81
2019-03-31 11:00:00,-9.635,33.26833333333333,151.55,21.201666666666664,969.8733333333333
2019-03-31 12:00:00,-9.233333333333333,33.35,147.16666666666666,19.328333333333333,969.73
2019-03-31 13:00:00,-8.773333333333333,32.52333333333333,149.38333333333333,19.028333333333332,969.2683333333333
2019-03-31 14:00:00,-8.848333333333333,34.32833333333333,148.46666666666667,18.98166666666667,968.7
2019-03-31 15:00:00,-8.99,39.181666666666665,138.16666666666666,16.421666666666667,968.4966666666667
2019-03-31 16:00:00,-9.463333333333333,39.055,138.4,18.255,968.2633333333334
2019-03-31 17:00:00,-9.458333333333334,36.97166666666667,130.6,15.295,968.215
2019-03-31 18:00:00,-9.421666666666665,32.70666666666667,127.68333333333334,18.665000000000003,967.7033333333333
2019-03-31 19:00:00,-9.685,34.535,130.38333333333333,20.196666666666665,967.4966666666667
2019-03-31 20:00:00,-9.191666666666666,31.248333333333335,128.75,22.111666666666668,966.9733333333334
2019-03-31 21:00:00,-8.981666666666666,32.901666666666664,120.8,18.986666666666668,966.9666666666667
2019-03-31 22:00:00,-9.201666666666666,35.00833333333333,117.81666666666666,18.453333333333333,966.8516666666667
2019-03-31 23:00:00,-9.165,36.305,106.51666666666667,18.904999999999998,966.8733333333333
2019-04-01 00:00:00,-9.05,36.190000000000005,120.7,21.251666666666665,965.81
2019-04-01 01:00:00,-8.986666666666668,36.16,116.83333333333333,20.745,965.3466666666666
2019-04-01 02:00:00,-8.99,36.25666666666667,112.2,21.946666666666665,964.685
2019-04-01 03:00:00,-9.360000000000001,36.391666666666666,118.26666666666667,21.618333333333332,964.0933333333334
2019-04-01 04:00:00,-9.646666666666667,38.02166666666667,129.16666666666666,16.945,963.715
2019-04-01 05:00:00,-9.433333333333334,37.47833333333333,117.66666666666667,21.84333333333333,963.5616666666667
2019-04-01 06:00:00,-8.905,35.3,118.48333333333333,21.866666666666667,963.5666666666667
2019-04-01 07:00:00,-8.694999999999999,33.85333333333333,118.53333333333333,23.278333333333332,963.5033333333333
2019-04-01 08:00:00,-8.316666666666666,30.375,121.73333333333333,25.381666666666668,963.5166666666667
2019-04-01 09:00:00,-8.05,30.154999999999998,123.38333333333334,26.17,963.5816666666667
2019-04-01 10:00:00,-7.9,31.483333333333334,121.25,22.816666666666666,963.7033333333333
2019-04-01 11:00:00,-7.8966666666666665,31.89,118.6,23.966666666666665,963.895
2019-04-01 12:00:00,-7.761666666666667,30.96833333333333,118.66666666666667,25.53666666666667,963.4966666666667
2019-04-01 13:00:00,-7.416666666666667,30.243333333333332,119.8,27.621666666666666,962.9816666666667
2019-04-01 14:00:00,-7.096666666666667,29.848333333333336,120.75,27.511666666666667,962.9216666666667
2019-04-01 15:00:00,-7.016666666666667,29.063333333333333,123.08333333333333,27.5,963.3050000000001
2019-04-01 16:00:00,-7.001666666666667,29.691666666666666,121.73333333333333,25.82,963.7483333333333
2019-04-01 17:00:00,-7.1466666666666665,34.80333333333333,124.8,26.745,964.1800000000001
2019-04-01 18:00:00,-7.54,40.06666666666667,120.88333333333334,26.116666666666667,964.725
2019-04-01 19:00:00,-7.9816666666666665,48.65,125.21666666666667,29.15666666666667,964.7966666666666
2019-04-01 20:00:00,-7.636666666666667,44.318333333333335,125.85,30.98166666666667,965.0433333333333
2019-04-01 21:00:00,-7.319999999999999,38.665,121.98333333333333,26.946666666666665,965.44
2019-04-01 22:00:00,-7.171666666666667,38.20333333333333,124.3,27.9,965.7583333333333
2019-04-01 23:00:00,-7.151666666666666,37.91166666666666,125.3,28.183333333333334,965.8783333333333
2019-04-02 00:00:00,-7.165,37.22833333333333,122.96666666666667,26.16,965.9716666666667
2019-04-02 01:00:00,-7.091666666666667,39.80166666666666,125.85,29.176666666666666,965.9683333333334
2019-04-02 02:00:00,-7.371666666666667,45.78333333333333,123.46666666666667,27.225,966.1949999999999
2019-04-02 03:00:00,-7.096666666666667,42.20333333333333,121.68333333333334,24.34333333333333,966.35
2019-04-02 04:00:00,-6.828333333333333,38.21,121.46666666666667,24.395,966.3299999999999
2019-04-02 05:00:00,-6.73,37.10666666666667,119.45,22.195,966.4483333333334
2019-04-02 06:00:00,-6.926666666666667,42.01833333333333,124.65,24.853333333333335,966.5633333333334
2019-04-02 07:00:00,-6.7316666666666665,41.09666666666667,130.91666666666666,26.131666666666668,966.5283333333333
2019-04-02 08:00:00,-6.243333333333334,34.72166666666667,131.65,25.33833333333333,966.3349999999999
2019-04-02 09:00:00,-5.693333333333333,27.279999999999998,123.68333333333334,23.618333333333332,966.3783333333333
2019-04-02 10:00:00,-6.156666666666666,27.5,118.9,21.551666666666666,966.4616666666666
2019-04-02 11:00:00,-6.555000000000001,28.886666666666667,122.25,20.334999999999997,966.5183333333333
2019-04-02 12:00:00,-6.413333333333333,27.535,121.46666666666667,19.31833333333333,966.3866666666667
2019-04-02 13:00:00,-6.418333333333334,28.533333333333335,123.66666666666667,20.078333333333333,966.0516666666666
2019-04-02 14:00:00,-6.593333333333334,28.578333333333333,117.08333333333333,17.98166666666667,965.9366666666666
2019-04-02 15:00:00,-7.0649999999999995,29.763333333333332,127.6,19.915000000000003,965.535
2019-04-02 16:00:00,-8.113333333333333,33.42333333333333,138.4,21.03666666666667,964.9833333333333
2019-04-02 17:00:00,-8.34,32.61666666666667,139.08333333333334,21.896666666666665,964.5466666666667
2019-04-02 18:00:00,-8.938333333333333,32.87833333333334,147.48333333333332,24.508333333333333,964.4666666666667
2019-04-02 19:00:00,-8.603333333333333,30.116666666666667,149.1,25.716666666666665,964.2116666666666
2019-04-02 20:00:00,-8.716666666666667,32.266666666666666,143.9,21.188333333333333,964.44
2019-04-02 21:00:00,-8.741666666666667,30.316666666666666,150.48333333333332,23.491666666666667,964.3016666666666
2019-04-02 22:00:00,-9.299999999999999,32.630303030303025,89.26666666666667,27.118181818181817,963.7969696969697
2019-04-02 23:00:00,-9.372881355932204,33.02033898305085,152.93333333333334,27.25762711864407,963.9271186440677
2019-04-03 00:00:00,-8.841666666666667,31.52,146.15,25.158333333333335,963.9366666666666
2019-04-03 01:00:00,-8.526666666666667,30.826666666666664,145.7,24.445,963.6383333333334
2019-04-03 02:00:00,-8.601666666666667,31.426666666666666,147.13333333333333,26.146666666666665,963.1916666666667
2019-04-03 03:00:00,-9.168333333333333,33.93333333333333,155.93333333333334,28.691666666666666,962.8716666666667
2019-04-03 04:00:00,-9.378333333333334,35.291666666666664,159.0,30.14333333333333,962.7166666666667
2019-04-03 05:00:00,-8.841666666666667,34.80333333333333,153.78333333333333,27.616666666666667,962.9233333333334
2019-04-03 06:00:00,-8.348333333333333,34.54,149.6,26.826666666666664,963.1333333333333
2019-04-03 07:00:00,-8.351666666666667,34.85666666666667,149.38333333333333,27.641666666666666,963.255
2019-04-03 08:00:00,-8.32,36.57833333333333,144.8,23.758333333333333,963.5933333333334
2019-04-03 09:00:00,-8.366666666666667,39.99666666666667,145.05,20.886666666666667,963.8833333333333
2019-04-03 10:00:00,-8.043333333333333,37.59166666666667,146.05,23.30666666666667,963.8583333333333
2019-04-03 11:00:00,-7.701666666666667,38.015,142.56666666666666,19.973333333333336,964.01
2019-04-03 12:00:00,-7.278333333333333,36.175,142.41666666666666,18.8,964.2483333333333
2019-04-03 13:00:00,-6.930000000000001,33.778333333333336,141.8,20.73166666666667,964.0016666666667
2019-04-03 14:00:00,-7.203333333333333,34.54333333333333,147.86666666666667,22.916666666666668,963.76
2019-04-03 15:00:00,-7.333333333333333,31.433333333333334,149.15,23.551666666666666,963.8
2019-04-03 16:00:00,-7.471666666666667,28.45,152.86666666666667,24.64333333333333,963.7766666666666
2019-04-03 17:00:00,-8.55,31.91166666666667,159.53333333333333,22.81,964.2033333333333
2019-04-03 18:00:00,-9.068333333333333,30.235,161.01666666666668,26.575,964.4483333333334
2019-04-03 19:00:00,-9.316666666666666,28.490000000000002,164.16666666666666,27.154999999999998,964.7133333333334
2019-04-03 20:00:00,-9.741666666666667,28.523333333333333,159.23333333333332,28.425,965.0666666666667
2019-04-03 21:00:00,-10.121666666666666,30.361666666666668,164.93333333333334,27.545,965.2100000000002
2019-04-03 22:00:00,-10.166666666666666,29.438333333333333,158.73333333333332,28.128333333333334,965.36
2019-04-03 23:00:00,-10.446666666666665,27.295,157.95,28.01833333333333,965.565
2019-04-04 00:00:00,-10.693333333333333,26.995,167.38333333333333,25.83833333333333,965.4733333333334
2019-04-04 01:00:00,-10.953333333333335,28.028333333333332,162.31666666666666,25.516666666666666,965.3183333333333
2019-04-04 02:00:00,-11.053333333333335,26.866666666666667,163.3,27.08833333333333,965.0216666666668
2019-04-04 03:00:00,-11.221666666666666,27.381666666666668,168.03333333333333,25.748333333333335,964.8116666666666
2019-04-04 04:00:00,-11.68,29.33833333333333,165.48333333333332,23.93166666666667,964.7483333333333
2019-04-04 05:00:00,-12.128333333333334,29.71833333333333,163.96666666666667,23.53666666666667,964.9216666666666
2019-04-04 06:00:00,-12.181666666666667,29.415000000000003,171.53333333333333,22.301666666666666,965.3233333333334
2019-04-04 07:00:00,-12.075,29.665000000000003,167.46666666666667,20.10666666666667,965.7866666666666
2019-04-04 08:00:00,-11.610000000000001,28.475,160.56666666666666,16.5,966.1516666666666
2019-04-04 09:00:00,-10.743333333333334,29.321666666666665,88.33333333333333,6.989999999999999,966.6216666666667
2019-04-04 10:00:00,-10.273333333333333,31.855,143.93333333333334,4.226666666666667,966.9283333333333
2019-04-04 11:00:00,-9.54,30.646666666666665,76.06666666666666,10.073333333333332,966.975
2019-04-04 12:00:00,-9.375,32.04666666666667,78.26666666666667,7.461666666666667,967.0316666666666
2019-04-04 13:00:00,-10.141666666666667,34.68,110.3,4.961666666666667,967.0733333333334
2019-04-04 14:00:00,-10.703333333333331,36.55833333333333,96.55,8.738333333333333,967.36
2019-04-04 15:00:00,-12.023333333333333,42.794999999999995,103.15,7.316666666666666,967.57
2019-04-04 16:00:00,-12.411666666666667,37.12833333333333,127.16666666666667,7.081666666666666,967.8266666666666
2019-04-04 17:00:00,-12.658333333333333,30.46833333333333,165.08333333333334,13.236666666666668,967.9066666666666
2019-04-04 18:00:00,-12.701666666666666,27.793333333333333,160.58333333333334,19.55,968.1766666666666
2019-04-04 19:00:00,-12.798333333333334,26.743333333333332,159.83333333333334,20.565,968.5849999999999
2019-04-04 20:00:00,-12.558333333333334,26.10666666666667,168.58333333333334,21.205,968.8133333333333
2019-04-04 21:00:00,-12.711666666666668,26.098333333333336,163.26666666666668,21.586666666666666,968.8433333333334
2019-04-04 22:00:00,-12.604999999999999,28.571666666666665,160.11666666666667,22.81,968.6983333333334
2019-04-04 23:00:00,-11.848333333333333,31.123333333333335,156.91666666666666,22.83833333333333,968.72
2019-04-05 00:00:00,-11.381666666666666,33.781666666666666,163.0,21.5,968.5683333333333
2019-04-05 01:00:00,-11.169999999999998,34.9,164.31666666666666,23.741666666666667,968.1666666666666
2019-04-05 02:00:00,-11.033333333333333,35.708333333333336,163.78333333333333,25.43,967.7216666666667
2019-04-05 03:00:00,-10.871666666666668,35.75833333333333,161.3,24.58833333333333,967.495
2019-04-05 04:00:00,-10.588333333333333,37.641666666666666,165.83333333333334,23.418333333333333,967.2766666666666
2019-04-05 05:00:00,-10.133333333333333,38.861666666666665,163.73333333333332,17.53166666666667,967.4599999999999
2019-04-05 06:00:00,-10.298333333333334,41.105000000000004,166.66666666666666,18.715,967.4066666666666
2019-04-05 07:00:00,-10.225,46.019999999999996,150.65,19.07,967.35
2019-04-05 08:00:00,-9.791666666666666,45.845,147.21666666666667,22.346666666666668,967.0533333333333
2019-04-05 09:00:00,-9.3,42.72833333333333,141.48333333333332,18.858333333333334,966.8233333333333
2019-04-05 10:00:00,-8.796666666666665,42.568333333333335,131.58333333333334,17.966666666666665,966.7716666666668
2019-04-05 11:00:00,-8.453333333333333,44.123333333333335,133.06666666666666,18.501666666666665,966.5849999999999
2019-04-05 12:00:00,-8.226666666666667,44.916666666666664,129.65,16.13,966.5083333333333
2019-04-05 13:00:00,-8.001666666666667,42.57666666666667,123.58333333333333,17.435,966.1316666666667
2019-04-05 14:00:00,-8.201666666666666,46.61666666666667,119.38333333333334,16.00166666666667,965.9449999999999
2019-04-05 15:00:00,-8.758333333333333,59.055,124.08333333333333,18.196666666666665,965.7683333333333
2019-04-05 16:00:00,-9.126666666666667,69.16833333333334,127.96666666666667,19.051666666666666,965.625
2019-04-05 17:00:00,-9.181666666666667,69.685,128.11666666666667,19.459999999999997,965.7883333333333
2019-04-05 18:00:00,-9.025,62.46666666666667,121.8,18.456666666666667,965.7283333333332
2019-04-05 19:00:00,-8.543333333333333,50.325,116.41666666666667,16.746666666666666,965.24
2019-04-05 20:00:00,-8.373333333333333,47.575,118.05,16.916666666666668,964.6883333333334
2019-04-05 21:00:00,-8.436666666666666,52.88666666666666,124.43333333333334,17.311666666666667,964.3366666666666
2019-04-05 22:00:00,-8.776666666666667,55.480000000000004,130.66666666666666,17.061666666666667,963.8516666666667
2019-04-05 23:00:00,-9.145000000000001,60.04833333333333,137.28333333333333,17.711666666666666,963.485
2019-04-06 00:00:00,-9.358333333333333,59.47833333333333,141.38333333333333,18.69,963.0616666666666
2019-04-06 01:00:00,-9.406666666666666,55.445,146.51666666666668,19.41,962.32
2019-04-06 02:00:00,-9.669999999999998,59.08166666666667,150.5,21.81,961.8616666666666
2019-04-06 03:00:00,-9.711666666666666,56.35,154.86666666666667,21.791666666666668,961.45
2019-04-06 04:00:00,-9.168333333333333,47.10666666666667,153.26666666666668,19.691666666666666,961.09
2019-04-06 05:00:00,-8.901666666666667,43.66166666666666,150.15,19.828333333333333,960.5466666666667
2019-04-06 06:00:00,-8.81,40.16,153.58333333333334,19.811666666666667,960.3816666666667
2019-04-06 07:00:00,-9.026666666666667,41.845,154.0,19.511666666666667,960.2233333333334
2019-04-06 08:00:00,-9.181666666666667,43.916666666666664,151.1,21.703333333333333,959.7966666666667
2019-04-06 09:00:00,-9.035,43.788333333333334,154.08333333333334,20.42,959.395
2019-04-06 10:00:00,-8.55,41.605000000000004,141.9,17.528333333333332,959.2583333333333
2019-04-06 11:00:00,-8.926666666666668,45.906666666666666,139.06666666666666,14.696666666666665,959.0083333333333
2019-04-06 12:00:00,-8.868333333333334,41.413333333333334,146.9,18.381666666666668,958.7983333333334
2019-04-06 13:00:00,-8.729999999999999,39.805,156.28333333333333,11.975,959.0233333333333
2019-04-06 14:00:00,-9.428333333333335,38.71,163.23333333333332,9.703333333333335,958.9183333333333
2019-04-06 15:00:00,-9.485294117647058,36.252941176470586,86.8,10.702941176470588,958.6823529411765
2019-04-06 16:00:00,-10.268333333333334,38.406666666666666,163.45,9.451666666666666,958.8216666666667
2019-04-06 17:00:00,-10.318333333333333,40.156666666666666,178.68333333333334,2.05,959.3633333333333
2019-04-06 18:00:00,-11.108333333333333,44.211666666666666,172.68333333333334,4.578333333333333,959.9050000000001
2019-04-06 19:00:00,-11.723333333333333,35.805,170.51666666666668,10.953333333333335,960.2366666666668
2019-04-06 20:00:00,-12.813333333333333,36.9,180.66666666666666,16.21,960.1166666666667
2019-04-06 21:00:00,-12.046666666666665,35.080000000000005,177.43333333333334,16.938333333333333,960.0933333333334
2019-04-06 22:00:00,-13.221666666666666,39.541666666666664,176.88333333333333,18.38,960.3233333333333
2019-04-06 23:00:00,-13.223333333333333,39.806666666666665,173.0,19.965,960.5300000000001
2019-04-07 00:00:00,-13.04,40.86833333333333,171.58333333333334,20.436666666666667,960.8683333333333
2019-04-07 01:00:00,-13.161666666666667,41.345,174.05,20.683333333333334,961.215
2019-04-07 02:00:00,-13.198333333333332,41.11833333333333,170.78333333333333,20.748333333333335,961.4866666666666
2019-04-07 03:00:00,-12.186666666666667,41.693333333333335,171.45,20.76833333333333,962.0583333333333
2019-04-07 04:00:00,-10.838333333333333,47.45,173.46666666666667,18.875,962.605
2019-04-07 05:00:00,-10.115,43.876666666666665,152.13333333333333,20.223333333333336,963.2916666666666
2019-04-07 06:00:00,-10.213333333333333,47.245,149.2,20.026666666666664,964.1133333333333
2019-04-07 07:00:00,-10.078333333333335,47.769999999999996,156.5,18.728333333333335,964.4916666666667
2019-04-07 08:00:00,-9.906666666666666,39.77166666666667,138.21666666666667,18.126666666666665,964.8766666666667
2019-04-07 09:00:00,-10.34,41.87166666666667,147.65,20.255,965.5483333333334
2019-04-07 10:00:00,-9.256666666666666,44.475,87.26666666666667,14.514999999999999,966.44
2019-04-07 11:00:00,-10.264999999999999,49.79333333333333,106.4,13.925,966.7383333333333
2019-04-07 12:00:00,-9.773333333333333,52.666666666666664,114.56666666666666,15.433333333333334,966.7866666666666
2019-04-07 13:00:00,-9.719999999999999,54.888333333333335,103.63333333333334,18.001666666666665,966.8216666666666
2019-04-07 14:00:00,-10.136666666666665,58.65833333333333,94.05,16.011666666666667,967.07
2019-04-07 15:00:00,-10.211666666666666,57.60666666666667,85.96666666666667,18.516666666666666,967.5166666666667
2019-04-07 16:00:00,-10.378333333333334,58.165,84.88333333333334,17.038333333333334,968.1366666666667
2019-04-07 17:00:00,-10.35,58.705000000000005,96.48333333333333,13.71,968.7033333333333
2019-04-07 18:00:00,-10.551666666666668,61.50333333333333,111.85,14.188333333333333,969.0033333333333
2019-04-07 19:00:00,-10.856666666666666,63.73166666666667,127.0,19.173333333333336,969.1566666666666
2019-04-07 20:00:00,-10.608333333333333,62.791666666666664,125.65,20.141666666666666,969.3199999999999
2019-04-07 21:00:00,-10.411666666666667,58.49,124.58333333333333,23.336666666666666,969.2833333333333
2019-04-07 22:00:00,-10.264999999999999,52.305,127.06666666666666,20.398333333333333,969.4683333333334
2019-04-07 23:00:00,-10.370000000000001,50.36333333333334,136.18333333333334,15.033333333333333,969.6316666666667
2019-04-08 00:00:00,-10.46,52.443333333333335,137.96666666666667,16.918333333333333,969.715
2019-04-08 01:00:00,-10.578333333333331,53.32333333333334,130.15,20.651666666666664,969.7133333333334
2019-04-08 02:00:00,-10.643333333333334,56.22833333333333,122.6,24.126666666666665,969.7266666666667
2019-04-08 03:00:00,-10.811666666666667,57.82,124.63333333333334,26.158333333333335,969.8233333333334
2019-04-08 04:00:00,-10.875,57.71,125.46666666666667,27.103333333333335,969.7483333333333
2019-04-08 05:00:00,-11.29,70.33,128.76666666666668,24.816666666666666,969.8283333333333
2019-04-08 06:00:00,-10.95,58.77333333333333,135.15,22.41,970.0783333333333
2019-04-08 07:00:00,-10.855,55.67833333333333,132.65,24.788333333333334,970.3016666666666
2019-04-08 08:00:00,-10.636666666666665,49.82166666666667,136.96666666666667,26.513333333333332,970.4766666666667
2019-04-08 09:00:00,-10.508333333333333,48.14833333333333,137.2,28.17,970.6016666666667
2019-04-08 10:00:00,-10.318333333333333,48.41,138.5,28.39333333333333,970.325
2019-04-08 11:00:00,-10.5,53.99333333333333,147.33333333333334,27.456666666666667,970.3833333333333
2019-04-08 12:00:00,-10.311666666666667,53.95,157.75,23.611666666666668,970.1516666666666
2019-04-08 13:00:00,-9.945,54.458333333333336,135.58333333333334,25.351666666666667,970.2533333333333
2019-04-08 14:00:00,-10.106666666666666,59.36333333333334,130.0,27.66,969.8683333333333
2019-04-08 15:00:00,-10.458333333333334,69.31166666666667,134.58333333333334,27.476666666666667,969.5333333333333
2019-04-08 16:00:00,-10.835,78.69833333333332,133.68333333333334,27.884999999999998,969.43
2019-04-08 17:00:00,-10.621666666666668,76.35666666666665,134.4,25.459999999999997,969.5216666666668
2019-04-08 18:00:00,-10.261666666666665,72.11333333333333,134.95,23.27,969.7566666666667
2019-04-08 19:00:00,-10.186666666666666,78.125,130.46666666666667,25.041666666666668,969.8333333333334
2019-04-08 20:00:00,-10.183333333333334,81.1,133.51666666666668,24.436666666666667,969.4766666666667
2019-04-08 21:00:00,-9.961666666666668,78.38333333333334,131.56666666666666,23.195,969.1966666666667
2019-04-08 22:00:00,-9.698333333333332,71.83666666666666,139.53333333333333,23.76833333333333,968.8283333333333
2019-04-08 23:00:00,-9.641666666666667,66.015,145.6,24.623333333333335,968.5783333333334
2019-04-09 00:00:00,-9.553333333333335,59.945,150.61666666666667,23.946666666666665,968.4716666666667
2019-04-09 01:00:00,-9.195,52.559999999999995,151.45,23.553333333333335,968.3533333333332
2019-04-09 02:00:00,-8.440000000000001,44.626666666666665,148.68333333333334,19.283333333333335,968.0566666666667
2019-04-09 03:00:00,-8.051666666666668,40.59,155.53333333333333,17.09333333333333,967.7183333333334
2019-04-09 04:00:00,-8.656666666666666,44.29666666666667,167.4,13.395000000000001,967.65
2019-04-09 05:00:00,-8.876666666666667,43.61,138.38333333333333,5.1433333333333335,967.765
2019-04-09 06:00:00,-9.923333333333334,54.79333333333333,146.81666666666666,3.4366666666666665,967.9566666666667
2019-04-09 07:00:00,-11.4,64.85833333333333,224.75,2.3366666666666664,968.3916666666667
2019-04-09 08:00:00,-11.338333333333335,58.055,241.3,2.8483333333333336,968.3783333333333
2019-04-09 09:00:00,-11.388333333333332,49.21666666666667,125.33333333333333,7.946666666666667,968.6583333333333
2019-04-09 10:00:00,-11.771666666666667,48.47666666666667,144.85,10.93,969.16
2019-04-09 11:00:00,-11.606666666666666,41.934999999999995,161.7,14.55,968.8716666666666
2019-04-09 12:00:00,-11.805,41.155,164.6,17.881666666666668,968.6433333333333
2019-04-09 13:00:00,-11.903333333333334,43.11666666666667,168.2,17.596666666666668,968.3966666666666
2019-04-09 14:00:00,-11.851666666666667,37.50333333333333,170.38333333333333,16.83833333333333,968.2483333333333
2019-04-09 15:00:00,-12.648333333333333,35.49166666666667,176.28333333333333,15.998333333333333,968.0933333333334
2019-04-09 16:00:00,-13.360000000000001,37.585,179.43333333333334,12.733333333333333,968.2633333333334
2019-04-09 17:00:00,-14.416666666666666,42.330000000000005,183.73333333333332,14.808333333333334,968.325
2019-04-09 18:00:00,-14.248333333333333,43.11,152.31666666666666,9.375,968.4783333333332
2019-04-09 19:00:00,-14.988333333333333,57.06333333333334,159.16666666666666,2.3016666666666667,968.935
2019-04-09 20:00:00,-14.715,39.848333333333336,173.2,8.511666666666667,968.8199999999999
2019-04-09 21:00:00,-15.281666666666666,41.40333333333333,175.78333333333333,13.004999999999999,968.625
2019-04-09 22:00:00,-15.345,41.95166666666667,176.75,14.831666666666667,968.475
2019-04-09 23:00:00,-15.49,43.82,180.18333333333334,12.946666666666665,968.75
2019-04-10 00:00:00,-16.005000000000003,45.123333333333335,179.81666666666666,14.148333333333333,968.7833333333333
2019-04-10 01:00:00,-14.83,40.736666666666665,174.71666666666667,15.913333333333332,969.1216666666667
2019-04-10 02:00:00,-15.018333333333334,41.50833333333333,173.9,18.82,969.1983333333334
2019-04-10 03:00:00,-14.946666666666665,43.17166666666667,172.23333333333332,18.801666666666666,969.1033333333334
2019-04-10 04:00:00,-14.696666666666665,43.34,168.8,19.05666666666667,969.0216666666668
2019-04-10 05:00:00,-14.335,43.269999999999996,165.93333333333334,20.918333333333333,968.8333333333334
2019-04-10 06:00:00,-13.54,41.72166666666667,165.51666666666668,21.995,968.83
2019-04-10 07:00:00,-13.011666666666667,40.483333333333334,166.58333333333334,22.483333333333334,968.7616666666667
2019-04-10 08:00:00,-12.498333333333333,37.95333333333333,158.86666666666667,24.413333333333334,969.035
2019-04-10 09:00:00,-12.110000000000001,37.656666666666666,157.11666666666667,24.375,969.4150000000001
2019-04-10 10:00:00,-11.888333333333332,42.11,151.61666666666667,23.063333333333333,969.455
2019-04-10 11:00:00,-11.471666666666666,45.915,147.95,20.285,969.3416666666667
2019-04-10 12:00:00,-11.264999999999999,51.24666666666667,146.8,19.15666666666667,969.14
2019-04-10 13:00:00,-11.248333333333333,54.56666666666667,144.43333333333334,17.368333333333332,968.9166666666666
2019-04-10 14:00:00,-11.0,56.02833333333333,143.35,16.638333333333332,968.465
2019-04-10 15:00:00,-10.646666666666667,55.1,126.68333333333334,16.518333333333334,967.975
2019-04-10 16:00:00,-10.020000000000001,53.17833333333333,112.56666666666666,18.138333333333332,967.7683333333333
2019-04-10 17:00:00,-10.983333333333333,56.17666666666666,130.43333333333334,20.78166666666667,967.5983333333334
2019-04-10 18:00:00,-10.815,58.21333333333334,146.48333333333332,21.80666666666667,966.7516666666667
2019-04-10 19:00:00,-10.41,57.405,150.53333333333333,23.258333333333333,965.8233333333334
2019-04-10 20:00:00,-9.678333333333335,59.13333333333333,135.6,25.515,964.9266666666666
2019-04-10 21:00:00,-9.043333333333333,59.115,127.21666666666667,25.78166666666667,964.0300000000001
2019-04-10 22:00:00,-8.471666666666668,59.885,129.85,24.298333333333336,962.9166666666666
2019-04-10 23:00:00,-7.691666666666666,54.388333333333335,126.93333333333334,28.273333333333333,961.6983333333334
2019-04-11 00:00:00,-7.0616666666666665,56.80333333333333,127.53333333333333,30.683333333333334,960.3816666666667
2019-04-11 01:00:00,-7.003333333333333,64.83166666666666,128.33333333333334,32.67,958.9966666666667
2019-04-11 02:00:00,-6.6033333333333335,62.14666666666667,127.13333333333334,35.205000000000005,957.5400000000001
2019-04-11 03:00:00,-6.326666666666667,59.96333333333334,126.55,36.855000000000004,956.4183333333333
2019-04-11 04:00:00,-5.671666666666667,53.6,125.9,39.56666666666667,955.0733333333334
2019-04-11 05:00:00,-5.818333333333333,60.443333333333335,122.35,34.595,954.3883333333334
2019-04-11 06:00:00,-5.933333333333334,62.281666666666666,122.51666666666667,35.35166666666667,953.5966666666667
2019-04-11 07:00:00,-5.8966666666666665,59.65333333333333,121.58333333333333,39.461666666666666,952.0016666666667
2019-04-11 08:00:00,-5.7,56.12166666666667,121.7,40.31166666666666,951.2916666666666
2019-04-11 09:00:00,-5.423333333333333,54.07666666666667,120.96666666666667,40.458333333333336,951.0166666666667
2019-04-11 10:00:00,-5.288333333333333,54.1,121.6,41.535,950.8566666666667
2019-04-11 11:00:00,-5.288333333333333,55.6,122.03333333333333,41.065000000000005,950.6633333333334
2019-04-11 12:00:00,-5.248333333333333,54.818333333333335,122.36666666666666,40.01833333333333,950.9133333333333
2019-04-11 13:00:00,-5.291666666666667,53.861666666666665,120.45,40.4,950.8566666666667
2019-04-11 14:00:00,-5.306666666666667,50.91,120.86666666666666,39.41,950.9666666666667
2019-04-11 15:00:00,-5.361666666666666,49.013333333333335,119.75,36.24666666666667,950.98
2019-04-11 16:00:00,-5.348333333333333,47.68,120.58333333333333,36.06333333333334,951.0183333333333
2019-04-11 17:00:00,-5.1066666666666665,45.24666666666667,120.85,35.644999999999996,950.9816666666667
2019-04-11 18:00:00,-4.796666666666667,42.515,122.71666666666667,38.14333333333333,950.8549999999999
2019-04-11 19:00:00,-4.6,42.37833333333333,124.06666666666666,36.39333333333333,950.9766666666667
2019-04-11 20:00:00,-4.395,41.623333333333335,124.56666666666666,34.335,951.14
2019-04-11 21:00:00,-4.216666666666667,41.75666666666667,121.0,32.998333333333335,951.1716666666667
2019-04-11 22:00:00,-4.141666666666667,40.215,120.78333333333333,30.888333333333332,951.3333333333334
2019-04-11 23:00:00,-4.16,39.39833333333333,122.61666666666666,29.991666666666667,951.1533333333333
2019-04-12 00:00:00,-4.42,39.72833333333333,125.46666666666667,31.19,950.8666666666667
2019-04-12 01:00:00,-4.4366666666666665,38.72166666666667,127.56666666666666,31.421666666666667,950.6516666666666
2019-04-12 02:00:00,-4.406666666666667,38.766666666666666,130.63333333333333,30.255,950.4416666666667
2019-04-12 03:00:00,-4.291666666666667,37.675,130.33333333333334,30.46333333333333,949.9533333333333
2019-04-12 04:00:00,-4.3566666666666665,37.711666666666666,127.91666666666667,31.178333333333335,949.8166666666667
2019-04-12 05:00:00,-4.845,40.32666666666667,133.16666666666666,29.275,950.0616666666667
2019-04-12 06:00:00,-4.4366666666666665,40.49,132.25,31.235,950.0816666666667
2019-04-12 07:00:00,-4.3516666666666675,49.656666666666666,131.15,30.509999999999998,950.37
2019-04-12 08:00:00,-3.7516666666666665,46.72,135.85,28.255,950.8833333333333
2019-04-12 09:00:00,-2.9555555555555553,43.41851851851852,122.98333333333333,27.50185185185185,951.0481481481481
2019-04-12 10:00:00,-2.2,40.42424242424242,71.28333333333333,30.106060606060606,950.709090909091
2019-04-12 11:00:00,-2.265,41.059999999999995,131.1,31.44333333333333,950.5683333333333
2019-04-12 12:00:00,-2.515,44.305,129.26666666666668,30.168333333333333,950.8533333333332
2019-04-12 13:00:00,-3.0316666666666667,51.623333333333335,131.55,27.75,951.4150000000001
2019-04-12 14:00:00,-2.8266666666666667,50.89333333333333,130.93333333333334,25.673333333333336,952.0633333333334
2019-04-12 15:00:00,-2.7733333333333334,50.126666666666665,130.6,25.073333333333334,952.475
2019-04-12 16:00:00,-2.7216666666666667,49.53333333333333,128.2,27.278333333333332,952.4
2019-04-12 17:00:00,-3.0933333333333333,57.27166666666667,123.0,30.45,952.2383333333333
2019-04-12 18:00:00,-3.253333333333333,59.248333333333335,125.2,29.996666666666666,953.0783333333333
2019-04-12 19:00:00,-3.5483333333333333,62.138333333333335,124.76666666666667,29.96333333333333,953.8266666666666
2019-04-12 20:00:00,-3.7449999999999997,59.986666666666665,127.56666666666666,30.43,954.56
2019-04-12 21:00:00,-3.753333333333333,59.513333333333335,124.7,30.358333333333334,955.52
2019-04-12 22:00:00,-4.115,66.36,124.23333333333333,28.396666666666665,956.6716666666667
2019-04-12 23:00:00,-4.345,70.97333333333333,118.45,23.68166666666667,957.7266666666667
2019-04-13 00:00:00,-4.4399999999999995,73.41166666666666,118.21666666666667,21.25,958.4866666666666
2019-04-13 01:00:00,-4.551666666666666,80.43833333333333,103.86666666666666,17.966666666666665,959.7766666666666
2019-04-13 02:00:00,-4.8116666666666665,83.09166666666667,90.88333333333334,22.075,961.2416666666667
2019-04-13 03:00:00,-5.215,78.31666666666666,111.18333333333334,19.821666666666665,962.8166666666667
2019-04-13 04:00:00,-5.45,74.00666666666666,110.11666666666666,19.846666666666668,964.125
2019-04-13 05:00:00,-5.618333333333334,70.78166666666667,111.6,18.291666666666668,965.065
2019-04-13 06:00:00,-5.9383333333333335,64.75833333333334,127.06666666666666,22.273333333333333,965.5216666666668
2019-04-13 07:00:00,-6.22,62.44666666666667,127.46666666666667,24.796666666666667,966.0233333333333
2019-04-13 08:00:00,-5.5600000000000005,59.845,126.65,24.555,966.5666666666667
2019-04-13 09:00:00,-5.056666666666667,54.85666666666667,126.23333333333333,23.908333333333335,966.95
2019-04-13 10:00:00,-5.378333333333333,55.906666666666666,130.7,21.98,967.4066666666666
2019-04-13 11:00:00,-5.59,49.30833333333333,127.85,24.426666666666666,967.69
2019-04-13 12:00:00,-5.5,44.95333333333333,127.61666666666666,21.626666666666665,967.9733333333334
2019-04-13 13:00:00,-6.175,45.891666666666666,141.13333333333333,19.221666666666668,967.98
2019-04-13 14:00:00,-7.5,46.10333333333333,160.81666666666666,21.134999999999998,968.0849999999999
2019-04-13 15:00:00,-7.141666666666667,38.56666666666667,153.5,22.608333333333334,968.0033333333333
2019-04-13 16:00:00,-7.838333333333334,37.861666666666665,156.25,24.295,967.8349999999999
2019-04-13 17:00:00,-8.610000000000001,37.41833333333333,161.51666666666668,23.688333333333333,967.735
2019-04-13 18:00:00,-9.408333333333333,37.29833333333333,164.26666666666668,22.86,967.83
2019-04-13 19:00:00,-9.836666666666668,37.336666666666666,164.03333333333333,22.533333333333335,967.94
2019-04-13 20:00:00,-10.091666666666667,37.151666666666664,164.23333333333332,19.916666666666668,968.1516666666666
2019-04-13 21:00:00,-10.216666666666667,36.675,163.5,18.983333333333334,968.2816666666666
2019-04-13 22:00:00,-10.228333333333333,36.16,163.3,18.486666666666668,968.4183333333333
2019-04-13 23:00:00,-10.536666666666667,36.42333333333333,163.58333333333334,19.073333333333334,968.455
2019-04-14 00:00:00,-10.385,35.28,161.75,20.055,968.515
2019-04-14 01:00:00,-10.306666666666667,34.705000000000005,159.16666666666666,21.485,968.285
2019-04-14 02:00:00,-10.383333333333333,35.473333333333336,161.45,20.458333333333332,968.1983333333334
2019-04-14 03:00:00,-11.018333333333334,39.725,166.61666666666667,16.215,968.2033333333334
2019-04-14 04:00:00,-10.541666666666666,36.88166666666667,163.68333333333334,16.346666666666668,968.2383333333333
2019-04-14 05:00:00,-10.411666666666667,35.755,159.5,17.935,968.3399999999999
2019-04-14 06:00:00,-10.471666666666666,35.20166666666667,158.33333333333334,17.526666666666664,968.5633333333334
2019-04-14 07:00:00,-10.286666666666667,34.208333333333336,156.7,17.246666666666666,968.7516666666667
2019-04-14 08:00:00,-10.606666666666666,36.49666666666667,161.45,12.116666666666667,969.3216666666666
2019-04-14 09:00:00,-10.104999999999999,34.79833333333333,158.78333333333333,14.431666666666667,969.775
2019-04-14 10:00:00,-9.741666666666667,34.65833333333333,154.35,10.926666666666668,970.3233333333334
2019-04-14 11:00:00,-9.763333333333332,37.46,167.61666666666667,8.418333333333333,970.5550000000001
2019-04-14 12:00:00,-9.504999999999999,38.026666666666664,150.28333333333333,4.178333333333333,970.9483333333334
2019-04-14 13:00:00,-8.071666666666667,36.08166666666667,178.85,1.5283333333333333,971.36
2019-04-14 14:00:00,-9.59,41.455000000000005,121.38333333333334,2.621666666666667,971.7866666666666
2019-04-14 15:00:00,-12.126666666666667,40.843333333333334,175.98333333333332,10.31,972.0033333333333
2019-04-14 16:00:00,-11.764999999999999,38.43833333333334,202.48333333333332,4.651666666666667,972.0433333333333
2019-04-14 17:00:00,-12.006666666666666,39.556666666666665,274.23333333333335,2.5833333333333335,972.4016666666666
2019-04-14 18:00:00,-13.568333333333333,46.019999999999996,162.61666666666667,5.096666666666667,973.1633333333334
2019-04-14 19:00:00,-13.491666666666667,39.34166666666667,176.7,11.061666666666667,973.5
2019-04-14 20:00:00,-13.913333333333332,42.095,152.48333333333332,11.298333333333334,973.82
2019-04-14 21:00:00,-12.701666666666666,38.638333333333335,141.65,15.471666666666666,974.1216666666667
2019-04-14 22:00:00,-13.053333333333335,38.875,163.51666666666668,17.573333333333334,974.45
2019-04-14 23:00:00,-13.191666666666666,37.92666666666666,173.58333333333334,18.595000000000002,974.4366666666666
2019-04-15 00:00:00,-13.266666666666667,36.68666666666666,172.7,19.89,974.5066666666667
2019-04-15 01:00:00,-13.656666666666666,36.29,173.4,20.756666666666668,974.45
2019-04-15 02:00:00,-13.613333333333333,38.29833333333333,172.48333333333332,19.506666666666668,974.3283333333333
2019-04-15 03:00:00,-13.738333333333333,38.044999999999995,171.98333333333332,21.308333333333334,974.2883333333333
2019-04-15 04:00:00,-13.889999999999999,36.735,173.28333333333333,21.755,974.4283333333333
2019-04-15 05:00:00,-13.806666666666667,33.94,171.06666666666666,21.59333333333333,974.5633333333334
2019-04-15 06:00:00,-14.258333333333333,34.32333333333334,169.86666666666667,21.833333333333332,974.7166666666667
2019-04-15 07:00:00,-13.741666666666667,33.47833333333333,164.8,22.828333333333333,975.3283333333333
2019-04-15 08:00:00,-13.035,33.108333333333334,168.73333333333332,25.298333333333336,975.4816666666667
2019-04-15 09:00:00,-12.246666666666666,33.20666666666667,171.18333333333334,22.178333333333335,975.4383333333333
2019-04-15 10:00:00,-12.761666666666667,38.208333333333336,162.96666666666667,20.955,975.7816666666666
2019-04-15 11:00:00,-11.163333333333332,38.14833333333333,147.05,18.245,976.1183333333333
2019-04-15 12:00:00,-10.889999999999999,40.60166666666667,137.03333333333333,16.393333333333334,975.98
2019-04-15 13:00:00,-10.639999999999999,42.47,114.68333333333334,10.808333333333334,976.1216666666667
2019-04-15 14:00:00,-10.728333333333332,43.95333333333333,112.53333333333333,10.698333333333332,976.2333333333333
2019-04-15 15:00:00,-10.876666666666667,44.986666666666665,106.58333333333333,9.498333333333333,976.7366666666666
2019-04-15 16:00:00,-11.126666666666667,51.23166666666667,113.6,8.118333333333334,977.1833333333333
2019-04-15 17:00:00,-11.068333333333333,52.67333333333333,111.81666666666666,9.071666666666665,977.4183333333333
2019-04-15 18:00:00,-11.031666666666666,51.18,114.83333333333333,8.278333333333332,977.925
2019-04-15 19:00:00,-11.004999999999999,52.184999999999995,113.51666666666667,10.085,978.2416666666667
2019-04-15 20:00:00,-11.048333333333334,53.095,110.53333333333333,7.828333333333333,978.545
2019-04-15 21:00:00,-10.988333333333333,52.79333333333333,104.45,6.703333333333333,979.4733333333334
2019-04-15 22:00:00,-11.061666666666666,50.805,111.13333333333334,7.618333333333334,980.12
2019-04-15 23:00:00,-11.018333333333334,48.16,124.76666666666667,6.676666666666667,980.6033333333332
2019-04-16 00:00:00,-10.715,48.24666666666667,111.51666666666667,6.276666666666667,981.1283333333333
2019-04-16 01:00:00,-10.946666666666665,44.91,112.2,7.8133333333333335,981.6666666666666
2019-04-16 02:00:00,-11.083333333333334,46.190000000000005,115.25,2.67,982.3233333333334
2019-04-16 03:00:00,-10.925,47.708333333333336,101.85,4.243333333333333,982.9116666666666
2019-04-16 04:00:00,-11.113333333333333,47.55333333333333,85.25,5.055000000000001,983.6083333333333
2019-04-16 05:00:00,-11.138333333333332,45.86833333333333,145.53333333333333,4.776666666666667,984.0400000000001
2019-04-16 06:00:00,-11.211666666666668,47.81166666666666,116.51666666666667,3.55,984.6066666666667
2019-04-16 07:00:00,-11.296666666666665,48.945,141.8,9.176666666666668,985.325
2019-04-16 08:00:00,-11.063333333333333,44.15833333333333,153.6,19.08833333333333,985.8683333333333
2019-04-16 09:00:00,-11.155,39.82333333333334,157.96666666666667,24.011666666666667,986.3133333333334
2019-04-16 10:00:00,-11.186666666666667,38.15833333333333,160.21666666666667,22.040000000000003,986.9916666666667
2019-04-16 11:00:00,-10.921666666666665,36.79833333333333,162.81666666666666,20.89,987.1883333333334
2019-04-16 12:00:00,-11.121666666666666,35.13166666666667,166.7,21.333333333333332,987.4699999999999
2019-04-16 13:00:00,-11.208333333333334,33.125,167.35,20.888333333333332,987.82
2019-04-16 14:00:00,-11.965,33.468333333333334,175.51666666666668,19.266666666666666,988.3966666666668
2019-04-16 15:00:00,-12.596666666666666,32.781666666666666,171.38333333333333,21.511666666666667,988.675
2019-04-16 16:00:00,-13.058333333333334,31.683333333333334,173.35,21.09,988.9816666666667
2019-04-16 17:00:00,-12.341666666666667,28.7,178.26666666666668,21.133333333333333,989.2816666666666
2019-04-16 18:00:00,-12.5,32.07833333333333,176.15,19.811666666666667,989.7733333333333
2019-04-16 19:00:00,-12.516666666666667,33.35166666666667,172.35,17.011666666666667,989.6083333333333
2019-04-16 20:00:00,-12.028333333333334,33.358333333333334,171.23333333333332,18.256666666666668,989.4483333333334
2019-04-16 21:00:00,-11.253333333333334,32.223333333333336,147.13333333333333,13.383333333333333,990.1366666666667
2019-04-16 22:00:00,-11.28,34.18333333333333,115.35,8.793333333333333,990.425
2019-04-16 23:00:00,-11.036666666666667,31.195,112.13333333333334,13.06,990.2766666666666
2019-04-17 00:00:00,-10.956666666666667,33.07333333333334,128.01666666666668,16.12,990.0783333333334
2019-04-17 01:00:00,-10.518333333333334,31.138333333333332,109.41666666666667,15.895000000000001,990.4366666666666
2019-04-17 02:00:00,-10.251666666666667,30.660000000000004,120.85,16.458333333333332,990.0833333333334
2019-04-17 03:00:00,-10.016666666666667,30.128333333333334,115.68333333333334,14.578333333333335,989.4616666666667
2019-04-17 04:00:00,-9.941666666666666,29.223333333333336,116.65,15.513333333333332,988.5183333333333
2019-04-17 05:00:00,-9.84,30.596666666666668,115.46666666666667,13.536666666666667,988.0799999999999
2019-04-17 06:00:00,-9.725,32.538333333333334,106.55,12.956666666666667,987.575
2019-04-17 07:00:00,-9.621666666666666,33.39,102.41666666666667,11.133333333333333,987.295
2019-04-17 08:00:00,-9.438333333333334,32.75333333333334,104.3,11.91,986.8216666666666
2019-04-17 09:00:00,-9.261666666666665,32.666666666666664,97.66666666666667,12.263333333333332,986.2166666666667
2019-04-17 10:00:00,-9.325,32.04833333333333,80.38333333333334,14.139999999999999,985.8133333333333
2019-04-17 11:00:00,-9.573333333333332,33.575,95.63333333333334,13.236666666666668,985.4150000000001
2019-04-17 12:00:00,-9.881666666666666,36.23833333333334,94.61666666666666,13.753333333333334,984.1383333333334
2019-04-17 13:00:00,-10.396666666666667,43.026666666666664,73.68333333333334,9.728333333333333,983.0699999999999
2019-04-17 14:00:00,-10.965,50.89,52.06666666666667,6.27,981.9566666666667
2019-04-17 15:00:00,-11.481666666666666,55.63,49.93333333333333,6.5616666666666665,981.17
2019-04-17 16:00:00,-11.415,54.625,173.43333333333334,2.1233333333333335,980.5883333333334
2019-04-17 17:00:00,-11.816666666666666,58.92166666666667,252.0,2.4366666666666665,979.9983333333333
2019-04-17 18:00:00,-11.79,58.43,211.43333333333334,1.9816666666666667,979.215
2019-04-17 19:00:00,-11.996666666666666,59.519999999999996,273.8666666666667,2.9366666666666665,978.3666666666667
2019-04-17 20:00:00,-12.604999999999999,63.205000000000005,273.8333333333333,3.4016666666666664,977.905
2019-04-17 21:00:00,-13.668333333333333,66.77666666666667,260.18333333333334,4.036666666666666,977.5566666666667
2019-04-17 22:00:00,-14.251666666666667,65.12166666666667,256.28333333333336,4.895,976.75
2019-04-17 23:00:00,-14.07,57.15833333333333,220.53333333333333,7.605,975.95
2019-04-18 00:00:00,-12.568333333333333,35.585,161.43333333333334,13.47,975.24
2019-04-18 01:00:00,-12.736666666666668,36.18833333333334,160.76666666666668,11.545,974.885
2019-04-18 02:00:00,-13.508333333333333,36.848333333333336,134.76666666666668,11.668333333333333,974.1883333333334
2019-04-18 03:00:00,-12.785,31.261666666666667,159.9,17.021666666666665,973.7333333333333
2019-04-18 04:00:00,-12.783333333333333,29.990000000000002,141.51666666666668,12.57,973.42
2019-04-18 05:00:00,-13.865,31.904999999999998,170.03333333333333,9.323333333333332,973.1
2019-04-18 06:00:00,-13.818333333333333,31.671666666666667,173.9,4.931666666666667,972.94
2019-04-18 07:00:00,-14.161666666666667,32.955,179.8,16.545,971.98
2019-04-18 08:00:00,-13.513333333333332,32.96,128.36666666666667,10.271666666666667,971.8533333333332
2019-04-18 09:00:00,-13.181666666666667,34.73166666666667,125.71666666666667,10.65,971.6766666666666
2019-04-18 10:00:00,-15.34,47.22166666666667,71.26666666666667,4.4366666666666665,971.935
2019-04-18 11:00:00,-14.926666666666668,46.75,108.2,2.445,971.8066666666667
2019-04-18 12:00:00,-13.215,41.05,104.11666666666666,2.518333333333333,971.3916666666667
2019-04-18 13:00:00,-13.22,40.61333333333334,102.58333333333333,2.5616666666666665,971.2166666666667
2019-04-18 14:00:00,-15.186666666666667,46.666666666666664,97.23333333333333,2.545,971.455
2019-04-18 15:00:00,-15.388333333333332,46.42333333333333,137.38333333333333,1.7850000000000001,971.16
2019-04-18 16:00:00,-14.456666666666667,40.91166666666666,221.48333333333332,2.9099999999999997,971.0266666666666
2019-04-18 17:00:00,-13.063333333333333,31.803333333333335,172.3,13.025,970.645
2019-04-18 18:00:00,-13.153333333333334,32.66,124.75,11.351666666666667,971.0766666666666
2019-04-18 19:00:00,-16.888333333333332,49.556666666666665,86.4,4.425,971.785
2019-04-18 20:00:00,-17.529999999999998,51.18666666666666,122.76666666666667,2.5,972.025
2019-04-18 21:00:00,-14.565,36.03666666666666,170.48333333333332,9.046666666666665,971.9266666666666
2019-04-18 22:00:00,-18.08833333333333,50.67333333333333,168.76666666666668,2.4883333333333337,972.49
2019-04-18 23:00:00,-16.746666666666666,46.13666666666666,209.25,2.85,972.6016666666667
2019-04-19 00:00:00,-19.598333333333336,56.336666666666666,88.41666666666667,2.205,973.2816666666666
2019-04-19 01:00:00,-19.076666666666664,55.73833333333334,119.65,2.165,973.7116666666667
2019-04-19 02:00:00,-19.171666666666667,56.33833333333334,255.13333333333333,2.76,973.815
2019-04-19 03:00:00,-19.221666666666668,55.86,119.13333333333334,2.5633333333333335,974.19
2019-04-19 04:00:00,-18.815,53.425,236.23333333333332,1.365,974.6166666666667
2019-04-19 05:00:00,-19.313333333333333,54.388333333333335,217.46666666666667,2.06,974.7183333333334
2019-04-19 06:00:00,-20.243333333333332,58.78666666666666,151.33333333333334,2.9116666666666666,975.37
2019-04-19 07:00:00,-19.826666666666664,57.14333333333333,215.86666666666667,1.9333333333333333,975.66
2019-04-19 08:00:00,-18.78166666666667,53.03333333333333,181.4,1.9549999999999998,975.8266666666666
2019-04-19 09:00:00,-17.67,51.126666666666665,245.18333333333334,2.205,976.25
2019-04-19 10:00:00,-15.506666666666666,42.57166666666667,123.68333333333334,2.9483333333333333,976.995
2019-04-19 11:00:00,-15.435,42.60166666666667,105.86666666666666,14.281666666666666,977.51
2019-04-19 12:00:00,-14.778333333333334,41.163333333333334,109.25,12.123333333333333,977.6433333333333
2019-04-19 13:00:00,-13.895000000000001,39.230000000000004,107.35,11.555,977.6233333333333
2019-04-19 14:00:00,-14.05,39.94833333333334,109.73333333333333,10.966666666666667,977.785
2019-04-19 15:00:00,-13.748333333333333,37.97,110.0,17.748333333333335,977.8833333333333
2019-04-19 16:00:00,-14.095,36.980000000000004,111.8,11.351666666666667,978.145
2019-04-19 17:00:00,-12.198333333333332,27.935,125.06666666666666,15.965,977.4833333333333
2019-04-19 18:00:00,-11.870000000000001,26.918333333333333,128.0,15.546666666666665,977.6666666666666
2019-04-19 19:00:00,-12.03,28.485,133.5,15.856666666666666,977.7900000000001
2019-04-19 20:00:00,-11.786666666666667,28.178333333333335,139.21666666666667,17.508333333333333,977.9366666666666
2019-04-19 21:00:00,-11.531666666666666,26.971666666666668,137.66666666666666,17.646666666666665,977.9833333333333
2019-04-19 22:00:00,-11.360000000000001,26.098333333333336,140.28333333333333,15.913333333333332,977.7533333333333
2019-04-19 23:00:00,-11.233333333333333,27.398333333333333,138.11666666666667,15.101666666666667,977.385
2019-04-20 00:00:00,-11.116666666666667,30.756666666666668,124.45,13.598333333333333,977.385
2019-04-20 01:00:00,-10.830000000000002,31.771666666666665,116.58333333333333,15.221666666666666,977.145
2019-04-20 02:00:00,-10.785,33.27166666666667,118.65,14.51,976.925
2019-04-20 03:00:00,-10.531666666666666,31.488333333333333,115.45,15.641666666666667,976.5133333333334
2019-04-20 04:00:00,-10.596666666666666,31.01833333333333,116.9,14.071666666666665,976.48
2019-04-20 05:00:00,-10.713333333333333,31.841666666666665,118.73333333333333,11.993333333333334,976.4016666666666
2019-04-20 06:00:00,-10.435,30.313333333333333,115.81666666666666,12.575,975.8633333333333
2019-04-20 07:00:00,-10.305,30.361666666666668,110.73333333333333,10.145000000000001,975.8433333333334
2019-04-20 08:00:00,-9.841666666666667,27.926666666666666,124.25,8.521666666666667,975.9383333333333
2019-04-20 09:00:00,-9.18,26.89333333333333,142.91666666666666,7.17,976.1233333333333
2019-04-20 10:00:00,-10.601666666666667,36.940000000000005,284.75,4.6899999999999995,976.4766666666667
2019-04-20 11:00:00,-10.171666666666665,35.51166666666666,175.51666666666668,4.67,976.6316666666667
2019-04-20 12:00:00,-8.878333333333334,29.334999999999997,131.91666666666666,2.955,976.9766666666667
2019-04-20 13:00:00,-9.455,30.248333333333335,106.53333333333333,3.01,977.2433333333333
2019-04-20 14:00:00,-11.253333333333334,36.041666666666664,214.75,4.628333333333333,977.3566666666667
2019-04-20 15:00:00,-12.718333333333334,37.64,220.75,6.765,977.4483333333334
2019-04-20 16:00:00,-12.638333333333332,36.111666666666665,206.38333333333333,5.616666666666666,977.6466666666666
2019-04-20 17:00:00,-11.9,31.28166666666667,100.68333333333334,12.211666666666668,978.6866666666666
2019-04-20 18:00:00,-12.07,33.440000000000005,110.13333333333334,14.673333333333334,978.9449999999999
2019-04-20 19:00:00,-12.76,37.394999999999996,115.61666666666666,12.956666666666667,979.2416666666667
2019-04-20 20:00:00,-12.768333333333334,37.56666666666667,119.83333333333333,13.751666666666667,979.3466666666667
2019-04-20 21:00:00,-12.406666666666666,34.81666666666667,117.08333333333333,14.09,979.8583333333333
2019-04-20 22:00:00,-12.146666666666667,31.745,131.76666666666668,15.014999999999999,979.4733333333334
2019-04-20 23:00:00,-11.813333333333333,30.63,132.1,18.36,978.8366666666666
2019-04-21 00:00:00,-11.848333333333333,31.470000000000002,119.41666666666667,16.653333333333332,978.545
2019-04-21 01:00:00,-12.59,35.17166666666667,110.25,17.053333333333335,978.2483333333333
2019-04-21 02:00:00,-12.621666666666666,34.794999999999995,114.18333333333334,18.246666666666666,977.495
2019-04-21 03:00:00,-12.28,32.858333333333334,126.86666666666666,18.571666666666665,976.8950000000001
2019-04-21 04:00:00,-12.085,31.486666666666668,126.36666666666666,18.831666666666667,976.4133333333334
2019-04-21 05:00:00,-11.866666666666667,31.041666666666668,126.91666666666667,18.470000000000002,975.6133333333333
2019-04-21 06:00:00,-12.231666666666666,33.65,118.2,17.654999999999998,975.4966666666667
2019-04-21 07:00:00,-11.901666666666667,31.418333333333333,120.9,20.529999999999998,975.0983333333334
2019-04-21 08:00:00,-11.871666666666666,33.5,114.88333333333334,18.483333333333334,975.3116666666666
2019-04-21 09:00:00,-11.618333333333334,32.696666666666665,106.68333333333334,17.48166666666667,975.5616666666667
2019-04-21 10:00:00,-11.533333333333333,33.4,118.15,16.746666666666666,975.02
2019-04-21 11:00:00,-11.388333333333334,32.86333333333333,126.06666666666666,18.790000000000003,974.2183333333334
2019-04-21 12:00:00,-11.483333333333333,32.83833333333333,127.78333333333333,21.523333333333333,973.3833333333333
2019-04-21 13:00:00,-11.379999999999999,32.81333333333333,128.68333333333334,19.076666666666664,973.01
2019-04-21 14:00:00,-11.514999999999999,33.035,115.03333333333333,18.485,973.26
2019-04-21 15:00:00,-11.701666666666666,35.656666666666666,109.06666666666666,20.851666666666667,973.73
2019-04-21 16:00:00,-11.611666666666666,37.73166666666667,108.88333333333334,17.128333333333334,973.5550000000001
2019-04-21 17:00:00,-11.138333333333332,35.19833333333334,107.86666666666666,20.308333333333334,973.4333333333333
2019-04-21 18:00:00,-10.886666666666667,32.81333333333333,114.53333333333333,15.478333333333333,973.5033333333333
2019-04-21 19:00:00,-11.041666666666666,32.416666666666664,105.91666666666667,18.08,973.9333333333333
2019-04-21 20:00:00,-11.213333333333333,33.656666666666666,103.1,17.553333333333335,974.565
2019-04-21 21:00:00,-11.225,34.17833333333333,105.3,19.365000000000002,974.7466666666667
2019-04-21 22:00:00,-11.101666666666667,33.64,112.68333333333334,19.543333333333333,974.7766666666666
2019-04-21 23:00:00,-11.12,34.01833333333333,113.26666666666667,15.53,975.4
2019-04-22 00:00:00,-11.173333333333334,33.85333333333333,106.46666666666667,17.779999999999998,975.7900000000001
2019-04-22 01:00:00,-11.146666666666667,34.16166666666666,103.95,17.12,975.8183333333333
2019-04-22 02:00:00,-11.155,36.108333333333334,97.3,14.083333333333334,976.0166666666667
2019-04-22 03:00:00,-11.285,36.955000000000005,96.61666666666666,12.068333333333333,976.34
2019-04-22 04:00:00,-11.676666666666668,37.57833333333333,105.28333333333333,10.035,976.5333333333333
2019-04-22 05:00:00,-11.781666666666666,33.88333333333333,116.08333333333333,11.191666666666666,976.84
2019-04-22 06:00:00,-11.751666666666667,29.898333333333333,125.41666666666667,15.513333333333332,977.25
2019-04-22 07:00:00,-12.101666666666667,30.311666666666667,127.45,14.795,977.6783333333334
2019-04-22 08:00:00,-12.071666666666665,28.151666666666664,126.06666666666666,13.445,978.0416666666666
2019-04-22 09:00:00,-12.129999999999999,27.561666666666667,132.4,12.870000000000001,978.285
2019-04-22 10:00:00,-12.05,27.245,116.25,8.528333333333332,978.815
2019-04-22 11:00:00,-11.666666666666666,30.726666666666667,162.76666666666668,3.691666666666667,979.0933333333334
2019-04-22 12:00:00,-12.076666666666666,36.885,256.96666666666664,5.016666666666667,979.395
2019-04-22 13:00:00,-12.756666666666666,34.931666666666665,212.76666666666668,6.3100000000000005,979.4516666666666
2019-04-22 14:00:00,-12.983333333333333,39.03,151.98333333333332,2.631666666666667,979.3866666666667
2019-04-22 15:00:00,-13.78,34.12166666666666,217.51666666666668,4.6866666666666665,979.0433333333333
2019-04-22 16:00:00,-14.028333333333334,34.05166666666666,261.1666666666667,4.451666666666667,978.8833333333333
2019-04-22 17:00:00,-14.336666666666668,33.96,249.88333333333333,6.8133333333333335,978.8933333333333
2019-04-22 18:00:00,-14.751666666666667,36.044999999999995,155.68333333333334,4.866666666666666,979.0866666666667
2019-04-22 19:00:00,-16.058333333333334,42.58833333333334,129.3,2.0466666666666664,979.0683333333333
2019-04-22 20:00:00,-16.471666666666668,40.56333333333334,149.18333333333334,5.808333333333334,978.365
2019-04-22 21:00:00,-16.466666666666665,38.74666666666667,110.11666666666666,4.753333333333333,977.825
2019-04-22 22:00:00,-15.764999999999999,34.905,179.78333333333333,4.073333333333333,977.8633333333333
2019-04-22 23:00:00,-16.91,41.45666666666667,164.36666666666667,4.718333333333334,978.3166666666667
2019-04-23 00:00:00,-16.261666666666667,38.50333333333333,260.1166666666667,5.001666666666667,977.6383333333334
2019-04-23 01:00:00,-16.103333333333335,38.038333333333334,255.7,5.533333333333333,977.255
2019-04-23 02:00:00,-16.011666666666667,38.708333333333336,250.9,6.046666666666667,976.7416666666667
2019-04-23 03:00:00,-15.461666666666668,34.73166666666667,219.81666666666666,9.621666666666666,975.9483333333334
2019-04-23 04:00:00,-15.221666666666666,35.57333333333334,255.43333333333334,5.114999999999999,975.4233333333334
2019-04-23 05:00:00,-16.813333333333333,42.38166666666667,158.4,3.228333333333333,975.5566666666667
2019-04-23 06:00:00,-16.991666666666667,41.94166666666667,161.4,6.075,975.7466666666667
2019-04-23 07:00:00,-15.143333333333334,35.986666666666665,169.05,5.0216666666666665,975.27
2019-04-23 08:00:00,-15.915,40.32833333333333,191.28333333333333,4.108333333333333,975.22
2019-04-23 09:00:00,-15.043333333333333,38.02333333333333,159.43333333333334,1.9716666666666667,975.3483333333334
2019-04-23 10:00:00,-13.911666666666667,36.495,107.33333333333333,1.9766666666666666,975.4033333333333
2019-04-23 11:00:00,-14.875,42.63166666666667,184.76666666666668,3.9266666666666667,974.9983333333333
2019-04-23 12:00:00,-14.31,41.44666666666667,165.36666666666667,4.041666666666667,974.5400000000001
2019-04-23 13:00:00,-13.645000000000001,39.690000000000005,128.53333333333333,2.725,974.3016666666666
2019-04-23 14:00:00,-14.291666666666666,40.57333333333334,173.68333333333334,2.58,973.855
2019-04-23 15:00:00,-15.365,44.67333333333333,245.75,3.896666666666667,973.4716666666667
2019-04-23 16:00:00,-15.651666666666667,44.309999999999995,213.06666666666666,4.373333333333333,973.36
2019-04-23 17:00:00,-15.138333333333332,42.09,142.73333333333332,6.036666666666666,973.52
2019-04-23 18:00:00,-15.385,41.26,181.21666666666667,4.5216666666666665,973.1949999999999
2019-04-23 19:00:00,-15.27,39.59666666666667,222.0,5.508333333333334,973.0733333333334
2019-04-23 20:00:00,-15.533333333333333,40.72666666666667,208.35,3.1016666666666666,972.8733333333333
2019-04-23 21:00:00,-14.551666666666668,37.85166666666667,124.98333333333333,10.356666666666666,972.7116666666666
2019-04-23 22:00:00,-14.133333333333333,37.361666666666665,113.53333333333333,12.25,972.405
2019-04-23 23:00:00,-14.456666666666667,39.02833333333333,135.93333333333334,9.895000000000001,971.9916666666667
2019-04-24 00:00:00,-13.706666666666667,34.361666666666665,115.88333333333334,12.031666666666666,971.3966666666668
2019-04-24 01:00:00,-13.770000000000001,35.75666666666667,115.83333333333333,11.16,970.7166666666667
2019-04-24 02:00:00,-13.583333333333334,34.825,121.76666666666667,12.256666666666666,970.145
2019-04-24 03:00:00,-14.318333333333333,37.80166666666666,124.63333333333334,10.129999999999999,969.6283333333334
2019-04-24 04:00:00,-14.29,37.64333333333333,115.3,7.5600000000000005,969.5200000000001
2019-04-24 05:00:00,-14.378333333333334,37.70666666666667,156.33333333333334,6.045,968.5066666666667
2019-04-24 06:00:00,-15.076666666666666,38.901666666666664,178.61666666666667,1.88,968.225
2019-04-24 07:00:00,-14.523333333333333,37.26,130.18333333333334,3.2333333333333334,968.3016666666666
2019-04-24 08:00:00,-14.886666666666667,39.53333333333333,209.21666666666667,3.606666666666667,967.7883333333334
2019-04-24 09:00:00,-14.063333333333333,36.873333333333335,144.46666666666667,3.4616666666666664,967.8016666666666
2019-04-24 10:00:00,-14.025,36.309999999999995,118.1,7.489999999999999,967.7
2019-04-24 11:00:00,-13.333333333333334,36.84166666666667,122.46666666666667,4.075,967.4616666666666
2019-04-24 12:00:00,-12.558333333333334,36.419999999999995,248.43333333333334,3.033333333333333,967.3349999999999
2019-04-24 13:00:00,-13.573333333333332,38.888333333333335,251.16666666666666,4.7733333333333325,967.6616666666667
2019-04-24 14:00:00,-14.478333333333333,40.725,230.96666666666667,4.465,967.615
2019-04-24 15:00:00,-15.520000000000001,40.82166666666667,130.38333333333333,5.471666666666667,967.975
2019-04-24 16:00:00,-15.871666666666666,42.038333333333334,187.6,4.77,967.6033333333332
2019-04-24 17:00:00,-16.77,42.29833333333333,171.78333333333333,9.323333333333332,967.6816666666667
2019-04-24 18:00:00,-16.703333333333333,42.87,175.66666666666666,3.5416666666666665,968.6716666666667
2019-04-24 19:00:00,-17.228333333333335,42.90333333333333,199.08333333333334,7.906666666666666,968.7866666666666
2019-04-24 20:00:00,-16.971666666666668,41.9,155.55,3.421666666666667,969.4333333333333
2019-04-24 21:00:00,-16.061666666666667,38.11,96.6,7.611666666666666,969.6183333333333
2019-04-24 22:00:00,-16.446666666666665,38.44833333333334,168.93333333333334,4.571666666666667,969.745
2019-04-24 23:00:00,-16.853333333333335,37.70666666666667,201.85,3.743333333333333,970.1566666666666
2019-04-25 00:00:00,-17.81,40.95,199.15,7.241666666666666,970.2383333333333
2019-04-25 01:00:00,-17.576666666666664,38.61666666666667,165.73333333333332,6.9766666666666675,970.3033333333333
2019-04-25 02:00:00,-16.59,36.355000000000004,148.91666666666666,3.1083333333333334,970.3416666666667
2019-04-25 03:00:00,-16.723333333333333,36.87,157.65,3.283333333333333,970.1566666666666
2019-04-25 04:00:00,-16.451666666666668,34.90333333333333,149.13333333333333,4.546666666666667,970.245
2019-04-25 05:00:00,-16.513333333333335,33.68833333333333,142.45,4.123333333333333,970.5516666666666
2019-04-25 06:00:00,-16.265,30.513333333333332,150.2,10.136666666666667,970.9166666666666
2019-04-25 07:00:00,-16.033333333333335,31.741666666666667,128.3,10.553333333333335,971.3233333333334
2019-04-25 08:00:00,-15.855,33.593333333333334,127.71666666666667,13.125,971.4716666666667
2019-04-25 09:00:00,-15.103333333333333,31.498333333333335,126.1,12.835,971.595
2019-04-25 10:00:00,-14.788333333333332,30.4,125.0,13.495000000000001,971.6566666666666
2019-04-25 11:00:00,-14.264999999999999,29.525,123.98333333333333,13.516666666666667,971.7916666666666
2019-04-25 12:00:00,-13.903333333333334,29.685,120.48333333333333,14.695,971.775
2019-04-25 13:00:00,-14.263333333333332,32.663333333333334,125.8,18.251666666666665,971.8183333333333
2019-04-25 14:00:00,-14.736666666666668,36.348333333333336,125.66666666666667,16.648333333333333,971.8583333333333
2019-04-25 15:00:00,-15.261666666666667,41.14833333333333,129.01666666666668,16.16166666666667,972.1916666666667
2019-04-25 16:00:00,-15.15,41.88666666666666,124.58333333333333,14.391666666666667,972.4216666666666
2019-04-25 17:00:00,-14.888333333333332,43.406666666666666,126.78333333333333,15.833333333333334,972.3766666666667
2019-04-25 18:00:00,-14.466666666666667,47.49,127.23333333333333,16.766666666666666,972.3
2019-04-25 19:00:00,-14.069999999999999,57.47166666666667,128.63333333333333,16.54,971.9966666666667
2019-04-25 20:00:00,-13.271666666666667,52.608333333333334,128.51666666666668,17.08,971.6550000000001
2019-04-25 21:00:00,-12.826666666666666,48.19666666666667,134.21666666666667,16.08,971.44
2019-04-25 22:00:00,-12.663333333333332,48.413333333333334,138.9,15.273333333333333,971.2883333333334
2019-04-25 23:00:00,-12.531666666666666,49.75833333333333,126.73333333333333,15.666666666666666,971.3016666666666
2019-04-26 00:00:00,-12.931666666666667,63.77833333333333,126.55,16.586666666666666,971.2633333333334
2019-04-26 01:00:00,-13.068333333333333,73.27166666666668,134.35,19.243333333333332,970.6966666666667
2019-04-26 02:00:00,-12.843333333333334,70.565,139.11666666666667,19.146666666666665,970.2366666666666
2019-04-26 03:00:00,-12.751666666666667,72.11333333333333,139.25,19.69,970.0616666666667
2019-04-26 04:00:00,-12.725,71.13000000000001,137.83333333333334,19.003333333333334,970.2333333333333
2019-04-26 05:00:00,-12.908333333333333,72.41166666666666,135.56666666666666,19.4,970.4433333333333
2019-04-26 06:00:00,-12.993333333333334,73.20166666666667,137.56666666666666,17.476666666666667,970.565
2019-04-26 07:00:00,-12.911666666666667,74.86833333333334,137.03333333333333,18.591666666666665,970.685
2019-04-26 08:00:00,-12.615,72.39833333333333,142.43333333333334,18.538333333333334,970.9083333333333
2019-04-26 09:00:00,-12.270000000000001,67.23666666666666,147.28333333333333,20.123333333333335,970.8416666666667
2019-04-26 10:00:00,-11.746666666666666,59.151666666666664,151.86666666666667,17.01,970.9083333333333
2019-04-26 11:00:00,-11.473333333333333,52.7,153.28333333333333,16.220000000000002,970.7233333333334
2019-04-26 12:00:00,-11.641666666666667,50.985,164.08333333333334,17.31,970.7383333333333
2019-04-26 13:00:00,-11.761666666666667,45.88166666666667,168.65,19.016666666666666,970.4
2019-04-26 14:00:00,-11.908333333333333,44.63333333333333,169.7,20.355,970.2766666666666
2019-04-26 15:00:00,-11.406666666666666,40.583333333333336,158.3,20.490000000000002,970.205
2019-04-26 16:00:00,-12.585,42.335,174.25,15.323333333333332,970.1216666666667
2019-04-26 17:00:00,-13.351666666666667,42.22166666666667,181.83333333333334,11.778333333333334,970.15
2019-04-26 18:00:00,-14.93,49.42833333333333,193.36666666666667,12.07,970.4633333333334
2019-04-26 19:00:00,-14.41,44.440000000000005,175.25,10.295,970.53
2019-04-26 20:00:00,-14.996666666666666,44.68666666666666,171.86666666666667,7.0616666666666665,971.0333333333333
2019-04-26 21:00:00,-15.71,45.81666666666667,183.66666666666666,9.846666666666666,970.9283333333333
2019-04-26 22:00:00,-16.276666666666667,47.29,184.05,11.326666666666666,970.9066666666666
2019-04-26 23:00:00,-16.67,47.8,184.66666666666666,11.068333333333333,971.115
2019-04-27 00:00:00,-16.351666666666667,45.65,178.31666666666666,9.413333333333332,971.1016666666667
2019-04-27 01:00:00,-16.65,45.17666666666666,177.6,9.346666666666666,971.0583333333333
2019-04-27 02:00:00,-16.306666666666665,43.461666666666666,177.5,9.315,970.8133333333333
2019-04-27 03:00:00,-16.13,41.269999999999996,178.0,8.553333333333335,970.7866666666666
2019-04-27 04:00:00,-16.813333333333333,47.11,182.95,14.533333333333333,970.7883333333333
2019-04-27 05:00:00,-15.598333333333333,41.66166666666666,146.6,6.913333333333333,971.12
2019-04-27 06:00:00,-16.18,44.675,128.8,1.615,971.4366666666666
2019-04-27 07:00:00,-16.596666666666668,50.46666666666667,170.83333333333334,2.9616666666666664,971.6983333333334
2019-04-27 08:00:00,-16.013333333333332,47.388333333333335,132.71666666666667,3.768333333333333,971.8066666666667
2019-04-27 09:00:00,-18.111666666666668,58.445,83.41666666666667,3.46,971.8866666666667
2019-04-27 10:00:00,-17.696666666666665,57.79833333333333,168.6,1.88,971.89
2019-04-27 11:00:00,-16.033333333333335,44.20333333333333,160.65,4.166666666666667,971.7533333333333
2019-04-27 12:00:00,-16.493333333333332,50.88333333333333,93.4,1.74,971.6683333333334
2019-04-27 13:00:00,-16.405,50.41833333333333,129.15,3.115,971.6666666666666
2019-04-27 14:00:00,-16.353333333333335,42.766666666666666,163.01666666666668,11.496666666666666,971.5400000000001
2019-04-27 15:00:00,-16.006666666666668,37.836666666666666,170.03333333333333,15.84,970.9833333333333
2019-04-27 16:00:00,-16.37333333333333,41.13666666666666,171.98333333333332,17.871666666666666,970.6516666666666
2019-04-27 17:00:00,-15.965,40.70166666666667,170.53333333333333,17.876666666666665,970.6450000000001
2019-04-27 18:00:00,-16.29,41.43333333333333,171.45,17.871666666666666,970.6966666666667
2019-04-27 19:00:00,-17.016666666666666,44.2,168.53333333333333,18.611666666666668,970.695
2019-04-27 20:00:00,-17.533333333333335,44.36333333333334,171.23333333333332,17.831666666666667,970.7566666666667
2019-04-27 21:00:00,-18.46333333333333,44.49166666666667,169.68333333333334,18.455,970.965
2019-04-27 22:00:00,-18.476666666666667,41.54833333333333,164.46666666666667,21.038333333333334,970.9366666666666
2019-04-27 23:00:00,-18.168333333333333,39.15,164.38333333333333,20.07,970.9083333333333
2019-04-28 00:00:00,-18.384999999999998,38.89833333333333,164.03333333333333,20.753333333333334,970.8533333333332
2019-04-28 01:00:00,-18.053333333333335,38.56166666666666,159.25,23.553333333333335,970.6916666666667
2019-04-28 02:00:00,-17.763333333333332,36.89666666666667,154.88333333333333,22.583333333333332,970.9
2019-04-28 03:00:00,-17.933333333333334,36.165,165.7,14.428333333333335,970.9866666666666
2019-04-28 04:00:00,-18.336666666666666,37.24166666666667,162.63333333333333,19.740000000000002,971.1766666666666
2019-04-28 05:00:00,-18.653333333333332,38.195,166.93333333333334,17.426666666666666,971.17
2019-04-28 06:00:00,-18.986666666666668,38.23833333333334,168.53333333333333,17.540000000000003,971.2433333333333
2019-04-28 07:00:00,-19.290000000000003,39.461666666666666,167.63333333333333,18.753333333333334,971.3533333333332
2019-04-28 08:00:00,-18.34,36.486666666666665,162.2,17.425,971.7633333333332
2019-04-28 09:00:00,-18.703333333333333,36.76,170.68333333333334,15.326666666666666,971.935
2019-04-28 10:00:00,-19.06,38.318333333333335,154.53333333333333,12.038333333333332,972.3566666666667
2019-04-28 11:00:00,-18.975,36.419999999999995,168.91666666666666,18.216666666666665,972.5133333333334
2019-04-28 12:00:00,-19.2,36.98166666666667,169.98333333333332,19.723333333333336,972.44
2019-04-28 13:00:00,-19.456666666666667,37.77166666666667,173.45,20.763333333333332,972.5583333333333
2019-04-28 14:00:00,-19.918333333333333,38.05,175.13333333333333,19.416666666666668,972.7466666666667
2019-04-28 15:00:00,-19.633333333333333,36.39,174.18333333333334,20.23,973.025
2019-04-28 16:00:00,-19.765,35.855000000000004,173.85,21.28666666666667,973.3783333333333
2019-04-28 17:00:00,-19.571666666666665,36.56666666666667,174.21666666666667,19.884999999999998,973.7583333333333
2019-04-28 18:00:00,-19.636666666666667,35.92833333333333,176.21666666666667,16.486666666666668,974.1883333333334
2019-04-28 19:00:00,-19.89333333333333,38.163333333333334,136.53333333333333,3.0016666666666665,974.92
2019-04-28 20:00:00,-20.763333333333332,42.66166666666666,145.53333333333333,2.058333333333333,975.1883333333334
2019-04-28 21:00:00,-19.941666666666666,37.43333333333333,163.91666666666666,4.753333333333333,975.3299999999999
2019-04-28 22:00:00,-20.266666666666666,38.06333333333334,171.85,1.9233333333333333,975.4183333333333
2019-04-28 23:00:00,-20.65,38.86833333333333,166.63333333333333,1.7516666666666665,975.6683333333333
2019-04-29 00:00:00,-21.091666666666665,40.10166666666667,130.83333333333334,2.1133333333333333,975.8866666666667
2019-04-29 01:00:00,-21.483333333333334,41.105000000000004,174.9,3.643333333333333,975.9166666666666
2019-04-29 02:00:00,-20.823333333333334,37.755,175.88333333333333,6.75,975.9166666666666
2019-04-29 03:00:00,-20.473333333333336,35.37833333333333,167.66666666666666,6.876666666666667,976.0483333333334
2019-04-29 04:00:00,-22.611666666666668,44.73833333333334,100.9,2.9066666666666667,976.1616666666667
2019-04-29 05:00:00,-22.279999999999998,43.973333333333336,182.43333333333334,2.4016666666666664,976.4716666666667
2019-04-29 06:00:00,-21.063333333333333,36.861666666666665,188.3,4.766666666666667,976.5766666666666
2019-04-29 07:00:00,-21.9,38.376666666666665,189.8,12.073333333333332,976.7
2019-04-29 08:00:00,-21.955,41.03333333333333,184.31666666666666,11.468333333333334,976.6800000000001
2019-04-29 09:00:00,-21.158333333333335,39.233333333333334,186.03333333333333,11.313333333333333,976.6933333333333
2019-04-29 10:00:00,-20.955,39.735,138.68333333333334,2.6,976.98
2019-04-29 11:00:00,-20.795,41.193333333333335,216.01666666666668,7.578333333333333,976.7666666666667
2019-04-29 12:00:00,-20.015,38.8,224.2,2.2366666666666664,976.8916666666667
2019-04-29 13:00:00,-22.998333333333335,47.766666666666666,86.46666666666667,3.341666666666667,976.7316666666667
2019-04-29 14:00:00,-23.173333333333336,48.51,164.06666666666666,3.455,976.7916666666666
2019-04-29 15:00:00,-22.31,44.42666666666666,265.7,3.2333333333333334,976.6766666666666
2019-04-29 16:00:00,-21.815,42.468333333333334,205.28333333333333,2.4266666666666667,976.725
2019-04-29 17:00:00,-22.303333333333335,44.44833333333334,253.08333333333334,1.9666666666666666,976.8366666666666
2019-04-29 18:00:00,-21.831666666666667,43.894999999999996,235.61666666666667,1.0666666666666667,976.6383333333334
2019-04-29 19:00:00,-21.701666666666664,45.365,224.23333333333332,2.058333333333333,976.3516666666667
2019-04-29 20:00:00,-19.745,39.46333333333334,194.55,3.9650000000000003,976.0616666666667
2019-04-29 21:00:00,-21.971666666666668,46.965,103.25,3.0166666666666666,976.035
2019-04-29 22:00:00,-21.959999999999997,49.330000000000005,167.3,1.325,975.8533333333332
2019-04-29 23:00:00,-21.341666666666665,48.00666666666667,181.63333333333333,0.9983333333333333,975.8416666666667
2019-04-30 00:00:00,-20.586666666666666,45.43666666666666,230.58333333333334,0.8833333333333333,975.5083333333333
2019-04-30 01:00:00,-19.94,41.19833333333334,206.8,1.725,975.2283333333332
2019-04-30 02:00:00,-19.408333333333335,38.04833333333333,153.56666666666666,3.875,974.6466666666666
2019-04-30 03:00:00,-19.19333333333333,36.505,112.13333333333334,3.4316666666666666,974.1833333333333
2019-04-30 04:00:00,-19.86,40.4,114.65,4.501666666666667,973.81
2019-04-30 05:00:00,-19.565,38.74,167.23333333333332,1.79,973.6416666666667
2019-04-30 06:00:00,-18.491666666666667,35.075,118.45,7.88,973.515
2019-04-30 07:00:00,-18.538333333333334,34.68,116.93333333333334,7.418333333333334,973.4166666666666
2019-04-30 08:00:00,-17.865000000000002,33.905,128.93333333333334,6.105,973.0066666666667
2019-04-30 09:00:00,-18.509999999999998,35.515,137.43333333333334,6.4766666666666675,973.1433333333333
2019-04-30 10:00:00,-18.776666666666664,39.49666666666667,211.66666666666666,2.0966666666666667,973.2733333333333
2019-04-30 11:00:00,-17.785,35.108333333333334,146.43333333333334,5.92,972.8566666666667
2019-04-30 12:00:00,-19.990000000000002,41.46666666666667,223.0,3.85,972.6033333333332
2019-04-30 13:00:00,-18.563333333333333,37.06166666666666,178.5,9.858333333333333,972.185
2019-04-30 14:00:00,-17.029999999999998,29.96333333333333,114.66666666666667,7.525,972.11
2019-04-30 15:00:00,-16.961666666666666,29.686666666666667,107.4,10.92,971.8816666666667
2019-04-30 16:00:00,-16.711666666666666,30.346666666666668,114.83333333333333,12.110000000000001,972.3983333333333
2019-04-30 17:00:00,-17.176666666666666,34.17666666666666,113.21666666666667,14.19,972.34
2019-04-30 18:00:00,-17.654999999999998,35.92166666666667,117.16666666666667,12.808333333333334,972.49
2019-04-30 19:00:00,-17.9,35.233333333333334,122.5,9.633333333333333,972.435
2019-04-30 20:00:00,-18.115000000000002,36.38333333333333,114.16666666666667,9.69,972.465
2019-04-30 21:00:00,-18.176666666666666,37.14833333333333,114.96666666666667,8.988333333333333,972.1016666666667
2019-04-30 22:00:00,-18.506666666666668,37.59166666666667,126.06666666666666,8.95,971.7866666666666
2019-04-30 23:00:00,-18.01833333333333,36.03333333333333,106.75,8.008333333333333,971.1216666666667
2019-05-01 00:00:00,-18.778333333333332,38.89666666666667,123.66666666666667,4.681666666666667,970.7166666666667
2019-05-01 01:00:00,-18.51833333333333,39.93666666666666,198.08333333333334,2.3,970.1133333333333
2019-05-01 02:00:00,-18.648333333333333,42.169999999999995,253.21666666666667,2.955,969.7483333333333
2019-05-01 03:00:00,-18.886666666666667,43.626666666666665,132.5,2.308333333333333,969.5816666666667
2019-05-01 04:00:00,-19.216666666666665,43.585,250.25,3.145,969.4699999999999
2019-05-01 05:00:00,-18.71333333333333,41.78333333333333,246.23333333333332,3.103333333333333,969.6816666666667
2019-05-01 06:00:00,-18.848333333333336,40.74166666666667,243.21666666666667,3.5883333333333334,969.87
2019-05-01 07:00:00,-18.316666666666666,37.876666666666665,252.4,3.0933333333333333,970.3199999999999
2019-05-01 08:00:00,-18.740000000000002,37.73166666666667,196.81666666666666,7.165,970.3583333333333
2019-05-01 09:00:00,-17.321666666666665,36.401666666666664,183.36666666666667,11.591666666666667,970.3616666666666
2019-05-01 10:00:00,-19.923333333333336,44.53,168.95,3.1733333333333333,971.1766666666666
2019-05-01 11:00:00,-17.115000000000002,38.07,241.86666666666667,3.2116666666666664,971.3566666666667
2019-05-01 12:00:00,-16.551666666666666,36.876666666666665,203.4,4.736666666666666,971.4633333333334
2019-05-01 13:00:00,-17.63,37.87833333333333,262.18333333333334,3.6383333333333336,971.4983333333333
2019-05-01 14:00:00,-17.595000000000002,36.675,163.85,3.45,971.65
2019-05-01 15:00:00,-18.221666666666668,36.480000000000004,174.31666666666666,2.7666666666666666,972.2633333333334
2019-05-01 16:00:00,-18.058333333333334,35.67833333333333,177.91666666666666,2.3699999999999997,972.8
2019-05-01 17:00:00,-16.786666666666665,37.54333333333333,149.7,7.41,973.3066666666667
2019-05-01 18:00:00,-15.935,39.50666666666667,113.25,8.095,973.8
2019-05-01 19:00:00,-15.948333333333332,38.665,110.15,8.07,974.355
2019-05-01 20:00:00,-15.746666666666666,36.415,179.63333333333333,5.415,975.0083333333333
2019-05-01 21:00:00,-13.44,31.341666666666665,133.43333333333334,12.173333333333334,975.2733333333333
2019-05-01 22:00:00,-18.175,40.419999999999995,278.53333333333336,5.531666666666666,976.1550000000001
2019-05-01 23:00:00,-17.28166666666667,40.32333333333334,280.3333333333333,6.566666666666666,976.74
2019-05-02 00:00:00,-16.2,40.665,177.03333333333333,6.826666666666667,976.8
2019-05-02 01:00:00,-16.27,41.415,245.53333333333333,11.611666666666668,977.0716666666667
2019-05-02 02:00:00,-17.134999999999998,39.663333333333334,266.96666666666664,6.238333333333333,977.9616666666666
2019-05-02 03:00:00,-15.986666666666668,32.80166666666666,265.01666666666665,7.118333333333334,978.5400000000001
2019-05-02 04:00:00,-15.888333333333332,31.19333333333333,275.3833333333333,7.266666666666667,979.31
2019-05-02 05:00:00,-17.084999999999997,35.876666666666665,260.71666666666664,5.0649999999999995,980.5466666666667
2019-05-02 06:00:00,-17.206666666666667,38.233333333333334,227.68333333333334,2.5616666666666665,981.37
2019-05-02 07:00:00,-19.470000000000002,43.07166666666667,178.73333333333332,3.643333333333333,982.0383333333334
2019-05-02 08:00:00,-21.118333333333332,47.59166666666667,131.08333333333334,2.705,982.8416666666667
2019-05-02 09:00:00,-21.35666666666667,47.65,99.98333333333333,4.721666666666667,983.6466666666668
2019-05-02 10:00:00,-20.38,42.556666666666665,96.15,4.53,984.035
2019-05-02 11:00:00,-19.706666666666667,44.47666666666667,95.56666666666666,6.626666666666667,985.1766666666666
2019-05-02 12:00:00,-18.76833333333333,42.669999999999995,126.61666666666666,8.955,985.8466666666667
2019-05-02 13:00:00,-17.865000000000002,39.794999999999995,109.38333333333334,3.0416666666666665,986.5266666666666
2019-05-02 14:00:00,-19.186666666666667,44.01833333333333,134.55,3.045,987.3283333333333
2019-05-02 15:00:00,-19.511666666666667,45.35666666666667,132.38333333333333,5.623333333333333,988.4300000000001
2019-05-02 16:00:00,-18.58833333333333,41.82333333333334,192.43333333333334,3.621666666666667,989.1133333333333
2019-05-02 17:00:00,-19.07,44.18666666666666,187.23333333333332,2.881666666666667,990.1566666666666
2019-05-02 18:00:00,-17.916666666666668,39.455000000000005,238.95,5.1033333333333335,990.2666666666667
2019-05-02 19:00:00,-19.796666666666667,44.025,111.85,5.245,990.775
2019-05-02 20:00:00,-20.828333333333333,48.77333333333333,112.46666666666667,3.5116666666666663,991.4916666666667
2019-05-02 21:00:00,-20.456666666666667,47.983333333333334,103.65,2.2849999999999997,991.9366666666666
2019-05-02 22:00:00,-20.408333333333335,48.913333333333334,147.75,3.29,992.5333333333333
2019-05-02 23:00:00,-19.091666666666665,44.95666666666667,163.98333333333332,4.913333333333333,992.5816666666667
2019-05-03 00:00:00,-19.046666666666667,45.655,180.41666666666666,3.5933333333333333,992.7733333333333
2019-05-03 01:00:00,-18.955,45.10166666666667,193.16666666666666,2.33,992.8483333333334
2019-05-03 02:00:00,-18.654999999999998,43.641666666666666,184.25,1.6849999999999998,992.89
2019-05-03 03:00:00,-18.348333333333336,41.486666666666665,171.03333333333333,3.9866666666666664,992.6866666666666
2019-05-03 04:00:00,-17.298333333333336,40.02833333333333,162.2,3.3616666666666664,992.7533333333333
2019-05-03 05:00:00,-18.225,43.781666666666666,160.88333333333333,2.353333333333333,993.0383333333334
2019-05-03 06:00:00,-16.311666666666667,40.035,164.55,8.531666666666666,993.5783333333333
2019-05-03 07:00:00,-15.110000000000001,36.63,225.28333333333333,4.46,993.35
2019-05-03 08:00:00,-18.903333333333332,44.03,184.18333333333334,3.1383333333333336,993.3733333333333
2019-05-03 09:00:00,-18.785,45.41166666666666,133.33333333333334,6.238333333333333,994.3066666666667
2019-05-03 10:00:00,-16.743333333333332,40.126666666666665,210.58333333333334,3.955,994.1383333333334
2019-05-03 11:00:00,-17.008333333333333,40.47833333333333,130.11666666666667,1.715,993.8616666666666
2019-05-03 12:00:00,-17.0,41.30333333333333,187.33333333333334,1.4283333333333335,993.4333333333333
2019-05-03 13:00:00,-17.708333333333332,42.905,159.06666666666666,1.5450000000000002,992.895
2019-05-03 14:00:00,-18.628333333333334,45.09,167.8,2.265,992.4449999999999
2019-05-03 15:00:00,-18.511666666666667,42.775,137.26666666666668,2.71,991.8566666666667
2019-05-03 16:00:00,-19.009999999999998,43.98833333333334,154.0,2.6816666666666666,990.9216666666667
2019-05-03 17:00:00,-19.351666666666667,44.695,189.63333333333333,1.2333333333333334,990.0699999999999
2019-05-03 18:00:00,-18.48,42.075,168.08333333333334,2.4766666666666666,988.9
2019-05-03 19:00:00,-17.608333333333334,38.70166666666667,171.35,3.8800000000000003,987.3066666666667
2019-05-03 20:00:00,-17.715,37.56666666666667,221.61666666666667,2.01,985.8933333333333
2019-05-03 21:00:00,-18.008333333333333,38.17166666666667,225.6,2.6166666666666667,984.6216666666667
2019-05-03 22:00:00,-19.88,44.67166666666667,130.31666666666666,2.6516666666666664,983.2216666666667
2019-05-03 23:00:00,-19.38,44.65,134.08333333333334,1.28,981.8333333333334
2019-05-04 00:00:00,-19.473333333333336,45.57,226.56666666666666,2.0216666666666665,980.2283333333332
2019-05-04 01:00:00,-19.186666666666667,44.580000000000005,172.06666666666666,3.0983333333333336,978.7466666666667
2019-05-04 02:00:00,-19.105,43.85166666666667,159.15,2.8583333333333334,977.3433333333334
2019-05-04 03:00:00,-19.671666666666667,45.43333333333333,220.58333333333334,1.9266666666666665,976.1800000000001
2019-05-04 04:00:00,-19.948333333333334,44.940000000000005,275.06666666666666,2.5716666666666668,975.2583333333333
2019-05-04 05:00:00,-19.743333333333332,46.89333333333333,203.11666666666667,2.2916666666666665,974.4216666666667
2019-05-04 06:00:00,-19.714999999999996,46.108333333333334,160.15,2.0516666666666667,973.6666666666666
2019-05-04 07:00:00,-20.06833333333333,47.50666666666667,114.6,2.4633333333333334,972.9466666666667
2019-05-04 08:00:00,-17.973333333333336,43.40833333333333,118.2,2.6983333333333333,972.01
2019-05-04 09:00:00,-16.256666666666668,38.57666666666667,139.51666666666668,4.223333333333334,971.0416666666666
2019-05-04 10:00:00,-13.601666666666667,32.455,108.66666666666667,6.989999999999999,969.9733333333334
2019-05-04 11:00:00,-11.783333333333333,30.473333333333336,118.78333333333333,6.975,969.13
2019-05-04 12:00:00,-11.691666666666666,29.916666666666668,117.08333333333333,11.78,967.99
2019-05-04 13:00:00,-12.735000000000001,31.951666666666664,123.18333333333334,6.781666666666666,967.7933333333333
2019-05-04 14:00:00,-13.128333333333334,32.95166666666667,139.98333333333332,5.788333333333333,967.435
2019-05-04 15:00:00,-13.268333333333334,32.568333333333335,119.78333333333333,6.305000000000001,967.1966666666667
2019-05-04 16:00:00,-13.986666666666668,34.20333333333333,198.1,3.9583333333333335,967.1833333333333
2019-05-04 17:00:00,-14.396666666666667,36.175,145.56666666666666,5.8983333333333325,966.865
2019-05-04 18:00:00,-11.376666666666667,41.17833333333333,159.28333333333333,28.671666666666667,965.5816666666667
2019-05-04 19:00:00,-11.426666666666668,40.401666666666664,153.3,28.675,965.55
2019-05-04 20:00:00,-15.496666666666666,42.825,79.76666666666667,12.545,966.3533333333332
2019-05-04 21:00:00,-12.983333333333333,36.79,173.76666666666668,22.09333333333333,965.0433333333333
2019-05-04 22:00:00,-12.311666666666667,33.98166666666667,162.55,24.575,965.1566666666666
2019-05-04 23:00:00,-13.636666666666667,36.865,113.66666666666667,9.543333333333333,966.5933333333334
2019-05-05 00:00:00,-14.671666666666665,35.248333333333335,95.76666666666667,13.504999999999999,966.9116666666666
2019-05-05 01:00:00,-16.58833333333333,45.87,120.75,13.6,967.3983333333333
2019-05-05 02:00:00,-16.853333333333335,47.218333333333334,116.1,9.201666666666666,967.625
2019-05-05 03:00:00,-16.861666666666668,44.07666666666667,113.18333333333334,11.675,967.74
2019-05-05 04:00:00,-17.321666666666665,44.82,112.46666666666667,11.101666666666667,968.65
2019-05-05 05:00:00,-18.31833333333333,46.68833333333334,116.93333333333334,12.345,969.12
2019-05-05 06:00:00,-17.863333333333333,40.66166666666666,119.21666666666667,7.256666666666666,969.5466666666667
2019-05-05 07:00:00,-17.02,37.54833333333333,147.5,10.606666666666666,969.465
2019-05-05 08:00:00,-16.088333333333335,35.894999999999996,129.1,17.31,969.525
2019-05-05 09:00:00,-16.335,35.45333333333333,127.9,14.983333333333333,970.0516666666666
2019-05-05 10:00:00,-16.31,33.458333333333336,145.01666666666668,17.765,970.3083333333333
2019-05-05 11:00:00,-16.096666666666668,35.02333333333333,151.81666666666666,24.36,970.5566666666667
2019-05-05 12:00:00,-15.998333333333335,35.81166666666666,150.31666666666666,23.238333333333333,970.8283333333333
2019-05-05 13:00:00,-15.808333333333334,33.38,161.43333333333334,30.298333333333336,970.775
2019-05-05 14:00:00,-15.948333333333332,31.805,170.73333333333332,28.64333333333333,971.015
2019-05-05 15:00:00,-16.358333333333334,35.248333333333335,165.15,27.185,971.0949999999999
2019-05-05 16:00:00,-16.708333333333332,36.805,168.9,25.975,971.465
2019-05-05 17:00:00,-16.433333333333334,33.225,164.61666666666667,26.11,971.6816666666667
2019-05-05 18:00:00,-16.201666666666668,32.63333333333333,167.6,22.501666666666665,971.8666666666667
2019-05-05 19:00:00,-16.311666666666664,34.288333333333334,166.61666666666667,22.086666666666666,972.2800000000001
2019-05-05 20:00:00,-15.646666666666668,31.738333333333333,164.33333333333334,25.305,972.1683333333333
2019-05-05 21:00:00,-15.026666666666667,29.623333333333335,163.9,24.68166666666667,972.2766666666666
2019-05-05 22:00:00,-15.073333333333332,29.803333333333335,162.51666666666668,25.651666666666664,972.3233333333334
2019-05-05 23:00:00,-15.233333333333333,30.220000000000002,160.96666666666667,26.848333333333336,972.4599999999999
2019-05-06 00:00:00,-15.148333333333333,29.238333333333333,169.25,26.271666666666665,972.6166666666667
2019-05-06 01:00:00,-15.285,31.341666666666665,175.16666666666666,24.84,972.6233333333333
2019-05-06 02:00:00,-15.379999999999999,33.27166666666667,174.66666666666666,24.1,972.7116666666667
2019-05-06 03:00:00,-14.896666666666667,31.06,164.08333333333334,24.871666666666666,972.6616666666667
2019-05-06 04:00:00,-14.751666666666667,30.85666666666667,161.75,21.023333333333333,973.035
2019-05-06 05:00:00,-14.55,30.52,160.83333333333334,26.753333333333334,973.0133333333334
2019-05-06 06:00:00,-14.446666666666665,31.091666666666665,160.73333333333332,24.413333333333334,973.2516666666667
2019-05-06 07:00:00,-14.7,32.05166666666666,158.36666666666667,25.386666666666667,972.9766666666667
2019-05-06 08:00:00,-14.071666666666665,31.57,150.6,23.563333333333333,972.8799999999999
2019-05-06 09:00:00,-14.008333333333333,32.24666666666666,155.6,26.413333333333334,972.9933333333333
2019-05-06 10:00:00,-13.976666666666667,31.503333333333334,159.78333333333333,28.87,972.8083333333333
2019-05-06 11:00:00,-14.138333333333332,32.62166666666666,172.13333333333333,25.57,973.0183333333333
2019-05-06 12:00:00,-13.838333333333335,31.646666666666665,175.31666666666666,26.32,972.8216666666666
2019-05-06 13:00:00,-13.661666666666665,31.546666666666667,172.43333333333334,27.391666666666666,972.355
2019-05-06 14:00:00,-14.058333333333334,33.09166666666667,174.15,26.458333333333332,972.0416666666666
2019-05-06 15:00:00,-13.575,31.17,169.73333333333332,25.691666666666666,971.8766666666667
2019-05-06 16:00:00,-13.671666666666665,31.185,162.51666666666668,28.195,971.6583333333333
2019-05-06 17:00:00,-13.886666666666667,31.191666666666666,166.15,27.235,972.2
2019-05-06 18:00:00,-13.918333333333333,31.775,175.4,24.52,972.0916666666667
2019-05-06 19:00:00,-14.106666666666666,30.578333333333333,173.16666666666666,27.243333333333332,971.8583333333333
2019-05-06 20:00:00,-14.205,30.728333333333335,175.61666666666667,23.735,971.8399999999999
2019-05-06 21:00:00,-14.33,30.933333333333334,172.96666666666667,22.48166666666667,971.9416666666667
2019-05-06 22:00:00,-15.601666666666667,33.11333333333333,171.73333333333332,19.42,971.99
2019-05-06 23:00:00,-15.828333333333335,31.30666666666667,168.75,20.15,971.9166666666666
2019-05-07 00:00:00,-15.518333333333334,30.016666666666666,166.38333333333333,19.458333333333332,971.9216666666666
2019-05-07 01:00:00,-16.246666666666666,30.873333333333335,167.21666666666667,20.173333333333336,971.8783333333333
2019-05-07 02:00:00,-16.426666666666666,30.398333333333333,165.51666666666668,19.68166666666667,971.6700000000001
2019-05-07 03:00:00,-16.121666666666666,30.071666666666665,164.46666666666667,21.303333333333335,971.505
2019-05-07 04:00:00,-16.25,30.361666666666668,165.25,20.438333333333333,971.4033333333333
2019-05-07 05:00:00,-16.291666666666668,30.84333333333333,165.88333333333333,19.626666666666665,971.4716666666667
2019-05-07 06:00:00,-16.37333333333333,30.623333333333335,166.18333333333334,18.115000000000002,971.4116666666666
2019-05-07 07:00:00,-16.765,30.888333333333332,166.98333333333332,18.743333333333332,971.51
2019-05-07 08:00:00,-16.87,30.991666666666667,166.3,19.654999999999998,971.6366666666668
2019-05-07 09:00:00,-16.611666666666668,29.959999999999997,164.9,19.186666666666667,971.74
2019-05-07 10:00:00,-16.363333333333333,29.846666666666668,164.28333333333333,19.82,971.8633333333332
2019-05-07 11:00:00,-15.606666666666666,29.285,162.56666666666666,21.371666666666666,972.1433333333333
2019-05-07 12:00:00,-15.206666666666667,28.383333333333333,157.96666666666667,22.538333333333334,972.2016666666666
2019-05-07 13:00:00,-15.42,30.368333333333332,158.7,21.89333333333333,972.275
2019-05-07 14:00:00,-15.375,30.48,159.01666666666668,20.325,972.2783333333333
2019-05-07 15:00:00,-14.943333333333333,28.098333333333336,156.73333333333332,19.471666666666668,972.2416666666667
2019-05-07 16:00:00,-15.433333333333334,29.14,159.18333333333334,20.43,972.3133333333333
2019-05-07 17:00:00,-15.243333333333334,28.540000000000003,156.78333333333333,22.363333333333333,972.41
2019-05-07 18:00:00,-15.171666666666665,28.298333333333336,154.63333333333333,21.18,972.5016666666667
2019-05-07 19:00:00,-15.095,27.456666666666667,154.08333333333334,19.66,972.5
2019-05-07 20:00:00,-15.129999999999999,27.623333333333335,152.15,21.895,972.5849999999999
2019-05-07 21:00:00,-15.178333333333335,28.34,149.91666666666666,22.15666666666667,972.6233333333333
2019-05-07 22:00:00,-15.333333333333334,29.293333333333333,152.25,23.445,972.77
2019-05-07 23:00:00,-15.205,28.166666666666668,152.35,21.703333333333333,972.995
2019-05-08 00:00:00,-15.426666666666668,29.09333333333333,158.6,21.396666666666665,972.6833333333333
2019-05-08 01:00:00,-15.629999999999999,29.698333333333334,163.16666666666666,22.211666666666666,972.31
2019-05-08 02:00:00,-15.511666666666667,29.009999999999998,154.31666666666666,22.995,972.615
2019-05-08 03:00:00,-15.645000000000001,29.3,153.41666666666666,20.77,972.7199999999999
2019-05-08 04:00:00,-15.848333333333333,29.523333333333333,161.36666666666667,20.23166666666667,972.6066666666667
2019-05-08 05:00:00,-15.72,28.89,160.88333333333333,22.091666666666665,972.3833333333333
2019-05-08 06:00:00,-15.601666666666667,28.861666666666668,151.98333333333332,21.975,972.475
2019-05-08 07:00:00,-15.493333333333334,28.458333333333332,149.6,21.096666666666668,972.7716666666668
2019-05-08 08:00:00,-15.718333333333334,30.290000000000003,118.55,12.851666666666667,973.1833333333333
2019-05-08 09:00:00,-15.545,31.648333333333333,104.06666666666666,11.221666666666666,973.48
2019-05-08 10:00:00,-15.236666666666668,31.473333333333333,103.36666666666666,13.016666666666667,973.5933333333334
2019-05-08 11:00:00,-14.821666666666667,32.16166666666667,104.25,14.275,973.3933333333333
2019-05-08 12:00:00,-14.595,35.43,103.58333333333333,17.571666666666665,973.315
2019-05-08 13:00:00,-14.573333333333332,37.63333333333333,108.96666666666667,16.64,973.1800000000001
2019-05-08 14:00:00,-14.338333333333335,36.013333333333335,116.95,17.663333333333334,972.925
2019-05-08 15:00:00,-14.033333333333333,34.89333333333333,124.55,21.313333333333333,972.7783333333333
2019-05-08 16:00:00,-13.888333333333334,36.21,129.73333333333332,23.826666666666664,972.5733333333334
2019-05-08 17:00:00,-14.253333333333332,38.53666666666666,143.23333333333332,24.78666666666667,972.5416666666666
2019-05-08 18:00:00,-14.646666666666667,38.06166666666666,151.95,26.555,972.6133333333333
2019-05-08 19:00:00,-14.311666666666667,37.376666666666665,156.35,23.36,972.65
2019-05-08 20:00:00,-13.896666666666667,35.875,165.55,24.976666666666667,972.7133333333334
2019-05-08 21:00:00,-13.918333333333333,36.405,170.66666666666666,23.123333333333335,972.8633333333332
2019-05-08 22:00:00,-14.191666666666666,34.55333333333333,169.25,22.425,972.9833333333333
2019-05-08 23:00:00,-14.17,32.776666666666664,166.75,24.168333333333333,973.0283333333333
2019-05-09 00:00:00,-14.83,34.78666666666666,168.96666666666667,25.625,973.05
2019-05-09 01:00:00,-15.031666666666666,35.080000000000005,170.28333333333333,23.178333333333335,973.0183333333333
2019-05-09 02:00:00,-15.556666666666667,35.06666666666667,161.33333333333334,23.745,973.0849999999999
2019-05-09 03:00:00,-15.538333333333334,33.325,156.48333333333332,24.128333333333334,972.7800000000001
2019-05-09 04:00:00,-15.618333333333334,32.321666666666665,158.78333333333333,21.785,972.4150000000001
2019-05-09 05:00:00,-15.678333333333335,32.165,167.25,24.633333333333333,972.3083333333333
2019-05-09 06:00:00,-15.771666666666667,30.676666666666666,163.38333333333333,25.898333333333333,972.0016666666667
2019-05-09 07:00:00,-16.37,30.396666666666665,164.88333333333333,21.55666666666667,972.1516666666666
2019-05-09 08:00:00,-16.736666666666668,31.075,168.61666666666667,20.985,971.8583333333333
2019-05-09 09:00:00,-17.06833333333333,31.258333333333333,171.41666666666666,20.69,971.5466666666667
2019-05-09 10:00:00,-17.353333333333335,30.956666666666667,170.78333333333333,21.521666666666665,971.425
2019-05-09 11:00:00,-17.626666666666665,30.78166666666667,173.33333333333334,22.505,971.225
2019-05-09 12:00:00,-17.753333333333334,30.970000000000002,173.16666666666666,22.509999999999998,970.9233333333334
2019-05-09 13:00:00,-18.154999999999998,31.66166666666667,174.46666666666667,23.933333333333334,970.77
2019-05-09 14:00:00,-17.998333333333335,32.013333333333335,173.7,22.36,970.425
2019-05-09 15:00:00,-17.605,32.473333333333336,173.21666666666667,21.31,970.0533333333333
2019-05-09 16:00:00,-16.685,32.64666666666667,171.43333333333334,18.55666666666667,969.57
2019-05-09 17:00:00,-16.421666666666667,33.76833333333333,171.03333333333333,19.441666666666666,969.1716666666667
2019-05-09 18:00:00,-16.031666666666666,34.01,172.35,19.295,968.8183333333333
2019-05-09 19:00:00,-16.093333333333334,33.306666666666665,173.03333333333333,19.23,968.2666666666667
2019-05-09 20:00:00,-16.49,33.483333333333334,174.61666666666667,19.91166666666667,967.825
2019-05-09 21:00:00,-16.103333333333335,33.155,174.31666666666666,21.195,967.4016666666666
2019-05-09 22:00:00,-16.071666666666665,34.028333333333336,176.08333333333334,19.91,966.9383333333334
2019-05-09 23:00:00,-15.341666666666667,32.61333333333333,173.78333333333333,19.581666666666667,966.4983333333333
2019-05-10 00:00:00,-15.1,32.553333333333335,171.83333333333334,19.06833333333333,965.8333333333334
2019-05-10 01:00:00,-14.968333333333334,34.41,169.8,18.598333333333336,965.2833333333333
2019-05-10 02:00:00,-15.305,35.57,171.15,18.76833333333333,964.9666666666667
2019-05-10 03:00:00,-15.316666666666666,35.843333333333334,169.61666666666667,19.065,964.6800000000001
2019-05-10 04:00:00,-15.626666666666667,37.605000000000004,172.03333333333333,19.323333333333334,964.455
2019-05-10 05:00:00,-16.158333333333335,37.394999999999996,172.91666666666666,20.251666666666665,964.0983333333334
2019-05-10 06:00:00,-16.323333333333334,38.67166666666667,172.71666666666667,19.898333333333333,964.0400000000001
2019-05-10 07:00:00,-16.516666666666666,37.465,172.88333333333333,20.408333333333335,964.0366666666666
2019-05-10 08:00:00,-16.24,36.765,172.05,20.66166666666667,963.87
2019-05-10 09:00:00,-16.091666666666665,35.82,171.21666666666667,19.576666666666664,963.6650000000001
2019-05-10 10:00:00,-15.726666666666667,34.875,167.83333333333334,19.138333333333332,963.5316666666666
2019-05-10 11:00:00,-15.665,34.87,169.85,19.10666666666667,963.7066666666667
2019-05-10 12:00:00,-16.096666666666668,34.57,172.61666666666667,19.453333333333333,963.6966666666667
2019-05-10 13:00:00,-16.44,34.31333333333334,176.71666666666667,17.888333333333332,963.705
2019-05-10 14:00:00,-17.303333333333335,36.39666666666667,181.4,16.706666666666667,963.9783333333332
2019-05-10 15:00:00,-17.259999999999998,37.108333333333334,178.66666666666666,10.803333333333335,964.28
2019-05-10 16:00:00,-17.473333333333336,37.276666666666664,188.63333333333333,9.946666666666665,964.2733333333333
2019-05-10 17:00:00,-17.790000000000003,37.730000000000004,189.0,11.28,964.52
2019-05-10 18:00:00,-18.05666666666667,39.4,190.26666666666668,9.754999999999999,964.4966666666667
2019-05-10 19:00:00,-18.71833333333333,38.218333333333334,183.6,10.821666666666665,964.58
2019-05-10 20:00:00,-18.598333333333336,35.97666666666667,176.13333333333333,9.068333333333333,964.69
2019-05-10 21:00:00,-18.666666666666668,36.11,178.15,7.485,964.7233333333334
2019-05-10 22:00:00,-19.10666666666667,36.958333333333336,175.43333333333334,6.63,964.8299999999999
2019-05-10 23:00:00,-19.220000000000002,36.16833333333333,175.65,8.633333333333333,964.8533333333332
2019-05-11 00:00:00,-19.85,36.74666666666667,180.21666666666667,9.906666666666666,964.8016666666666
2019-05-11 01:00:00,-20.445,37.04333333333333,178.95,10.84,964.7233333333334
2019-05-11 02:00:00,-20.290000000000003,36.843333333333334,176.76666666666668,9.768333333333334,964.6583333333333
2019-05-11 03:00:00,-20.243333333333332,39.69166666666667,188.61666666666667,5.586666666666667,964.9266666666666
2019-05-11 04:00:00,-19.821666666666665,38.45166666666667,135.08333333333334,4.6,964.8983333333333
2019-05-11 05:00:00,-20.285,41.695,144.8,2.3016666666666667,965.0716666666667
2019-05-11 06:00:00,-20.455,42.333333333333336,118.15,1.5833333333333333,965.4733333333334
2019-05-11 07:00:00,-20.563333333333333,42.64666666666667,131.75,1.6116666666666668,965.605
2019-05-11 08:00:00,-19.53666666666667,37.406666666666666,173.38333333333333,8.296666666666667,965.4133333333333
2019-05-11 09:00:00,-19.808333333333334,35.075,176.98333333333332,10.645000000000001,965.5616666666667
2019-05-11 10:00:00,-19.325,35.306666666666665,119.55,5.368333333333334,965.9150000000001
2019-05-11 11:00:00,-18.68,32.528333333333336,135.9,6.888333333333334,965.9516666666666
2019-05-11 12:00:00,-18.863333333333333,33.24,172.26666666666668,10.523333333333333,965.75
2019-05-11 13:00:00,-18.776666666666664,33.440000000000005,173.96666666666667,12.168333333333333,965.4316666666667
2019-05-11 14:00:00,-18.58,33.711666666666666,191.98333333333332,11.483333333333333,965.2366666666666
2019-05-11 15:00:00,-19.14,35.36333333333334,121.16666666666667,4.223333333333334,965.2716666666668
2019-05-11 16:00:00,-15.908333333333333,21.488333333333333,110.65,18.045,964.8816666666667
2019-05-11 17:00:00,-16.216666666666665,23.033333333333335,105.4,17.423333333333336,964.7883333333334
2019-05-11 18:00:00,-15.131666666666666,22.513333333333332,100.26666666666667,13.645000000000001,964.205
2019-05-11 19:00:00,-15.335,23.290000000000003,93.28333333333333,16.271666666666665,963.8283333333333
2019-05-11 20:00:00,-15.083333333333334,22.805,83.0,16.53,963.64
2019-05-11 21:00:00,-14.995000000000001,27.983333333333334,108.08333333333333,14.203333333333335,963.1866666666666
2019-05-11 22:00:00,-14.146666666666667,28.206666666666667,110.6,17.15666666666667,962.5533333333333
2019-05-11 23:00:00,-14.313333333333333,32.093333333333334,103.41666666666667,15.925,962.3
2019-05-12 00:00:00,-13.948333333333332,30.633333333333333,103.0,16.25166666666667,962.0283333333333
2019-05-12 01:00:00,-13.725,29.736666666666668,99.56666666666666,16.375,961.7933333333333
2019-05-12 02:00:00,-13.601666666666667,26.483333333333334,101.58333333333333,13.831666666666667,961.5433333333333
2019-05-12 03:00:00,-13.238333333333333,24.576666666666664,112.91666666666667,13.9,961.5666666666667
2019-05-12 04:00:00,-13.595,30.36,143.41666666666666,19.41166666666667,961.4783333333332
2019-05-12 05:00:00,-13.898333333333333,34.858333333333334,153.2,25.52,961.3549999999999
2019-05-12 06:00:00,-13.733333333333333,33.346666666666664,147.68333333333334,23.696666666666665,961.7416666666667
2019-05-12 07:00:00,-13.858333333333333,31.959999999999997,152.16666666666666,26.595000000000002,962.3166666666667
2019-05-12 08:00:00,-13.731666666666666,30.183333333333334,156.86666666666667,27.503333333333334,962.9
2019-05-12 09:00:00,-13.860000000000001,26.953333333333333,162.0,23.511666666666667,963.545
2019-05-12 10:00:00,-14.235000000000001,24.928333333333335,166.48333333333332,19.740000000000002,964.2733333333333
2019-05-12 11:00:00,-14.933333333333334,25.41166666666667,189.88333333333333,6.444999999999999,965.5116666666667
2019-05-12 12:00:00,-14.696666666666665,20.578333333333333,175.48333333333332,5.571666666666667,965.8566666666667
2019-05-12 13:00:00,-15.443333333333333,21.955,171.11666666666667,7.321666666666667,966.1833333333333
2019-05-12 14:00:00,-15.726666666666667,24.596666666666668,209.85,6.566666666666666,966.1200000000001
2019-05-12 15:00:00,-16.38,25.891666666666666,210.96666666666667,6.608333333333333,965.9966666666667
2019-05-12 16:00:00,-18.236666666666668,31.471666666666668,212.25,9.931666666666667,965.7683333333333
2019-05-12 17:00:00,-18.006666666666668,29.275,150.43333333333334,4.36,965.885
2019-05-12 18:00:00,-17.683333333333334,27.775,170.0,4.971666666666667,965.6066666666667
2019-05-12 19:00:00,-18.66,30.125,192.31666666666666,3.765,965.6033333333334
2019-05-12 20:00:00,-18.901666666666664,29.654999999999998,177.36666666666667,10.251666666666667,965.1666666666666
2019-05-12 21:00:00,-18.721666666666668,27.303333333333335,188.93333333333334,11.885,965.0300000000001
2019-05-12 22:00:00,-18.361666666666668,27.008333333333333,194.31666666666666,9.42,965.1383333333334
2019-05-12 23:00:00,-18.045,26.045,210.11666666666667,5.4399999999999995,964.875
2019-05-13 00:00:00,-19.253333333333334,29.355,139.23333333333332,3.5416666666666665,964.8799999999999
2019-05-13 01:00:00,-19.01833333333333,28.066666666666666,164.23333333333332,3.485,964.3983333333333
2019-05-13 02:00:00,-19.553333333333335,29.508333333333333,165.5,3.841666666666667,964.1716666666667
2019-05-13 03:00:00,-19.695,29.82,202.03333333333333,7.0633333333333335,963.9
2019-05-13 04:00:00,-18.948333333333334,27.240000000000002,145.81666666666666,4.546666666666667,963.1516666666666
2019-05-13 05:00:00,-19.501666666666665,28.801666666666666,144.53333333333333,4.785,962.62
2019-05-13 06:00:00,-18.935,26.416666666666668,146.76666666666668,4.131666666666667,961.9433333333333
2019-05-13 07:00:00,-19.009999999999998,26.65666666666667,171.41666666666666,6.6866666666666665,961.1083333333333
2019-05-13 08:00:00,-19.418333333333333,28.175,154.08333333333334,4.995,960.645
2019-05-13 09:00:00,-20.435,31.990000000000002,194.15,5.876666666666667,960.0400000000001
2019-05-13 10:00:00,-19.88,33.358333333333334,106.88333333333334,6.461666666666667,959.4166666666666
2019-05-13 11:00:00,-20.404999999999998,34.18333333333333,204.16666666666666,2.493333333333333,958.7483333333333
2019-05-13 12:00:00,-16.778333333333332,25.058333333333334,165.86666666666667,18.176666666666666,957.6366666666667
2019-05-13 13:00:00,-15.971666666666668,23.561666666666667,153.9,19.168333333333333,957.2516666666667
2019-05-13 14:00:00,-16.453333333333333,26.228333333333335,152.2,15.721666666666666,957.0316666666666
2019-05-13 15:00:00,-16.77,27.56833333333333,148.0,12.386666666666667,956.7900000000001
2019-05-13 16:00:00,-16.621666666666666,26.735,158.95,10.185,956.3733333333333
2019-05-13 17:00:00,-16.98,27.240000000000002,166.16666666666666,10.53,955.565
2019-05-13 18:00:00,-14.908333333333333,21.56833333333333,156.76666666666668,21.008333333333333,954.925
2019-05-13 19:00:00,-14.395000000000001,22.341666666666665,154.46666666666667,24.358333333333334,954.5766666666666
2019-05-13 20:00:00,-14.75,24.865000000000002,156.0,26.775,954.1083333333333
2019-05-13 21:00:00,-14.226666666666667,24.766666666666666,151.03333333333333,26.44333333333333,953.76
2019-05-13 22:00:00,-14.036666666666667,25.145,155.25,28.186666666666667,953.4633333333334
2019-05-13 23:00:00,-13.871666666666666,25.698333333333334,156.05,29.166666666666668,953.3233333333333
2019-05-14 00:00:00,-13.9,26.976666666666667,157.46666666666667,28.904999999999998,953.295
2019-05-14 01:00:00,-14.441666666666666,29.695,161.5,27.108333333333334,953.1766666666666
2019-05-14 02:00:00,-13.835,29.178333333333335,156.3,27.811666666666667,953.1533333333334
2019-05-14 03:00:00,-13.561666666666667,29.445,171.93333333333334,26.196666666666665,953.485
2019-05-14 04:00:00,-13.641666666666667,31.745,162.7,26.053333333333335,953.7916666666666
2019-05-14 05:00:00,-12.74,30.771666666666665,166.68333333333334,24.283333333333335,954.2233333333334
2019-05-14 06:00:00,-13.753333333333334,31.183333333333334,170.13333333333333,23.236666666666668,954.6316666666667
2019-05-14 07:00:00,-14.763333333333332,31.63,172.05,22.43,954.8916666666667
2019-05-14 08:00:00,-14.323333333333332,31.758333333333333,164.1,22.959999999999997,955.175
2019-05-14 09:00:00,-13.456666666666667,32.525,168.46666666666667,21.171666666666667,955.5566666666667
2019-05-14 10:00:00,-12.815,34.53,165.15,21.006666666666668,955.81
2019-05-14 11:00:00,-12.153333333333334,36.25333333333333,162.26666666666668,19.741666666666667,956.2683333333333
2019-05-14 12:00:00,-12.195,39.64,168.36666666666667,18.253333333333334,956.4916666666667
2019-05-14 13:00:00,-11.868333333333334,42.625,172.38333333333333,17.290000000000003,956.8933333333333
2019-05-14 14:00:00,-11.975,47.40833333333333,142.53333333333333,12.806666666666667,957.4066666666666
2019-05-14 15:00:00,-12.721666666666666,52.06333333333334,116.13333333333334,9.235000000000001,958.2283333333332
2019-05-14 16:00:00,-12.246666666666666,52.96666666666667,130.88333333333333,13.854999999999999,958.7083333333334
2019-05-14 17:00:00,-12.656666666666666,56.80833333333333,131.46666666666667,15.055,959.0366666666666
2019-05-14 18:00:00,-12.826666666666666,60.075,126.46666666666667,15.415,959.2383333333333
2019-05-14 19:00:00,-12.985000000000001,61.266666666666666,116.56666666666666,14.343333333333334,959.7983333333334
2019-05-14 20:00:00,-13.496666666666666,61.82333333333334,121.68333333333334,12.815,960.0933333333334
2019-05-14 21:00:00,-13.78888888888889,64.13333333333333,53.36666666666667,12.27037037037037,960.3888888888889
2019-05-14 22:00:00,-13.678333333333335,66.02666666666667,110.91666666666667,11.71,960.4966666666667
2019-05-14 23:00:00,-12.851666666666667,58.52166666666667,106.5,13.136666666666667,960.65
2019-05-15 00:00:00,-12.521666666666667,55.7,125.83333333333333,15.588333333333333,960.5983333333334
2019-05-15 01:00:00,-12.833333333333334,63.775,149.73333333333332,17.21333333333333,960.105
2019-05-15 02:00:00,-12.591666666666667,60.49166666666667,142.4,20.046666666666667,959.9483333333334
2019-05-15 03:00:00,-13.436666666666667,64.88000000000001,163.06666666666666,23.438333333333333,959.8983333333333
2019-05-15 04:00:00,-13.78,66.795,165.66666666666666,26.85,959.955
2019-05-15 05:00:00,-13.361666666666668,58.94166666666667,163.08333333333334,26.73166666666667,960.2183333333334
2019-05-15 06:00:00,-13.128333333333332,51.66833333333333,163.16666666666666,24.883333333333333,960.7199999999999
2019-05-15 07:00:00,-13.528333333333332,50.21333333333334,166.55,27.163333333333334,960.825
2019-05-15 08:00:00,-13.501666666666667,46.98166666666667,164.6,27.738333333333333,960.8183333333333
2019-05-15 09:00:00,-13.565,46.708333333333336,166.1,27.85666666666667,961.0566666666667
2019-05-15 10:00:00,-12.875,44.375,164.2,27.220000000000002,960.9516666666666
2019-05-15 11:00:00,-12.745000000000001,44.42666666666666,166.18333333333334,27.676666666666666,961.1733333333334
2019-05-15 12:00:00,-12.773333333333333,46.651666666666664,165.11666666666667,28.203333333333333,961.3466666666666
2019-05-15 13:00:00,-12.725,47.45666666666667,164.76666666666668,27.673333333333336,961.3866666666667
2019-05-15 14:00:00,-12.32,50.84,163.5,27.990000000000002,961.5
2019-05-15 15:00:00,-11.8,52.35,162.73333333333332,27.08833333333333,961.8866666666667
2019-05-15 16:00:00,-11.625,52.94666666666667,164.68333333333334,28.154999999999998,962.14
2019-05-15 17:00:00,-11.525,49.19166666666667,165.16666666666666,26.215,962.6016666666667
2019-05-15 18:00:00,-11.226666666666667,48.45,165.28333333333333,26.261666666666667,962.6083333333333
2019-05-15 19:00:00,-10.736666666666668,42.51,162.93333333333334,23.2,962.7516666666667
2019-05-15 20:00:00,-10.696666666666665,35.93833333333334,168.83333333333334,23.883333333333333,962.8766666666667
2019-05-15 21:00:00,-11.388333333333332,35.71,164.58333333333334,24.695,963.1066666666667
2019-05-15 22:00:00,-11.341666666666667,35.975,150.85,24.13,963.3516666666667
2019-05-15 23:00:00,-11.243333333333334,34.26,163.35,24.813333333333333,962.9183333333333
2019-05-16 00:00:00,-11.610000000000001,36.53333333333333,160.3,24.188333333333333,962.7183333333334
2019-05-16 01:00:00,-12.053333333333335,37.276666666666664,161.66666666666666,27.85666666666667,962.51
2019-05-16 02:00:00,-12.033333333333333,41.026666666666664,160.43333333333334,22.279999999999998,962.6266666666667
2019-05-16 03:00:00,-11.139999999999999,42.93833333333334,148.08333333333334,20.241666666666667,962.3666666666667
2019-05-16 04:00:00,-10.16,44.485,135.38333333333333,17.866666666666667,962.1016666666667
2019-05-16 05:00:00,-10.371666666666666,52.65833333333333,137.41666666666666,20.795,962.2066666666667
2019-05-16 06:00:00,-10.128333333333334,47.14666666666667,135.63333333333333,18.035,962.2683333333333
2019-05-16 07:00:00,-10.013333333333332,43.163333333333334,119.43333333333334,18.415000000000003,962.475
2019-05-16 08:00:00,-9.818333333333333,43.275,124.15,19.81,962.3683333333333
2019-05-16 09:00:00,-9.585,43.995,125.51666666666667,18.033333333333335,962.1716666666667
2019-05-16 10:00:00,-10.06,44.79333333333333,126.01666666666667,17.028333333333332,962.205
2019-05-16 11:00:00,-10.103333333333333,44.485,121.26666666666667,14.83,962.2483333333333
2019-05-16 12:00:00,-10.253333333333334,42.044999999999995,120.66666666666667,15.718333333333334,962.3083333333333
2019-05-16 13:00:00,-10.183333333333334,38.66,122.85,16.861666666666668,961.925
2019-05-16 14:00:00,-10.870000000000001,40.30333333333333,137.33333333333334,18.668333333333333,961.6083333333333
2019-05-16 15:00:00,-11.018333333333334,38.97,149.31666666666666,24.85,961.175
2019-05-16 16:00:00,-11.09,38.455000000000005,147.0,22.59,961.0983333333334
2019-05-16 17:00:00,-11.104999999999999,37.73833333333334,143.61666666666667,20.235,961.1066666666667
2019-05-16 18:00:00,-11.25,38.28666666666666,149.98333333333332,20.69,961.1866666666667
2019-05-16 19:00:00,-11.143333333333334,37.25333333333333,151.95,21.759999999999998,960.9916666666667
2019-05-16 20:00:00,-11.346666666666666,38.83166666666667,157.88333333333333,20.938333333333333,960.6883333333334
2019-05-16 21:00:00,-10.958333333333334,37.13166666666667,156.81666666666666,20.115000000000002,960.9616666666666
2019-05-16 22:00:00,-11.19,36.58833333333334,166.8,18.23166666666667,961.2466666666667
2019-05-16 23:00:00,-11.831666666666667,36.11666666666667,164.26666666666668,17.94,961.4833333333333
2019-05-17 00:00:00,-12.833333333333334,36.08166666666667,170.25,16.026666666666667,961.6733333333334
2019-05-17 01:00:00,-13.94,36.031666666666666,174.06666666666666,17.65,961.8083333333333
2019-05-17 02:00:00,-13.99,34.788333333333334,175.21666666666667,19.290000000000003,961.695
2019-05-17 03:00:00,-14.093333333333334,32.541666666666664,177.0,18.48,961.86
2019-05-17 04:00:00,-14.258333333333333,31.841666666666665,173.68333333333334,11.133333333333333,962.5699999999999
2019-05-17 05:00:00,-14.295,34.08,213.48333333333332,5.72,963.4866666666666
2019-05-17 06:00:00,-15.248333333333333,39.13333333333333,194.76666666666668,8.451666666666666,963.7933333333333
2019-05-17 07:00:00,-15.016666666666667,39.75833333333333,240.46666666666667,3.3766666666666665,964.1
2019-05-17 08:00:00,-15.6,42.056666666666665,267.23333333333335,3.2233333333333336,964.6366666666667
2019-05-17 09:00:00,-16.413333333333334,44.791666666666664,193.4,4.178333333333333,964.92
2019-05-17 10:00:00,-17.235,47.58166666666667,198.55,3.02,965.1166666666667
2019-05-17 11:00:00,-16.953333333333333,46.0,202.9,1.3533333333333333,965.4316666666667
2019-05-17 12:00:00,-17.546666666666667,48.14833333333333,127.06666666666666,1.6883333333333332,965.7733333333333
2019-05-17 13:00:00,-18.741666666666667,49.065000000000005,143.51666666666668,7.093333333333334,965.9699999999999
2019-05-17 14:00:00,-18.970000000000002,46.388333333333335,183.91666666666666,12.021666666666667,966.265
2019-05-17 15:00:00,-19.279999999999998,46.225,183.75,13.713333333333333,966.6516666666666
2019-05-17 16:00:00,-19.69333333333333,46.64666666666667,183.13333333333333,13.103333333333333,966.98
2019-05-17 17:00:00,-20.091666666666665,46.318333333333335,183.86666666666667,15.876666666666667,967.1033333333332
2019-05-17 18:00:00,-20.708333333333332,46.031666666666666,183.98333333333332,17.031666666666666,967.4083333333333
2019-05-17 19:00:00,-20.491666666666667,47.61833333333333,129.66666666666666,4.325,968.1683333333333
2019-05-17 20:00:00,-20.53666666666667,48.86,132.08333333333334,3.315,968.4516666666666
2019-05-17 21:00:00,-21.108333333333334,52.526666666666664,190.96666666666667,1.375,968.8449999999999
2019-05-17 22:00:00,-21.375,52.711666666666666,203.15,1.71,969.5233333333333
2019-05-17 23:00:00,-22.021666666666665,54.02166666666667,97.41666666666667,2.4733333333333336,970.0216666666668
2019-05-18 00:00:00,-22.425,53.83833333333334,155.48333333333332,2.3916666666666666,970.3066666666667
2019-05-18 01:00:00,-21.698333333333334,47.663333333333334,144.23333333333332,2.5533333333333332,970.4516666666666
2019-05-18 02:00:00,-21.69333333333333,46.59,174.06666666666666,1.9733333333333334,970.6949999999999
2019-05-18 03:00:00,-22.258333333333333,49.45333333333333,200.5,1.2733333333333334,971.0683333333333
2019-05-18 04:00:00,-22.796666666666667,51.19666666666667,211.48333333333332,1.465,971.3583333333333
2019-05-18 05:00:00,-22.763333333333332,49.555,124.83333333333333,2.4983333333333335,971.7016666666666
2019-05-18 06:00:00,-21.720000000000002,42.94666666666667,199.01666666666668,5.010000000000001,971.9916666666667
2019-05-18 07:00:00,-21.23,39.17333333333333,216.01666666666668,7.4,972.2833333333333
2019-05-18 08:00:00,-21.671666666666667,42.26166666666666,181.46666666666667,3.4266666666666667,973.1316666666667
2019-05-18 09:00:00,-23.134999999999998,48.84,226.63333333333333,2.185,974.0083333333333
2019-05-18 10:00:00,-23.220000000000002,50.836666666666666,283.75,1.5983333333333334,974.8366666666666
2019-05-18 11:00:00,-23.41166666666667,52.2,246.83333333333334,1.71,975.6766666666666
2019-05-18 12:00:00,-23.423333333333336,51.76166666666666,209.05,1.5966666666666667,976.4200000000001
2019-05-18 13:00:00,-23.86,54.02833333333333,157.88333333333333,1.6133333333333333,976.8
2019-05-18 14:00:00,-23.736666666666668,53.35,205.1,1.6416666666666666,977.4416666666667
2019-05-18 15:00:00,-22.976666666666667,49.74,258.8666666666667,1.24,978.14
2019-05-18 16:00:00,-23.261666666666667,49.093333333333334,285.45,2.0283333333333333,978.8683333333333
2019-05-18 17:00:00,-23.101666666666667,48.20333333333333,214.11666666666667,1.8599999999999999,979.39
2019-05-18 18:00:00,-23.016666666666666,47.24166666666667,111.4,2.125,979.9333333333333
2019-05-18 19:00:00,-22.241666666666667,44.27166666666667,104.46666666666667,2.8033333333333332,980.4683333333334
2019-05-18 20:00:00,-21.76833333333333,41.73833333333334,131.61666666666667,2.17,980.8
2019-05-18 21:00:00,-20.18,35.830000000000005,175.26666666666668,4.596666666666667,981.175
2019-05-18 22:00:00,-20.295,35.531666666666666,167.31666666666666,3.79,981.5699999999999
2019-05-18 23:00:00,-21.011666666666667,37.72833333333333,127.15,1.875,982.1133333333333
2019-05-19 00:00:00,-20.798333333333336,36.486666666666665,181.76666666666668,7.806666666666667,982.1516666666666
2019-05-19 01:00:00,-20.834999999999997,36.166666666666664,134.18333333333334,6.001666666666667,982.6066666666667
2019-05-19 02:00:00,-19.384999999999998,34.82333333333334,168.68333333333334,5.626666666666667,982.6816666666667
2019-05-19 03:00:00,-18.7,31.861666666666668,202.88333333333333,4.02,982.7283333333334
2019-05-19 04:00:00,-19.834999999999997,36.26833333333333,115.58333333333333,2.3400000000000003,983.0866666666666
2019-05-19 05:00:00,-17.9,32.355,110.65,5.239999999999999,983.0633333333334
2019-05-19 06:00:00,-17.246666666666666,31.34,126.93333333333334,9.85,983.3183333333333
2019-05-19 07:00:00,-16.443333333333335,28.743333333333332,143.8,14.826666666666666,983.4533333333333
2019-05-19 08:00:00,-16.853333333333335,31.2,138.73333333333332,12.713333333333333,983.615
2019-05-19 09:00:00,-16.955,30.706666666666667,101.28333333333333,3.1300000000000003,983.9183333333333
2019-05-19 10:00:00,-17.576666666666664,31.226666666666667,93.86666666666666,2.9283333333333332,984.1716666666667
2019-05-19 11:00:00,-17.675,31.425,92.48333333333333,6.578333333333333,984.3449999999999
2019-05-19 12:00:00,-17.355,30.123333333333335,104.18333333333334,8.139999999999999,984.3066666666667
2019-05-19 13:00:00,-16.855,29.561666666666667,107.71666666666667,9.878333333333334,983.9883333333333
2019-05-19 14:00:00,-16.683333333333334,28.956666666666667,126.53333333333333,10.773333333333333,983.8366666666666
2019-05-19 15:00:00,-17.04,30.08,117.16666666666667,10.014999999999999,983.6816666666667
2019-05-19 16:00:00,-17.041666666666668,28.965,102.38333333333334,7.243333333333334,983.3666666666667
2019-05-19 17:00:00,-16.666666666666668,28.44,118.18333333333334,9.463333333333333,983.1650000000001
2019-05-19 18:00:00,-16.686666666666667,29.418333333333333,128.51666666666668,11.786666666666667,982.9833333333333
2019-05-19 19:00:00,-16.9,30.738333333333333,129.05,12.24,982.8483333333334
2019-05-19 20:00:00,-17.5,32.38333333333333,123.8,8.985000000000001,982.965
2019-05-19 21:00:00,-17.175,29.48,152.4,13.466666666666667,982.55
2019-05-19 22:00:00,-17.546666666666667,31.048333333333336,163.28333333333333,8.783333333333333,982.1833333333333
2019-05-19 23:00:00,-17.970000000000002,32.595,163.88333333333333,5.608333333333333,981.7033333333333
2019-05-20 00:00:00,-16.975,29.366666666666667,128.83333333333334,11.75,981.1883333333334
2019-05-20 01:00:00,-17.005,30.98166666666667,134.65,12.393333333333334,980.9333333333333
2019-05-20 02:00:00,-16.573333333333334,29.451666666666664,121.21666666666667,10.853333333333333,980.4216666666667
2019-05-20 03:00:00,-16.953333333333333,29.653333333333332,115.35,5.573333333333333,980.1183333333333
2019-05-20 04:00:00,-18.866666666666667,34.31166666666666,212.21666666666667,2.1883333333333335,980.0550000000001
2019-05-20 05:00:00,-19.538333333333334,38.45,241.26666666666668,3.7233333333333336,980.1433333333333
2019-05-20 06:00:00,-18.203333333333333,34.42333333333333,164.38333333333333,3.925,979.9616666666666
2019-05-20 07:00:00,-18.96333333333333,36.531666666666666,173.51666666666668,4.638333333333334,979.6466666666668
2019-05-20 08:00:00,-18.195,34.306666666666665,157.95,1.9816666666666667,979.1833333333333
2019-05-20 09:00:00,-18.32,33.51,221.08333333333334,1.9166666666666667,978.9866666666666
2019-05-20 10:00:00,-18.94333333333333,36.269999999999996,220.3,3.5383333333333336,978.94
2019-05-20 11:00:00,-18.081666666666667,34.26,149.36666666666667,7.03,978.5283333333333
2019-05-20 12:00:00,-17.501666666666665,32.526666666666664,155.0,3.875,977.94
2019-05-20 13:00:00,-18.621666666666666,35.806666666666665,202.3,3.683333333333333,977.4933333333333
2019-05-20 14:00:00,-18.779999999999998,35.483333333333334,221.2,6.501666666666667,977.0283333333333
2019-05-20 15:00:00,-19.118333333333332,36.68833333333334,120.05,4.895,977.0333333333333
2019-05-20 16:00:00,-17.513333333333332,33.105,157.41666666666666,5.1,976.605
2019-05-20 17:00:00,-17.509999999999998,33.06666666666667,168.7,5.975,976.055
2019-05-20 18:00:00,-18.188333333333333,33.29833333333333,240.78333333333333,3.4949999999999997,975.7933333333333
2019-05-20 19:00:00,-18.251666666666665,34.63166666666667,212.0,5.943333333333333,976.135
2019-05-20 20:00:00,-17.985,33.57666666666667,248.21666666666667,3.3033333333333332,975.8833333333333
2019-05-20 21:00:00,-18.07,33.96,237.01666666666668,5.533333333333333,975.745
2019-05-20 22:00:00,-18.145,34.11333333333333,246.08333333333334,5.903333333333333,975.7666666666667
2019-05-20 23:00:00,-18.275,32.99666666666666,196.45,4.658333333333333,976.0166666666667
2019-05-21 00:00:00,-19.493333333333332,37.39,222.98333333333332,2.23,976.125
2019-05-21 01:00:00,-19.368333333333332,37.055,184.3,7.8133333333333335,975.67
2019-05-21 02:00:00,-19.60666666666667,35.97166666666667,172.31666666666666,3.435,975.435
2019-05-21 03:00:00,-20.216666666666665,38.12166666666667,199.95,4.275,975.8366666666666
2019-05-21 04:00:00,-19.634999999999998,36.16,273.0833333333333,4.025,975.9066666666666
2019-05-21 05:00:00,-19.31833333333333,34.53333333333333,246.96666666666667,4.588333333333334,975.6366666666667
2019-05-21 06:00:00,-19.236666666666668,33.928333333333335,235.85,5.108333333333333,975.39
2019-05-21 07:00:00,-19.873333333333335,34.01,241.81666666666666,6.045,975.6333333333333
2019-05-21 08:00:00,-19.823333333333334,36.230000000000004,172.28333333333333,2.5133333333333336,975.8216666666666
2019-05-21 09:00:00,-18.941666666666666,32.526666666666664,166.01666666666668,4.5216666666666665,975.37
2019-05-21 10:00:00,-19.648333333333333,34.28333333333333,225.11666666666667,5.868333333333334,975.0866666666666
2019-05-21 11:00:00,-19.501666666666665,32.888333333333335,208.5,7.433333333333334,974.5933333333334
2019-05-21 12:00:00,-20.441666666666666,33.623333333333335,169.98333333333332,9.061666666666667,974.5233333333333
2019-05-21 13:00:00,-19.686666666666667,32.318333333333335,163.26666666666668,2.545,973.91
2019-05-21 14:00:00,-20.2,34.73833333333334,188.06666666666666,8.188333333333334,973.58
2019-05-21 15:00:00,-19.8,31.773333333333333,175.25,7.926666666666667,973.2166666666667
2019-05-21 16:00:00,-21.18166666666667,35.215,155.91666666666666,3.518333333333333,973.0183333333333
2019-05-21 17:00:00,-19.66,30.493333333333332,208.5,8.358333333333333,972.2766666666666
2019-05-21 18:00:00,-20.55,33.05166666666667,195.05,3.6616666666666666,971.725
2019-05-21 19:00:00,-21.455,35.02333333333333,180.71666666666667,3.5483333333333333,971.3483333333334
2019-05-21 20:00:00,-20.28166666666667,31.086666666666666,180.68333333333334,6.505,970.615
2019-05-21 21:00:00,-19.133333333333333,27.523333333333333,168.86666666666667,12.433333333333334,969.8633333333333
2019-05-21 22:00:00,-20.790000000000003,34.905,73.38333333333334,4.818333333333333,969.885
2019-05-21 23:00:00,-21.451666666666664,36.92333333333333,109.61666666666666,4.266666666666667,969.3866666666667
2019-05-22 00:00:00,-20.39333333333333,35.34166666666667,102.88333333333334,5.378333333333333,968.8866666666667
2019-05-22 01:00:00,-19.548333333333336,32.684999999999995,111.4,4.026666666666666,968.2816666666666
2019-05-22 02:00:00,-17.38,26.391666666666666,179.16666666666666,5.093333333333334,967.3766666666667
2019-05-22 03:00:00,-18.461666666666666,27.66,258.15,4.413333333333333,966.5300000000001
2019-05-22 04:00:00,-14.186666666666667,23.833333333333332,171.9,21.665000000000003,964.6883333333334
2019-05-22 05:00:00,-15.08,29.64333333333333,172.88333333333333,19.970000000000002,964.2266666666667
2019-05-22 06:00:00,-14.526666666666667,29.201666666666664,172.68333333333334,22.69333333333333,963.5983333333334
2019-05-22 07:00:00,-14.366666666666667,27.478333333333335,173.95,22.215,963.3266666666666
2019-05-22 08:00:00,-13.758333333333333,26.93,171.6,21.71333333333333,963.0816666666667
2019-05-22 09:00:00,-14.283333333333333,29.586666666666666,173.53333333333333,23.290000000000003,962.7900000000001
2019-05-22 10:00:00,-14.188333333333333,29.80666666666667,160.5,22.308333333333334,963.1683333333333
2019-05-22 11:00:00,-14.65,35.013333333333335,147.68333333333334,25.73166666666667,963.4866666666666
2019-05-22 12:00:00,-15.443333333333333,40.67166666666667,146.25,25.926666666666666,963.7933333333333
2019-05-22 13:00:00,-16.09,39.875,145.71666666666667,24.251666666666665,963.5033333333333
2019-05-22 14:00:00,-16.37666666666667,39.17333333333333,161.98333333333332,25.05,963.3533333333332
2019-05-22 15:00:00,-16.513333333333335,38.21,167.28333333333333,29.186666666666667,963.1933333333333
2019-05-22 16:00:00,-16.188333333333333,34.175,167.05,29.418333333333333,962.9183333333333
2019-05-22 17:00:00,-16.233333333333334,33.76833333333333,164.86666666666667,30.990000000000002,962.7900000000001
2019-05-22 18:00:00,-16.121666666666666,32.721666666666664,167.8,28.545,963.0566666666667
2019-05-22 19:00:00,-16.053333333333335,31.003333333333334,173.36666666666667,26.578333333333333,963.1116666666668
2019-05-22 20:00:00,-16.015,32.46666666666667,168.28333333333333,30.063333333333333,963.5233333333333
2019-05-22 21:00:00,-15.96,32.736666666666665,171.33333333333334,26.163333333333334,964.075
2019-05-22 22:00:00,-15.243333333333334,29.168333333333333,164.9,25.676666666666666,964.4633333333334
2019-05-22 23:00:00,-15.393333333333334,30.153333333333332,163.03333333333333,26.861666666666668,964.6283333333334
2019-05-23 00:00:00,-15.129999999999999,29.908333333333335,170.75,27.255,964.6016666666667
2019-05-23 01:00:00,-15.315,31.113333333333333,167.23333333333332,23.691666666666666,964.785
2019-05-23 02:00:00,-15.551666666666668,31.586666666666666,166.45,23.866666666666667,964.6583333333333
2019-05-23 03:00:00,-15.636666666666667,31.78666666666667,170.86666666666667,23.55,964.8349999999999
2019-05-23 04:00:00,-15.478333333333332,30.77,172.8,24.16,964.905
2019-05-23 05:00:00,-15.258333333333333,28.44333333333333,176.1,23.60666666666667,964.9666666666667
2019-05-23 06:00:00,-15.533333333333333,29.965,173.66666666666666,23.288333333333334,965.0716666666667
2019-05-23 07:00:00,-15.458333333333334,31.02,173.68333333333334,23.011666666666667,965.235
2019-05-23 08:00:00,-15.129999999999999,30.805,173.2,23.435,965.265
2019-05-23 09:00:00,-14.629999999999999,30.15666666666667,174.01666666666668,22.31833333333333,965.9133333333334
2019-05-23 10:00:00,-14.211666666666668,30.493333333333332,173.93333333333334,21.596666666666668,966.4416666666667
2019-05-23 11:00:00,-13.948333333333332,30.148333333333333,169.31666666666666,22.183333333333334,967.075
2019-05-23 12:00:00,-12.906666666666666,30.791666666666668,163.4,22.540000000000003,967.6683333333333
2019-05-23 13:00:00,-12.29,31.816666666666666,172.41666666666666,19.353333333333335,968.2099999999999
2019-05-23 14:00:00,-12.535,32.37666666666667,169.55,18.745,968.63
2019-05-23 15:00:00,-12.995000000000001,33.125,173.65,18.586666666666666,969.1083333333333
2019-05-23 16:00:00,-12.415,32.99166666666667,171.56666666666666,19.003333333333334,969.6633333333334
2019-05-23 17:00:00,-11.143333333333334,33.17166666666667,168.65,17.908333333333335,970.175
2019-05-23 18:00:00,-10.628333333333334,33.785,161.41666666666666,16.093333333333334,970.5916666666667
2019-05-23 19:00:00,-9.961666666666668,31.058333333333334,151.16666666666666,13.445,971.0983333333334
2019-05-23 20:00:00,-9.801666666666668,30.55,149.05,14.411666666666667,971.2866666666666
2019-05-23 21:00:00,-10.913333333333332,31.791666666666668,159.21666666666667,16.083333333333332,971.855
2019-05-23 22:00:00,-12.671666666666665,34.190000000000005,173.16666666666666,16.428333333333335,972.1566666666666
2019-05-23 23:00:00,-13.74,34.445,173.58333333333334,19.421666666666667,972.5433333333333
2019-05-24 00:00:00,-13.781666666666666,33.245,171.33333333333334,18.154999999999998,972.9116666666666
2019-05-24 01:00:00,-13.858333333333333,32.61666666666667,174.16666666666666,18.183333333333334,973.325
2019-05-24 02:00:00,-14.101666666666667,32.72666666666667,171.13333333333333,18.598333333333336,973.4699999999999
2019-05-24 03:00:00,-14.371666666666666,33.215,169.91666666666666,18.823333333333334,973.765
2019-05-24 04:00:00,-14.363333333333333,32.12166666666666,170.4,19.065,974.1783333333333
2019-05-24 05:00:00,-14.261666666666667,31.66,169.05,17.96833333333333,974.5983333333334
2019-05-24 06:00:00,-14.411666666666667,31.425,173.08333333333334,18.151666666666664,975.1633333333334
2019-05-24 07:00:00,-14.544999999999998,30.38,173.85,19.723333333333336,975.7900000000001
2019-05-24 08:00:00,-14.971666666666666,31.3,170.8,15.604999999999999,976.6383333333334
2019-05-24 09:00:00,-15.303333333333335,31.205,175.58333333333334,19.740000000000002,977.1683333333333
2019-05-24 10:00:00,-15.583333333333334,31.706666666666667,173.8,19.236666666666668,977.6883333333334
2019-05-24 11:00:00,-15.688333333333333,31.456666666666667,173.28333333333333,16.611666666666668,978.4
2019-05-24 12:00:00,-15.018333333333334,29.01833333333333,170.73333333333332,14.514999999999999,978.9883333333333
2019-05-24 13:00:00,-14.616666666666667,28.56,162.83333333333334,13.83,979.6383333333334
2019-05-24 14:00:00,-13.988333333333333,25.605,159.05,15.008333333333333,980.1483333333333
2019-05-24 15:00:00,-13.471666666666666,23.526666666666664,136.28333333333333,10.215,980.76
2019-05-24 16:00:00,-14.586666666666668,26.073333333333334,134.5,4.328333333333333,981.34
2019-05-24 17:00:00,-16.12666666666667,29.873333333333335,160.83333333333334,2.6683333333333334,981.7033333333333
2019-05-24 18:00:00,-14.913333333333332,26.185,155.83333333333334,12.706666666666667,981.9699999999999
2019-05-24 19:00:00,-15.16,26.16,162.51666666666668,15.354999999999999,982.6616666666666
2019-05-24 20:00:00,-13.966666666666667,22.458333333333332,150.71666666666667,17.361666666666668,983.1550000000001
2019-05-24 21:00:00,-13.923333333333334,22.615000000000002,149.56666666666666,18.565,983.565
2019-05-24 22:00:00,-13.736666666666668,21.966666666666665,147.3,17.526666666666664,983.9666666666667
2019-05-24 23:00:00,-14.343333333333334,23.428333333333335,139.95,16.355,984.24
2019-05-25 00:00:00,-14.933333333333334,24.75,139.35,15.66,984.9916666666667
2019-05-25 01:00:00,-15.415,29.001666666666665,131.71666666666667,15.68,985.3233333333334
2019-05-25 02:00:00,-15.24,28.64333333333333,116.71666666666667,13.785,985.7
2019-05-25 03:00:00,-15.231666666666666,29.476666666666667,117.4,14.908333333333333,985.9916666666667
2019-05-25 04:00:00,-15.156666666666666,28.916666666666668,119.43333333333334,16.311666666666667,986.1016666666667
2019-05-25 05:00:00,-15.101666666666667,28.201666666666664,121.53333333333333,17.529999999999998,986.2316666666667
2019-05-25 06:00:00,-15.104999999999999,27.416666666666668,122.9,18.648333333333333,986.56
2019-05-25 07:00:00,-15.051666666666668,27.891666666666666,125.23333333333333,21.948333333333334,986.8216666666666
2019-05-25 08:00:00,-14.91,27.675,128.06666666666666,22.301666666666666,986.7616666666667
2019-05-25 09:00:00,-14.796666666666669,27.126666666666665,129.13333333333333,23.425,986.86
2019-05-25 10:00:00,-14.47,27.006666666666668,127.71666666666667,24.811666666666667,986.6833333333333
2019-05-25 11:00:00,-14.34,27.001666666666665,132.98333333333332,23.488333333333333,986.9666666666667
2019-05-25 12:00:00,-14.47,27.553333333333335,127.31666666666666,23.793333333333333,987.4683333333334
2019-05-25 13:00:00,-14.235000000000001,27.39333333333333,126.55,27.061666666666667,987.44
2019-05-25 14:00:00,-14.03,27.476666666666667,131.0,24.701666666666668,987.3833333333333
2019-05-25 15:00:00,-13.5,26.166666666666668,136.65,20.545,987.615
2019-05-25 16:00:00,-12.998333333333333,26.641666666666666,136.7,22.103333333333335,987.1533333333333
2019-05-25 17:00:00,-12.485000000000001,25.84333333333333,136.98333333333332,23.540000000000003,987.36
2019-05-25 18:00:00,-12.556666666666667,25.391666666666666,136.23333333333332,25.076666666666664,987.59
2019-05-25 19:00:00,-12.04,25.701666666666664,140.13333333333333,25.653333333333332,987.7933333333333
2019-05-25 20:00:00,-11.378333333333334,26.25,144.0,25.466666666666665,988.1966666666667
2019-05-25 21:00:00,-11.008333333333333,25.75,139.41666666666666,27.96833333333333,988.2216666666667
2019-05-25 22:00:00,-10.425,24.35666666666667,132.76666666666668,19.716666666666665,989.16
2019-05-25 23:00:00,-10.081666666666667,23.515,128.06666666666666,21.826666666666664,989.3933333333333
2019-05-26 00:00:00,-10.396666666666667,25.363333333333333,119.76666666666667,17.87,990.2566666666667
2019-05-26 01:00:00,-9.968333333333334,24.203333333333333,125.51666666666667,18.336666666666666,990.4050000000001
2019-05-26 02:00:00,-10.305000000000001,25.96833333333333,125.43333333333334,16.858333333333334,991.3133333333334
2019-05-26 03:00:00,-10.223333333333333,25.785,113.4,21.053333333333335,991.85
2019-05-26 04:00:00,-10.263333333333334,25.82,106.0,20.065,992.2183333333334
2019-05-26 05:00:00,-9.729999999999999,22.783333333333335,126.35,18.31833333333333,991.7033333333333
2019-05-26 06:00:00,-9.816666666666666,22.291666666666668,126.06666666666666,20.25,991.69
2019-05-26 07:00:00,-9.576666666666666,21.111666666666668,122.16666666666667,19.435,992.0083333333333
2019-05-26 08:00:00,-9.639999999999999,21.333333333333332,123.4,20.255,992.0849999999999
2019-05-26 09:00:00,-9.72,21.08,123.73333333333333,20.273333333333333,991.76
2019-05-26 10:00:00,-9.521666666666667,20.19333333333333,120.35,21.25,991.6933333333333
2019-05-26 11:00:00,-9.620000000000001,21.861666666666668,122.51666666666667,21.341666666666665,991.3516666666667
2019-05-26 12:00:00,-9.586666666666668,21.543333333333333,123.03333333333333,24.576666666666664,990.3866666666667
2019-05-26 13:00:00,-9.389999999999999,22.601666666666667,120.83333333333333,23.028333333333332,989.6566666666666
2019-05-26 14:00:00,-9.241666666666667,22.695,119.26666666666667,24.15,988.2199999999999
2019-05-26 15:00:00,-8.761666666666667,20.715,121.06666666666666,31.470000000000002,986.3766666666667
2019-05-26 16:00:00,-8.768333333333334,22.166666666666668,121.31666666666666,32.211666666666666,985.3333333333334
2019-05-26 17:00:00,-8.753333333333334,23.37,121.73333333333333,32.99666666666666,983.6916666666667
2019-05-26 18:00:00,-8.535,23.646666666666665,112.9,30.573333333333334,983.4083333333333
2019-05-26 19:00:00,-8.721666666666666,24.226666666666667,116.73333333333333,31.703333333333333,981.8516666666667
2019-05-26 20:00:00,-8.613333333333333,25.584999999999997,114.33333333333333,30.396666666666665,981.3233333333334
2019-05-26 21:00:00,-8.485000000000001,26.695,112.0,34.13333333333333,980.51
2019-05-26 22:00:00,-8.611666666666666,28.176666666666666,109.98333333333333,32.306666666666665,980.2633333333334
2019-05-26 23:00:00,-8.606666666666666,29.801666666666666,110.43333333333334,33.13,978.9483333333334
2019-05-27 00:00:00,-8.371666666666666,29.0,110.08333333333333,34.858333333333334,977.7416666666667
2019-05-27 01:00:00,-8.408333333333333,29.936666666666667,109.75,35.788333333333334,977.2016666666666
2019-05-27 02:00:00,-8.451666666666666,29.959999999999997,108.48333333333333,36.825,976.615
2019-05-27 03:00:00,-8.27,31.246666666666666,109.38333333333334,36.266666666666666,975.7283333333332
2019-05-27 04:00:00,-7.9766666666666675,30.795,110.6,37.59,974.925
2019-05-27 05:00:00,-7.923333333333334,33.01833333333333,112.45,37.01166666666666,974.24
2019-05-27 06:00:00,-8.183333333333334,37.25,114.65,40.88,972.8416666666667
2019-05-27 07:00:00,-9.281666666666666,54.60333333333333,116.61666666666666,40.23166666666667,972.8066666666667
2019-05-27 08:00:00,-9.669999999999998,56.28,115.66666666666667,36.666666666666664,973.025
2019-05-27 09:00:00,-10.138333333333332,64.84,119.16666666666667,36.83166666666667,972.7866666666666
2019-05-27 10:00:00,-10.889999999999999,78.17166666666667,119.96666666666667,38.91,972.3283333333333
2019-05-27 11:00:00,-11.196666666666665,84.28,116.58333333333333,35.77333333333333,971.8883333333334
2019-05-27 12:00:00,-11.335,85.00333333333333,113.15,38.20166666666667,971.5066666666667
2019-05-27 13:00:00,-11.365,85.11833333333334,115.45,38.330000000000005,971.0116666666667
2019-05-27 14:00:00,-11.395000000000001,85.34333333333333,118.28333333333333,37.18833333333334,971.6683333333333
2019-05-27 15:00:00,-11.398333333333333,85.45833333333333,119.05,35.72166666666667,972.7466666666667
2019-05-27 16:00:00,-11.345,85.645,115.33333333333333,32.56333333333333,973.8666666666667
2019-05-27 17:00:00,-11.403333333333334,85.7,111.8,32.45166666666667,974.6233333333333
2019-05-27 18:00:00,-11.403333333333334,85.7,111.55,30.853333333333335,974.975
2019-05-27 19:00:00,-11.368333333333334,85.78833333333334,111.7,30.220000000000002,974.8866666666667
2019-05-27 20:00:00,-11.305000000000001,85.89833333333334,114.4,30.038333333333334,974.9699999999999
2019-05-27 21:00:00,-11.423333333333334,85.73333333333333,112.71666666666667,30.766666666666666,975.4383333333334
2019-05-27 22:00:00,-11.514999999999999,85.695,112.3,31.261666666666667,975.6116666666668
2019-05-27 23:00:00,-11.55,85.66499999999999,114.35,30.403333333333332,975.7966666666667
2019-05-28 00:00:00,-11.615,85.585,115.36666666666666,28.216666666666665,975.975
2019-05-28 01:00:00,-11.593333333333334,85.57833333333333,119.16666666666667,28.006666666666668,976.1483333333333
2019-05-28 02:00:00,-11.633333333333333,85.515,115.86666666666666,25.883333333333333,976.8066666666667
2019-05-28 03:00:00,-11.773333333333333,85.21166666666666,111.16666666666667,25.26833333333333,977.5133333333334
2019-05-28 04:00:00,-12.016666666666667,84.95333333333333,112.01666666666667,23.258333333333333,978.2716666666668
2019-05-28 05:00:00,-12.25,84.69666666666667,113.41666666666667,22.755,978.56
2019-05-28 06:00:00,-12.425,84.45666666666666,113.76666666666667,22.566666666666666,978.6450000000001
2019-05-28 07:00:00,-12.568333333333333,84.115,111.85,22.501666666666665,978.975
2019-05-28 08:00:00,-12.694999999999999,84.01166666666667,111.78333333333333,20.973333333333336,979.2683333333333
2019-05-28 09:00:00,-12.721666666666668,83.515,111.95,20.779999999999998,979.5883333333334
2019-05-28 10:00:00,-12.543333333333333,83.02166666666668,111.45,21.483333333333334,979.7950000000001
2019-05-28 11:00:00,-12.5,82.395,115.46666666666667,19.663333333333334,980.1016666666667
2019-05-28 12:00:00,-12.413333333333334,79.47166666666666,116.5,22.0,980.105
2019-05-28 13:00:00,-12.4,77.37333333333332,113.4,21.138333333333332,980.02
2019-05-28 14:00:00,-12.381666666666666,71.65666666666667,110.01666666666667,21.788333333333334,980.2316666666667
2019-05-28 15:00:00,-12.26,60.544999999999995,111.66666666666667,21.509999999999998,980.3966666666666
2019-05-28 16:00:00,-12.32,58.26166666666666,109.01666666666667,18.978333333333335,980.6733333333334
2019-05-28 17:00:00,-12.398333333333333,59.615,101.36666666666666,19.14333333333333,981.1716666666667
2019-05-28 18:00:00,-12.356666666666666,56.34166666666667,95.51666666666667,23.17,981.1383333333334
2019-05-28 19:00:00,-12.09,51.95166666666667,94.91666666666667,21.904999999999998,980.9333333333333
2019-05-28 20:00:00,-11.916666666666666,48.02833333333333,105.85,17.651666666666664,980.7516666666667
2019-05-28 21:00:00,-12.203333333333335,47.08833333333334,104.85,17.833333333333332,981.045
2019-05-28 22:00:00,-12.51,46.07166666666667,107.53333333333333,17.811666666666667,981.425
2019-05-28 23:00:00,-12.76,44.044999999999995,108.11666666666666,17.0,981.3266666666666
2019-05-29 00:00:00,-12.978333333333333,42.41,109.1,18.998333333333335,981.0883333333334
2019-05-29 01:00:00,-13.761666666666667,42.61,102.01666666666667,17.273333333333333,980.8766666666667
2019-05-29 02:00:00,-14.321666666666665,41.75833333333333,102.6,16.91166666666667,980.5466666666667
2019-05-29 03:00:00,-14.471666666666666,40.13666666666666,104.48333333333333,20.355,980.1866666666666
2019-05-29 04:00:00,-14.665,38.276666666666664,118.11666666666666,19.85,979.4333333333333
2019-05-29 05:00:00,-14.953333333333335,37.635,115.65,20.40666666666667,978.6383333333334
2019-05-29 06:00:00,-15.186666666666667,36.555,115.51666666666667,21.555,978.8166666666667
2019-05-29 07:00:00,-15.326666666666666,36.544999999999995,117.68333333333334,21.513333333333332,978.52
2019-05-29 08:00:00,-15.191666666666666,36.10666666666667,127.56666666666666,22.205,977.525
2019-05-29 09:00:00,-15.18,37.835,131.6,24.9,977.3983333333333
2019-05-29 10:00:00,-14.543333333333333,38.315000000000005,129.95,21.671666666666667,977.4483333333334
2019-05-29 11:00:00,-14.216666666666667,39.155,129.76666666666668,22.13,977.2366666666666
2019-05-29 12:00:00,-13.853333333333333,39.66833333333333,133.5,23.453333333333333,977.1666666666666
2019-05-29 13:00:00,-13.441666666666666,42.655,130.6,23.040000000000003,977.0516666666666
2019-05-29 14:00:00,-12.923333333333334,41.123333333333335,132.3,22.48166666666667,976.4699999999999
2019-05-29 15:00:00,-12.569999999999999,41.71333333333334,131.95,22.456666666666667,976.0683333333333
2019-05-29 16:00:00,-12.371666666666668,42.49,134.21666666666667,22.53666666666667,976.0849999999999
2019-05-29 17:00:00,-12.143333333333334,43.03333333333333,134.71666666666667,19.935,975.98
2019-05-29 18:00:00,-11.931666666666667,44.39333333333333,131.28333333333333,20.171666666666667,975.7966666666667
2019-05-29 19:00:00,-11.831666666666669,48.21,125.7,21.186666666666667,975.6066666666667
2019-05-29 20:00:00,-11.708333333333334,49.88166666666667,129.76666666666668,20.003333333333334,975.6533333333334
2019-05-29 21:00:00,-11.525,52.638333333333335,127.76666666666667,20.146666666666665,975.7766666666666
2019-05-29 22:00:00,-11.356666666666666,55.00833333333333,132.3,19.096666666666668,976.1083333333333
2019-05-29 23:00:00,-11.235000000000001,57.519999999999996,130.66666666666666,17.855,976.3766666666667
2019-05-30 00:00:00,-11.1,57.84666666666667,128.23333333333332,17.578333333333333,976.625
2019-05-30 01:00:00,-10.946666666666665,53.735,110.76666666666667,17.908333333333335,976.7433333333333
2019-05-30 02:00:00,-10.543333333333333,48.431666666666665,112.01666666666667,19.790000000000003,975.8066666666667
2019-05-30 03:00:00,-10.408333333333333,45.21666666666667,125.23333333333333,19.903333333333332,975.2016666666666
2019-05-30 04:00:00,-10.516666666666667,44.70333333333333,124.18333333333334,19.178333333333335,974.9483333333334
2019-05-30 05:00:00,-10.638333333333332,44.505,127.2,25.888333333333332,974.7316666666667
2019-05-30 06:00:00,-10.883333333333333,46.67833333333333,126.76666666666667,24.416666666666668,975.4300000000001
2019-05-30 07:00:00,-10.618333333333334,49.005,116.73333333333333,25.078333333333333,975.885
2019-05-30 08:00:00,-10.813333333333333,51.10666666666667,122.11666666666666,23.525,976.215
2019-05-30 09:00:00,-10.843333333333334,51.818333333333335,124.71666666666667,24.146666666666665,976.3766666666667
2019-05-30 10:00:00,-10.833333333333334,49.666666666666664,130.4,29.71833333333333,976.1316666666667
2019-05-30 11:00:00,-10.616666666666667,48.13166666666667,130.63333333333333,27.69333333333333,976.375
2019-05-30 12:00:00,-10.276666666666667,44.684999999999995,126.73333333333333,28.21833333333333,975.9533333333333
2019-05-30 13:00:00,-9.995000000000001,42.665,123.91666666666667,29.831666666666667,975.62
2019-05-30 14:00:00,-9.728333333333333,41.70333333333333,127.88333333333334,35.735,974.9449999999999
2019-05-30 15:00:00,-9.708333333333334,43.43666666666666,128.45,33.74166666666667,974.55
2019-05-30 16:00:00,-9.495000000000001,41.64333333333333,129.53333333333333,39.075,973.9316666666667
2019-05-30 17:00:00,-8.993333333333334,39.98833333333334,128.48333333333332,40.04,973.6916666666667
2019-05-30 18:00:00,-8.59,40.20166666666667,127.36666666666666,41.858333333333334,972.735
2019-05-30 19:00:00,-8.18,41.64333333333333,130.08333333333334,44.05333333333333,972.1666666666666
2019-05-30 20:00:00,-7.838333333333334,42.916666666666664,131.98333333333332,43.84166666666667,971.815
2019-05-30 21:00:00,-7.503333333333333,41.20666666666667,134.33333333333334,46.525,970.83
2019-05-30 22:00:00,-7.52,41.26,131.15,45.37,970.0816666666667
2019-05-30 23:00:00,-7.151666666666667,41.665,127.83333333333333,44.15833333333333,968.75
2019-05-31 00:00:00,-7.031666666666666,42.62,123.66666666666667,42.43833333333334,967.9183333333333
2019-05-31 01:00:00,-7.47,45.568333333333335,109.71666666666667,35.57333333333334,968.6866666666666
2019-05-31 02:00:00,-7.868333333333334,50.361666666666665,108.53333333333333,34.51,968.45
2019-05-31 03:00:00,-8.381666666666666,65.15166666666667,112.71666666666667,30.676666666666666,968.395
2019-05-31 04:00:00,-9.333333333333334,86.69833333333332,108.71666666666667,32.848333333333336,967.8116666666666
2019-05-31 05:00:00,-9.643333333333334,87.30666666666666,107.8,34.06166666666667,967.0766666666666
2019-05-31 06:00:00,-9.798333333333334,87.33666666666666,107.21666666666667,33.805,967.2083333333334
2019-05-31 07:00:00,-9.958333333333334,87.32333333333332,108.15,32.43833333333333,967.4083333333333
2019-05-31 08:00:00,-10.033333333333333,87.30999999999999,107.13333333333334,32.43666666666667,967.2433333333333
2019-05-31 09:00:00,-10.253333333333334,87.23166666666665,106.46666666666667,33.23,967.3916666666667
2019-05-31 10:00:00,-10.431666666666667,87.045,104.21666666666667,30.836666666666666,967.855
2019-05-31 11:00:00,-10.596666666666666,86.87666666666668,102.01666666666667,28.295,968.735
2019-05-31 12:00:00,-10.778333333333334,86.71166666666666,105.43333333333334,26.015,969.305
2019-05-31 13:00:00,-10.889999999999999,86.535,110.98333333333333,26.08833333333333,969.2716666666668
2019-05-31 14:00:00,-11.046666666666665,85.85333333333332,112.5,26.413333333333334,968.9833333333333
2019-05-31 15:00:00,-11.133333333333333,84.14333333333335,117.61666666666666,28.091666666666665,969.16
2019-05-31 16:00:00,-11.238333333333333,82.44833333333332,131.28333333333333,24.52,970.35
2019-05-31 17:00:00,-11.175,81.14666666666668,131.85,25.575,970.65
2019-05-31 18:00:00,-11.071666666666665,80.895,134.05,21.09333333333333,969.9866666666666
2019-05-31 19:00:00,-10.908333333333333,81.11,136.61666666666667,20.625,969.885
2019-05-31 20:00:00,-11.0,81.65333333333334,123.51666666666667,17.134999999999998,969.6633333333334
2019-05-31 21:00:00,-10.668333333333333,80.11833333333334,109.1,20.09,968.8633333333333
2019-05-31 22:00:00,-10.728333333333333,83.09166666666667,109.05,15.398333333333333,968.8733333333333
2019-05-31 23:00:00,-10.633333333333333,85.03999999999999,105.58333333333333,18.168333333333333,967.8183333333333
2019-06-01 00:00:00,-10.125,79.32666666666667,117.98333333333333,19.255,966.785
2019-06-01 01:00:00,-9.883333333333333,72.23666666666666,113.36666666666666,19.851666666666667,966.56
2019-06-01 02:00:00,-9.578333333333331,62.175,116.18333333333334,22.955,965.975
2019-06-01 03:00:00,-9.463333333333333,52.333333333333336,118.51666666666667,23.993333333333332,965.4
2019-06-01 04:00:00,-9.4,44.30833333333333,118.05,25.421666666666667,965.2116666666666
2019-06-01 05:00:00,-9.581666666666667,39.34666666666667,122.16666666666667,25.351666666666667,965.3316666666667
2019-06-01 06:00:00,-9.665,33.751666666666665,125.85,26.751666666666665,965.19
2019-06-01 07:00:00,-9.398333333333333,28.361666666666668,130.7,28.748333333333335,965.6533333333333
2019-06-01 08:00:00,-10.175,31.15666666666667,143.65,26.475,965.5733333333334
2019-06-01 09:00:00,-10.83,31.603333333333335,156.26666666666668,29.701666666666664,965.5166666666667
2019-06-01 10:00:00,-11.478333333333333,33.38333333333333,165.06666666666666,30.465,965.6183333333333
2019-06-01 11:00:00,-11.419999999999998,31.44,164.81666666666666,31.63,965.1416666666667
2019-06-01 12:00:00,-11.801666666666668,31.85,164.55,33.86833333333333,964.6433333333333
2019-06-01 13:00:00,-11.84,30.273333333333333,163.83333333333334,35.92666666666666,963.9983333333333
2019-06-01 14:00:00,-11.761666666666667,28.773333333333333,163.96666666666667,33.69833333333334,963.5666666666667
2019-06-01 15:00:00,-11.708333333333334,28.258333333333333,164.36666666666667,31.1,962.7633333333334
2019-06-01 16:00:00,-11.123333333333333,24.706666666666667,164.76666666666668,29.223333333333336,961.7433333333333
2019-06-01 17:00:00,-11.458333333333334,26.363333333333333,164.43333333333334,28.316666666666666,961.115
2019-06-01 18:00:00,-11.976666666666667,29.001666666666665,163.21666666666667,34.26833333333333,960.245
2019-06-01 19:00:00,-11.985000000000001,27.71833333333333,162.75,36.01,959.3633333333333
2019-06-01 20:00:00,-12.226666666666667,29.021666666666665,169.51666666666668,31.14,958.1666666666666
2019-06-01 21:00:00,-12.335,29.211666666666666,173.28333333333333,29.86,957.19
2019-06-01 22:00:00,-12.286666666666667,28.388333333333332,170.58333333333334,29.451666666666664,957.325
2019-06-01 23:00:00,-12.615,28.308333333333334,170.56666666666666,27.313333333333333,956.9083333333333
2019-06-02 00:00:00,-12.431666666666667,27.311666666666667,159.93333333333334,29.451666666666664,956.6183333333333
2019-06-02 01:00:00,-13.308333333333334,30.59,161.33333333333334,25.35,956.3816666666667
2019-06-02 02:00:00,-13.983333333333333,33.943333333333335,160.08333333333334,25.523333333333333,955.48
2019-06-02 03:00:00,-14.146666666666667,32.638333333333335,161.58333333333334,26.834999999999997,955.025
2019-06-02 04:00:00,-14.366666666666667,31.561666666666667,162.35,25.005,954.995
2019-06-02 05:00:00,-15.136666666666665,32.83833333333333,158.95,24.913333333333334,954.9666666666667
2019-06-02 06:00:00,-15.783333333333333,31.526666666666664,156.0,33.68833333333333,954.3549999999999
2019-06-02 07:00:00,-16.393333333333334,30.846666666666668,160.53333333333333,31.506666666666668,954.2416666666667
2019-06-02 08:00:00,-16.470000000000002,29.38,164.28333333333333,25.805,954.3033333333333
2019-06-02 09:00:00,-16.978333333333335,31.35666666666667,168.01666666666668,23.759999999999998,953.8533333333332
2019-06-02 10:00:00,-16.703333333333333,31.23166666666667,169.71666666666667,21.88,953.5033333333333
2019-06-02 11:00:00,-16.89,31.413333333333334,172.05,21.533333333333335,953.3283333333333
2019-06-02 12:00:00,-17.15666666666667,32.958333333333336,173.01666666666668,21.215,953.2316666666667
2019-06-02 13:00:00,-17.055,33.745,172.41666666666666,20.96333333333333,952.8883333333334
2019-06-02 14:00:00,-16.881666666666668,34.65333333333333,174.3,21.6,952.5666666666667
2019-06-02 15:00:00,-16.333333333333332,35.80333333333333,175.66666666666666,21.125,952.3316666666667
2019-06-02 16:00:00,-15.815,35.38333333333333,175.93333333333334,20.728333333333335,952.1416666666667
2019-06-02 17:00:00,-15.388333333333332,36.425,173.81666666666666,19.84,952.0966666666667
2019-06-02 18:00:00,-14.898333333333333,38.85166666666667,172.05,18.425,952.2383333333333
2019-06-02 19:00:00,-15.103333333333332,40.49333333333333,174.8,18.708333333333332,952.3166666666667
2019-06-02 20:00:00,-14.75,41.99666666666667,172.06666666666666,17.238333333333333,952.4449999999999
2019-06-02 21:00:00,-13.723333333333333,45.33833333333334,168.31666666666666,16.113333333333333,952.61
2019-06-02 22:00:00,-13.073333333333332,47.440000000000005,170.33333333333334,15.821666666666665,952.865
2019-06-02 23:00:00,-12.546666666666665,49.36833333333333,169.88333333333333,18.206666666666667,953.3183333333333
2019-06-03 00:00:00,-11.998333333333333,51.919999999999995,150.63333333333333,18.9,953.9216666666667
2019-06-03 01:00:00,-11.935,55.876666666666665,149.5,17.904999999999998,954.5383333333334
2019-06-03 02:00:00,-11.881666666666666,56.836666666666666,148.56666666666666,16.825,955.17
2019-06-03 03:00:00,-12.014999999999999,63.13166666666667,137.96666666666667,12.613333333333333,955.7783333333333
2019-06-03 04:00:00,-12.038333333333332,64.73333333333333,136.9,12.076666666666666,956.4333333333333
2019-06-03 05:00:00,-11.948333333333332,65.11999999999999,131.86666666666667,11.24,957.1666666666666
2019-06-03 06:00:00,-12.073333333333332,63.59166666666667,135.3,11.273333333333333,957.7716666666668
2019-06-03 07:00:00,-11.706666666666667,60.975,132.16666666666666,12.058333333333334,958.6766666666666
2019-06-03 08:00:00,-11.593333333333334,60.348333333333336,120.16666666666667,11.003333333333334,959.6916666666667
2019-06-03 09:00:00,-12.311666666666667,64.06333333333333,111.36666666666666,10.875,960.6933333333333
2019-06-03 10:00:00,-12.388333333333332,67.32166666666667,108.86666666666666,10.465,961.5783333333333
2019-06-03 11:00:00,-12.025,66.1,119.58333333333333,10.485000000000001,962.615
2019-06-03 12:00:00,-12.408333333333333,65.37166666666667,126.68333333333334,10.285,963.475
2019-06-03 13:00:00,-12.081666666666667,65.8,118.8,10.441666666666666,964.115
2019-06-03 14:00:00,-12.176666666666668,69.27,106.55,8.523333333333333,964.6933333333333
2019-06-03 15:00:00,-12.171666666666665,66.65666666666667,98.45,7.83,965.1516666666666
2019-06-03 16:00:00,-11.838333333333335,66.33833333333334,126.68333333333334,14.875,965.7466666666667
2019-06-03 17:00:00,-12.285,70.52333333333333,121.53333333333333,13.413333333333332,966.6783333333333
2019-06-03 18:00:00,-12.316666666666666,67.93166666666667,116.71666666666667,11.6,967.4783333333332
2019-06-03 19:00:00,-12.443333333333333,68.4,112.71666666666667,11.413333333333332,968.3616666666666
2019-06-03 20:00:00,-12.610000000000001,67.77666666666667,115.06666666666666,12.938333333333333,969.2416666666667
2019-06-03 21:00:00,-12.729999999999999,63.72666666666667,128.13333333333333,14.846666666666666,969.9383333333334
2019-06-03 22:00:00,-12.953333333333335,66.94166666666666,129.35,17.790000000000003,970.5533333333333
2019-06-03 23:00:00,-13.155,67.73333333333333,130.46666666666667,19.966666666666665,970.7666666666667
2019-06-04 00:00:00,-13.286666666666667,64.575,126.56666666666666,20.008333333333333,971.0716666666667
2019-06-04 01:00:00,-13.795,56.07,136.96666666666667,21.470000000000002,970.7616666666668
2019-06-04 02:00:00,-13.07,52.891666666666666,121.95,17.696666666666665,970.2266666666667
2019-06-04 03:00:00,-12.43,57.583333333333336,123.91666666666667,15.048333333333334,969.5166666666667
2019-06-04 04:00:00,-12.111666666666666,54.94666666666667,117.46666666666667,16.143333333333334,969.235
2019-06-04 05:00:00,-12.073333333333332,52.61,135.43333333333334,16.291666666666668,968.7633333333334
2019-06-04 06:00:00,-11.691666666666666,48.05,127.48333333333333,16.271666666666665,968.615
2019-06-04 07:00:00,-11.665,46.611666666666665,125.81666666666666,16.03666666666667,968.2883333333334
2019-06-04 08:00:00,-11.845,46.05333333333333,135.21666666666667,14.763333333333332,967.7333333333333
2019-06-04 09:00:00,-12.931666666666667,46.93666666666666,167.75,20.42,966.9083333333333
2019-06-04 10:00:00,-12.825,40.00833333333333,169.48333333333332,20.03166666666667,966.2466666666667
2019-06-04 11:00:00,-13.318333333333333,38.37166666666667,163.66666666666666,18.776666666666664,965.0066666666667
2019-06-04 12:00:00,-13.84,36.93333333333333,167.11666666666667,19.19333333333333,963.9783333333332
2019-06-04 13:00:00,-14.485000000000001,34.641666666666666,169.46666666666667,19.413333333333334,962.8533333333332
2019-06-04 14:00:00,-15.216666666666667,35.74666666666667,172.13333333333333,19.073333333333334,961.7283333333332
2019-06-04 15:00:00,-15.506666666666666,32.985,171.2,19.445,960.8033333333333
2019-06-04 16:00:00,-15.493333333333334,30.196666666666665,170.38333333333333,19.985,960.0683333333333
2019-06-04 17:00:00,-15.91,30.726666666666667,171.48333333333332,18.876666666666665,959.3050000000001
2019-06-04 18:00:00,-16.193333333333335,31.55666666666667,174.31666666666666,20.126666666666665,958.6266666666667
2019-06-04 19:00:00,-16.645,32.3,174.38333333333333,20.13,957.9449999999999
2019-06-04 20:00:00,-16.886666666666667,31.586666666666666,174.71666666666667,20.226666666666667,957.2233333333334
2019-06-04 21:00:00,-16.955,31.683333333333334,173.96666666666667,20.545,956.5849999999999
2019-06-04 22:00:00,-16.538333333333334,31.696666666666665,170.21666666666667,19.581666666666667,956.325
2019-06-04 23:00:00,-16.436666666666667,34.32833333333333,168.68333333333334,19.596666666666668,956.035
2019-06-05 00:00:00,-15.985000000000001,33.266666666666666,163.61666666666667,21.126666666666665,955.9716666666667
2019-06-05 01:00:00,-15.663333333333332,31.53666666666667,162.21666666666667,20.765,955.9466666666667
2019-06-05 02:00:00,-15.051666666666668,30.616666666666667,151.35,24.108333333333334,955.8633333333332
2019-06-05 03:00:00,-15.411666666666667,31.6,166.53333333333333,21.09333333333333,955.9449999999999
2019-06-05 04:00:00,-15.389999999999999,31.605,141.7,18.988333333333333,956.3133333333334
2019-06-05 05:00:00,-15.421666666666665,32.49666666666666,128.48333333333332,18.111666666666668,956.8416666666667
2019-06-05 06:00:00,-15.458333333333334,34.39833333333333,119.08333333333333,16.596666666666668,957.715
2019-06-05 07:00:00,-15.353333333333333,43.97166666666667,120.91666666666667,16.841666666666665,958.6
2019-06-05 08:00:00,-15.141666666666667,39.70166666666667,132.2,18.40666666666667,959.2216666666667
2019-06-05 09:00:00,-15.298333333333334,34.89333333333333,136.28333333333333,21.39333333333333,959.8916666666667
2019-06-05 10:00:00,-15.4,35.318333333333335,135.61666666666667,20.863333333333333,960.565
2019-06-05 11:00:00,-15.6,34.335,141.53333333333333,22.996666666666666,961.0816666666667
2019-06-05 12:00:00,-15.66,35.015,147.91666666666666,24.535,961.6116666666668
2019-06-05 13:00:00,-15.475,36.141666666666666,144.5,23.073333333333334,962.0766666666666
2019-06-05 14:00:00,-15.208333333333334,38.416666666666664,157.88333333333333,24.209999999999997,962.6183333333333
2019-06-05 15:00:00,-15.131666666666666,34.50333333333333,159.56666666666666,19.57,963.3566666666667
2019-06-05 16:00:00,-15.286666666666667,38.09666666666667,171.73333333333332,26.866666666666667,963.66
2019-06-05 17:00:00,-15.051666666666668,42.25833333333333,167.98333333333332,20.66,964.325
2019-06-05 18:00:00,-14.603333333333332,42.44666666666667,169.13333333333333,27.291666666666668,965.045
2019-06-05 19:00:00,-14.378333333333334,41.805,170.48333333333332,26.625,965.48
2019-06-05 20:00:00,-14.146666666666667,38.8,174.98333333333332,25.9,965.6933333333333
2019-06-05 21:00:00,-13.993333333333334,38.22166666666667,168.93333333333334,25.733333333333334,966.365
2019-06-05 22:00:00,-13.723333333333333,38.68333333333333,158.21666666666667,17.883333333333333,966.885
2019-06-05 23:00:00,-13.465,34.475,145.46666666666667,19.256666666666668,967.1633333333334
2019-06-06 00:00:00,-14.155,36.181666666666665,153.85,21.816666666666666,967.4366666666666
2019-06-06 01:00:00,-14.535,36.69833333333334,158.68333333333334,19.445,967.9433333333333
2019-06-06 02:00:00,-14.725,36.36333333333334,166.08333333333334,19.136666666666667,968.0833333333334
2019-06-06 03:00:00,-14.198333333333332,33.276666666666664,166.71666666666667,20.75,967.9633333333334
2019-06-06 04:00:00,-14.143333333333334,32.02166666666667,169.21666666666667,21.006666666666668,967.9483333333334
2019-06-06 05:00:00,-14.203333333333335,30.62,174.45,21.355,967.99
2019-06-06 06:00:00,-14.436666666666667,30.015,161.56666666666666,20.363333333333333,968.3383333333333
2019-06-06 07:00:00,-14.341666666666667,29.165000000000003,160.48333333333332,20.196666666666665,968.6066666666667
2019-06-06 08:00:00,-14.235000000000001,29.471666666666668,163.2,18.248333333333335,968.7483333333333
2019-06-06 09:00:00,-15.216666666666667,32.888333333333335,168.61666666666667,15.046666666666665,968.8533333333332
2019-06-06 10:00:00,-15.846666666666666,33.321666666666665,172.01666666666668,15.418333333333333,968.6650000000001
2019-06-06 11:00:00,-16.326666666666668,32.675,174.03333333333333,16.778333333333332,968.4266666666666
2019-06-06 12:00:00,-16.303333333333335,32.281666666666666,159.35,10.16,968.525
2019-06-06 13:00:00,-16.241666666666667,31.128333333333334,164.46666666666667,11.15,968.3283333333333
2019-06-06 14:00:00,-16.636666666666667,31.0,173.96666666666667,16.551666666666666,967.9483333333334
2019-06-06 15:00:00,-17.48166666666667,34.97666666666667,200.51666666666668,10.358333333333333,967.94
2019-06-06 16:00:00,-18.016666666666666,35.67833333333333,181.58333333333334,6.1,968.13
2019-06-06 17:00:00,-17.773333333333333,34.68,190.25,7.275,968.1700000000001
2019-06-06 18:00:00,-17.665000000000003,31.671666666666667,176.85,14.263333333333332,967.505
2019-06-06 19:00:00,-16.966666666666665,28.925,162.51666666666668,12.901666666666667,967.0116666666667
2019-06-06 20:00:00,-18.371666666666666,31.98166666666667,177.55,14.891666666666667,966.4599999999999
2019-06-06 21:00:00,-17.61,29.041666666666668,175.0,20.496666666666666,965.7533333333333
2019-06-06 22:00:00,-17.76833333333333,29.013333333333332,173.9,21.316666666666666,965.4766666666667
2019-06-06 23:00:00,-17.933333333333334,28.733333333333334,175.5,22.029999999999998,965.0949999999999
2019-06-07 00:00:00,-18.158333333333335,30.366666666666667,175.1,21.485,964.61
2019-06-07 01:00:00,-17.895,29.30666666666667,175.8,21.525,964.1833333333333
2019-06-07 02:00:00,-18.345000000000002,29.275,178.76666666666668,20.009999999999998,963.4916666666667
2019-06-07 03:00:00,-18.378333333333334,29.44333333333333,178.5,21.683333333333334,962.9716666666667
2019-06-07 04:00:00,-17.703333333333333,29.505,175.55,22.326666666666664,962.265
2019-06-07 05:00:00,-17.791666666666668,30.725,175.95,22.728333333333335,961.5766666666666
2019-06-07 06:00:00,-17.76833333333333,31.015,175.68333333333334,23.391666666666666,961.1916666666667
2019-06-07 07:00:00,-17.351666666666667,33.016666666666666,172.96666666666667,22.21833333333333,960.5666666666667
2019-06-07 08:00:00,-16.283333333333335,32.858333333333334,171.58333333333334,21.378333333333334,959.9183333333333
2019-06-07 09:00:00,-16.556666666666665,33.09,175.86666666666667,21.133333333333333,959.41
2019-06-07 10:00:00,-16.351666666666667,32.455,175.16666666666666,21.401666666666664,958.8266666666666
2019-06-07 11:00:00,-15.783333333333333,34.001666666666665,173.55,20.133333333333333,958.2083333333334
2019-06-07 12:00:00,-15.525,35.608333333333334,168.7,21.498333333333335,957.935
2019-06-07 13:00:00,-15.305,35.583333333333336,167.9,21.898333333333333,957.7333333333333
2019-06-07 14:00:00,-15.348333333333333,33.82666666666667,164.85,25.68,957.595
2019-06-07 15:00:00,-15.44,33.70666666666667,173.21666666666667,25.154999999999998,957.42
2019-06-07 16:00:00,-15.556666666666667,34.02166666666667,164.8,28.278333333333332,957.3016666666666
2019-06-07 17:00:00,-15.603333333333333,33.12,153.96666666666667,30.791666666666668,957.3316666666667
2019-06-07 18:00:00,-15.711666666666668,33.288333333333334,157.9,31.346666666666668,957.5283333333333
2019-06-07 19:00:00,-15.44,32.21666666666667,155.41666666666666,21.243333333333332,957.7333333333333
2019-06-07 20:00:00,-15.19,32.18333333333333,167.08333333333334,22.453333333333333,958.1066666666667
2019-06-07 21:00:00,-14.303333333333335,31.285,164.55,24.03166666666667,958.1216666666667
2019-06-07 22:00:00,-12.833333333333334,33.07333333333334,156.08333333333334,27.71833333333333,958.37
2019-06-07 23:00:00,-12.610000000000001,38.01166666666666,161.61666666666667,26.455,958.5783333333334
2019-06-08 00:00:00,-12.111666666666668,40.48166666666667,168.95,22.598333333333336,958.7199999999999
2019-06-08 01:00:00,-11.498333333333333,41.61333333333334,157.88333333333333,14.705,959.0366666666666
2019-06-08 02:00:00,-11.413333333333332,47.690000000000005,143.13333333333333,15.576666666666666,959.3716666666666
2019-06-08 03:00:00,-11.436666666666667,55.416666666666664,141.06666666666666,17.936666666666667,959.4316666666667
2019-06-08 04:00:00,-11.396666666666667,58.54833333333333,138.08333333333334,15.875,959.685
2019-06-08 05:00:00,-10.725,58.02333333333333,115.38333333333334,15.798333333333334,960.0083333333333
2019-06-08 06:00:00,-9.803333333333335,42.333333333333336,100.7,19.216666666666665,960.1
2019-06-08 07:00:00,-9.666666666666666,40.516666666666666,113.28333333333333,19.08,960.2283333333332
2019-06-08 08:00:00,-9.548333333333334,36.666666666666664,103.48333333333333,18.615000000000002,960.4716666666667
2019-06-08 09:00:00,-9.391666666666667,33.24,103.33333333333333,18.83833333333333,960.885
2019-06-08 10:00:00,-9.491666666666667,29.615000000000002,103.03333333333333,20.995,961.4983333333333
2019-06-08 11:00:00,-9.821666666666665,27.605,104.9,16.056666666666665,962.0766666666666
2019-06-08 12:00:00,-10.113333333333333,27.421666666666667,105.5,17.69333333333333,962.3516666666667
2019-06-08 13:00:00,-10.525,29.546666666666667,113.53333333333333,17.279999999999998,962.4483333333334
2019-06-08 14:00:00,-10.753333333333334,30.703333333333333,116.55,16.233333333333334,962.34
2019-06-08 15:00:00,-10.911666666666667,31.03166666666667,116.76666666666667,16.273333333333333,962.4616666666666
2019-06-08 16:00:00,-10.94,29.146666666666665,120.13333333333334,17.206666666666667,962.9066666666666
2019-06-08 17:00:00,-10.931666666666667,28.811666666666667,127.18333333333334,17.541666666666668,963.035
2019-06-08 18:00:00,-10.768333333333334,28.345000000000002,128.78333333333333,15.758333333333333,963.1366666666668
2019-06-08 19:00:00,-10.860000000000001,28.488333333333333,116.6,18.8,963.2549999999999
2019-06-08 20:00:00,-10.748333333333333,27.134999999999998,123.16666666666667,20.186666666666667,963.4449999999999
2019-06-08 21:00:00,-11.921666666666665,34.656666666666666,136.93333333333334,19.279999999999998,963.8199999999999
2019-06-08 22:00:00,-12.293333333333333,36.01,148.98333333333332,22.793333333333333,963.7433333333333
2019-06-08 23:00:00,-12.308333333333334,34.498333333333335,147.8,25.328333333333333,963.6966666666667
2019-06-09 00:00:00,-12.576666666666666,35.330000000000005,160.96666666666667,28.66,963.4283333333333
2019-06-09 01:00:00,-12.503333333333334,35.501666666666665,162.16666666666666,28.615000000000002,963.2183333333334
2019-06-09 02:00:00,-12.896666666666667,36.01,165.83333333333334,28.611666666666668,963.0533333333333
2019-06-09 03:00:00,-13.045,35.21333333333334,163.95,32.276666666666664,962.775
2019-06-09 04:00:00,-13.288333333333332,35.165,165.26666666666668,32.06666666666667,962.9666666666667
2019-06-09 05:00:00,-13.611666666666666,34.91166666666666,163.73333333333332,30.63,962.8266666666666
2019-06-09 06:00:00,-14.065,35.505,165.86666666666667,26.398333333333333,962.5366666666666
2019-06-09 07:00:00,-14.341666666666667,34.263333333333335,170.33333333333334,28.09333333333333,962.83
2019-06-09 08:00:00,-14.335,32.10166666666667,168.96666666666667,27.848333333333336,963.09
2019-06-09 09:00:00,-14.481666666666666,30.131666666666668,165.45,25.10666666666667,963.175
2019-06-09 10:00:00,-14.936666666666666,30.158333333333335,165.25,21.926666666666666,963.14
2019-06-09 11:00:00,-15.291666666666666,30.271666666666665,163.13333333333333,23.80666666666667,962.5949999999999
2019-06-09 12:00:00,-15.29,28.18,165.86666666666667,27.740000000000002,961.925
2019-06-09 13:00:00,-14.833333333333334,24.416666666666668,169.76666666666668,25.888333333333332,961.4116666666666
2019-06-09 14:00:00,-15.108333333333333,24.551666666666666,163.26666666666668,22.38,960.92
2019-06-09 15:00:00,-15.291666666666666,25.091666666666665,169.33333333333334,20.331666666666667,960.3916666666667
2019-06-09 16:00:00,-15.413333333333332,25.913333333333334,170.6,18.795,960.0583333333333
2019-06-09 17:00:00,-16.906666666666666,27.028333333333332,177.81666666666666,19.458333333333332,959.3366666666666
2019-06-09 18:00:00,-15.876666666666667,24.134999999999998,176.08333333333334,20.008333333333333,958.8183333333333
2019-06-09 19:00:00,-16.453333333333333,28.551666666666666,181.36666666666667,17.654999999999998,958.49
2019-06-09 20:00:00,-17.525,32.24666666666666,231.68333333333334,6.548333333333333,958.9833333333333
2019-06-09 21:00:00,-16.698333333333334,27.73166666666667,276.01666666666665,6.331666666666666,958.49
2019-06-09 22:00:00,-17.311666666666667,29.98166666666667,211.63333333333333,3.705,958.6633333333334
2019-06-09 23:00:00,-17.626666666666665,29.37,193.43333333333334,2.816666666666667,958.6966666666667
2019-06-10 00:00:00,-16.438333333333333,26.14,208.88333333333333,6.291666666666667,958.3050000000001
2019-06-10 01:00:00,-19.296666666666667,37.431666666666665,150.08333333333334,4.59,958.465
2019-06-10 02:00:00,-20.90666666666667,43.95666666666667,150.88333333333333,3.558333333333333,958.4416666666667
2019-06-10 03:00:00,-20.255,41.36,221.0,3.4983333333333335,958.2066666666667
2019-06-10 04:00:00,-22.171666666666667,48.288333333333334,149.76666666666668,1.5133333333333332,958.2716666666668
2019-06-10 05:00:00,-21.903333333333332,47.085,152.61666666666667,1.6566666666666667,958.2433333333333
2019-06-10 06:00:00,-21.948333333333334,45.68666666666666,112.76666666666667,1.8599999999999999,958.3516666666667
2019-06-10 07:00:00,-21.85666666666667,43.891666666666666,114.46666666666667,5.206666666666666,958.76
2019-06-10 08:00:00,-22.029999999999998,44.163333333333334,195.15,2.0,958.8
2019-06-10 09:00:00,-22.058333333333334,42.638333333333335,218.08333333333334,1.5383333333333333,958.6316666666667
2019-06-10 10:00:00,-23.521666666666665,48.25666666666667,185.2,4.903333333333333,958.57
2019-06-10 11:00:00,-24.551666666666666,48.95333333333333,93.66666666666667,3.4066666666666667,958.935
2019-06-10 12:00:00,-24.448333333333334,48.665,129.66666666666666,2.966666666666667,958.91
2019-06-10 13:00:00,-24.459999999999997,48.27833333333333,96.68333333333334,5.951666666666667,959.0183333333333
2019-06-10 14:00:00,-24.996666666666666,50.3,92.01666666666667,4.12,959.045
2019-06-10 15:00:00,-25.21833333333333,50.41166666666666,125.66666666666667,2.385,958.9833333333333
2019-06-10 16:00:00,-24.923333333333336,49.695,131.55,3.018333333333333,959.175
2019-06-10 17:00:00,-23.240000000000002,44.66,159.76666666666668,2.013333333333333,958.7566666666667
2019-06-10 18:00:00,-20.346666666666668,29.866666666666667,148.16666666666666,11.346666666666666,958.3416666666667
2019-06-10 19:00:00,-22.44333333333333,39.38166666666667,108.65,6.706666666666666,958.875
2019-06-10 20:00:00,-19.668333333333333,30.308333333333334,170.56666666666666,10.998333333333333,958.7083333333334
2019-06-10 21:00:00,-21.095000000000002,34.67166666666667,164.26666666666668,5.108333333333333,958.4083333333333
2019-06-10 22:00:00,-19.995,29.728333333333335,152.1,8.843333333333334,958.4183333333333
2019-06-10 23:00:00,-22.651666666666664,41.00833333333333,174.91666666666666,2.04,958.89
2019-06-11 00:00:00,-22.455,39.69666666666667,157.26666666666668,4.11,959.1433333333333
2019-06-11 01:00:00,-20.80666666666667,33.205,175.4,8.653333333333334,958.965
2019-06-11 02:00:00,-20.996666666666666,33.696666666666665,188.7,10.658333333333333,958.36
2019-06-11 03:00:00,-21.583333333333332,35.098333333333336,171.86666666666667,12.878333333333334,958.1433333333333
2019-06-11 04:00:00,-20.538333333333334,31.005,179.3,6.575,958.6166666666667
2019-06-11 05:00:00,-19.59,27.65,181.2,4.06,958.4433333333333
2019-06-11 06:00:00,-20.235,29.596666666666668,135.36666666666667,3.45,958.5316666666666
2019-06-11 07:00:00,-20.87,33.28666666666667,225.75,2.065,958.5083333333333
2019-06-11 08:00:00,-21.341666666666665,35.248333333333335,233.2,2.3800000000000003,958.5333333333333
2019-06-11 09:00:00,-21.586666666666666,36.14666666666667,202.95,2.578333333333333,958.65
2019-06-11 10:00:00,-20.873333333333335,31.596666666666668,117.43333333333334,3.6266666666666665,958.9266666666666
2019-06-11 11:00:00,-20.191666666666666,29.23166666666667,220.16666666666666,1.7083333333333333,958.8633333333332
2019-06-11 12:00:00,-20.995,33.843333333333334,262.8333333333333,1.7033333333333334,958.9683333333334
2019-06-11 13:00:00,-21.18,33.446666666666665,171.43333333333334,1.1900000000000002,958.8933333333333
2019-06-11 14:00:00,-21.44333333333333,36.82166666666667,253.88333333333333,2.231666666666667,958.5816666666667
2019-06-11 15:00:00,-21.904999999999998,37.33166666666667,251.0,4.27,958.5333333333333
2019-06-11 16:00:00,-22.53666666666667,37.05,167.43333333333334,7.568333333333333,958.985
2019-06-11 17:00:00,-22.388333333333332,36.181666666666665,151.46666666666667,4.8149999999999995,959.1066666666667
2019-06-11 18:00:00,-21.913333333333334,32.75,174.25,9.35,959.2116666666666
2019-06-11 19:00:00,-20.44,27.883333333333333,166.2,13.278333333333334,959.4466666666667
2019-06-11 20:00:00,-20.81833333333333,28.553333333333335,167.75,14.213333333333333,959.545
2019-06-11 21:00:00,-20.48166666666667,28.73166666666667,165.08333333333334,15.983333333333333,959.75
2019-06-11 22:00:00,-19.328333333333333,26.923333333333336,163.8,15.971666666666666,959.7566666666667
2019-06-11 23:00:00,-19.466666666666665,29.423333333333336,167.48333333333332,14.621666666666666,960.0400000000001
2019-06-12 00:00:00,-19.571666666666665,30.653333333333332,171.25,15.15,959.9699999999999
2019-06-12 01:00:00,-19.765,31.956666666666667,173.18333333333334,16.521666666666665,959.8533333333332
2019-06-12 02:00:00,-19.811666666666667,31.855,173.1,16.621666666666666,959.8683333333333
2019-06-12 03:00:00,-20.686666666666667,31.398333333333333,175.23333333333332,16.755,959.995
2019-06-12 04:00:00,-21.475,31.178333333333335,177.51666666666668,15.973333333333333,959.815
2019-06-12 05:00:00,-21.863333333333333,30.525,169.71666666666667,13.121666666666666,960.16
2019-06-12 06:00:00,-21.38,28.776666666666664,144.81666666666666,7.75,960.6566666666666
2019-06-12 07:00:00,-21.516666666666666,29.134999999999998,159.21666666666667,3.3066666666666666,960.9366666666666
2019-06-12 08:00:00,-21.435,27.303333333333335,182.35,3.29,961.1266666666667
2019-06-12 09:00:00,-21.58833333333333,27.83833333333333,168.86666666666667,4.711666666666667,961.015
2019-06-12 10:00:00,-22.376666666666665,32.665,232.63333333333333,7.17,961.285
2019-06-12 11:00:00,-21.041666666666668,27.058333333333334,180.33333333333334,6.92,960.9316666666667
2019-06-12 12:00:00,-22.404999999999998,31.145,181.4,7.948333333333333,960.8516666666667
2019-06-12 13:00:00,-22.6,31.921666666666667,190.83333333333334,9.806666666666667,960.4516666666666
2019-06-12 14:00:00,-22.811666666666667,31.976666666666667,180.35,9.21,960.235
2019-06-12 15:00:00,-21.888333333333332,28.048333333333336,165.28333333333333,5.193333333333333,960.3433333333334
2019-06-12 16:00:00,-21.196666666666665,25.15,156.73333333333332,10.638333333333332,959.8116666666666
2019-06-12 17:00:00,-20.848333333333336,25.603333333333335,166.36666666666667,11.011666666666667,959.6916666666667
2019-06-12 18:00:00,-23.183333333333334,32.16166666666667,186.28333333333333,2.183333333333333,959.9816666666667
2019-06-12 19:00:00,-23.571666666666665,33.92,199.8,2.8,960.0383333333334
2019-06-12 20:00:00,-22.823333333333334,31.540000000000003,178.88333333333333,2.605,959.5883333333334
2019-06-12 21:00:00,-24.215,35.24333333333333,281.35,3.2083333333333335,959.4233333333334
2019-06-12 22:00:00,-22.695,30.59,194.05,7.783333333333333,959.1266666666667
2019-06-12 23:00:00,-22.558333333333334,30.025,177.38333333333333,2.6199999999999997,959.4
2019-06-13 00:00:00,-23.23,32.29333333333333,139.25,5.37,959.275
2019-06-13 01:00:00,-25.388333333333332,39.531666666666666,134.53333333333333,2.4433333333333334,959.4
2019-06-13 02:00:00,-24.708333333333332,37.218333333333334,91.63333333333334,3.04,959.1533333333334
2019-06-13 03:00:00,-24.425,39.76166666666666,196.36666666666667,2.9066666666666667,959.3666666666667
2019-06-13 04:00:00,-22.028333333333332,35.77166666666667,179.48333333333332,5.791666666666667,959.1633333333334
2019-06-13 05:00:00,-19.341666666666665,30.91,175.53333333333333,12.99,959.1650000000001
2019-06-13 06:00:00,-19.183333333333334,30.425,154.76666666666668,10.229999999999999,959.4083333333333
2019-06-13 07:00:00,-18.44,29.283333333333335,170.88333333333333,17.233333333333334,959.1966666666667
2019-06-13 08:00:00,-18.418333333333333,28.913333333333334,168.78333333333333,16.806666666666665,959.385
2019-06-13 09:00:00,-18.615000000000002,28.501666666666665,167.01666666666668,19.676666666666666,959.7416666666667
2019-06-13 10:00:00,-17.986666666666668,27.723333333333336,164.3,22.506666666666668,960.01
2019-06-13 11:00:00,-17.1,26.175,158.03333333333333,24.913333333333334,960.0883333333334
2019-06-13 12:00:00,-17.1,26.80666666666667,160.21666666666667,26.841666666666665,960.1883333333334
2019-06-13 13:00:00,-16.71333333333333,26.823333333333334,150.8,24.154999999999998,960.4933333333333
2019-06-13 14:00:00,-16.518333333333334,26.276666666666664,159.38333333333333,27.153333333333332,960.7199999999999
2019-06-13 15:00:00,-16.25,25.88,157.95,22.988333333333333,961.0966666666667
2019-06-13 16:00:00,-16.52,26.490000000000002,165.23333333333332,22.761666666666667,961.64
2019-06-13 17:00:00,-16.115,26.583333333333332,157.7,20.1,961.91
2019-06-13 18:00:00,-16.445,26.728333333333335,163.15,21.345000000000002,962.545
2019-06-13 19:00:00,-15.808333333333334,25.28166666666667,155.16666666666666,22.78166666666667,962.5316666666666
2019-06-13 20:00:00,-15.458333333333334,24.311666666666667,147.53333333333333,18.256666666666668,963.0533333333333
2019-06-13 21:00:00,-15.511666666666667,23.615000000000002,150.63333333333333,19.08,963.195
2019-06-13 22:00:00,-15.486666666666668,23.063333333333333,150.3,19.158333333333335,963.1983333333334
2019-06-13 23:00:00,-15.366666666666667,22.456666666666667,146.0,16.421666666666667,963.5883333333334
2019-06-14 00:00:00,-16.36,24.458333333333332,158.43333333333334,18.313333333333333,963.6633333333334
2019-06-14 01:00:00,-16.065,23.683333333333334,157.85,19.961666666666666,963.5616666666666
2019-06-14 02:00:00,-16.15,23.67,159.71666666666667,18.84,963.6
2019-06-14 03:00:00,-17.19333333333333,25.686666666666667,129.61666666666667,6.258333333333334,963.815
2019-06-14 04:00:00,-18.006666666666668,26.785,145.03333333333333,6.025,964.1766666666666
2019-06-14 05:00:00,-18.5,29.371666666666666,139.56666666666666,2.645,964.6716666666667
2019-06-14 06:00:00,-17.526666666666664,26.878333333333334,147.95,9.706666666666667,964.7
2019-06-14 07:00:00,-17.73166666666667,26.433333333333334,91.8,5.711666666666667,964.9466666666667
2019-06-14 08:00:00,-17.608333333333334,26.871666666666666,122.0,9.621666666666666,965.1550000000001
2019-06-14 09:00:00,-17.961666666666666,26.35666666666667,132.36666666666667,10.793333333333333,965.285
2019-06-14 10:00:00,-17.375,30.05666666666667,123.81666666666666,8.393333333333334,965.6583333333333
2019-06-14 11:00:00,-16.656666666666666,25.541666666666668,146.01666666666668,10.275,965.6066666666667
2019-06-14 12:00:00,-16.66,24.904999999999998,127.43333333333334,10.893333333333334,965.3566666666667
2019-06-14 13:00:00,-16.625,26.126666666666665,138.71666666666667,13.833333333333334,965.565
2019-06-14 14:00:00,-16.321666666666665,24.64,153.13333333333333,16.603333333333335,965.91
2019-06-14 15:00:00,-16.368333333333332,25.445,152.58333333333334,16.071666666666665,966.0666666666667
2019-06-14 16:00:00,-15.595,24.261666666666667,147.06666666666666,13.271666666666667,965.9033333333333
2019-06-14 17:00:00,-16.578333333333333,25.28666666666667,113.26666666666667,5.293333333333334,965.9150000000001
2019-06-14 18:00:00,-17.586666666666666,26.85,128.4,5.4783333333333335,965.8316666666667
2019-06-14 19:00:00,-18.008333333333333,27.486666666666668,171.6,13.881666666666666,965.565
2019-06-14 20:00:00,-17.061666666666667,25.470000000000002,157.35,9.92,965.4583333333334
2019-06-14 21:00:00,-18.584999999999997,27.904999999999998,174.85,2.5949999999999998,965.81
2019-06-14 22:00:00,-18.565,29.173333333333336,130.58333333333334,2.6333333333333333,965.5866666666667
2019-06-14 23:00:00,-20.051666666666666,32.655,167.73333333333332,3.6983333333333333,965.815
2019-06-15 00:00:00,-16.36,24.458333333333332,158.43333333333334,18.313333333333333,963.6633333333334
2019-06-15 01:00:00,-16.065,23.683333333333334,157.85,19.961666666666666,963.5616666666666
2019-06-15 02:00:00,-16.15,23.67,159.71666666666667,18.84,963.6
2019-06-15 03:00:00,-17.19333333333333,25.686666666666667,129.61666666666667,6.258333333333334,963.815
2019-06-15 04:00:00,-18.006666666666668,26.785,145.03333333333333,6.025,964.1766666666666
2019-06-15 05:00:00,-18.5,29.371666666666666,139.56666666666666,2.645,964.6716666666667
2019-06-15 06:00:00,-17.526666666666664,26.878333333333334,147.95,9.706666666666667,964.7
2019-06-15 07:00:00,-17.73166666666667,26.433333333333334,91.8,5.711666666666667,964.9466666666667
2019-06-15 08:00:00,-17.608333333333334,26.871666666666666,122.0,9.621666666666666,965.1550000000001
2019-06-15 09:00:00,-17.961666666666666,26.35666666666667,132.36666666666667,10.793333333333333,965.285
2019-06-15 10:00:00,-17.375,30.05666666666667,123.81666666666666,8.393333333333334,965.6583333333333
2019-06-15 11:00:00,-16.656666666666666,25.541666666666668,146.01666666666668,10.275,965.6066666666667
2019-06-15 12:00:00,-16.66,24.904999999999998,127.43333333333334,10.893333333333334,965.3566666666667
2019-06-15 13:00:00,-16.625,26.126666666666665,138.71666666666667,13.833333333333334,965.565
2019-06-15 14:00:00,-16.321666666666665,24.64,153.13333333333333,16.603333333333335,965.91
2019-06-15 15:00:00,-16.368333333333332,25.445,152.58333333333334,16.071666666666665,966.0666666666667
2019-06-15 16:00:00,-15.595,24.261666666666667,147.06666666666666,13.271666666666667,965.9033333333333
2019-06-15 17:00:00,-16.578333333333333,25.28666666666667,113.26666666666667,5.293333333333334,965.9150000000001
2019-06-15 18:00:00,-17.586666666666666,26.85,128.4,5.4783333333333335,965.8316666666667
2019-06-15 19:00:00,-18.008333333333333,27.486666666666668,171.6,13.881666666666666,965.565
2019-06-15 20:00:00,-17.061666666666667,25.470000000000002,157.35,9.92,965.4583333333334
2019-06-15 21:00:00,-18.584999999999997,27.904999999999998,174.85,2.5949999999999998,965.81
2019-06-15 22:00:00,-18.565,29.173333333333336,130.58333333333334,2.6333333333333333,965.5866666666667
2019-06-15 23:00:00,-20.051666666666666,32.655,167.73333333333332,3.6983333333333333,965.815
2019-06-16 00:00:00,-19.816666666666666,30.89333333333333,152.55,11.703333333333335,965.6933333333334
2019-06-16 01:00:00,-20.509999999999998,33.38,167.0,6.293333333333334,965.8166666666667
2019-06-16 02:00:00,-20.26833333333333,30.676666666666666,146.61666666666667,11.223333333333333,965.975
2019-06-16 03:00:00,-20.77,31.381666666666668,145.35,11.636666666666667,966.0316666666666
2019-06-16 04:00:00,-20.6,30.506666666666668,144.41666666666666,11.378333333333334,966.2066666666667
2019-06-16 05:00:00,-21.448333333333334,33.635,158.48333333333332,10.205,966.64
2019-06-16 06:00:00,-22.225,35.40333333333333,180.56666666666666,10.123333333333333,966.765
2019-06-16 07:00:00,-23.198333333333334,37.41,185.21666666666667,11.111666666666668,966.7666666666667
2019-06-16 08:00:00,-22.251666666666665,34.86333333333334,140.03333333333333,3.2383333333333337,966.88
2019-06-16 09:00:00,-23.358333333333334,35.66833333333333,185.86666666666667,9.07,966.6766666666666
2019-06-16 10:00:00,-22.529999999999998,33.358333333333334,201.08333333333334,3.3983333333333334,966.6816666666667
2019-06-16 11:00:00,-23.965,37.934999999999995,158.98333333333332,2.3449999999999998,966.9116666666666
2019-06-16 12:00:00,-23.016666666666666,33.9,139.21666666666667,2.665,967.215
2019-06-16 13:00:00,-22.025,29.83833333333333,125.61666666666666,2.5983333333333336,967.4916666666667
2019-06-16 14:00:00,-21.111666666666668,26.453333333333333,151.76666666666668,13.813333333333333,967.365
2019-06-16 15:00:00,-20.95,25.823333333333334,154.31666666666666,13.656666666666666,967.5733333333334
2019-06-16 16:00:00,-21.06833333333333,26.448333333333334,158.81666666666666,12.135,967.8433333333334
2019-06-16 17:00:00,-21.358333333333334,27.779999999999998,162.41666666666666,6.6466666666666665,968.1650000000001
2019-06-16 18:00:00,-22.516666666666666,31.833333333333332,165.46666666666667,3.85,968.675
2019-06-16 19:00:00,-23.138333333333332,32.15833333333333,211.98333333333332,5.955,969.24
2019-06-16 20:00:00,-23.581666666666667,32.96,203.95,7.723333333333333,969.6116666666666
2019-06-16 21:00:00,-24.501666666666665,34.57833333333333,165.7,9.191666666666666,970.1966666666667
2019-06-16 22:00:00,-23.543333333333333,32.24166666666667,141.45,2.945,970.8016666666666
2019-06-16 23:00:00,-23.508333333333333,31.035,177.28333333333333,9.639999999999999,971.0183333333333
2019-06-17 00:00:00,-23.71333333333333,31.475,158.55,4.776666666666667,971.48
2019-06-17 01:00:00,-24.801666666666666,32.93833333333333,162.88333333333333,10.378333333333334,971.8866666666668
2019-06-17 02:00:00,-24.908333333333335,34.65833333333333,171.05,1.9866666666666668,972.4583333333334
2019-06-17 03:00:00,-23.476666666666667,31.776666666666664,228.5,3.478333333333333,972.65
2019-06-17 04:00:00,-24.073333333333334,33.776666666666664,191.41666666666666,5.926666666666667,973.0366666666666
2019-06-17 05:00:00,-22.27,28.673333333333336,202.55,3.3066666666666666,972.7616666666667
2019-06-17 06:00:00,-22.183333333333334,30.298333333333336,207.53333333333333,8.773333333333333,972.955
2019-06-17 07:00:00,-21.78166666666667,28.35,205.95,14.74,972.9866666666666
2019-06-17 08:00:00,-23.833333333333332,30.595000000000002,178.61666666666667,6.391666666666667,973.365
2019-06-17 09:00:00,-23.243333333333332,31.33833333333333,188.45,4.625,973.1966666666667
2019-06-17 10:00:00,-23.15666666666667,29.34,171.71666666666667,12.018333333333334,973.27
2019-06-17 11:00:00,-24.055,33.43,119.2,7.11,973.5633333333334
2019-06-17 12:00:00,-25.235,37.638333333333335,200.3,1.76,973.8883333333334
2019-06-17 13:00:00,-25.761666666666667,38.845,102.33333333333333,1.87,973.8783333333333
2019-06-17 14:00:00,-25.61,39.615,217.03333333333333,2.2449999999999997,973.895
2019-06-17 15:00:00,-24.541666666666668,35.20333333333333,137.46666666666667,3.0050000000000003,974.0866666666667
2019-06-17 16:00:00,-24.195,35.483333333333334,130.05,3.283333333333333,974.1733333333334
2019-06-17 17:00:00,-24.46333333333333,36.90333333333333,156.06666666666666,4.066666666666666,974.5216666666668
2019-06-17 18:00:00,-24.77,36.57666666666667,161.0,2.83,974.625
2019-06-17 19:00:00,-25.58,38.583333333333336,204.33333333333334,2.265,974.7566666666667
2019-06-17 20:00:00,-25.255,37.78666666666666,199.71666666666667,2.195,974.6816666666667
2019-06-17 21:00:00,-24.154999999999998,34.42166666666667,188.45,2.525,974.6716666666667
2019-06-17 22:00:00,-25.025,35.85,147.25,2.14,974.6450000000001
2019-06-17 23:00:00,-25.215,36.80333333333333,182.25,2.25,974.8216666666667
2019-06-18 00:00:00,-24.646666666666665,35.30333333333333,249.35,2.0283333333333333,974.8016666666666
2019-06-18 01:00:00,-23.66166666666667,32.71333333333333,139.58333333333334,3.0366666666666666,974.6200000000001
2019-06-18 02:00:00,-24.261666666666667,32.22,129.03333333333333,3.275,974.6550000000001
2019-06-18 03:00:00,-24.975,36.943333333333335,138.51666666666668,2.1550000000000002,974.6633333333334
2019-06-18 04:00:00,-24.185,35.72,125.16666666666667,2.39,974.25
2019-06-18 05:00:00,-24.303333333333335,34.885,195.63333333333333,2.1383333333333336,974.1550000000001
2019-06-18 06:00:00,-24.11,35.32166666666667,249.98333333333332,1.9033333333333333,974.3183333333333
2019-06-18 07:00:00,-23.75,34.17833333333333,257.8666666666667,1.6216666666666666,974.645
2019-06-18 08:00:00,-23.191666666666666,35.32333333333334,208.63333333333333,2.1383333333333336,974.5716666666667
2019-06-18 09:00:00,-22.43166666666667,31.540000000000003,184.83333333333334,7.236666666666666,974.225
2019-06-18 10:00:00,-24.266666666666666,35.65,149.08333333333334,2.0366666666666666,974.5316666666666
2019-06-18 11:00:00,-23.265,36.580000000000005,110.66666666666667,2.018333333333333,974.5016666666667
2019-06-18 12:00:00,-22.91166666666667,35.18,199.58333333333334,1.5416666666666667,974.435
2019-06-18 13:00:00,-22.871666666666666,34.93333333333333,172.56666666666666,2.4833333333333334,974.3083333333333
2019-06-18 14:00:00,-23.645,35.901666666666664,134.73333333333332,2.7083333333333335,974.4616666666666
2019-06-18 15:00:00,-22.005,30.30666666666667,112.25,3.14,974.2166666666667
2019-06-18 16:00:00,-21.65666666666667,28.221666666666668,134.2,7.381666666666666,974.0183333333333
2019-06-18 17:00:00,-22.325,31.173333333333336,107.48333333333333,7.17,974.2066666666667
2019-06-18 18:00:00,-22.326666666666664,31.995,120.73333333333333,9.318333333333333,973.9283333333333
2019-06-18 19:00:00,-22.166666666666668,32.07666666666667,124.05,8.74,973.5283333333333
2019-06-18 20:00:00,-22.529999999999998,30.773333333333333,111.83333333333333,7.748333333333333,972.9483333333334
2019-06-18 21:00:00,-21.956666666666667,32.571666666666665,128.76666666666668,17.758333333333333,972.295
2019-06-18 22:00:00,-22.043333333333333,33.68333333333333,112.08333333333333,12.418333333333333,972.3466666666667
2019-06-18 23:00:00,-21.240000000000002,28.64,123.81666666666666,11.081666666666667,971.5699999999999
2019-06-19 00:00:00,-21.69333333333333,29.446666666666665,106.43333333333334,11.065,971.1316666666667
2019-06-19 01:00:00,-22.265,32.12833333333334,111.81666666666666,9.606666666666666,970.9383333333333
2019-06-19 02:00:00,-21.715,30.595000000000002,126.16666666666667,11.405,970.35
2019-06-19 03:00:00,-21.401666666666664,29.85,133.68333333333334,11.856666666666666,969.675
2019-06-19 04:00:00,-21.378333333333334,29.57,113.3,10.041666666666666,968.6816666666667
2019-06-19 05:00:00,-20.903333333333332,28.33,106.01666666666667,8.988333333333333,967.925
2019-06-19 06:00:00,-22.791666666666668,33.3,166.18333333333334,4.025,967.575
2019-06-19 07:00:00,-23.516666666666666,37.36,261.06666666666666,4.666666666666667,967.025
2019-06-19 08:00:00,-22.895,34.516666666666666,195.96666666666667,3.1533333333333333,966.6266666666667
2019-06-19 09:00:00,-22.678333333333335,33.803333333333335,161.6,2.8,965.8950000000001
2019-06-19 10:00:00,-22.98,35.22666666666667,238.38333333333333,2.79,964.92
2019-06-19 11:00:00,-22.101666666666667,30.44,235.61666666666667,4.185,963.7716666666668
2019-06-19 12:00:00,-20.828333333333333,26.256666666666668,202.2,2.6116666666666664,962.9683333333334
2019-06-19 13:00:00,-20.741666666666667,27.334999999999997,146.35,9.368333333333334,961.7883333333334
2019-06-19 14:00:00,-19.055,22.25,155.95,28.203333333333333,960.1650000000001
2019-06-19 15:00:00,-19.046666666666667,22.608333333333334,158.71666666666667,27.51833333333333,959.2666666666667
2019-06-19 16:00:00,-19.358333333333334,24.05,163.56666666666666,24.82,958.505
2019-06-19 17:00:00,-19.233333333333334,23.095000000000002,163.86666666666667,25.545,957.6833333333333
2019-06-19 18:00:00,-19.09333333333333,22.823333333333334,164.4,25.986666666666668,956.6949999999999
2019-06-19 19:00:00,-19.226666666666667,23.666666666666668,164.75,24.84333333333333,955.8533333333332
2019-06-19 20:00:00,-19.44333333333333,24.17,165.06666666666666,23.076666666666664,955.1483333333333
2019-06-19 21:00:00,-20.265,26.111666666666668,167.3,20.083333333333332,954.3083333333333
2019-06-19 22:00:00,-20.458333333333332,25.958333333333332,169.4,19.55,953.3366666666666
2019-06-19 23:00:00,-20.775,25.709999999999997,169.48333333333332,18.65,952.4166666666666
2019-06-20 00:00:00,-21.36,26.523333333333333,171.0,18.605,951.7199999999999
2019-06-20 01:00:00,-21.41166666666667,26.14,171.71666666666667,19.62,950.8733333333333
2019-06-20 02:00:00,-21.993333333333332,26.506666666666668,174.7,20.58833333333333,950.0550000000001
2019-06-20 03:00:00,-21.898333333333333,25.401666666666664,175.23333333333332,20.841666666666665,949.035
2019-06-20 04:00:00,-21.623333333333335,24.615000000000002,174.91666666666666,21.455,948.2166666666667
2019-06-20 05:00:00,-21.848333333333336,24.201666666666664,176.65,20.351666666666667,947.395
2019-06-20 06:00:00,-22.09333333333333,23.086666666666666,176.96666666666667,20.126666666666665,946.8199999999999
2019-06-20 07:00:00,-22.903448275862072,24.874137931034483,173.31666666666666,19.79310344827586,946.0258620689655
2019-06-20 08:00:00,-22.98166666666667,24.986666666666668,180.56666666666666,19.634999999999998,945.485
2019-06-20 09:00:00,-23.015,25.03666666666667,177.15,16.28666666666667,945.0733333333334
2019-06-20 10:00:00,-22.858333333333334,25.278333333333332,182.38333333333333,14.81,944.5966666666667
2019-06-20 11:00:00,-22.945,26.505,182.11666666666667,13.22,944.0333333333333
2019-06-20 12:00:00,-21.720000000000002,22.051666666666666,184.96666666666667,5.825,943.7800000000001
2019-06-20 13:00:00,-23.041666666666668,25.013333333333332,173.45,10.42,943.15
2019-06-20 14:00:00,-22.313333333333333,22.40666666666667,181.91666666666666,5.791666666666667,942.64
2019-06-20 15:00:00,-25.16166666666667,27.35,130.3,2.2133333333333334,942.2033333333333
2019-06-20 16:00:00,-25.638333333333332,29.09333333333333,103.03333333333333,3.4983333333333335,941.8533333333332
2019-06-20 17:00:00,-27.941666666666666,34.67166666666667,88.06666666666666,3.51,941.765
2019-06-20 18:00:00,-29.935,41.76833333333333,93.76666666666667,4.16,941.715
2019-06-20 19:00:00,-31.721666666666668,41.335,125.15,4.005,941.5416666666666
2019-06-20 20:00:00,-32.403333333333336,39.64666666666667,136.08333333333334,3.7516666666666665,941.4333333333333
2019-06-20 21:00:00,-33.92666666666666,40.43833333333334,68.55,8.17,941.4633333333334
2019-06-20 22:00:00,-34.14833333333333,42.15,72.11666666666666,7.955,941.5833333333334
2019-06-20 23:00:00,-34.41,44.251666666666665,88.0,6.2683333333333335,941.4833333333333
2019-06-21 00:00:00,-33.98166666666667,44.225,109.43333333333334,6.323333333333333,941.425
2019-06-21 01:00:00,-33.895,44.330000000000005,99.65,7.010000000000001,941.8716666666666
2019-06-21 02:00:00,-34.096666666666664,44.35666666666667,64.73333333333333,9.058333333333334,942.1583333333333
2019-06-21 03:00:00,-35.251666666666665,46.608333333333334,63.81666666666667,12.59,942.7633333333334
2019-06-21 04:00:00,-35.21166666666667,45.99666666666667,66.2,11.536666666666667,943.5266666666666
2019-06-21 05:00:00,-34.894999999999996,45.86833333333333,35.13333333333333,9.648333333333333,944.4966666666667
2019-06-21 06:00:00,-34.419999999999995,43.475,59.8,7.071666666666667,945.5683333333333
2019-06-21 07:00:00,-33.95,42.82833333333333,74.66666666666667,7.135000000000001,946.9216666666667
2019-06-21 08:00:00,-33.90833333333333,48.388333333333335,86.35,9.29,948.2716666666668
2019-06-21 09:00:00,-33.70666666666666,50.766666666666666,78.91666666666667,7.876666666666667,949.9866666666666
2019-06-21 10:00:00,-33.16833333333333,50.305,71.06666666666666,10.386666666666667,951.0583333333333
2019-06-21 11:00:00,-33.09666666666667,50.480000000000004,58.916666666666664,8.068333333333333,952.1366666666667
2019-06-21 12:00:00,-32.85166666666667,50.348333333333336,83.55,4.761666666666667,953.74
2019-06-21 13:00:00,-33.165,50.894999999999996,41.61666666666667,5.1850000000000005,954.5016666666667
2019-06-21 14:00:00,-33.29833333333333,50.248333333333335,146.86666666666667,2.3633333333333337,955.49
2019-06-21 15:00:00,-33.11666666666667,49.94166666666667,166.16666666666666,3.4650000000000003,956.265
2019-06-21 16:00:00,-33.58,50.05166666666666,100.68333333333334,3.1766666666666667,956.765
2019-06-21 17:00:00,-33.66,50.385,230.88333333333333,4.025,957.3666666666667
2019-06-21 18:00:00,-32.54,48.50833333333333,263.0833333333333,4.148333333333333,957.865
2019-06-21 19:00:00,-31.051666666666666,41.498333333333335,155.73333333333332,4.083333333333333,958.1
2019-06-21 20:00:00,-29.821666666666665,35.358333333333334,133.03333333333333,7.881666666666666,958.5983333333334
2019-06-21 21:00:00,-28.59333333333333,31.266666666666666,131.26666666666668,6.996666666666667,959.325
2019-06-21 22:00:00,-27.78166666666667,29.175,149.45,7.081666666666666,959.7416666666667
2019-06-21 23:00:00,-27.75,29.533333333333335,168.11666666666667,5.29,960.4316666666667
2019-06-22 00:00:00,-27.638333333333332,30.240000000000002,161.33333333333334,8.153333333333332,961.0883333333334
2019-06-22 01:00:00,-27.37,30.198333333333334,167.66666666666666,8.514999999999999,961.3733333333333
2019-06-22 02:00:00,-26.925,32.71666666666667,155.78333333333333,10.683333333333334,961.6800000000001
2019-06-22 03:00:00,-26.084999999999997,37.998333333333335,149.8,12.736666666666668,961.7199999999999
2019-06-22 04:00:00,-25.741666666666667,43.265,153.26666666666668,12.503333333333334,961.8683333333333
2019-06-22 05:00:00,-25.118333333333332,46.615,142.28333333333333,10.32,962.0016666666667
2019-06-22 06:00:00,-26.81833333333333,50.13666666666666,83.1,5.596666666666667,962.9066666666666
2019-06-22 07:00:00,-26.216666666666665,51.47166666666667,93.88333333333334,8.323333333333332,963.5183333333333
2019-06-22 08:00:00,-25.328333333333333,50.651666666666664,95.16666666666667,11.183333333333334,964.235
2019-06-22 09:00:00,-24.735,51.30166666666666,111.15,10.546666666666665,964.6883333333334
2019-06-22 10:00:00,-25.491666666666667,52.86,118.76666666666667,7.496666666666667,965.3883333333334
2019-06-22 11:00:00,-26.223333333333336,53.401666666666664,153.15,2.4066666666666667,965.8583333333333
2019-06-22 12:00:00,-22.523333333333333,55.28,103.81666666666666,13.025,965.9766666666667
2019-06-22 13:00:00,-19.166666666666668,49.998333333333335,111.7,17.703333333333333,966.0166666666667
2019-06-22 14:00:00,-18.391666666666666,48.93666666666666,120.05,19.215,966.2416666666667
2019-06-22 15:00:00,-18.154999999999998,47.936666666666675,124.6,20.39333333333333,966.7216666666667
2019-06-22 16:00:00,-17.896666666666665,46.39,127.45,22.448333333333334,967.1650000000001
2019-06-22 17:00:00,-17.611666666666668,45.593333333333334,128.33333333333334,23.148333333333333,967.4033333333333
2019-06-22 18:00:00,-17.118333333333332,44.865,130.01666666666668,22.918333333333333,967.7133333333334
2019-06-22 19:00:00,-16.448333333333334,43.04833333333333,139.15,20.275,967.7983333333334
2019-06-22 20:00:00,-15.95,38.60333333333333,137.36666666666667,22.005,967.8266666666666
2019-06-22 21:00:00,-16.618333333333332,39.86833333333333,149.78333333333333,19.295,968.2
2019-06-22 22:00:00,-16.401666666666667,37.723333333333336,134.95,20.85,967.98
2019-06-22 23:00:00,-17.045,35.961666666666666,145.98333333333332,24.336666666666666,967.295
2019-06-23 00:00:00,-16.62333333333333,34.39666666666667,146.28333333333333,24.871666666666666,966.7566666666667
2019-06-23 01:00:00,-16.00166666666667,33.25333333333334,143.85,22.491666666666667,966.365
2019-06-23 02:00:00,-15.935,33.565000000000005,150.73333333333332,29.084999999999997,965.4566666666667
2019-06-23 03:00:00,-15.778333333333334,34.333333333333336,150.6,29.75,964.8716666666667
2019-06-23 04:00:00,-15.095,33.483333333333334,149.93333333333334,31.935,964.1633333333334
2019-06-23 05:00:00,-14.815,34.19833333333334,148.75,29.958333333333332,963.9016666666666
2019-06-23 06:00:00,-14.465,35.13666666666666,144.61666666666667,27.826666666666664,963.7116666666667
2019-06-23 07:00:00,-14.101666666666667,36.836666666666666,148.91666666666666,28.346666666666668,963.4483333333334
2019-06-23 08:00:00,-12.501666666666667,41.18833333333334,141.23333333333332,24.325,962.9583333333334
2019-06-23 09:00:00,-11.488888888888889,39.879629629629626,122.3,25.88148148148148,962.7074074074075
2019-06-23 10:00:00,-10.973684210526315,37.38157894736842,85.08333333333333,25.978947368421053,962.642105263158
2019-06-23 11:00:00,-10.783333333333333,37.71333333333334,135.76666666666668,25.81833333333333,962.39
2019-06-23 12:00:00,-10.491666666666667,38.11666666666667,136.11666666666667,27.60666666666667,961.81
2019-06-23 13:00:00,-10.136666666666667,38.93833333333334,133.46666666666667,30.083333333333332,960.74
2019-06-23 14:00:00,-9.661666666666665,37.931666666666665,131.26666666666668,35.18666666666666,959.355
2019-06-23 15:00:00,-9.5,38.73833333333334,129.61666666666667,36.96,959.125
2019-06-23 16:00:00,-9.43,40.36666666666667,131.91666666666666,38.35666666666667,958.85
2019-06-23 17:00:00,-9.138333333333332,38.21333333333334,121.23333333333333,29.171666666666667,958.7833333333333
2019-06-23 18:00:00,-9.176666666666668,39.29833333333333,123.0,30.84333333333333,958.9133333333334
2019-06-23 19:00:00,-9.305,42.92666666666666,124.81666666666666,30.38,958.7983333333334
2019-06-23 20:00:00,-9.264999999999999,44.06166666666666,123.68333333333334,28.516666666666666,958.9466666666667
2019-06-23 21:00:00,-8.835,41.251666666666665,122.46666666666667,32.01,958.645
2019-06-23 22:00:00,-8.086666666666666,37.92166666666667,126.76666666666667,39.905,958.135
2019-06-23 23:00:00,-7.56,36.8,125.76666666666667,39.843333333333334,957.885
2019-06-24 00:00:00,-7.64,40.434999999999995,114.7,33.39333333333333,958.0733333333334
2019-06-24 01:00:00,-7.205,38.18333333333333,125.83333333333333,37.89,957.5083333333333
2019-06-24 02:00:00,-6.95,38.07,123.66666666666667,35.56333333333334,957.3783333333333
2019-06-24 03:00:00,-6.965000000000001,38.08166666666667,120.11666666666666,32.14,957.505
2019-06-24 04:00:00,-6.923333333333334,34.38166666666667,125.68333333333334,34.93,956.8349999999999
2019-06-24 05:00:00,-6.826666666666667,31.191666666666666,124.81666666666666,34.00666666666667,956.8333333333334
2019-06-24 06:00:00,-6.631666666666667,30.686666666666667,126.86666666666666,35.01166666666666,956.2483333333333
2019-06-24 07:00:00,-6.78,33.013333333333335,131.15,32.943333333333335,955.8
2019-06-24 08:00:00,-6.526666666666667,32.04,125.33333333333333,31.785,955.5816666666667
2019-06-24 09:00:00,-6.845,33.79,119.66666666666667,30.641666666666666,955.6650000000001
2019-06-24 10:00:00,-7.1033333333333335,35.86,124.91666666666667,33.33,955.3
2019-06-24 11:00:00,-7.236666666666666,37.16166666666666,123.9,33.70666666666667,954.7233333333334
2019-06-24 12:00:00,-7.121666666666667,37.91,121.86666666666666,32.14833333333333,954.42
2019-06-24 13:00:00,-7.016666666666667,38.00666666666667,121.36666666666666,30.898333333333333,954.3816666666667
2019-06-24 14:00:00,-7.031666666666666,38.888333333333335,118.46666666666667,27.433333333333334,954.8166666666667
2019-06-24 15:00:00,-6.921666666666667,38.32,118.95,27.584999999999997,955.1083333333333
2019-06-24 16:00:00,-6.885000000000001,38.20666666666667,119.73333333333333,26.65666666666667,955.4233333333334
2019-06-24 17:00:00,-6.761666666666667,37.211666666666666,119.61666666666666,26.333333333333332,955.5366666666666
2019-06-24 18:00:00,-6.666666666666667,36.81666666666667,121.33333333333333,25.923333333333336,955.6466666666668
2019-06-24 19:00:00,-6.760000000000001,37.38,124.28333333333333,27.709999999999997,955.4033333333333
2019-06-24 20:00:00,-6.8533333333333335,37.09,124.08333333333333,29.025,954.89
2019-06-24 21:00:00,-6.968333333333334,37.95,124.75,32.02333333333333,954.0916666666667
2019-06-24 22:00:00,-6.986666666666666,37.96333333333334,122.31666666666666,31.73166666666667,953.8616666666666
2019-06-24 23:00:00,-6.921666666666667,38.02166666666667,121.55,32.01833333333334,954.275
2019-06-25 00:00:00,-7.015,39.48833333333334,120.66666666666667,28.043333333333333,954.9183333333333
2019-06-25 01:00:00,-7.005,39.40833333333333,127.4,28.961666666666666,955.4033333333333
2019-06-25 02:00:00,-7.108333333333333,40.675,129.4,30.098333333333336,955.2566666666667
2019-06-25 03:00:00,-7.013333333333334,41.63666666666666,131.45,30.376666666666665,955.0316666666666
2019-06-25 04:00:00,-6.878333333333333,41.51,131.66666666666666,30.33833333333333,955.1583333333333
2019-06-25 05:00:00,-6.803333333333333,42.54666666666667,125.86666666666666,30.53666666666667,955.0683333333333
2019-06-25 06:00:00,-6.951666666666667,48.04,124.91666666666667,31.736666666666668,955.0966666666667
2019-06-25 07:00:00,-7.253333333333333,52.943333333333335,122.75,29.425,955.5616666666667
2019-06-25 08:00:00,-7.66,62.855000000000004,124.98333333333333,31.291666666666668,955.965
2019-06-25 09:00:00,-7.913333333333333,69.925,120.5,27.346666666666668,956.9266666666666
2019-06-25 10:00:00,-8.376666666666667,78.26,118.01666666666667,25.58,957.4516666666666
2019-06-25 11:00:00,-8.228333333333333,71.24166666666666,118.66666666666667,28.891666666666666,958.1516666666666
2019-06-25 12:00:00,-8.071666666666667,63.736666666666665,119.68333333333334,29.208333333333332,959.2616666666667
2019-06-25 13:00:00,-8.07,57.46,117.4,24.993333333333332,960.2233333333334
2019-06-25 14:00:00,-8.013333333333334,50.166666666666664,118.03333333333333,24.82,960.935
2019-06-25 15:00:00,-8.014999999999999,48.55833333333333,118.88333333333334,24.65,961.1566666666666
2019-06-25 16:00:00,-8.13,48.05,115.61666666666666,22.740000000000002,961.59
2019-06-25 17:00:00,-8.098333333333333,47.07833333333333,119.38333333333334,21.058333333333334,961.7483333333333
2019-06-25 18:00:00,-7.989999999999999,44.269999999999996,117.18333333333334,22.888333333333332,961.9616666666666
2019-06-25 19:00:00,-8.03,42.63,112.56666666666666,19.061666666666667,962.45
2019-06-25 20:00:00,-8.256666666666666,40.27833333333333,111.58333333333333,21.171666666666667,962.6433333333333
2019-06-25 21:00:00,-8.546666666666665,38.75666666666667,111.53333333333333,18.278333333333332,962.9733333333334
2019-06-25 22:00:00,-9.421666666666665,40.715,106.15,15.815,963.2966666666666
2019-06-25 23:00:00,-9.488333333333333,38.96,113.03333333333333,16.98,963.0083333333333
2019-06-26 00:00:00,-9.638333333333332,36.086666666666666,116.28333333333333,20.458333333333332,963.0133333333334
2019-06-26 01:00:00,-9.513333333333332,35.09166666666667,115.06666666666666,19.296666666666667,963.095
2019-06-26 02:00:00,-9.56,35.28333333333333,106.88333333333334,20.33,963.3833333333333
2019-06-26 03:00:00,-9.938333333333333,35.03666666666666,105.05,19.720000000000002,963.7316666666667
2019-06-26 04:00:00,-10.025,35.75833333333333,103.48333333333333,18.795,963.5966666666667
2019-06-26 05:00:00,-10.165,36.59,105.33333333333333,16.378333333333334,963.3549999999999
2019-06-26 06:00:00,-10.055000000000001,34.75333333333333,98.66666666666667,16.396666666666665,963.41
2019-06-26 07:00:00,-10.173333333333334,32.63666666666667,102.21666666666667,16.419999999999998,963.5083333333333
2019-06-26 08:00:00,-10.615,34.515,105.31666666666666,16.621666666666666,963.3933333333333
2019-06-26 09:00:00,-10.683333333333334,33.415,100.58333333333333,19.01833333333333,963.2883333333334
2019-06-26 10:00:00,-10.711666666666666,32.38666666666667,102.38333333333334,16.386666666666667,963.6483333333333
2019-06-26 11:00:00,-10.915,34.06666666666667,112.75,15.17,963.5733333333334
2019-06-26 12:00:00,-10.991666666666667,35.81333333333334,106.9,15.593333333333334,963.5683333333333
2019-06-26 13:00:00,-11.125,35.235,121.55,14.501666666666667,963.0883333333334
2019-06-26 14:00:00,-11.4,33.39333333333333,120.63333333333334,16.683333333333334,962.9066666666666
2019-06-26 15:00:00,-11.835,35.72833333333333,142.83333333333334,17.4,962.8283333333333
2019-06-26 16:00:00,-11.639999999999999,34.265,135.9,15.911666666666667,962.565
2019-06-26 17:00:00,-11.556666666666667,34.67833333333333,137.68333333333334,18.44,962.2316666666667
2019-06-26 18:00:00,-11.365,33.92166666666667,151.75,22.863333333333333,961.86
2019-06-26 19:00:00,-11.754999999999999,31.321666666666665,151.03333333333333,23.77,961.7133333333334
2019-06-26 20:00:00,-11.78,29.136666666666667,152.85,24.678333333333335,961.465
2019-06-26 21:00:00,-12.229999999999999,29.34,170.53333333333333,22.85,961.1383333333334
2019-06-26 22:00:00,-12.741666666666667,30.525,172.71666666666667,22.903333333333332,960.9449999999999
2019-06-26 23:00:00,-13.736666666666668,32.01166666666667,171.03333333333333,20.055,960.8966666666666
2019-06-27 00:00:00,-14.531666666666666,32.361666666666665,172.66666666666666,20.44,960.515
2019-06-27 01:00:00,-14.908333333333333,32.211666666666666,175.38333333333333,19.884999999999998,960.3416666666667
2019-06-27 02:00:00,-15.243333333333334,32.405,176.6,16.175,960.2916666666666
2019-06-27 03:00:00,-14.951666666666666,32.79333333333333,205.5,4.801666666666667,960.8916666666667
2019-06-27 04:00:00,-15.341666666666667,34.169999999999995,174.4,2.3,960.6683333333333
2019-06-27 05:00:00,-16.581666666666667,38.098333333333336,239.96666666666667,5.751666666666667,960.3566666666667
2019-06-27 06:00:00,-17.061666666666664,42.22166666666667,265.68333333333334,3.4066666666666667,960.1866666666666
2019-06-27 07:00:00,-18.625,49.92166666666667,162.58333333333334,2.5,959.9083333333333
2019-06-27 08:00:00,-18.89,48.480000000000004,194.58333333333334,1.9233333333333333,959.4683333333334
2019-06-27 09:00:00,-18.27,40.01166666666666,169.98333333333332,8.23,958.95
2019-06-27 10:00:00,-19.073333333333334,47.525,146.7,1.85,958.63
2019-06-27 11:00:00,-18.395,46.84,243.41666666666666,1.6883333333333332,958.3199999999999
2019-06-27 12:00:00,-17.898333333333333,43.10333333333333,184.01666666666668,5.591666666666667,957.8783333333334
2019-06-27 13:00:00,-17.211666666666666,34.406666666666666,116.4,7.248333333333333,957.1650000000001
2019-06-27 14:00:00,-17.633333333333333,30.834999999999997,168.58333333333334,15.271666666666667,955.975
2019-06-27 15:00:00,-18.355,30.901666666666664,173.33333333333334,18.93,954.8816666666667
2019-06-27 16:00:00,-19.1,32.071666666666665,171.46666666666667,17.98166666666667,954.2683333333333
2019-06-27 17:00:00,-18.753333333333334,30.015,166.51666666666668,19.488333333333333,953.6916666666667
2019-06-27 18:00:00,-18.403333333333332,28.796666666666667,164.31666666666666,22.278333333333332,953.2333333333333
2019-06-27 19:00:00,-18.563333333333333,30.021666666666665,164.88333333333333,21.668333333333333,952.9033333333333
2019-06-27 20:00:00,-18.428333333333335,30.126666666666665,163.58333333333334,23.175,952.7066666666667
2019-06-27 21:00:00,-18.38,29.791666666666668,161.78333333333333,24.228333333333335,952.73
2019-06-27 22:00:00,-18.148333333333333,28.741666666666667,164.58333333333334,21.45,953.1416666666667
2019-06-27 23:00:00,-18.408333333333335,29.35,164.61666666666667,21.438333333333333,953.5949999999999
2019-06-28 00:00:00,-18.748333333333335,30.285,165.33333333333334,21.836666666666666,953.8583333333333
2019-06-28 01:00:00,-18.82,29.668333333333333,165.21666666666667,23.16,954.33
2019-06-28 02:00:00,-19.14333333333333,30.525,168.86666666666667,19.541666666666668,954.9733333333334
2019-06-28 03:00:00,-20.07,32.138333333333335,179.25,17.676666666666666,955.37
2019-06-28 04:00:00,-19.98166666666667,31.595000000000002,186.6,12.191666666666666,956.3050000000001
2019-06-28 05:00:00,-19.011666666666667,30.69,225.21666666666667,5.181666666666667,957.1433333333333
2019-06-28 06:00:00,-19.811666666666667,34.57833333333333,211.6,7.026666666666667,957.48
2019-06-28 07:00:00,-21.425,37.19833333333334,187.96666666666667,14.661666666666667,957.725
2019-06-28 08:00:00,-20.888333333333332,34.725,153.31666666666666,8.21,958.2666666666667
2019-06-28 09:00:00,-20.401666666666664,34.28666666666666,172.98333333333332,5.4350000000000005,958.7866666666666
2019-06-28 10:00:00,-21.148333333333333,37.585,168.55,3.19,959.41
2019-06-28 11:00:00,-23.196666666666665,43.455000000000005,180.56666666666666,2.4866666666666664,959.7083333333334
2019-06-28 12:00:00,-24.541666666666668,49.59666666666667,157.3,1.7083333333333333,960.065
2019-06-28 13:00:00,-22.69333333333333,42.30333333333333,165.8,2.355,960.6583333333333
2019-06-28 14:00:00,-23.688333333333333,44.74,125.55,2.9183333333333334,961.025
2019-06-28 15:00:00,-24.471666666666668,48.623333333333335,150.63333333333333,1.9233333333333333,961.5733333333334
2019-06-28 16:00:00,-23.958333333333332,46.556666666666665,172.11666666666667,2.835,961.925
2019-06-28 17:00:00,-21.305,35.62833333333333,154.11666666666667,9.453333333333335,962.105
2019-06-28 18:00:00,-25.545,49.294999999999995,121.63333333333334,3.0866666666666664,962.9016666666666
2019-06-28 19:00:00,-24.078333333333333,46.01166666666666,168.0,3.4650000000000003,962.7766666666666
2019-06-28 20:00:00,-22.076666666666664,37.40833333333333,172.58333333333334,3.8916666666666666,962.8966666666668
2019-06-28 21:00:00,-24.233333333333334,45.17333333333333,172.53333333333333,1.8900000000000001,963.3833333333333
2019-06-28 22:00:00,-18.671666666666667,30.986666666666668,151.36666666666667,20.073333333333334,963.425
2019-06-28 23:00:00,-17.288333333333334,32.26166666666667,149.51666666666668,21.428333333333335,964.0116666666667
2019-06-29 00:00:00,-16.611666666666668,33.17666666666666,147.06666666666666,19.078333333333333,964.7566666666667
2019-06-29 01:00:00,-16.635,35.04,133.1,14.388333333333332,965.375
2019-06-29 02:00:00,-17.295,37.30833333333333,136.66666666666666,13.975,965.9066666666666
2019-06-29 03:00:00,-17.3,34.31333333333334,135.81666666666666,14.758333333333333,966.7133333333333
2019-06-29 04:00:00,-17.38,32.184999999999995,140.2,17.311666666666667,967.4166666666666
2019-06-29 05:00:00,-17.1,29.105,146.0,19.32,967.925
2019-06-29 06:00:00,-16.886666666666667,27.565,148.51666666666668,19.915000000000003,968.4283333333333
2019-06-29 07:00:00,-17.04,28.488333333333333,150.58333333333334,21.91,968.6833333333333
2019-06-29 08:00:00,-17.136666666666667,30.413333333333334,143.5,19.078333333333333,969.2583333333333
2019-06-29 09:00:00,-16.916666666666668,30.461666666666666,142.78333333333333,21.326666666666664,969.5883333333334
2019-06-29 10:00:00,-16.53666666666667,32.42333333333333,135.13333333333333,20.525,969.7716666666668
2019-06-29 11:00:00,-15.43,30.311666666666667,130.55,21.633333333333333,969.8366666666666
2019-06-29 12:00:00,-15.180000000000001,31.641666666666666,127.0,21.136666666666667,969.8883333333332
2019-06-29 13:00:00,-14.455,29.208333333333332,123.91666666666667,20.52,969.8799999999999
2019-06-29 14:00:00,-13.495000000000001,26.884999999999998,122.35,20.09,969.5533333333333
2019-06-29 15:00:00,-13.323333333333332,27.166666666666668,126.8,20.261666666666667,969.3183333333333
2019-06-29 16:00:00,-13.296666666666665,27.45,121.0,21.586666666666666,969.2766666666666
2019-06-29 17:00:00,-13.518333333333334,30.111666666666668,129.26666666666668,17.878333333333334,969.1116666666668
2019-06-29 18:00:00,-13.456666666666667,30.27,125.95,18.168333333333333,969.1266666666667
2019-06-29 19:00:00,-13.405000000000001,30.334999999999997,121.53333333333333,21.598333333333336,968.7716666666668
2019-06-29 20:00:00,-13.120000000000001,30.221666666666668,128.96666666666667,23.045,967.975
2019-06-29 21:00:00,-12.703333333333335,30.44333333333333,135.73333333333332,21.326666666666664,967.2833333333333
2019-06-29 22:00:00,-12.32,31.291666666666668,131.8,20.154999999999998,966.88
2019-06-29 23:00:00,-12.043333333333333,35.3,131.4,19.64,966.3
2019-06-30 00:00:00,-12.098333333333333,46.60666666666667,130.48333333333332,20.573333333333334,965.9033333333333
2019-06-30 01:00:00,-12.848333333333333,70.07333333333332,130.88333333333333,24.033333333333335,965.225
2019-06-30 02:00:00,-13.161666666666665,78.11999999999999,129.58333333333334,24.378333333333334,965.1366666666667
2019-06-30 03:00:00,-13.0,79.805,130.58333333333334,27.591666666666665,964.8483333333334
2019-06-30 04:00:00,-12.828333333333335,81.11,130.43333333333334,29.695,964.5766666666666
2019-06-30 05:00:00,-12.696666666666665,82.405,128.01666666666668,27.93,964.77
2019-06-30 06:00:00,-12.493333333333334,83.45,129.0,29.428333333333335,964.9116666666666
2019-06-30 07:00:00,-12.535,84.03,128.53333333333333,28.445,965.185
2019-06-30 08:00:00,-12.441666666666666,83.98,128.25,27.13,965.56
2019-06-30 09:00:00,-12.45,83.80833333333334,122.55,22.971666666666668,965.9266666666666
2019-06-30 10:00:00,-12.856666666666666,83.63333333333334,89.23333333333333,22.485,966.9233333333334
2019-06-30 11:00:00,-13.743333333333334,82.83500000000001,91.15,23.83,967.3466666666666
2019-06-30 12:00:00,-13.808333333333334,82.83166666666666,101.23333333333333,22.295,967.08
2019-06-30 13:00:00,-13.74,82.92833333333333,105.31666666666666,23.34333333333333,967.0166666666667
2019-06-30 14:00:00,-13.961666666666668,82.625,107.41666666666667,23.03666666666667,967.0733333333334
2019-06-30 15:00:00,-14.148333333333333,82.375,111.41666666666667,21.98166666666667,967.0066666666667
2019-06-30 16:00:00,-14.201666666666666,82.14833333333333,110.51666666666667,21.196666666666665,967.4333333333333
2019-06-30 17:00:00,-14.268333333333334,81.77166666666668,106.33333333333333,19.748333333333335,967.9366666666666
2019-06-30 18:00:00,-14.221666666666666,79.86166666666666,109.48333333333333,18.398333333333333,968.0516666666666
2019-06-30 19:00:00,-14.153333333333332,77.555,108.45,18.558333333333334,968.15
2019-06-30 20:00:00,-14.063333333333333,76.26833333333335,110.91666666666667,17.39333333333333,968.2716666666668
2019-06-30 21:00:00,-13.979999999999999,71.35166666666667,110.0,17.238333333333333,968.5466666666667
2019-06-30 22:00:00,-13.983333333333333,67.22833333333332,108.03333333333333,17.316666666666666,968.5783333333334
2019-06-30 23:00:00,-13.796666666666665,65.44666666666667,115.96666666666667,17.183333333333334,968.6733333333334
2019-07-01 00:00:00,-13.586666666666666,63.765,120.95,18.84,968.6783333333334
2019-07-01 01:00:00,-13.556666666666667,64.01666666666667,119.1,17.098333333333336,968.7733333333333
2019-07-01 02:00:00,-13.781666666666666,64.985,114.23333333333333,16.138333333333332,968.7416666666667
2019-07-01 03:00:00,-13.785,63.888333333333335,121.2,17.043333333333333,968.4966666666667
2019-07-01 04:00:00,-13.868333333333334,64.79833333333333,115.56666666666666,16.703333333333333,968.3416666666667
2019-07-01 05:00:00,-13.835,64.835,113.2,15.611666666666668,968.2833333333333
2019-07-01 06:00:00,-13.896666666666667,64.81333333333333,109.85,15.556666666666667,968.37
2019-07-01 07:00:00,-14.110000000000001,63.29,108.73333333333333,14.520000000000001,968.4283333333333
2019-07-01 08:00:00,-14.288333333333332,62.08166666666667,117.88333333333334,11.620000000000001,968.6916666666667
2019-07-01 09:00:00,-14.573333333333332,62.595,114.98333333333333,9.636666666666667,968.77
2019-07-01 10:00:00,-14.004999999999999,53.788333333333334,125.78333333333333,14.506666666666666,968.525
2019-07-01 11:00:00,-14.165,54.655,123.96666666666667,12.688333333333333,968.59
2019-07-01 12:00:00,-14.444999999999999,56.515,119.1,10.495000000000001,968.7733333333333
2019-07-01 13:00:00,-13.898333333333333,55.42333333333333,122.03333333333333,10.496666666666666,968.9449999999999
2019-07-01 14:00:00,-13.805,53.225,149.16666666666666,14.365,968.74
2019-07-01 15:00:00,-13.575,52.123333333333335,146.51666666666668,13.795,968.6700000000001
2019-07-01 16:00:00,-13.706666666666667,46.486666666666665,153.55,14.406666666666666,968.4599999999999
2019-07-01 17:00:00,-14.495000000000001,47.531666666666666,107.63333333333334,3.2333333333333334,968.6633333333334
2019-07-01 18:00:00,-15.218333333333334,48.25666666666667,99.53333333333333,3.4716666666666667,968.7383333333333
2019-07-01 19:00:00,-14.386666666666667,42.155,138.51666666666668,7.826666666666667,968.385
2019-07-01 20:00:00,-16.15,50.281666666666666,169.7,3.271666666666667,968.625
2019-07-01 21:00:00,-17.646666666666665,56.265,166.68333333333334,2.893333333333333,968.9266666666666
2019-07-01 22:00:00,-15.923333333333334,47.37166666666667,180.11666666666667,5.633333333333334,968.985
2019-07-01 23:00:00,-15.815,43.445,144.88333333333333,8.588333333333333,969.125
2019-07-02 00:00:00,-13.921666666666665,36.406666666666666,163.51666666666668,20.279999999999998,968.7833333333333
2019-07-02 01:00:00,-14.196666666666665,37.075,163.46666666666667,17.916666666666668,968.8133333333333
2019-07-02 02:00:00,-14.593333333333334,37.735,176.3,24.383333333333333,968.995
2019-07-02 03:00:00,-13.613333333333333,40.47,166.9,26.02,968.8766666666667
2019-07-02 04:00:00,-13.405,43.041666666666664,159.36666666666667,28.315,968.7783333333333
2019-07-02 05:00:00,-13.673333333333334,52.43,155.08333333333334,26.845000000000002,968.9016666666666
2019-07-02 06:00:00,-13.443333333333333,62.39,154.1,24.15666666666667,969.2099999999999
2019-07-02 07:00:00,-13.381666666666666,54.175,153.0,24.836666666666666,969.5433333333333
2019-07-02 08:00:00,-13.016666666666667,61.32333333333334,154.31666666666666,24.266666666666666,969.5816666666667
2019-07-02 09:00:00,-12.648333333333333,67.085,141.3,23.486666666666668,969.5433333333333
2019-07-02 10:00:00,-12.7,70.99166666666666,142.93333333333334,24.221666666666668,968.9233333333334
2019-07-02 11:00:00,-12.995000000000001,54.794999999999995,159.11666666666667,27.291666666666668,968.4066666666666
2019-07-02 12:00:00,-12.375,54.71666666666667,152.06666666666666,25.05666666666667,967.715
2019-07-02 13:00:00,-11.338333333333333,47.931666666666665,131.9,19.678333333333335,967.425
2019-07-02 14:00:00,-12.021666666666667,57.50833333333333,156.01666666666668,25.538333333333334,965.7033333333333
2019-07-02 15:00:00,-11.338333333333333,67.20666666666666,142.51666666666668,27.471666666666668,964.8883333333334
2019-07-02 16:00:00,-11.438333333333333,77.71833333333333,132.33333333333334,30.961666666666666,964.2666666666667
2019-07-02 17:00:00,-11.138333333333332,76.40333333333334,130.45,33.596666666666664,963.4150000000001
2019-07-02 18:00:00,-11.04,76.61166666666666,127.98333333333333,30.39,962.8316666666667
2019-07-02 19:00:00,-10.845,81.01833333333335,127.93333333333334,35.72,961.9716666666667
2019-07-02 20:00:00,-10.53,84.73,129.45,37.115,961.3683333333333
2019-07-02 21:00:00,-10.401666666666667,85.98666666666666,133.23333333333332,42.40833333333333,959.9599999999999
2019-07-02 22:00:00,-10.003333333333334,86.7,134.81666666666666,44.38333333333333,958.9866666666666
2019-07-02 23:00:00,-9.738333333333333,86.4,133.73333333333332,44.08166666666667,958.7683333333333
2019-07-03 00:00:00,-9.608333333333333,87.08,131.83333333333334,44.67666666666666,958.1266666666667
2019-07-03 01:00:00,-9.368333333333334,87.51,129.98333333333332,42.10666666666667,957.8983333333333
2019-07-03 02:00:00,-9.09,86.96833333333333,127.6,40.486666666666665,958.1616666666666
2019-07-03 03:00:00,-8.951666666666666,86.63333333333334,125.65,37.580000000000005,957.94
2019-07-03 04:00:00,-9.055,87.26,127.55,38.365,956.965
2019-07-03 05:00:00,-8.878333333333334,86.92833333333333,120.96666666666667,32.75333333333334,957.3199999999999
2019-07-03 06:00:00,-8.636666666666665,84.9,120.13333333333334,34.68833333333334,957.1550000000001
2019-07-03 07:00:00,-8.725,86.36,117.25,30.436666666666667,957.3933333333333
2019-07-03 08:00:00,-8.578333333333335,87.11666666666666,119.86666666666666,32.99,956.8066666666667
2019-07-03 09:00:00,-8.448333333333334,88.45666666666666,117.98333333333333,30.083333333333332,956.3766666666667
2019-07-03 10:00:00,-8.313333333333334,87.84666666666666,121.65,38.22666666666667,955.7233333333334
2019-07-03 11:00:00,-8.298333333333334,86.16000000000001,120.1,35.2,956.3466666666667
2019-07-03 12:00:00,-8.598333333333333,87.38833333333334,116.71666666666667,29.953333333333333,956.6616666666666
2019-07-03 13:00:00,-8.625,87.01,117.63333333333334,30.515,956.4183333333333
2019-07-03 14:00:00,-8.451666666666666,86.56,120.5,33.595,955.9433333333333
2019-07-03 15:00:00,-8.593333333333334,85.34666666666666,120.91666666666667,36.985,955.8383333333333
2019-07-03 16:00:00,-8.783333333333333,86.13333333333334,120.33333333333333,35.2,955.7066666666667
2019-07-03 17:00:00,-8.883333333333333,85.18,119.98333333333333,35.43833333333334,955.67
2019-07-03 18:00:00,-8.97,82.70333333333333,119.71666666666667,35.36,955.7433333333333
2019-07-03 19:00:00,-9.610000000000001,86.065,124.7,34.12033898305084,955.6733333333334
2019-07-03 20:00:00,-9.566666666666666,85.87166666666667,127.53333333333333,39.36,955.34
2019-07-03 21:00:00,-9.681666666666667,86.35166666666667,126.25,36.75333333333333,955.2866666666666
2019-07-03 22:00:00,-9.729999999999999,84.695,124.91666666666667,36.36666666666667,955.2416666666667
2019-07-03 23:00:00,-9.846666666666666,84.68166666666666,117.2,31.736666666666668,955.3833333333333
2019-07-04 00:00:00,-10.173333333333334,85.07833333333333,116.85,28.81833333333333,955.5616666666666
2019-07-04 01:00:00,-10.206666666666667,82.8,120.16666666666667,30.395,956.1866666666666
2019-07-04 02:00:00,-10.541666666666666,84.70166666666667,118.3,25.938333333333333,956.9583333333334
2019-07-04 03:00:00,-10.91,85.24666666666667,115.61666666666666,24.011666666666667,957.5116666666667
2019-07-04 04:00:00,-11.1,85.11166666666666,113.48333333333333,23.441666666666666,958.4933333333333
2019-07-04 05:00:00,-11.146666666666667,84.49666666666667,111.05,22.496666666666666,959.4666666666667
2019-07-04 06:00:00,-11.208333333333334,82.555,108.93333333333334,22.488333333333333,960.3116666666666
2019-07-04 07:00:00,-11.266666666666667,81.53666666666666,98.11666666666666,24.853333333333335,960.8199999999999
2019-07-04 08:00:00,-11.291666666666666,79.27833333333334,95.55,27.10666666666667,961.985
2019-07-04 09:00:00,-11.75,80.98666666666666,87.28333333333333,24.93166666666667,963.31
2019-07-04 10:00:00,-12.081666666666667,81.43833333333333,86.56666666666666,22.801666666666666,964.7483333333333
2019-07-04 11:00:00,-12.641666666666667,83.44166666666666,84.08333333333333,21.05,966.2716666666668
2019-07-04 12:00:00,-12.675,80.07166666666667,96.98333333333333,19.88,967.7099999999999
2019-07-04 13:00:00,-12.898333333333333,81.41000000000001,107.75,16.725,969.475
2019-07-04 14:00:00,-12.945,81.01,108.38333333333334,18.28166666666667,970.5966666666667
2019-07-04 15:00:00,-12.889999999999999,79.88166666666666,113.2,18.62,971.6683333333333
2019-07-04 16:00:00,-12.706666666666667,76.00333333333333,109.56666666666666,18.711666666666666,972.91
2019-07-04 17:00:00,-12.748333333333333,77.23333333333333,110.65,17.896666666666665,973.7933333333333
2019-07-04 18:00:00,-12.738333333333333,77.05166666666668,108.18333333333334,17.6,974.9
2019-07-04 19:00:00,-12.623333333333333,73.35,112.03333333333333,16.221666666666668,975.8783333333333
2019-07-04 20:00:00,-12.346666666666668,70.02166666666668,121.56666666666666,14.708333333333334,976.6466666666668
2019-07-04 21:00:00,-12.068333333333333,67.95666666666666,121.96666666666667,16.255,976.9416666666667
2019-07-04 22:00:00,-11.788333333333332,65.91333333333334,122.91666666666667,14.501666666666667,977.6183333333333
2019-07-04 23:00:00,-11.783333333333333,66.38666666666667,129.38333333333333,16.296666666666667,977.8666666666667
2019-07-05 00:00:00,-11.951666666666666,66.24499999999999,128.3,17.455,978.2583333333333
2019-07-05 01:00:00,-11.896666666666668,61.93333333333333,130.83333333333334,15.743333333333334,978.5866666666667
2019-07-05 02:00:00,-11.621666666666668,59.705000000000005,131.56666666666666,19.266666666666666,978.7333333333333
2019-07-05 03:00:00,-11.32,58.57666666666667,140.23333333333332,18.725,978.81
2019-07-05 04:00:00,-11.421666666666665,60.181666666666665,140.81666666666666,18.163333333333334,979.0016666666667
2019-07-05 05:00:00,-11.231666666666666,58.251666666666665,132.26666666666668,17.245,979.275
2019-07-05 06:00:00,-11.385,58.07666666666667,140.56666666666666,18.288333333333334,979.485
2019-07-05 07:00:00,-11.275,55.6,133.28333333333333,16.683333333333334,979.885
2019-07-05 08:00:00,-11.28,54.30166666666666,133.91666666666666,17.21833333333333,980.0716666666667
2019-07-05 09:00:00,-11.493333333333334,55.99666666666667,124.78333333333333,17.023333333333333,980.16
2019-07-05 10:00:00,-11.621666666666666,58.86666666666667,129.61666666666667,17.118333333333332,980.3733333333333
2019-07-05 11:00:00,-11.6,58.62833333333333,127.16666666666667,19.608333333333334,980.63
2019-07-05 12:00:00,-11.551666666666668,60.065000000000005,128.01666666666668,16.725,980.995
2019-07-05 13:00:00,-11.671666666666665,61.794999999999995,128.55,16.4,980.935
2019-07-05 14:00:00,-11.398333333333333,54.983333333333334,129.06666666666666,16.803333333333335,980.7533333333334
2019-07-05 15:00:00,-11.593333333333334,54.440000000000005,129.2,16.518333333333334,980.9366666666666
2019-07-05 16:00:00,-11.946666666666665,55.651666666666664,130.68333333333334,16.726666666666667,980.9183333333333
2019-07-05 17:00:00,-12.066666666666666,54.181666666666665,132.08333333333334,16.42,980.93
2019-07-05 18:00:00,-12.126666666666667,53.05833333333333,130.61666666666667,16.186666666666667,981.0033333333333
2019-07-05 19:00:00,-12.168333333333333,53.255,123.76666666666667,19.65666666666667,981.1
2019-07-05 20:00:00,-12.076666666666666,50.855000000000004,129.21666666666667,16.58833333333333,981.2900000000001
2019-07-05 21:00:00,-12.413333333333332,52.47833333333333,115.75,17.404999999999998,981.5
2019-07-05 22:00:00,-12.69,52.875,121.25,18.188333333333333,981.4633333333334
2019-07-05 23:00:00,-12.821666666666667,49.52166666666667,126.25,16.448333333333334,981.4050000000001
2019-07-06 00:00:00,-12.918333333333333,47.711666666666666,111.8,16.12666666666667,981.19
2019-07-06 01:00:00,-12.781666666666666,42.94166666666667,116.2,15.968333333333334,981.0233333333333
2019-07-06 02:00:00,-12.786666666666667,39.748333333333335,126.7,16.58833333333333,980.6566666666666
2019-07-06 03:00:00,-13.108333333333333,38.87833333333333,117.1,17.065,980.5633333333334
2019-07-06 04:00:00,-13.241666666666667,36.49166666666667,119.1,17.675,980.2416666666667
2019-07-06 05:00:00,-13.613333333333333,37.15,123.0,17.311666666666667,979.9983333333333
2019-07-06 06:00:00,-13.526666666666667,35.66833333333333,125.8,17.928333333333335,979.5300000000001
2019-07-06 07:00:00,-13.618333333333334,35.11,119.38333333333334,13.786666666666667,979.325
2019-07-06 08:00:00,-14.261666666666667,37.748333333333335,150.28333333333333,19.111666666666668,978.8566666666667
2019-07-06 09:00:00,-14.235000000000001,35.913333333333334,152.73333333333332,21.471666666666668,978.3516666666667
2019-07-06 10:00:00,-14.561666666666667,36.156666666666666,155.4,24.253333333333334,977.7866666666666
2019-07-06 11:00:00,-14.879999999999999,37.675,156.35,25.03166666666667,977.5033333333333
2019-07-06 12:00:00,-14.803333333333335,35.93,159.81666666666666,22.485,977.0733333333334
2019-07-06 13:00:00,-15.156666666666666,36.23166666666667,163.73333333333332,20.465,976.5716666666667
2019-07-06 14:00:00,-15.461666666666668,37.068333333333335,165.83333333333334,20.561666666666667,976.0466666666667
2019-07-06 15:00:00,-15.508333333333333,36.1,166.75,19.28666666666667,975.6650000000001
2019-07-06 16:00:00,-14.906666666666666,34.555,145.08333333333334,14.833333333333334,975.6716666666667
2019-07-06 17:00:00,-14.788333333333332,32.925,151.23333333333332,17.808333333333334,975.2800000000001
2019-07-06 18:00:00,-14.961666666666668,32.615,154.21666666666667,15.1,975.1650000000001
2019-07-06 19:00:00,-15.28,33.781666666666666,154.5,16.758333333333333,974.7983333333334
2019-07-06 20:00:00,-15.578333333333335,36.975,145.58333333333334,20.078333333333333,974.215
2019-07-06 21:00:00,-15.471666666666666,37.468333333333334,146.38333333333333,21.958333333333332,973.7983333333334
2019-07-06 22:00:00,-15.663333333333332,37.031666666666666,158.83333333333334,21.328333333333333,973.6566666666666
2019-07-06 23:00:00,-15.441666666666666,34.835,163.66666666666666,19.723333333333336,973.1983333333334
2019-07-07 00:00:00,-15.981666666666666,36.11833333333333,167.8,17.748333333333335,972.45
2019-07-07 01:00:00,-16.121666666666666,35.115,169.98333333333332,16.835,971.735
2019-07-07 02:00:00,-16.551666666666666,35.75666666666667,170.83333333333334,16.696666666666665,970.9816666666667
2019-07-07 03:00:00,-16.11,33.690000000000005,161.66666666666666,19.57,970.3816666666667
2019-07-07 04:00:00,-15.281666666666666,30.134999999999998,155.46666666666667,17.978333333333335,970.0550000000001
2019-07-07 05:00:00,-15.74,30.826666666666664,142.23333333333332,12.05,970.0416666666666
2019-07-07 06:00:00,-18.14,41.68,121.61666666666666,16.055,970.7316666666667
2019-07-07 07:00:00,-18.62,40.306666666666665,113.93333333333334,8.455,971.1483333333333
2019-07-07 08:00:00,-18.988333333333333,38.538333333333334,112.88333333333334,11.135,971.1316666666667
2019-07-07 09:00:00,-19.404999999999998,38.044999999999995,137.93333333333334,15.3,971.1633333333334
2019-07-07 10:00:00,-19.32,36.19666666666667,121.23333333333333,14.711666666666668,971.1516666666666
2019-07-07 11:00:00,-20.023333333333333,46.92333333333333,125.55,23.333333333333332,971.4133333333334
2019-07-07 12:00:00,-20.421666666666667,40.59166666666667,132.33333333333334,16.203333333333333,971.2466666666667
2019-07-07 13:00:00,-20.045,42.29,132.15,24.206666666666667,971.255
2019-07-07 14:00:00,-19.941666666666666,50.41833333333333,124.38333333333334,25.945,971.08
2019-07-07 15:00:00,-19.88,51.49,126.25,26.915000000000003,971.0783333333334
2019-07-07 16:00:00,-19.703333333333333,44.865,125.56666666666666,25.259999999999998,970.7900000000001
2019-07-07 17:00:00,-19.413333333333334,41.265,126.26666666666667,25.918333333333333,970.5383333333334
2019-07-07 18:00:00,-19.291666666666668,45.91166666666666,121.15,26.706666666666667,970.0566666666667
2019-07-07 19:00:00,-19.46833333333333,53.78666666666666,124.2,25.528333333333332,969.5716666666667
2019-07-07 20:00:00,-19.466666666666665,60.906666666666666,126.83333333333333,28.445,969.3333333333334
2019-07-07 21:00:00,-19.391666666666666,61.00333333333333,129.88333333333333,31.178333333333335,968.9733333333334
2019-07-07 22:00:00,-18.875,54.20333333333333,132.25,32.31166666666667,968.4916666666667
2019-07-07 23:00:00,-18.240000000000002,67.88333333333334,131.93333333333334,31.058333333333334,968.5383333333334
2019-07-08 00:00:00,-17.778333333333332,77.03500000000001,132.3,30.916666666666668,968.66
2019-07-08 01:00:00,-17.201666666666664,77.74166666666666,134.33333333333334,33.38,968.6833333333333
2019-07-08 02:00:00,-16.638333333333332,76.83833333333334,133.5,32.663333333333334,969.5416666666666
2019-07-08 03:00:00,-15.855,63.965,131.58333333333334,30.776666666666664,970.1583333333333
2019-07-08 04:00:00,-15.236666666666668,50.17666666666666,135.96666666666667,29.708333333333332,970.6933333333333
2019-07-08 05:00:00,-15.073333333333332,52.275,138.13333333333333,29.225,971.2083333333334
2019-07-08 06:00:00,-14.718333333333334,48.51166666666666,140.46666666666667,32.99166666666667,971.4766666666667
2019-07-08 07:00:00,-14.768333333333334,49.513333333333335,136.81666666666666,33.40833333333333,972.4783333333332
2019-07-08 08:00:00,-14.843333333333334,60.50333333333333,148.88333333333333,33.87,973.5866666666666
2019-07-08 09:00:00,-14.435,46.33166666666667,145.6,37.26,973.1949999999999
2019-07-08 10:00:00,-14.168333333333333,44.30333333333333,142.71666666666667,37.440000000000005,973.5933333333334
2019-07-08 11:00:00,-14.301666666666668,49.55333333333333,137.8,33.065000000000005,974.5133333333334
2019-07-08 12:00:00,-14.351666666666667,56.71333333333334,135.85,32.88666666666667,975.2116666666667
2019-07-08 13:00:00,-14.360000000000001,54.36333333333334,138.1,33.85333333333333,975.92
2019-07-08 14:00:00,-14.575,52.46666666666667,137.75,33.303333333333335,976.5116666666667
2019-07-08 15:00:00,-14.611666666666666,58.74333333333333,136.36666666666667,30.456666666666667,977.3766666666667
2019-07-08 16:00:00,-13.764999999999999,46.394999999999996,136.71666666666667,30.456666666666667,978.005
2019-07-08 17:00:00,-13.253333333333334,44.69166666666667,135.48333333333332,31.03666666666667,978.215
2019-07-08 18:00:00,-13.135,47.88333333333333,135.26666666666668,27.73,978.935
2019-07-08 19:00:00,-12.5,47.0,130.95,29.565,978.26
2019-07-08 20:00:00,-12.163333333333332,45.788333333333334,134.51666666666668,30.46833333333333,978.045
2019-07-08 21:00:00,-11.69,43.92666666666666,133.96666666666667,31.696666666666665,977.545
2019-07-08 22:00:00,-11.56,42.38166666666667,132.8,34.775,977.3133333333333
2019-07-08 23:00:00,-11.583333333333334,43.52166666666667,132.11666666666667,33.373333333333335,977.3416666666667
2019-07-09 00:00:00,-11.491666666666667,46.71666666666667,131.43333333333334,33.49666666666666,977.17
2019-07-09 01:00:00,-11.594999999999999,50.62833333333333,130.58333333333334,27.648333333333333,977.4533333333333
2019-07-09 02:00:00,-11.54,52.78666666666666,128.11666666666667,25.833333333333332,977.5366666666666
2019-07-09 03:00:00,-11.608333333333333,56.876666666666665,126.86666666666666,25.458333333333332,977.7133333333334
2019-07-09 04:00:00,-11.813333333333334,63.16166666666666,126.06666666666666,24.48,977.9133333333333
2019-07-09 05:00:00,-12.055,73.975,117.5,21.676666666666666,978.3383333333334
2019-07-09 06:00:00,-12.358333333333333,83.02666666666667,112.68333333333334,23.46833333333333,978.815
2019-07-09 07:00:00,-12.518333333333334,82.1,110.41666666666667,23.878333333333334,979.2416666666667
2019-07-09 08:00:00,-12.293333333333333,71.095,107.83333333333333,23.706666666666667,979.2583333333333
2019-07-09 09:00:00,-12.158333333333333,60.80833333333333,107.06666666666666,22.836666666666666,979.5916666666667
2019-07-09 10:00:00,-12.19,58.74166666666667,108.03333333333333,21.10666666666667,980.2716666666668
2019-07-09 11:00:00,-12.069999999999999,53.43666666666666,110.76666666666667,23.25,980.31
2019-07-09 12:00:00,-12.223333333333333,52.97166666666667,108.98333333333333,22.778333333333332,980.9266666666666
2019-07-09 13:00:00,-12.375,53.788333333333334,110.5,20.765,981.2733333333333
2019-07-09 14:00:00,-12.516666666666667,52.873333333333335,111.8,21.545,981.5166666666667
2019-07-09 15:00:00,-12.321666666666665,49.815000000000005,107.26666666666667,18.96333333333333,981.9133333333334
2019-07-09 16:00:00,-12.35,52.405,104.16666666666667,19.225,982.3316666666667
2019-07-09 17:00:00,-12.343333333333334,57.59166666666667,109.81666666666666,16.56,982.3983333333333
2019-07-09 18:00:00,-12.111666666666668,56.32666666666667,110.81666666666666,15.703333333333335,982.635
2019-07-09 19:00:00,-11.843333333333334,48.345,110.13333333333334,17.895,982.2433333333333
2019-07-09 20:00:00,-11.431666666666667,37.21,112.73333333333333,15.44,981.8366666666666
2019-07-09 21:00:00,-11.368333333333334,35.55166666666666,106.43333333333334,15.555,981.5966666666667
2019-07-09 22:00:00,-11.348333333333333,36.68666666666666,101.9,14.553333333333335,981.4733333333334
2019-07-09 23:00:00,-11.461666666666668,39.975,112.36666666666666,13.25,981.0300000000001
2019-07-10 00:00:00,-11.466666666666667,41.07666666666667,127.91666666666667,12.993333333333334,980.51
2019-07-10 01:00:00,-11.978333333333333,39.95666666666667,147.9,16.093333333333334,979.9416666666667
2019-07-10 02:00:00,-13.266666666666667,46.086666666666666,212.61666666666667,6.201666666666667,979.8133333333334
2019-07-10 03:00:00,-12.675,33.553333333333335,119.58333333333333,11.416666666666666,979.2716666666668
2019-07-10 04:00:00,-13.181666666666667,35.225,129.51666666666668,9.781666666666666,978.9766666666667
2019-07-10 05:00:00,-13.768333333333334,37.49333333333333,119.56666666666666,6.9399999999999995,978.63
2019-07-10 06:00:00,-14.768333333333334,42.43333333333333,94.05,4.165,978.375
2019-07-10 07:00:00,-15.25,35.57,97.05,8.825,978.36
2019-07-10 08:00:00,-15.803333333333335,36.001666666666665,116.43333333333334,5.961666666666667,978.1183333333333
2019-07-10 09:00:00,-15.861666666666668,36.20166666666667,101.08333333333333,7.638333333333334,977.9416666666667
2019-07-10 10:00:00,-16.080000000000002,36.76833333333333,76.6,6.375,977.8366666666666
2019-07-10 11:00:00,-17.401666666666664,44.33833333333334,230.78333333333333,1.5616666666666668,977.89
2019-07-10 12:00:00,-17.365000000000002,45.555,127.05,5.073333333333333,977.595
2019-07-10 13:00:00,-16.135,38.59666666666667,101.91666666666667,11.353333333333333,977.55
2019-07-10 14:00:00,-16.361666666666668,39.75666666666667,87.86666666666666,7.59,977.5300000000001
2019-07-10 15:00:00,-17.111666666666668,45.044999999999995,204.65,2.3733333333333335,977.1866666666666
2019-07-10 16:00:00,-18.261666666666667,50.475,255.0,3.1783333333333332,976.635
2019-07-10 17:00:00,-18.315,47.20333333333333,124.58333333333333,3.6566666666666667,976.6816666666667
2019-07-10 18:00:00,-17.788333333333334,43.69166666666667,111.63333333333334,6.866666666666666,976.6
2019-07-10 19:00:00,-17.945,44.99333333333333,104.75,7.248333333333333,976.5833333333334
2019-07-10 20:00:00,-18.091666666666665,46.20166666666667,98.3,10.946666666666665,976.7583333333333
2019-07-10 21:00:00,-17.904999999999998,45.465,114.06666666666666,12.32,976.6966666666667
2019-07-10 22:00:00,-18.154999999999998,46.458333333333336,106.63333333333334,12.793333333333333,976.9699999999999
2019-07-10 23:00:00,-18.613333333333333,48.62,108.8,11.478333333333333,977.3083333333333
2019-07-11 00:00:00,-18.583333333333332,46.2,105.65,12.023333333333333,977.66
2019-07-11 01:00:00,-19.314999999999998,51.531666666666666,103.35,9.71,978.3233333333334
2019-07-11 02:00:00,-19.233333333333334,56.405,101.6,7.138333333333334,978.2366666666666
2019-07-11 03:00:00,-18.58,56.64,91.56666666666666,6.381666666666666,978.2183333333334
2019-07-11 04:00:00,-18.493333333333332,57.08833333333334,93.56666666666666,2.7416666666666667,978.34
2019-07-11 05:00:00,-18.235,57.715,103.86666666666666,5.781666666666666,978.6566666666666
2019-07-11 06:00:00,-17.886666666666667,56.19833333333334,103.88333333333334,8.035,978.8199999999999
2019-07-11 07:00:00,-17.406666666666663,52.825,113.21666666666667,9.271666666666667,978.6566666666666
2019-07-11 08:00:00,-17.16166666666667,49.166666666666664,106.38333333333334,9.488333333333333,978.9533333333334
2019-07-11 09:00:00,-16.906666666666666,43.75,116.26666666666667,11.226666666666667,979.26
2019-07-11 10:00:00,-17.17,41.235,121.63333333333334,14.148333333333333,979.2883333333334
2019-07-11 11:00:00,-16.863333333333333,38.255,119.16666666666667,14.548333333333334,979.455
2019-07-11 12:00:00,-16.633333333333333,35.65833333333333,120.03333333333333,15.639999999999999,979.615
2019-07-11 13:00:00,-16.488333333333333,34.125,120.55,14.646666666666667,979.5033333333333
2019-07-11 14:00:00,-16.43,32.940000000000005,128.28333333333333,17.13,979.37
2019-07-11 15:00:00,-16.558333333333334,32.92166666666667,122.6,14.336666666666668,979.385
2019-07-11 16:00:00,-16.668333333333333,33.62166666666666,117.68333333333334,12.196666666666665,979.2099999999999
2019-07-11 17:00:00,-16.093333333333334,32.931666666666665,127.16666666666667,14.673333333333334,979.0733333333334
2019-07-11 18:00:00,-15.51,30.78166666666667,132.13333333333333,15.661666666666667,978.9283333333333
2019-07-11 19:00:00,-14.953333333333335,29.108333333333334,126.81666666666666,16.671666666666667,978.9283333333333
2019-07-11 20:00:00,-14.97,30.616666666666667,137.25,16.985,978.765
2019-07-11 21:00:00,-14.566666666666666,28.125,113.6,13.604999999999999,978.99
2019-07-11 22:00:00,-14.338333333333335,27.915000000000003,107.46666666666667,10.935,979.0933333333334
2019-07-11 23:00:00,-14.253333333333334,29.845000000000002,119.48333333333333,6.876666666666667,978.8683333333333
2019-07-12 00:00:00,-13.778333333333334,31.051666666666666,176.16666666666666,7.026666666666667,978.81
2019-07-12 01:00:00,-15.978333333333333,44.473333333333336,210.05,2.6533333333333333,979.0533333333333
2019-07-12 02:00:00,-14.035,34.31666666666667,160.48333333333332,5.7316666666666665,978.8433333333334
2019-07-12 03:00:00,-14.638333333333332,39.998333333333335,180.0,5.818333333333333,979.0783333333334
2019-07-12 04:00:00,-15.095,43.44166666666667,184.23333333333332,9.578333333333335,978.8666666666667
2019-07-12 05:00:00,-15.395000000000001,46.958333333333336,161.2,6.586666666666667,978.8866666666667
2019-07-12 06:00:00,-16.966666666666665,56.434999999999995,83.25,1.8083333333333333,979.2633333333332
2019-07-12 07:00:00,-17.525,60.70166666666667,91.78333333333333,1.4566666666666668,979.5366666666666
2019-07-12 08:00:00,-17.540000000000003,61.583333333333336,167.78333333333333,1.1866666666666668,979.8549999999999
2019-07-12 09:00:00,-17.321666666666665,60.559999999999995,119.1,3.2066666666666666,980.0666666666667
2019-07-12 10:00:00,-17.828333333333333,60.985,172.86666666666667,1.0933333333333333,980.245
2019-07-12 11:00:00,-17.668333333333333,59.388333333333335,167.66666666666666,2.4366666666666665,980.5416666666666
2019-07-12 12:00:00,-16.858333333333334,51.025,174.38333333333333,10.25,980.6883333333334
2019-07-12 13:00:00,-17.111666666666668,47.66,179.03333333333333,12.583333333333334,980.9033333333333
2019-07-12 14:00:00,-16.331666666666667,40.03,170.61666666666667,13.805,980.9883333333333
2019-07-12 15:00:00,-15.358333333333333,36.32166666666667,164.16666666666666,8.276666666666667,981.1933333333333
2019-07-12 16:00:00,-16.621666666666666,48.848333333333336,166.06666666666666,3.246666666666667,981.56
2019-07-12 17:00:00,-16.37333333333333,45.755,118.08333333333333,3.5349999999999997,981.4966666666667
2019-07-12 18:00:00,-14.801666666666668,35.10333333333333,133.45,7.331666666666666,981.4083333333333
2019-07-12 19:00:00,-14.848333333333333,36.498333333333335,162.66666666666666,12.745000000000001,981.255
2019-07-12 20:00:00,-14.488333333333333,35.919999999999995,165.48333333333332,14.431666666666667,981.325
2019-07-12 21:00:00,-14.68,38.394999999999996,169.38333333333333,13.101666666666667,981.3033333333333
2019-07-12 22:00:00,-14.618333333333334,38.638333333333335,145.06666666666666,3.3800000000000003,981.7983333333334
2019-07-12 23:00:00,-16.173333333333332,47.611666666666665,230.5,3.9099999999999997,982.1166666666667
2019-07-13 00:00:00,-17.668333333333333,54.358333333333334,240.63333333333333,2.865,982.4766666666667
2019-07-13 01:00:00,-18.288333333333334,55.998333333333335,269.75,3.0566666666666666,982.8
2019-07-13 02:00:00,-18.325,54.625,237.08333333333334,1.475,982.6566666666666
2019-07-13 03:00:00,-18.613333333333333,54.855000000000004,177.18333333333334,1.5166666666666666,982.425
2019-07-13 04:00:00,-19.055,53.95666666666667,185.4,2.8400000000000003,982.25
2019-07-13 05:00:00,-19.761666666666667,55.32833333333333,268.96666666666664,1.8533333333333333,982.43
2019-07-13 06:00:00,-20.08,55.684999999999995,230.66666666666666,3.19,982.6466666666668
2019-07-13 07:00:00,-20.168333333333333,57.055,205.01666666666668,4.7733333333333325,982.605
2019-07-13 08:00:00,-20.111666666666668,56.830000000000005,177.65,1.8866666666666667,982.9016666666666
2019-07-13 09:00:00,-19.663333333333334,55.53666666666666,220.16666666666666,1.87,982.7583333333333
2019-07-13 10:00:00,-19.928333333333335,55.42666666666666,245.36666666666667,1.7583333333333333,982.81
2019-07-13 11:00:00,-19.751666666666665,54.19166666666667,251.21666666666667,3.871666666666667,982.8466666666666
2019-07-13 12:00:00,-19.82,54.655,171.85,1.8383333333333334,983.0916666666667
2019-07-13 13:00:00,-19.64333333333333,55.515,250.13333333333333,1.805,983.315
2019-07-13 14:00:00,-19.216666666666665,53.269999999999996,281.18333333333334,5.526666666666667,983.3783333333333
2019-07-13 15:00:00,-19.186666666666667,49.776666666666664,277.6666666666667,6.703333333333333,983.5
2019-07-13 16:00:00,-19.28666666666667,47.615,274.3,5.11,983.3349999999999
2019-07-13 17:00:00,-18.078333333333333,43.026666666666664,249.83333333333334,6.321666666666667,983.0400000000001
2019-07-13 18:00:00,-17.529999999999998,40.275,169.03333333333333,5.6883333333333335,982.7783333333333
2019-07-13 19:00:00,-21.081666666666667,55.83166666666667,99.91666666666667,2.4366666666666665,983.0266666666666
2019-07-13 20:00:00,-20.341666666666665,53.575,207.35,1.585,983.1450000000001
2019-07-13 21:00:00,-20.908333333333335,53.666666666666664,272.5833333333333,3.415,983.465
2019-07-13 22:00:00,-20.038333333333334,51.99333333333333,178.61666666666667,2.8516666666666666,983.3416666666667
2019-07-13 23:00:00,-21.18,54.39333333333333,190.43333333333334,1.8283333333333334,983.3349999999999
2019-07-14 00:00:00,-20.621666666666666,54.01833333333333,212.95,1.2033333333333334,983.3050000000001
2019-07-14 01:00:00,-20.928333333333335,54.06666666666667,225.9,1.9483333333333335,983.2900000000001
2019-07-14 02:00:00,-22.74833333333333,58.843333333333334,266.9,4.03,983.1816666666667
2019-07-14 03:00:00,-22.448333333333334,57.041666666666664,164.75,2.46,983.075
2019-07-14 04:00:00,-21.895,55.27166666666667,167.68333333333334,1.845,983.1
2019-07-14 05:00:00,-21.946666666666665,53.89666666666667,225.86666666666667,3.3433333333333333,982.965
2019-07-14 06:00:00,-23.02,56.32333333333334,140.2,2.933333333333333,982.9916666666667
2019-07-14 07:00:00,-23.891666666666666,59.39333333333333,117.11666666666666,3.0,983.205
2019-07-14 08:00:00,-24.086666666666666,60.33166666666667,185.06666666666666,2.2583333333333333,983.3266666666666
2019-07-14 09:00:00,-23.313333333333333,57.51,122.81666666666666,1.7516666666666665,983.63
2019-07-14 10:00:00,-22.404999999999998,54.373333333333335,198.45,5.816666666666666,983.3533333333332
2019-07-14 11:00:00,-23.663333333333334,55.775,186.5,3.6083333333333334,983.5333333333333
2019-07-14 12:00:00,-22.87,50.361666666666665,199.31666666666666,4.038333333333333,983.4433333333333
2019-07-14 13:00:00,-23.558333333333334,53.205000000000005,141.86666666666667,6.126666666666667,983.8433333333334
2019-07-14 14:00:00,-21.85,43.230000000000004,253.33333333333334,5.276666666666667,983.1866666666666
2019-07-14 15:00:00,-22.523333333333333,41.59,248.51666666666668,7.693333333333333,982.5983333333334
2019-07-14 16:00:00,-23.513333333333332,44.835,125.6,5.53,982.8766666666667
2019-07-14 17:00:00,-22.873333333333335,41.123333333333335,126.71666666666667,2.3366666666666664,982.7333333333333
2019-07-14 18:00:00,-22.668333333333333,38.89333333333333,147.06666666666666,3.5866666666666664,982.2900000000001
2019-07-14 19:00:00,-22.613333333333333,39.235,129.88333333333333,8.453333333333333,982.17
2019-07-14 20:00:00,-22.026666666666664,36.75666666666667,121.11666666666666,10.264999999999999,981.8549999999999
2019-07-14 21:00:00,-22.216666666666665,37.586666666666666,132.76666666666668,11.528333333333334,981.735
2019-07-14 22:00:00,-22.259999999999998,37.40333333333333,140.46666666666667,13.94,981.3133333333333
2019-07-14 23:00:00,-22.09333333333333,34.71333333333334,145.91666666666666,16.301666666666666,981.0
2019-07-15 00:00:00,-22.334999999999997,36.73833333333334,132.91666666666666,14.716666666666667,980.6783333333334
2019-07-15 01:00:00,-22.25,36.34,117.4,14.055,980.485
2019-07-15 02:00:00,-22.618333333333332,38.730000000000004,136.88333333333333,15.35,980.2216666666667
2019-07-15 03:00:00,-22.783333333333335,38.294999999999995,152.61666666666667,18.978333333333335,979.8916666666667
2019-07-15 04:00:00,-22.709999999999997,39.098333333333336,151.26666666666668,19.638333333333332,979.5566666666667
2019-07-15 05:00:00,-22.295,38.266666666666666,153.25,18.636666666666667,979.1966666666667
2019-07-15 06:00:00,-21.418333333333333,34.309999999999995,152.83333333333334,19.228333333333335,978.5849999999999
2019-07-15 07:00:00,-20.98166666666667,29.833333333333332,132.78333333333333,15.153333333333334,979.0066666666667
2019-07-15 08:00:00,-21.1,28.56833333333333,140.75,15.298333333333334,979.295
2019-07-15 09:00:00,-21.208333333333332,27.82,148.36666666666667,14.911666666666667,979.1166666666667
2019-07-15 10:00:00,-20.703333333333333,27.503333333333334,131.45,15.629999999999999,979.1550000000001
2019-07-15 11:00:00,-20.251666666666665,24.875,108.46666666666667,14.451666666666666,979.2683333333333
2019-07-15 12:00:00,-20.516666666666666,25.211666666666666,104.6,13.083333333333334,979.4599999999999
2019-07-15 13:00:00,-20.515,25.220000000000002,96.0,11.088333333333333,979.5016666666667
2019-07-15 14:00:00,-20.87333333333333,26.816666666666666,102.43333333333334,9.538333333333332,979.59
2019-07-15 15:00:00,-21.616666666666667,29.259999999999998,113.0,7.363333333333333,979.4333333333333
2019-07-15 16:00:00,-21.533333333333335,27.39,130.53333333333333,8.616666666666667,979.35
2019-07-15 17:00:00,-21.433333333333334,27.041666666666668,172.38333333333333,6.165,979.3116666666666
2019-07-15 18:00:00,-23.021666666666665,33.608333333333334,258.1666666666667,1.55,979.7466666666667
2019-07-15 19:00:00,-23.795,36.336666666666666,146.48333333333332,1.3733333333333335,979.7900000000001
2019-07-15 20:00:00,-23.011666666666667,32.14333333333333,164.81666666666666,4.466666666666667,979.4616666666666
2019-07-15 21:00:00,-23.55666666666667,32.68666666666667,125.4,5.881666666666666,979.4050000000001
2019-07-15 22:00:00,-26.185,44.09,206.81666666666666,1.9483333333333335,979.545
2019-07-15 23:00:00,-24.551666666666666,36.016666666666666,165.6,2.933333333333333,979.5849999999999
2019-07-16 00:00:00,-25.31833333333333,38.586666666666666,164.6,2.5716666666666668,979.5216666666668
2019-07-16 01:00:00,-26.16923076923077,42.07179487179487,126.06666666666666,2.169230769230769,979.5794871794872
2019-07-16 02:00:00,-26.3875,41.28125,87.26666666666667,2.0187500000000003,979.7333333333332
2019-07-16 03:00:00,-25.9,38.71666666666667,148.05,6.206666666666666,979.8466666666667
2019-07-16 04:00:00,-25.073333333333334,35.28,169.96666666666667,4.711666666666667,979.7066666666667
2019-07-16 05:00:00,-25.198333333333334,35.723333333333336,184.73333333333332,2.0266666666666664,979.8199999999999
2019-07-16 06:00:00,-26.933333333333334,40.63333333333333,191.03333333333333,2.915,979.76
2019-07-16 07:00:00,-26.851666666666667,40.8,203.55,3.46,979.6800000000001
2019-07-16 08:00:00,-26.94333333333333,40.86833333333333,178.58333333333334,1.53,980.0583333333333
2019-07-16 09:00:00,-25.748333333333335,37.35333333333333,274.78333333333336,3.43,979.9616666666666
2019-07-16 10:00:00,-26.453333333333333,38.02333333333333,113.53333333333333,1.575,979.8983333333333
2019-07-16 11:00:00,-27.841666666666665,43.04,150.33333333333334,2.165,980.265
2019-07-16 12:00:00,-27.290000000000003,42.32,246.08333333333334,1.7033333333333334,980.3633333333332
2019-07-16 13:00:00,-27.21333333333333,41.980000000000004,201.11666666666667,1.675,980.275
2019-07-16 14:00:00,-27.235,40.99,159.75,1.1083333333333334,980.34
2019-07-16 15:00:00,-27.065,40.285,119.05,2.885,980.5066666666667
2019-07-16 16:00:00,-26.64,37.47666666666667,135.61666666666667,3.615,980.72
2019-07-16 17:00:00,-24.613333333333333,29.540000000000003,167.73333333333332,7.573333333333333,980.4583333333334
2019-07-16 18:00:00,-24.266666666666666,28.8,154.61666666666667,3.966666666666667,980.3416666666667
2019-07-16 19:00:00,-25.458333333333332,32.79666666666667,199.15,3.25,980.3733333333333
2019-07-16 20:00:00,-25.425,32.6,246.3,2.5166666666666666,980.4183333333333
2019-07-16 21:00:00,-26.158333333333335,34.093333333333334,136.36666666666667,3.3316666666666666,980.8716666666667
2019-07-16 22:00:00,-28.205,39.96333333333334,184.26666666666668,1.345,980.95
2019-07-16 23:00:00,-26.301666666666666,34.635,169.3,3.4983333333333335,980.6633333333334
2019-07-17 00:00:00,-26.166666666666668,33.93833333333333,178.36666666666667,7.0216666666666665,980.6333333333333
2019-07-17 01:00:00,-26.341666666666665,33.605,172.46666666666667,5.668333333333334,980.7066666666667
2019-07-17 02:00:00,-27.52,36.309999999999995,126.63333333333334,3.4516666666666667,980.65
2019-07-17 03:00:00,-26.39333333333333,34.223333333333336,192.05,6.266666666666667,980.2833333333333
2019-07-17 04:00:00,-26.756666666666668,34.473333333333336,211.5,3.231666666666667,980.2
2019-07-17 05:00:00,-26.279999999999998,32.84,184.8,10.963333333333333,979.5933333333334
2019-07-17 06:00:00,-26.215,32.608333333333334,143.73333333333332,3.046666666666667,979.685
2019-07-17 07:00:00,-25.515,31.185,155.8,3.385,979.6266666666667
2019-07-17 08:00:00,-28.53666666666667,38.52166666666667,186.73333333333332,2.19,979.6316666666667
2019-07-17 09:00:00,-28.348333333333336,39.45,180.26666666666668,1.4966666666666666,979.4766666666667
2019-07-17 10:00:00,-26.493333333333332,35.50666666666667,213.6,3.253333333333333,979.195
2019-07-17 11:00:00,-27.295,34.95166666666667,169.63333333333333,2.671666666666667,979.205
2019-07-17 12:00:00,-28.638333333333332,39.70166666666667,119.11666666666666,3.2849999999999997,979.2733333333333
2019-07-17 13:00:00,-27.69,36.72,112.95,1.8900000000000001,979.3683333333333
2019-07-17 14:00:00,-26.30666666666667,32.718333333333334,167.3,6.026666666666667,978.8199999999999
2019-07-17 15:00:00,-26.221666666666668,31.341666666666665,182.63333333333333,11.715,978.25
2019-07-17 16:00:00,-25.52,30.21833333333333,180.68333333333334,4.841666666666667,978.2483333333333
2019-07-17 17:00:00,-25.341666666666665,29.785,153.91666666666666,3.4116666666666666,977.9183333333333
2019-07-17 18:00:00,-27.865000000000002,34.785,130.83333333333334,2.9066666666666667,977.7766666666666
2019-07-17 19:00:00,-27.753333333333334,36.144999999999996,156.21666666666667,3.0683333333333334,977.525
2019-07-17 20:00:00,-28.265,37.193333333333335,115.9,1.5783333333333334,977.11
2019-07-17 21:00:00,-27.395,36.165,181.7,1.6516666666666666,976.8983333333333
2019-07-17 22:00:00,-26.261666666666667,32.705,155.78333333333333,2.425,976.2233333333334
2019-07-17 23:00:00,-27.971666666666668,37.04333333333333,161.05,1.8333333333333333,975.8933333333333
2019-07-18 00:00:00,-26.701666666666664,33.75,124.68333333333334,4.123333333333333,975.685
2019-07-18 01:00:00,-25.396666666666665,30.208333333333332,117.85,3.341666666666667,975.2916666666666
2019-07-18 02:00:00,-22.043333333333333,25.458333333333332,161.38333333333333,15.273333333333333,974.1016666666667
2019-07-18 03:00:00,-25.15666666666667,30.936666666666667,109.6,8.245,973.83
2019-07-18 04:00:00,-21.381666666666668,29.006666666666668,122.38333333333334,10.298333333333334,973.325
2019-07-18 05:00:00,-20.834999999999997,29.66,138.7,17.031666666666666,972.5816666666667
2019-07-18 06:00:00,-19.166666666666668,29.41166666666667,163.33333333333334,23.48,971.73
2019-07-18 07:00:00,-18.283333333333335,30.375,160.43333333333334,25.52,971.44
2019-07-18 08:00:00,-18.17,33.095,159.13333333333333,25.803333333333335,971.2833333333333
2019-07-18 09:00:00,-17.990000000000002,33.54666666666667,158.2,24.285,971.1066666666667
2019-07-18 10:00:00,-17.243333333333332,32.538333333333334,147.4,22.451666666666664,971.0666666666667
2019-07-18 11:00:00,-17.71833333333333,33.915,161.01666666666668,23.523333333333333,971.0033333333333
2019-07-18 12:00:00,-17.988333333333333,33.345,166.56666666666666,20.220000000000002,970.9033333333333
2019-07-18 13:00:00,-18.55,32.665,167.13333333333333,21.076666666666664,970.8199999999999
2019-07-18 14:00:00,-18.778333333333332,31.653333333333332,168.21666666666667,20.765,970.825
2019-07-18 15:00:00,-19.215,30.996666666666666,169.81666666666666,20.75,970.395
2019-07-18 16:00:00,-19.516666666666666,30.56833333333333,170.55,22.168333333333333,969.8833333333333
2019-07-18 17:00:00,-19.358333333333334,30.428333333333335,174.0,23.241666666666667,970.24
2019-07-18 18:00:00,-18.93166666666667,29.94333333333333,173.9,21.598333333333336,970.2283333333332
2019-07-18 19:00:00,-18.884999999999998,28.773333333333333,175.35,22.091666666666665,970.105
2019-07-18 20:00:00,-18.94333333333333,27.488333333333333,176.35,21.495,969.7933333333333
2019-07-18 21:00:00,-18.96833333333333,26.790000000000003,174.83333333333334,22.615000000000002,969.6550000000001
2019-07-18 22:00:00,-18.315,25.953333333333333,174.98333333333332,21.815,969.58
2019-07-18 23:00:00,-18.701666666666664,27.133333333333333,175.2,21.495,969.55
2019-07-19 00:00:00,-19.121666666666666,29.765,142.45,7.955,970.4083333333333
2019-07-19 01:00:00,-18.613333333333333,27.581666666666667,149.06666666666666,11.368333333333334,970.23
2019-07-19 02:00:00,-19.631666666666668,31.225,160.15,6.0616666666666665,970.2583333333333
2019-07-19 03:00:00,-19.323333333333334,30.7,114.33333333333333,4.958333333333333,970.075
2019-07-19 04:00:00,-19.026666666666664,31.216666666666665,134.61666666666667,5.503333333333333,969.8016666666666
2019-07-19 05:00:00,-19.25,32.855,179.41666666666666,7.3983333333333325,969.615
2019-07-19 06:00:00,-20.386666666666667,34.20666666666667,161.98333333333332,8.641666666666667,969.58
2019-07-19 07:00:00,-20.121666666666666,33.681666666666665,176.25,8.848333333333333,969.6033333333332
2019-07-19 08:00:00,-18.966666666666665,29.346666666666668,163.16666666666666,11.016666666666667,969.5533333333333
2019-07-19 09:00:00,-19.453333333333333,29.236666666666668,156.5,8.014999999999999,969.655
2019-07-19 10:00:00,-18.785,26.721666666666668,158.58333333333334,14.343333333333334,969.6966666666667
2019-07-19 11:00:00,-17.776666666666664,24.435,155.36666666666667,18.95,969.525
2019-07-19 12:00:00,-17.743333333333332,23.955,153.88333333333333,17.153333333333332,969.3033333333333
2019-07-19 13:00:00,-17.384999999999998,22.796666666666667,147.43333333333334,16.798333333333332,969.3516666666667
2019-07-19 14:00:00,-17.788333333333334,22.93166666666667,153.91666666666666,17.053333333333335,969.51
2019-07-19 15:00:00,-17.848333333333336,23.355,152.85,19.628333333333334,969.56
2019-07-19 16:00:00,-18.18,24.195,159.08333333333334,17.466666666666665,969.9033333333333
2019-07-19 17:00:00,-18.73,26.506666666666668,161.63333333333333,10.831666666666667,970.2316666666667
2019-07-19 18:00:00,-20.191666666666666,28.645,221.93333333333334,2.21,970.6083333333333
2019-07-19 19:00:00,-20.836666666666666,32.34,186.38333333333333,6.421666666666667,970.5966666666667
2019-07-19 20:00:00,-22.198333333333334,34.72166666666667,136.28333333333333,5.168333333333334,971.0733333333334
2019-07-19 21:00:00,-22.82,36.58166666666667,134.43333333333334,5.933333333333334,971.7933333333333
2019-07-19 22:00:00,-21.123333333333335,32.43666666666667,166.05,6.858333333333333,971.5966666666667
2019-07-19 23:00:00,-21.345000000000002,33.95,187.96666666666667,3.0016666666666665,971.8833333333333
2019-07-20 00:00:00,-21.48166666666667,31.798333333333336,199.5,6.8966666666666665,972.1866666666667
2019-07-20 01:00:00,-21.78666666666667,31.675,194.28333333333333,3.6533333333333333,972.1833333333333
2019-07-20 02:00:00,-23.62,36.29666666666667,150.38333333333333,7.114999999999999,972.8
2019-07-20 03:00:00,-23.151666666666664,33.20333333333333,180.1,7.363333333333333,973.0916666666667
2019-07-20 04:00:00,-22.918333333333333,32.403333333333336,195.46666666666667,8.745000000000001,972.6933333333333
2019-07-20 05:00:00,-24.808333333333334,36.53,91.36666666666666,2.8633333333333337,973.0833333333334
2019-07-20 06:00:00,-26.266666666666666,41.45166666666667,142.25,2.75,973.6
2019-07-20 07:00:00,-26.533333333333335,43.769999999999996,242.08333333333334,2.183333333333333,973.9216666666667
2019-07-20 08:00:00,-27.55,44.82,130.2,4.628333333333333,974.5566666666667
2019-07-20 09:00:00,-26.10666666666667,42.2,168.16666666666666,1.9433333333333331,974.8933333333333
2019-07-20 10:00:00,-24.886666666666667,38.87166666666667,187.85,3.6866666666666665,974.56
2019-07-20 11:00:00,-24.663333333333334,36.24333333333333,189.56666666666666,3.1483333333333334,974.4466666666667
2019-07-20 12:00:00,-24.913333333333334,37.669999999999995,258.68333333333334,2.3433333333333333,974.6483333333333
2019-07-20 13:00:00,-24.928333333333335,38.20666666666667,227.13333333333333,2.8833333333333333,974.8
2019-07-20 14:00:00,-24.953333333333333,37.608333333333334,209.78333333333333,2.8066666666666666,974.3916666666667
2019-07-20 15:00:00,-24.326666666666664,36.8,204.73333333333332,5.691666666666666,974.1666666666666
2019-07-20 16:00:00,-25.191666666666666,37.156666666666666,231.71666666666667,2.783333333333333,974.3183333333333
2019-07-20 17:00:00,-27.331666666666667,41.81166666666666,213.21666666666667,1.0183333333333333,974.58
2019-07-20 18:00:00,-27.53166666666667,43.08833333333334,137.65,3.1166666666666667,974.9516666666666
2019-07-20 19:00:00,-26.545,40.72,168.01666666666668,1.6433333333333333,975.0833333333334
2019-07-20 20:00:00,-26.173333333333336,38.845,102.35,2.875,975.3449999999999
2019-07-20 21:00:00,-25.851666666666667,38.175,141.8,1.7283333333333333,975.4816666666667
2019-07-20 22:00:00,-26.459999999999997,41.06333333333334,181.45,1.6466666666666667,975.57
2019-07-20 23:00:00,-26.56833333333333,42.43833333333334,212.46666666666667,1.8583333333333334,975.265
2019-07-21 00:00:00,-26.601666666666667,41.7,197.93333333333334,1.98,975.5433333333333
2019-07-21 01:00:00,-27.273333333333333,43.2,223.08333333333334,2.5133333333333336,975.9383333333334
2019-07-21 02:00:00,-27.42,43.13333333333333,221.81666666666666,1.88,976.2233333333334
2019-07-21 03:00:00,-28.345000000000002,44.708333333333336,196.53333333333333,2.466666666666667,976.56
2019-07-21 04:00:00,-28.698333333333334,46.263333333333335,172.91666666666666,2.115,977.0266666666666
2019-07-21 05:00:00,-28.56833333333333,46.12833333333333,194.06666666666666,3.393333333333333,976.83
2019-07-21 06:00:00,-27.91,45.275,173.48333333333332,2.4983333333333335,976.7166666666667
2019-07-21 07:00:00,-27.4,44.10166666666667,202.66666666666666,2.19,976.8549999999999
2019-07-21 08:00:00,-27.615000000000002,43.538333333333334,170.35,1.8416666666666666,976.6
2019-07-21 09:00:00,-27.293333333333333,43.89833333333333,151.15,2.4616666666666664,976.2266666666667
2019-07-21 10:00:00,-27.141666666666666,43.36,173.8,2.54,975.9833333333333
2019-07-21 11:00:00,-27.3,44.21666666666667,107.35,4.193333333333333,975.8933333333333
2019-07-21 12:00:00,-24.506666666666668,38.193333333333335,174.5,4.886666666666667,975.2733333333333
2019-07-21 13:00:00,-25.488333333333333,40.211666666666666,108.33333333333333,7.381666666666666,976.1183333333333
2019-07-21 14:00:00,-23.71833333333333,35.934999999999995,163.6,4.545,976.7333333333333
2019-07-21 15:00:00,-23.57,36.13,220.61666666666667,5.8133333333333335,976.2583333333333
2019-07-21 16:00:00,-19.566666666666666,31.795,153.43333333333334,17.88,976.1516666666666
2019-07-21 17:00:00,-16.98,30.625,147.5,29.525,976.2066666666667
2019-07-21 18:00:00,-16.776666666666667,31.453333333333333,151.3,32.846666666666664,975.905
2019-07-21 19:00:00,-16.996666666666666,30.683333333333334,164.26666666666668,24.941666666666666,975.65
2019-07-21 20:00:00,-16.381666666666668,28.266666666666666,159.36666666666667,27.528333333333332,975.7099999999999
2019-07-21 21:00:00,-17.261666666666667,32.125,165.28333333333333,26.07,975.5716666666667
2019-07-21 22:00:00,-16.87333333333333,30.668333333333333,166.65,25.685,975.575
2019-07-21 23:00:00,-16.32,29.476666666666667,162.41666666666666,30.111666666666668,975.4383333333334
2019-07-22 00:00:00,-16.011666666666667,29.375,157.25,37.44833333333334,974.9733333333334
2019-07-22 01:00:00,-15.976666666666667,30.38,157.6,36.625,974.755
2019-07-22 02:00:00,-16.275,32.37833333333334,160.63333333333333,38.751666666666665,974.705
2019-07-22 03:00:00,-16.635,35.06333333333334,162.08333333333334,35.5,974.4150000000001
2019-07-22 04:00:00,-16.511666666666667,35.086666666666666,160.05,35.19833333333334,974.5166666666667
2019-07-22 05:00:00,-16.711666666666666,39.49166666666667,159.01666666666668,35.60166666666667,974.5516666666666
2019-07-22 06:00:00,-16.931666666666665,39.901666666666664,160.46666666666667,34.394999999999996,974.8266666666666
2019-07-22 07:00:00,-17.02,37.515,160.66666666666666,32.28666666666667,974.9183333333333
2019-07-22 08:00:00,-17.488333333333333,40.29,167.25,30.993333333333332,975.1949999999999
2019-07-22 09:00:00,-17.33833333333333,38.65833333333333,160.31666666666666,31.538333333333334,974.7766666666666
2019-07-22 10:00:00,-17.285,38.69833333333334,153.6,34.531666666666666,974.5133333333334
2019-07-22 11:00:00,-17.205,38.230000000000004,154.11666666666667,35.415,974.7199999999999
2019-07-22 12:00:00,-16.983333333333334,38.675,159.96666666666667,32.64333333333333,974.2666666666667
2019-07-22 13:00:00,-17.206666666666667,40.151666666666664,162.85,29.94,974.05
2019-07-22 14:00:00,-17.425,39.55333333333333,161.3,29.34333333333333,973.825
2019-07-22 15:00:00,-17.92,39.53666666666666,158.73333333333332,27.741666666666667,972.855
2019-07-22 16:00:00,-17.803333333333335,37.95,159.88333333333333,29.001666666666665,972.39
2019-07-22 17:00:00,-18.025,36.52333333333333,155.5,21.075,972.8449999999999
2019-07-22 18:00:00,-17.84,31.01833333333333,135.76666666666668,19.341666666666665,972.8366666666666
2019-07-22 19:00:00,-17.366666666666667,27.618333333333332,135.93333333333334,23.046666666666667,972.3199999999999
2019-07-22 20:00:00,-17.175,26.401666666666664,120.56666666666666,20.861666666666668,972.4533333333333
2019-07-22 21:00:00,-17.491666666666667,27.928333333333335,129.63333333333333,23.35666666666667,972.1233333333333
2019-07-22 22:00:00,-18.078333333333333,30.35666666666667,136.33333333333334,21.788333333333334,971.9783333333332
2019-07-22 23:00:00,-18.565,29.871666666666666,146.95,24.21833333333333,971.815
2019-07-23 00:00:00,-18.39,29.69,140.55,23.415000000000003,971.5516666666666
2019-07-23 01:00:00,-18.728333333333335,30.848333333333336,143.36666666666667,23.615000000000002,971.2683333333333
2019-07-23 02:00:00,-18.685000000000002,28.325,148.85,27.638333333333332,970.925
2019-07-23 03:00:00,-18.92,28.096666666666668,151.31666666666666,29.173333333333336,970.8683333333333
2019-07-23 04:00:00,-19.31,30.145,155.68333333333334,30.493333333333332,970.6816666666667
2019-07-23 05:00:00,-18.88,27.996666666666666,157.25,31.401666666666667,970.315
2019-07-23 06:00:00,-18.39,26.503333333333334,158.61666666666667,29.884999999999998,970.0633333333334
2019-07-23 07:00:00,-18.076666666666664,25.598333333333336,163.8,26.543333333333333,969.7466666666667
2019-07-23 08:00:00,-17.46833333333333,25.084999999999997,166.01666666666668,25.206666666666667,969.09
2019-07-23 09:00:00,-16.228333333333335,24.05,163.0,23.753333333333334,968.565
2019-07-23 10:00:00,-15.571666666666665,24.091666666666665,160.36666666666667,20.105,968.2666666666667
2019-07-23 11:00:00,-14.938333333333333,24.216666666666665,148.95,19.528333333333332,967.9816666666667
2019-07-23 12:00:00,-15.32,26.985,150.86666666666667,22.705,967.9449999999999
2019-07-23 13:00:00,-15.318333333333333,28.255,148.08333333333334,23.566666666666666,967.5083333333333
2019-07-23 14:00:00,-14.639999999999999,28.828333333333333,140.55,20.546666666666667,966.8766666666667
2019-07-23 15:00:00,-13.635,35.905,125.51666666666667,16.846666666666668,966.6566666666666
2019-07-23 16:00:00,-12.973333333333333,36.016666666666666,118.6,16.266666666666666,966.14
2019-07-23 17:00:00,-12.898333333333333,35.83166666666667,132.31666666666666,15.528333333333334,965.1766666666666
2019-07-23 18:00:00,-13.34,37.538333333333334,152.83333333333334,15.845,964.8066666666667
2019-07-23 19:00:00,-13.573333333333332,37.31666666666667,126.51666666666667,14.51,964.8583333333333
2019-07-23 20:00:00,-13.58,34.480000000000004,136.5,16.596666666666668,963.9316666666667
2019-07-23 21:00:00,-13.129999999999999,32.306666666666665,152.68333333333334,27.278333333333332,962.4316666666667
2019-07-23 22:00:00,-13.47,33.37833333333334,138.53333333333333,20.78166666666667,962.3449999999999
2019-07-23 23:00:00,-12.656666666666666,30.59,145.4,20.009999999999998,961.4266666666666
2019-07-24 00:00:00,-13.683333333333334,32.76833333333333,163.98333333333332,21.265,961.23
2019-07-24 01:00:00,-12.96,33.145,147.75,16.666666666666668,960.6083333333333
2019-07-24 02:00:00,-12.471666666666666,30.4,139.85,18.348333333333336,959.7333333333333
2019-07-24 03:00:00,-12.59,30.41,131.98333333333332,18.523333333333333,959.3066666666667
2019-07-24 04:00:00,-12.718333333333334,31.125,136.51666666666668,15.883333333333333,959.08
2019-07-24 05:00:00,-12.889999999999999,30.958333333333332,124.61666666666666,17.285,958.8233333333334
2019-07-24 06:00:00,-12.841666666666667,30.51833333333333,128.6,20.133333333333333,958.4050000000001
2019-07-24 07:00:00,-13.128333333333334,30.46833333333333,123.55,17.198333333333334,958.35
2019-07-24 08:00:00,-13.276666666666667,28.808333333333334,118.33333333333333,14.895000000000001,958.3533333333332
2019-07-24 09:00:00,-13.761666666666667,31.478333333333335,108.53333333333333,12.036666666666667,958.2183333333334
2019-07-24 10:00:00,-14.056666666666667,33.03666666666667,136.15,15.701666666666666,957.8783333333333
2019-07-24 11:00:00,-14.501666666666667,35.64,142.25,15.821666666666665,957.8799999999999
2019-07-24 12:00:00,-14.088333333333333,33.501666666666665,111.75,11.393333333333334,958.1116666666668
2019-07-24 13:00:00,-14.218333333333334,33.708333333333336,108.51666666666667,11.475,958.3466666666666
2019-07-24 14:00:00,-14.428333333333335,35.873333333333335,110.66666666666667,11.796666666666665,958.64
2019-07-24 15:00:00,-14.301666666666668,34.55,110.21666666666667,11.211666666666668,958.9916666666667
2019-07-24 16:00:00,-14.156666666666666,32.93333333333333,106.93333333333334,12.68,959.4599999999999
2019-07-24 17:00:00,-14.256666666666666,33.015,105.05,11.870000000000001,959.9183333333333
2019-07-24 18:00:00,-14.143333333333334,31.926666666666666,107.25,13.203333333333335,960.2900000000001
2019-07-24 19:00:00,-14.833333333333334,36.80166666666666,107.83333333333333,10.568333333333333,960.8766666666667
2019-07-24 20:00:00,-14.771666666666667,35.406666666666666,110.13333333333334,11.343333333333334,961.225
2019-07-24 21:00:00,-14.346666666666666,30.083333333333332,101.83333333333333,14.738333333333333,961.6933333333333
2019-07-24 22:00:00,-14.016666666666667,27.788333333333334,97.93333333333334,18.955,962.1383333333334
2019-07-24 23:00:00,-14.055,30.476666666666667,99.08333333333333,17.201666666666664,962.8533333333334
2019-07-25 00:00:00,-13.836666666666668,28.216666666666665,93.0,20.358333333333334,963.5116666666667
2019-07-25 01:00:00,-14.101666666666667,29.955,93.5,21.658333333333335,964.3633333333333
2019-07-25 02:00:00,-14.305,31.221666666666668,103.05,20.875,964.7966666666666
2019-07-25 03:00:00,-14.431666666666667,34.05,103.93333333333334,21.328333333333333,965.0733333333334
2019-07-25 04:00:00,-14.583333333333334,36.026666666666664,111.73333333333333,19.933333333333334,965.4
2019-07-25 05:00:00,-14.46,36.35,117.66666666666667,21.313333333333333,965.6366666666668
2019-07-25 06:00:00,-14.805000000000001,40.28333333333333,128.43333333333334,22.93,965.965
2019-07-25 07:00:00,-14.856666666666666,38.544999999999995,127.08333333333333,21.511666666666667,966.86
2019-07-25 08:00:00,-15.03,34.483333333333334,122.86666666666666,21.448333333333334,967.4466666666667
2019-07-25 09:00:00,-15.376666666666667,33.38166666666667,124.81666666666666,22.041666666666668,967.8966666666666
2019-07-25 10:00:00,-15.879999999999999,33.891666666666666,122.86666666666666,18.83,968.3983333333333
2019-07-25 11:00:00,-16.191666666666666,32.13,123.46666666666667,17.645,969.09
2019-07-25 12:00:00,-16.555,31.42,123.81666666666666,17.855,969.5766666666666
2019-07-25 13:00:00,-17.02,30.691666666666666,126.11666666666666,20.353333333333335,970.0849999999999
2019-07-25 14:00:00,-17.163333333333334,29.65,129.71666666666667,22.305,970.4833333333333
2019-07-25 15:00:00,-17.53666666666667,29.81,128.51666666666668,20.87,971.0116666666667
2019-07-25 16:00:00,-18.015,29.336666666666666,126.6,23.19,971.9683333333334
2019-07-25 17:00:00,-18.688333333333333,34.155,128.53333333333333,21.1,973.135
2019-07-25 18:00:00,-18.56,39.236666666666665,140.56666666666666,21.87,973.6683333333333
2019-07-25 19:00:00,-18.563333333333333,34.468333333333334,146.4,23.87,973.9866666666666
2019-07-25 20:00:00,-18.188333333333333,28.346666666666668,155.56666666666666,21.279999999999998,974.4083333333333
2019-07-25 21:00:00,-18.341666666666665,27.623333333333335,158.4,24.365000000000002,974.4233333333334
2019-07-25 22:00:00,-18.288333333333334,28.93,164.75,23.42,974.0416666666666
2019-07-25 23:00:00,-17.9,27.67,164.41666666666666,25.491666666666667,974.0233333333333
2019-07-26 00:00:00,-17.486666666666668,26.048333333333336,163.18333333333334,26.651666666666664,974.1616666666667
2019-07-26 01:00:00,-17.108333333333334,25.46833333333333,162.65,26.485,974.4283333333333
2019-07-26 02:00:00,-16.779999999999998,25.541666666666668,162.26666666666668,23.116666666666667,974.625
2019-07-26 03:00:00,-17.2,27.461666666666666,164.53333333333333,20.895,974.6016666666667
2019-07-26 04:00:00,-17.28666666666667,28.553333333333335,167.06666666666666,18.976666666666667,974.6450000000001
2019-07-26 05:00:00,-17.488333333333333,29.188333333333333,170.98333333333332,18.455,974.9433333333333
2019-07-26 06:00:00,-17.561666666666667,28.166666666666668,167.41666666666666,20.59,975.7366666666666
2019-07-26 07:00:00,-16.428333333333335,24.355,165.16666666666666,24.428333333333335,975.9483333333334
2019-07-26 08:00:00,-16.298333333333332,23.756666666666668,171.38333333333333,24.80666666666667,976.2783333333333
2019-07-26 09:00:00,-16.625,25.445,163.3,25.41,976.3583333333333
2019-07-26 10:00:00,-16.613333333333333,26.4,161.1,22.461666666666666,976.6866666666667
2019-07-26 11:00:00,-16.293333333333333,25.78166666666667,162.35,26.21833333333333,976.8266666666666
2019-07-26 12:00:00,-16.698333333333334,27.565,164.33333333333334,24.026666666666664,977.1883333333334
2019-07-26 13:00:00,-16.413333333333334,27.13,164.48333333333332,22.73166666666667,977.3733333333333
2019-07-26 14:00:00,-16.955,29.021666666666665,167.33333333333334,20.128333333333334,977.87
2019-07-26 15:00:00,-17.258333333333333,27.678333333333335,168.01666666666668,21.916666666666668,977.9783333333332
2019-07-26 16:00:00,-17.28166666666667,26.378333333333334,168.7,20.953333333333333,978.0666666666667
2019-07-26 17:00:00,-17.336666666666666,27.065,166.75,20.151666666666664,978.5116666666667
2019-07-26 18:00:00,-16.598333333333333,25.095000000000002,163.7,23.123333333333335,978.7966666666666
2019-07-26 19:00:00,-16.375,27.10666666666667,159.93333333333334,23.745,979.1966666666667
2019-07-26 20:00:00,-16.62,26.259999999999998,160.51666666666668,22.485,978.9216666666666
2019-07-26 21:00:00,-17.081666666666667,27.241666666666667,165.55,21.046666666666667,979.1683333333333
2019-07-26 22:00:00,-16.761666666666667,27.173333333333336,163.83333333333334,22.30666666666667,978.9983333333333
2019-07-26 23:00:00,-16.56,26.785,163.58333333333334,22.290000000000003,978.8333333333334
2019-07-27 00:00:00,-16.891666666666666,26.95,165.01666666666668,22.633333333333333,978.9066666666666
2019-07-27 01:00:00,-17.175,27.998333333333335,165.91666666666666,23.133333333333333,978.7066666666667
2019-07-27 02:00:00,-17.290000000000003,28.276666666666664,167.98333333333332,21.475,978.5816666666667
2019-07-27 03:00:00,-17.598333333333336,29.175,170.48333333333332,20.215,978.4
2019-07-27 04:00:00,-17.743333333333332,29.18,169.91666666666666,20.6,978.2800000000001
2019-07-27 05:00:00,-17.53666666666667,28.558333333333334,172.35,18.96333333333333,978.1366666666668
2019-07-27 06:00:00,-18.055,29.308333333333334,170.78333333333333,18.763333333333332,978.0433333333333
2019-07-27 07:00:00,-18.096666666666668,29.28666666666667,141.73333333333332,8.528333333333332,978.63
2019-07-27 08:00:00,-18.086666666666666,28.76833333333333,122.33333333333333,6.988333333333333,978.5933333333334
2019-07-27 09:00:00,-18.529999999999998,29.741666666666667,180.31666666666666,7.691666666666666,978.4416666666667
2019-07-27 10:00:00,-18.878333333333334,29.75,148.65,12.115,977.86
2019-07-27 11:00:00,-19.083333333333332,30.038333333333334,174.13333333333333,18.39333333333333,977.0783333333333
2019-07-27 12:00:00,-19.333333333333332,30.166666666666668,165.01666666666668,11.263333333333332,977.2266666666667
2019-07-27 13:00:00,-19.408333333333335,29.935,175.55,18.566666666666666,976.3283333333333
2019-07-27 14:00:00,-19.328333333333333,29.008333333333333,174.95,15.555,976.1616666666666
2019-07-27 15:00:00,-19.60666666666667,29.188333333333333,177.16666666666666,19.743333333333332,975.605
2019-07-27 16:00:00,-19.955,28.959999999999997,176.08333333333334,20.225,975.0116666666667
2019-07-27 17:00:00,-20.290000000000003,29.41166666666667,176.8,19.808333333333334,974.4050000000001
2019-07-27 18:00:00,-20.676666666666666,29.96333333333333,173.28333333333333,19.825,973.94
2019-07-27 19:00:00,-20.425,29.271666666666665,175.25,19.923333333333336,973.44
2019-07-27 20:00:00,-20.533333333333335,29.095000000000002,174.61666666666667,20.995,973.0016666666667
2019-07-27 21:00:00,-20.416666666666668,29.673333333333336,174.36666666666667,19.083333333333332,972.5116666666667
2019-07-27 22:00:00,-20.12,30.805,173.21666666666667,14.068333333333333,972.0333333333333
2019-07-27 23:00:00,-19.92,31.165000000000003,171.96666666666667,13.025,971.8716666666666
2019-07-28 00:00:00,-19.673333333333336,31.265,173.1,14.504999999999999,971.4333333333333
2019-07-28 01:00:00,-19.425,31.158333333333335,167.36666666666667,15.325,970.9633333333334
2019-07-28 02:00:00,-19.43166666666667,30.828333333333333,163.96666666666667,19.33833333333333,970.4766666666667
2019-07-28 03:00:00,-19.495,31.216666666666665,164.06666666666666,19.401666666666664,970.3233333333334
2019-07-28 04:00:00,-19.368333333333332,31.16,163.58333333333334,18.425,970.2016666666666
2019-07-28 05:00:00,-19.706666666666667,30.566666666666666,165.08333333333334,17.821666666666665,970.115
2019-07-28 06:00:00,-20.601666666666667,32.11,168.23333333333332,17.248333333333335,969.9116666666666
2019-07-28 07:00:00,-20.946666666666665,32.733333333333334,168.28333333333333,17.816666666666666,969.685
2019-07-28 08:00:00,-20.55,32.928333333333335,164.05,18.71333333333333,970.2333333333333
2019-07-28 09:00:00,-19.971666666666668,33.791666666666664,161.03333333333333,17.815,970.7416666666667
2019-07-28 10:00:00,-20.183333333333334,33.89666666666667,161.8,18.55,970.7816666666666
2019-07-28 11:00:00,-19.733333333333334,31.63,155.68333333333334,19.470000000000002,970.8633333333332
2019-07-28 12:00:00,-20.315,31.303333333333335,163.46666666666667,17.991666666666667,970.965
2019-07-28 13:00:00,-19.96333333333333,29.473333333333336,148.98333333333332,16.491666666666667,971.0566666666667
2019-07-28 14:00:00,-22.41166666666667,36.358333333333334,126.85,4.586666666666667,971.8566666666667
2019-07-28 15:00:00,-22.046666666666667,32.75,140.5,11.231666666666666,972.075
2019-07-28 16:00:00,-21.348333333333336,30.751666666666665,146.38333333333333,10.854999999999999,972.1133333333333
2019-07-28 17:00:00,-22.126666666666665,30.776666666666664,169.98333333333332,3.731666666666667,972.34
2019-07-28 18:00:00,-21.709999999999997,29.728333333333335,125.68333333333334,9.915,972.395
2019-07-28 19:00:00,-22.505,31.6,143.2,10.553333333333335,972.5383333333334
2019-07-28 20:00:00,-22.298333333333336,33.89333333333333,128.06666666666666,9.0,972.385
2019-07-28 21:00:00,-23.375,32.940000000000005,157.26666666666668,11.026666666666667,972.4066666666666
2019-07-28 22:00:00,-23.34333333333333,33.82833333333333,141.26666666666668,8.631666666666666,972.4083333333333
2019-07-28 23:00:00,-23.41,33.528333333333336,127.0,8.94,972.3816666666667
2019-07-29 00:00:00,-22.98,32.88666666666667,124.21666666666667,8.951666666666666,972.1266666666667
2019-07-29 01:00:00,-22.87,33.95333333333333,119.45,9.85,971.8816666666667
2019-07-29 02:00:00,-23.283333333333335,34.016666666666666,100.83333333333333,6.098333333333333,971.7966666666667
2019-07-29 03:00:00,-23.685000000000002,34.845,115.33333333333333,2.4733333333333336,971.36
2019-07-29 04:00:00,-23.255,31.873333333333335,87.61666666666666,7.9399999999999995,971.2733333333333
2019-07-29 05:00:00,-24.003333333333334,34.44833333333334,70.06666666666666,5.0216666666666665,970.9966666666667
2019-07-29 06:00:00,-23.105,32.498333333333335,92.35,10.205,970.975
2019-07-29 07:00:00,-22.148333333333333,29.80666666666667,103.05,12.063333333333333,971.1166666666667
2019-07-29 08:00:00,-23.425,32.98166666666667,170.46666666666667,5.75,971.3416666666667
2019-07-29 09:00:00,-24.06,36.555,193.33333333333334,1.875,971.5783333333334
2019-07-29 10:00:00,-22.868333333333332,29.94333333333333,90.46666666666667,11.0,971.5733333333334
2019-07-29 11:00:00,-21.83,26.720000000000002,94.91666666666667,14.0,971.4766666666667
2019-07-29 12:00:00,-21.875,27.495,98.88333333333334,14.975,971.3833333333333
2019-07-29 13:00:00,-21.826666666666664,27.741666666666667,98.98333333333333,12.445,971.0016666666667
2019-07-29 14:00:00,-23.19333333333333,30.621666666666666,279.1333333333333,4.783333333333333,970.825
2019-07-29 15:00:00,-22.886666666666667,28.383333333333333,131.9,8.333333333333334,970.99
2019-07-29 16:00:00,-21.901666666666664,25.808333333333334,108.63333333333334,15.006666666666666,971.035
2019-07-29 17:00:00,-21.751666666666665,25.685,106.71666666666667,19.83833333333333,970.9716666666667
2019-07-29 18:00:00,-22.18,26.358333333333334,81.33333333333333,14.723333333333333,970.8233333333334
2019-07-29 19:00:00,-23.756666666666668,33.18,230.91666666666666,3.8433333333333333,970.5483333333334
2019-07-29 20:00:00,-23.928333333333335,32.98,181.75,2.2849999999999997,970.4483333333334
2019-07-29 21:00:00,-23.509999999999998,29.448333333333334,105.05,4.6033333333333335,970.3816666666667
2019-07-29 22:00:00,-23.591666666666665,32.015,81.06666666666666,6.628333333333333,970.2783333333333
2019-07-29 23:00:00,-23.368333333333332,32.045,62.38333333333333,7.145,970.1066666666667
2019-07-30 00:00:00,-25.048333333333336,34.69833333333334,144.78333333333333,5.345,970.2666666666667
2019-07-30 01:00:00,-24.365000000000002,32.973333333333336,169.03333333333333,2.7733333333333334,969.8383333333334
2019-07-30 02:00:00,-25.211666666666666,35.916666666666664,224.01666666666668,2.705,969.9716666666667
2019-07-30 03:00:00,-25.53166666666667,37.666666666666664,236.23333333333332,2.2583333333333333,969.9599999999999
2019-07-30 04:00:00,-24.765,36.54666666666667,215.9,2.4466666666666668,969.5283333333333
2019-07-30 05:00:00,-25.1,36.681666666666665,190.3,4.595,969.1616666666666
2019-07-30 06:00:00,-24.605,34.97833333333333,199.51666666666668,3.3449999999999998,969.075
2019-07-30 07:00:00,-24.025,31.68,165.68333333333334,6.888333333333334,968.735
2019-07-30 08:00:00,-24.243333333333332,32.031666666666666,176.31666666666666,5.996666666666667,968.7616666666667
2019-07-30 09:00:00,-24.14,30.48,176.21666666666667,9.006666666666666,968.5733333333334
2019-07-30 10:00:00,-23.691666666666666,29.125,185.21666666666667,5.661666666666666,968.715
2019-07-30 11:00:00,-25.041666666666668,33.805,189.41666666666666,11.0,968.2950000000001
2019-07-30 12:00:00,-24.235,31.595000000000002,172.85,7.5,968.245
2019-07-30 13:00:00,-24.365000000000002,31.953333333333333,197.43333333333334,9.693333333333333,967.7216666666667
2019-07-30 14:00:00,-25.05,32.443333333333335,197.38333333333333,10.466666666666667,967.3166666666667
2019-07-30 15:00:00,-24.785,30.71333333333333,181.48333333333332,8.573333333333332,967.1783333333334
2019-07-30 16:00:00,-24.173333333333336,28.745,158.41666666666666,6.221666666666667,966.7666666666667
2019-07-30 17:00:00,-25.290000000000003,31.886666666666667,187.63333333333333,7.116666666666666,966.295
2019-07-30 18:00:00,-26.175,32.61333333333333,185.0,13.598333333333333,965.7266666666667
2019-07-30 19:00:00,-26.05,32.18333333333333,185.01666666666668,11.971666666666666,965.24
2019-07-30 20:00:00,-26.048333333333336,31.44333333333333,182.28333333333333,10.620000000000001,964.8333333333334
2019-07-30 21:00:00,-25.828333333333333,31.15666666666667,180.31666666666666,7.388333333333334,964.6
2019-07-30 22:00:00,-25.733333333333334,30.978333333333335,178.18333333333334,8.125,963.975
2019-07-30 23:00:00,-26.235,31.634999999999998,185.93333333333334,11.936666666666667,963.5133333333334
2019-07-31 00:00:00,-26.376666666666665,32.57666666666667,188.15,13.028333333333334,962.4333333333333
2019-07-31 01:00:00,-26.451666666666664,32.971666666666664,188.53333333333333,13.604999999999999,961.4833333333333
2019-07-31 02:00:00,-26.446666666666665,33.001666666666665,166.18333333333334,5.506666666666666,960.8116666666666
2019-07-31 03:00:00,-26.441666666666666,32.705,125.41666666666667,3.631666666666667,960.4316666666667
2019-07-31 04:00:00,-26.041666666666668,30.961666666666666,157.26666666666668,5.02,960.3116666666666
2019-07-31 05:00:00,-26.621666666666666,31.93,185.15,9.806666666666667,959.7833333333333
2019-07-31 06:00:00,-26.654999999999998,32.04833333333333,184.2,11.296666666666665,959.15
2019-07-31 07:00:00,-27.105,32.13666666666667,185.65,13.768333333333334,958.7016666666666
2019-07-31 08:00:00,-27.598333333333336,32.27,189.38333333333333,16.701666666666668,958.2616666666667
2019-07-31 09:00:00,-26.5,30.68166666666667,162.45,9.021666666666667,957.885
2019-07-31 10:00:00,-25.84,29.28666666666667,161.26666666666668,8.348333333333333,957.7366666666666
2019-07-31 11:00:00,-25.61,29.035,173.21666666666667,10.401666666666667,957.3816666666667
2019-07-31 12:00:00,-25.148333333333333,27.38,176.16666666666666,12.865,956.9033333333333
2019-07-31 13:00:00,-25.168333333333333,27.904999999999998,157.63333333333333,7.191666666666666,956.92
2019-07-31 14:00:00,-26.538333333333334,30.578333333333333,132.06666666666666,4.375,956.875
2019-07-31 15:00:00,-25.221666666666668,28.64333333333333,172.26666666666668,12.021666666666667,956.4183333333333
2019-07-31 16:00:00,-24.631666666666668,28.865000000000002,159.56666666666666,10.081666666666667,956.1916666666667
2019-07-31 17:00:00,-24.333333333333332,29.313333333333333,143.0,7.591666666666667,955.9966666666667
2019-07-31 18:00:00,-24.913333333333334,34.095,138.86666666666667,3.9,955.7833333333333
2019-07-31 19:00:00,-22.673333333333336,34.60166666666667,127.21666666666667,9.75,955.2683333333333
2019-07-31 20:00:00,-23.788333333333334,34.84,90.38333333333334,5.013333333333334,955.24
2019-07-31 21:00:00,-22.529999999999998,35.961666666666666,121.66666666666667,5.878333333333333,955.0183333333333
2019-07-31 22:00:00,-20.4,37.96,139.45,14.848333333333333,954.7199999999999
2019-07-31 23:00:00,-20.118333333333332,41.46333333333334,141.0,16.01,954.7966666666667
2019-08-01 00:00:00,-19.915000000000003,44.475,134.85,13.996666666666666,955.0066666666667
2019-08-01 01:00:00,-19.238333333333333,45.7,111.03333333333333,12.03,955.1683333333333
2019-08-01 02:00:00,-19.31,48.269999999999996,99.88333333333334,11.925,955.2566666666667
2019-08-01 03:00:00,-21.791666666666668,51.04666666666667,211.61666666666667,5.741666666666666,955.8216666666667
2019-08-01 04:00:00,-22.735000000000003,55.855000000000004,231.46666666666667,1.175,956.2633333333334
2019-08-01 05:00:00,-22.529999999999998,57.78666666666666,118.71666666666667,1.5616666666666668,956.7066666666667
2019-08-01 06:00:00,-22.203333333333333,57.16833333333333,167.43333333333334,1.325,957.0983333333334
2019-08-01 07:00:00,-23.686666666666667,58.26,135.85,1.8083333333333333,957.5466666666667
2019-08-01 08:00:00,-24.33833333333333,60.583333333333336,321.06666666666666,1.195,958.1316666666667
2019-08-01 09:00:00,-24.08833333333333,61.144999999999996,120.61666666666666,1.0733333333333335,958.5133333333334
2019-08-01 10:00:00,-23.903333333333332,62.22166666666667,231.08333333333334,0.7483333333333333,958.8983333333333
2019-08-01 11:00:00,-24.41,61.335,105.33333333333333,1.1400000000000001,959.0433333333333
2019-08-01 12:00:00,-21.211666666666666,67.72666666666666,85.58333333333333,11.173333333333334,959.1066666666667
2019-08-01 13:00:00,-18.040000000000003,65.785,103.36666666666666,13.75,959.41
2019-08-01 14:00:00,-18.083333333333332,66.795,105.7,15.085,959.6316666666667
2019-08-01 15:00:00,-17.145,68.01166666666667,126.86666666666666,17.743333333333332,959.9483333333334
2019-08-01 16:00:00,-16.763333333333332,67.15166666666667,125.6,18.621666666666666,960.3433333333334
2019-08-01 17:00:00,-16.515,66.92666666666666,126.83333333333333,19.766666666666666,960.8283333333333
2019-08-01 18:00:00,-16.581666666666667,67.50500000000001,123.43333333333334,16.886666666666667,961.4599999999999
2019-08-01 19:00:00,-16.831666666666667,71.565,105.66666666666667,13.455,962.025
2019-08-01 20:00:00,-16.25166666666667,72.17166666666667,109.9,17.046666666666667,962.0849999999999
2019-08-01 21:00:00,-15.806666666666667,69.06333333333333,114.03333333333333,18.53166666666667,962.4416666666667
2019-08-01 22:00:00,-15.543333333333333,62.01833333333333,102.96666666666667,16.904999999999998,962.9233333333334
2019-08-01 23:00:00,-15.973333333333333,60.63,71.46666666666667,14.298333333333334,963.6433333333333
2019-08-02 00:00:00,-16.203333333333333,61.27166666666667,69.11666666666666,10.548333333333334,963.9816666666667
2019-08-02 01:00:00,-15.888333333333332,59.57,79.03333333333333,10.591666666666667,964.3133333333333
2019-08-02 02:00:00,-15.031666666666666,51.54,108.93333333333334,15.629999999999999,964.315
2019-08-02 03:00:00,-15.169999999999998,48.38,110.48333333333333,16.951666666666668,964.5216666666668
2019-08-02 04:00:00,-15.281666666666666,45.59166666666667,121.41666666666667,19.695,964.5883333333334
2019-08-02 05:00:00,-15.451666666666666,44.47,122.96666666666667,19.78666666666667,965.0333333333333
2019-08-02 06:00:00,-15.678333333333333,45.888333333333335,128.83333333333334,23.311666666666667,965.4916666666667
2019-08-02 07:00:00,-15.458333333333334,45.25333333333333,128.13333333333333,23.53166666666667,965.49
2019-08-02 08:00:00,-15.641666666666667,47.656666666666666,128.4,23.288333333333334,965.8883333333332
2019-08-02 09:00:00,-15.379999999999999,45.769999999999996,129.8,23.026666666666664,965.9333333333333
2019-08-02 10:00:00,-15.281666666666666,46.461666666666666,135.05,23.516666666666666,966.39
2019-08-02 11:00:00,-15.311666666666667,44.58833333333334,132.98333333333332,20.654999999999998,967.0783333333333
2019-08-02 12:00:00,-15.403333333333334,44.85166666666667,141.76666666666668,19.141666666666666,967.2483333333333
2019-08-02 13:00:00,-15.263333333333332,43.66,132.36666666666667,18.416666666666668,967.4066666666666
2019-08-02 14:00:00,-15.129999999999999,47.291666666666664,125.8,17.686666666666667,967.6883333333333
2019-08-02 15:00:00,-15.133333333333333,54.465,123.85,14.706666666666667,967.9016666666666
2019-08-02 16:00:00,-15.285,53.99166666666667,140.11666666666667,15.136666666666667,968.0550000000001
2019-08-02 17:00:00,-15.43,53.111666666666665,146.88333333333333,16.016666666666666,968.1933333333333
2019-08-02 18:00:00,-15.241666666666667,49.16,149.75,18.571666666666665,968.1383333333334
2019-08-02 19:00:00,-15.363333333333333,47.230000000000004,154.33333333333334,18.553333333333335,968.0333333333333
2019-08-02 20:00:00,-16.565,43.31666666666667,169.21666666666667,15.426666666666668,967.7816666666666
2019-08-02 21:00:00,-17.108333333333334,40.22666666666667,170.61666666666667,15.881666666666666,967.825
2019-08-02 22:00:00,-18.065,39.391666666666666,172.38333333333333,16.555,967.51
2019-08-02 23:00:00,-18.016666666666666,38.465,175.03333333333333,17.418333333333333,967.2683333333333
2019-08-03 00:00:00,-18.403333333333332,38.968333333333334,177.96666666666667,12.925,967.2616666666667
2019-08-03 01:00:00,-17.261666666666667,35.74666666666667,172.63333333333333,8.23,967.49
2019-08-03 02:00:00,-17.545,35.01166666666666,172.9,10.33,967.3
2019-08-03 03:00:00,-18.53166666666667,37.373333333333335,180.71666666666667,13.296666666666665,967.0933333333334
2019-08-03 04:00:00,-19.16,38.876666666666665,186.76666666666668,15.6,966.77
2019-08-03 05:00:00,-19.985,41.51833333333333,184.28333333333333,16.381666666666668,966.6283333333334
2019-08-03 06:00:00,-20.03666666666667,39.223333333333336,182.76666666666668,15.08,966.7233333333334
2019-08-03 07:00:00,-18.798333333333336,37.34666666666667,174.28333333333333,10.938333333333333,966.9033333333333
2019-08-03 08:00:00,-18.993333333333332,36.28666666666666,174.75,12.493333333333334,967.01
2019-08-03 09:00:00,-18.65,37.22,169.11666666666667,10.751666666666667,967.1450000000001
2019-08-03 10:00:00,-19.706666666666667,39.266666666666666,177.31666666666666,14.120000000000001,966.7800000000001
2019-08-03 11:00:00,-20.115000000000002,38.711666666666666,182.71666666666667,15.071666666666665,966.745
2019-08-03 12:00:00,-18.81833333333333,35.233333333333334,175.11666666666667,14.45,966.8816666666667
2019-08-03 13:00:00,-18.173333333333336,35.40833333333333,167.38333333333333,14.383333333333333,966.9416666666667
2019-08-03 14:00:00,-18.528333333333332,36.155,171.71666666666667,14.206666666666667,967.0683333333333
2019-08-03 15:00:00,-18.636666666666667,37.95,178.53333333333333,12.861666666666668,967.1766666666666
2019-08-03 16:00:00,-17.891666666666666,36.46,143.96666666666667,11.026666666666667,967.59
2019-08-03 17:00:00,-18.361666666666668,37.269999999999996,173.91666666666666,16.675,967.5133333333334
2019-08-03 18:00:00,-19.605,36.10333333333333,180.15,17.478333333333335,967.375
2019-08-03 19:00:00,-18.105,35.580000000000005,171.45,17.66166666666667,967.5366666666666
2019-08-03 20:00:00,-18.418333333333333,37.19666666666667,175.15,14.883333333333333,967.7733333333333
2019-08-03 21:00:00,-19.651666666666664,41.865,160.88333333333333,8.153333333333332,968.13
2019-08-03 22:00:00,-19.65,39.098333333333336,184.53333333333333,15.116666666666667,967.7233333333334
2019-08-03 23:00:00,-19.233333333333334,36.095,177.63333333333333,14.263333333333332,967.6166666666667
2019-08-04 00:00:00,-19.131666666666668,36.30333333333333,166.31666666666666,13.305,967.7333333333333
2019-08-04 01:00:00,-19.108333333333334,36.59,168.65,12.413333333333332,967.41
2019-08-04 02:00:00,-19.371666666666666,37.105000000000004,153.4,6.508333333333334,967.0633333333334
2019-08-04 03:00:00,-19.978333333333335,35.22833333333333,182.06666666666666,11.986666666666668,966.3366666666666
2019-08-04 04:00:00,-19.861666666666668,32.208333333333336,174.21666666666667,16.306666666666665,965.6883333333334
2019-08-04 05:00:00,-19.725,35.690000000000005,137.63333333333333,7.95,965.9516666666666
2019-08-04 06:00:00,-18.395,32.24666666666666,162.38333333333333,15.28,965.475
2019-08-04 07:00:00,-18.633333333333333,31.916666666666668,170.31666666666666,14.435,964.9716666666667
2019-08-04 08:00:00,-18.975,30.745,173.51666666666668,18.815,964.4016666666666
2019-08-04 09:00:00,-18.740000000000002,35.36,165.31666666666666,15.553333333333335,964.0016666666667
2019-08-04 10:00:00,-18.535,34.11333333333333,148.16666666666666,13.231666666666666,963.7266666666667
2019-08-04 11:00:00,-18.075,30.6,163.93333333333334,11.601666666666667,963.3433333333334
2019-08-04 12:00:00,-19.506666666666668,31.105,173.68333333333334,16.263333333333332,962.715
2019-08-04 13:00:00,-18.77,29.15,157.81666666666666,12.205,962.48
2019-08-04 14:00:00,-18.778333333333332,32.4,143.75,8.711666666666668,962.1800000000001
2019-08-04 15:00:00,-18.855,31.308333333333334,172.48333333333332,15.138333333333332,961.4033333333333
2019-08-04 16:00:00,-19.266666666666666,33.041666666666664,166.05,20.13,960.8633333333333
2019-08-04 17:00:00,-19.223333333333336,33.983333333333334,159.35,21.334999999999997,960.6233333333333
2019-08-04 18:00:00,-19.433333333333334,32.71,140.33333333333334,19.853333333333335,960.7033333333333
2019-08-04 19:00:00,-20.205,33.626666666666665,129.2,19.903333333333332,960.8466666666667
2019-08-04 20:00:00,-21.90666666666667,40.193333333333335,126.91666666666667,18.35666666666667,961.9933333333333
2019-08-04 21:00:00,-22.246666666666666,35.269999999999996,129.63333333333333,11.121666666666666,962.9783333333332
2019-08-04 22:00:00,-22.541666666666668,33.705,156.4,14.854999999999999,963.0983333333334
2019-08-04 23:00:00,-22.735,32.755,132.86666666666667,17.91,963.4766666666667
2019-08-05 00:00:00,-22.755,31.71833333333333,128.45,17.136666666666667,963.5566666666667
2019-08-05 01:00:00,-22.375,28.96333333333333,121.68333333333334,16.511666666666667,963.8083333333333
2019-08-05 02:00:00,-22.813333333333333,29.220000000000002,120.86666666666666,15.841666666666667,963.9116666666666
2019-08-05 03:00:00,-22.868333333333332,29.001666666666665,136.13333333333333,16.226666666666667,963.6516666666666
2019-08-05 04:00:00,-23.348333333333336,29.173333333333336,137.95,14.991666666666667,963.9599999999999
2019-08-05 05:00:00,-22.985,29.311666666666667,132.21666666666667,17.84333333333333,964.0783333333333
2019-08-05 06:00:00,-22.801666666666666,27.311666666666667,142.58333333333334,15.995000000000001,963.8883333333334
2019-08-05 07:00:00,-23.183333333333334,26.946666666666665,161.55,18.90666666666667,963.635
2019-08-05 08:00:00,-22.951666666666664,26.903333333333332,149.63333333333333,21.013333333333332,964.4166666666666
2019-08-05 09:00:00,-22.948333333333334,26.705,156.13333333333333,16.421666666666667,963.9233333333334
2019-08-05 10:00:00,-22.926666666666666,24.553333333333335,157.7,20.115000000000002,964.0383333333334
2019-08-05 11:00:00,-22.528333333333332,26.976666666666667,139.76666666666668,18.788333333333334,964.1049999999999
2019-08-05 12:00:00,-22.08833333333333,28.723333333333336,121.5,16.776666666666667,964.0483333333334
2019-08-05 13:00:00,-22.39333333333333,31.803333333333335,119.45,17.756666666666668,964.1766666666666
2019-08-05 14:00:00,-22.19333333333333,30.196666666666665,128.01666666666668,18.133333333333333,964.1550000000001
2019-08-05 15:00:00,-21.9,25.796666666666667,150.95,18.586666666666666,963.9766666666667
2019-08-05 16:00:00,-22.458333333333332,25.935,156.65,20.756666666666668,964.0133333333334
2019-08-05 17:00:00,-22.376666666666665,27.933333333333334,133.05,12.795,964.4300000000001
2019-08-05 18:00:00,-22.875,27.28166666666667,157.86666666666667,12.47,964.035
2019-08-05 19:00:00,-22.14,25.603333333333335,149.53333333333333,21.958333333333332,964.1333333333333
2019-08-05 20:00:00,-22.195,27.505,139.73333333333332,13.463333333333333,964.4216666666667
2019-08-05 21:00:00,-21.813333333333333,23.418333333333333,159.38333333333333,21.441666666666666,964.43
2019-08-05 22:00:00,-21.738333333333333,26.45,141.15,19.685,964.8950000000001
2019-08-05 23:00:00,-21.15666666666667,25.336666666666666,125.11666666666666,16.993333333333332,965.35
2019-08-06 00:00:00,-21.293333333333333,25.82,146.3,19.523333333333333,965.755
2019-08-06 01:00:00,-20.875,26.105,136.41666666666666,21.388333333333332,966.01
2019-08-06 02:00:00,-21.226666666666667,27.0,141.38333333333333,16.478333333333335,966.9166666666666
2019-08-06 03:00:00,-22.576666666666664,26.358333333333334,170.1,13.588333333333333,967.4266666666666
2019-08-06 04:00:00,-22.921666666666667,26.125,174.01666666666668,15.131666666666666,967.5483333333334
2019-08-06 05:00:00,-23.383333333333333,26.875,176.08333333333334,8.495,967.8983333333333
2019-08-06 06:00:00,-23.528333333333332,24.834999999999997,174.35,15.53,967.895
2019-08-06 07:00:00,-23.845000000000002,26.098333333333336,176.2,16.521666666666665,967.9
2019-08-06 08:00:00,-24.023333333333333,27.15,178.61666666666667,15.656666666666666,967.9433333333333
2019-08-06 09:00:00,-24.296666666666667,28.93,193.4,12.95,968.2183333333334
2019-08-06 10:00:00,-24.470000000000002,29.316666666666666,187.65,13.988333333333333,968.4033333333333
2019-08-06 11:00:00,-25.16166666666667,31.026666666666664,184.08333333333334,18.723333333333336,968.1666666666666
2019-08-06 12:00:00,-24.490000000000002,29.828333333333333,185.18333333333334,14.201666666666666,968.275
2019-08-06 13:00:00,-23.983333333333334,28.353333333333335,190.45,11.481666666666666,968.4333333333333
2019-08-06 14:00:00,-25.084999999999997,29.216666666666665,186.66666666666666,14.798333333333334,968.5733333333334
2019-08-06 15:00:00,-24.98166666666667,28.959999999999997,188.95,12.446666666666665,968.825
2019-08-06 16:00:00,-23.511666666666667,24.978333333333335,176.35,7.033333333333333,969.1683333333333
2019-08-06 17:00:00,-24.296666666666667,27.196666666666665,154.78333333333333,7.171666666666667,969.1333333333333
2019-08-06 18:00:00,-23.611666666666668,25.10666666666667,173.83333333333334,7.176666666666667,969.2416666666667
2019-08-06 19:00:00,-24.215,26.006666666666668,133.45,4.765,969.4983333333333
2019-08-06 20:00:00,-25.263333333333332,29.65,144.86666666666667,2.3033333333333332,969.94
2019-08-06 21:00:00,-25.42,30.363333333333333,129.43333333333334,2.27,970.5066666666667
2019-08-06 22:00:00,-23.985,27.76833333333333,164.58333333333334,6.666666666666667,970.98
2019-08-06 23:00:00,-21.391666666666666,24.91,152.76666666666668,10.918333333333333,971.185
2019-08-07 00:00:00,-21.621666666666666,25.121666666666666,170.41666666666666,6.73,971.7766666666666
2019-08-07 01:00:00,-23.67,29.8,143.86666666666667,3.128333333333333,972.3033333333333
2019-08-07 02:00:00,-25.448333333333334,34.25,225.28333333333333,1.375,972.9283333333333
2019-08-07 03:00:00,-24.82,34.836666666666666,261.76666666666665,2.5283333333333333,973.5550000000001
2019-08-07 04:00:00,-26.331666666666667,36.87,206.58333333333334,2.8383333333333334,974.1366666666667
2019-08-07 05:00:00,-21.601666666666667,29.848333333333336,143.6,11.003333333333334,974.28
2019-08-07 06:00:00,-20.283333333333335,25.453333333333333,164.46666666666667,19.759999999999998,974.3366666666666
2019-08-07 07:00:00,-19.56,26.346666666666668,162.9,19.055,974.41
2019-08-07 08:00:00,-20.573333333333334,27.81,172.41666666666666,17.375,974.4133333333333
2019-08-07 09:00:00,-21.05,26.33833333333333,174.28333333333333,20.078333333333333,974.2733333333333
2019-08-07 10:00:00,-22.368333333333332,28.763333333333332,176.45,20.12,974.2866666666666
2019-08-07 11:00:00,-21.926666666666666,30.321666666666665,172.43333333333334,21.175,974.225
2019-08-07 12:00:00,-20.473333333333336,30.898333333333333,168.95,21.101666666666667,974.1316666666667
2019-08-07 13:00:00,-19.05,29.470000000000002,159.68333333333334,23.256666666666668,974.0433333333333
2019-08-07 14:00:00,-19.026666666666664,29.636666666666667,166.96666666666667,17.77,974.0383333333334
2019-08-07 15:00:00,-19.908333333333335,28.951666666666664,171.46666666666667,19.863333333333333,973.64
2019-08-07 16:00:00,-19.886666666666667,29.316666666666666,168.61666666666667,21.416666666666668,973.2216666666667
2019-08-07 17:00:00,-18.788333333333334,27.256666666666668,164.05,27.483333333333334,972.8366666666666
2019-08-07 18:00:00,-18.758333333333333,27.58833333333333,164.18333333333334,26.84333333333333,972.7366666666668
2019-08-07 19:00:00,-18.46833333333333,27.623333333333335,164.33333333333334,25.973333333333336,972.64
2019-08-07 20:00:00,-18.688333333333333,28.125,167.35,23.116666666666667,972.3433333333334
2019-08-07 21:00:00,-18.836666666666666,27.970000000000002,168.86666666666667,22.596666666666668,972.1416666666667
2019-08-07 22:00:00,-18.93,28.538333333333334,169.4,22.584999999999997,971.9983333333333
2019-08-07 23:00:00,-18.654999999999998,28.226666666666667,168.08333333333334,23.015,971.865
2019-08-08 00:00:00,-18.19,26.955,166.66666666666666,23.836666666666666,971.7766666666666
2019-08-08 01:00:00,-17.48166666666667,25.535,162.68333333333334,23.873333333333335,971.795
2019-08-08 02:00:00,-17.425,26.263333333333332,162.01666666666668,23.328333333333333,972.075
2019-08-08 03:00:00,-17.203333333333333,26.59,167.05,21.573333333333334,972.3216666666666
2019-08-08 04:00:00,-16.936666666666667,26.246666666666666,159.06666666666666,22.823333333333334,972.435
2019-08-08 05:00:00,-16.538333333333334,27.541666666666668,152.16666666666666,18.33833333333333,973.0550000000001
2019-08-08 06:00:00,-16.831666666666667,26.996666666666666,155.18333333333334,19.188333333333333,973.3283333333333
2019-08-08 07:00:00,-17.415000000000003,28.066666666666666,160.53333333333333,17.623333333333335,973.255
2019-08-08 08:00:00,-18.091666666666665,27.983333333333334,163.9,20.235,973.05
2019-08-08 09:00:00,-17.673333333333336,29.996666666666666,152.48333333333332,25.716666666666665,972.6683333333333
2019-08-08 10:00:00,-16.646666666666665,27.125,158.81666666666666,19.945,972.2733333333333
2019-08-08 11:00:00,-17.228333333333335,29.203333333333333,169.4,25.026666666666664,972.13
2019-08-08 12:00:00,-16.08,26.458333333333332,154.6,22.95,971.3416666666667
2019-08-08 13:00:00,-15.678333333333335,25.985,147.71666666666667,23.821666666666665,971.225
2019-08-08 14:00:00,-15.615,28.636666666666667,140.13333333333333,22.028333333333332,971.3266666666666
2019-08-08 15:00:00,-15.85,30.605,140.21666666666667,22.001666666666665,970.9916666666667
2019-08-08 16:00:00,-15.161666666666667,30.666666666666668,131.1,23.513333333333332,970.4166666666666
2019-08-08 17:00:00,-14.74,29.125,122.86666666666666,21.46833333333333,970.3566666666667
2019-08-08 18:00:00,-14.736666666666668,28.91166666666667,124.18333333333334,20.701666666666664,970.4699999999999
2019-08-08 19:00:00,-14.681666666666667,28.0,123.86666666666666,20.065,970.4533333333333
2019-08-08 20:00:00,-14.483333333333333,26.785,120.4,19.015,970.3033333333333
2019-08-08 21:00:00,-14.753333333333334,27.871666666666666,120.68333333333334,16.941666666666666,970.3416666666667
2019-08-08 22:00:00,-14.886666666666667,27.69,121.86666666666666,18.363333333333333,970.1633333333334
2019-08-08 23:00:00,-14.756666666666666,26.575,117.38333333333334,16.654999999999998,969.795
2019-08-09 00:00:00,-14.953333333333335,26.683333333333334,114.8,16.046666666666667,969.7516666666667
2019-08-09 01:00:00,-15.493333333333334,28.27,119.95,15.586666666666668,969.59
2019-08-09 02:00:00,-15.528333333333334,27.696666666666665,120.76666666666667,15.585,969.305
2019-08-09 03:00:00,-15.28,25.586666666666666,123.81666666666666,17.148333333333333,969.3266666666666
2019-08-09 04:00:00,-15.996666666666666,27.746666666666666,126.5,17.0,969.4583333333334
2019-08-09 05:00:00,-15.525,24.92,130.26666666666668,17.759999999999998,969.465
2019-08-09 06:00:00,-15.371666666666666,24.511666666666667,117.36666666666666,17.671666666666667,969.7983333333334
2019-08-09 07:00:00,-15.455,25.42,113.8,16.295,969.9683333333334
2019-08-09 08:00:00,-15.313333333333333,25.19,112.55,17.283333333333335,969.7083333333334
2019-08-09 09:00:00,-15.225,25.35666666666667,114.81666666666666,21.013333333333332,969.6516666666666
2019-08-09 10:00:00,-15.51,28.12,114.5,22.348333333333336,969.8683333333333
2019-08-09 11:00:00,-15.616666666666667,29.865000000000002,116.31666666666666,21.83833333333333,969.9416666666667
2019-08-09 12:00:00,-15.726666666666667,31.683333333333334,117.98333333333333,21.115000000000002,970.2583333333333
2019-08-09 13:00:00,-16.111666666666668,33.843333333333334,114.98333333333333,22.7,970.3066666666667
2019-08-09 14:00:00,-16.32,34.56166666666666,119.55,22.85,970.325
2019-08-09 15:00:00,-16.5,34.925,113.3,21.875,970.135
2019-08-09 16:00:00,-16.791666666666668,35.55333333333333,108.66666666666667,21.048333333333336,970.4766666666667
2019-08-09 17:00:00,-17.013333333333335,35.42833333333333,117.43333333333334,20.615000000000002,970.9316666666667
2019-08-09 18:00:00,-16.901666666666664,34.269999999999996,121.81666666666666,20.446666666666665,970.995
2019-08-09 19:00:00,-16.846666666666668,34.431666666666665,123.7,18.98166666666667,970.9966666666667
2019-08-09 20:00:00,-16.91,34.34166666666667,120.91666666666667,18.221666666666668,970.9683333333334
2019-08-09 21:00:00,-16.88,35.07666666666667,121.33333333333333,18.061666666666667,971.005
2019-08-09 22:00:00,-16.773333333333333,35.245,129.83333333333334,18.396666666666665,970.6800000000001
2019-08-09 23:00:00,-17.446666666666665,36.985,143.15,15.715,970.5216666666668
2019-08-10 00:00:00,-17.18,32.99333333333333,136.46666666666667,14.84,970.4966666666667
2019-08-10 01:00:00,-17.626666666666665,32.413333333333334,145.06666666666666,14.731666666666666,970.5266666666666
2019-08-10 02:00:00,-17.831666666666667,31.38,141.95,13.389999999999999,970.2683333333333
2019-08-10 03:00:00,-18.171666666666667,31.81,152.31666666666666,16.535,970.1533333333334
2019-08-10 04:00:00,-18.298333333333336,30.81,155.9,16.768333333333334,970.4466666666666
2019-08-10 05:00:00,-18.636666666666667,31.996666666666666,124.46666666666667,5.943333333333333,971.0833333333334
2019-08-10 06:00:00,-19.09333333333333,29.325,142.83333333333334,12.016666666666667,971.2083333333334
2019-08-10 07:00:00,-19.295,28.388333333333332,158.36666666666667,15.121666666666668,971.3783333333333
2019-08-10 08:00:00,-19.706666666666667,30.131666666666668,189.1,9.866666666666667,971.8666666666667
2019-08-10 09:00:00,-20.336666666666666,33.18666666666667,136.83333333333334,3.69,972.3666666666667
2019-08-10 10:00:00,-19.4,28.198333333333334,147.63333333333333,13.683333333333334,972.275
2019-08-10 11:00:00,-19.1,27.35,147.7,14.381666666666666,972.435
2019-08-10 12:00:00,-18.959999999999997,26.398333333333333,167.01666666666668,11.085,972.5883333333334
2019-08-10 13:00:00,-19.221666666666668,27.488333333333333,97.45,5.908333333333333,973.1483333333333
2019-08-10 14:00:00,-19.826666666666664,28.03166666666667,113.36666666666666,5.3116666666666665,973.5033333333333
2019-08-10 15:00:00,-20.596666666666668,29.71833333333333,92.05,3.408333333333333,974.1516666666666
2019-08-10 16:00:00,-20.825,29.496666666666666,136.66666666666666,3.3433333333333333,974.3283333333333
2019-08-10 17:00:00,-22.033333333333335,33.123333333333335,172.75,2.0466666666666664,974.6266666666667
2019-08-10 18:00:00,-22.715,34.94833333333334,161.35,3.1700000000000004,974.85
2019-08-10 19:00:00,-20.57,25.255,144.53333333333333,11.656666666666666,974.8
2019-08-10 20:00:00,-20.515,24.92,147.06666666666666,14.186666666666667,974.7916666666666
2019-08-10 21:00:00,-20.496666666666666,24.796666666666667,153.31666666666666,13.916666666666666,974.7716666666668
2019-08-10 22:00:00,-20.673333333333336,26.046666666666667,123.06666666666666,9.326666666666666,974.81
2019-08-10 23:00:00,-20.290000000000003,25.803333333333335,146.71666666666667,14.001666666666667,974.7133333333334
2019-08-11 00:00:00,-20.075,25.473333333333336,139.41666666666666,12.613333333333333,974.7266666666667
2019-08-11 01:00:00,-20.586666666666666,27.491666666666667,129.7,5.913333333333333,974.7666666666667
2019-08-11 02:00:00,-22.89333333333333,35.973333333333336,136.83333333333334,3.1016666666666666,974.505
2019-08-11 03:00:00,-20.63,29.678333333333335,119.7,8.243333333333334,974.0550000000001
2019-08-11 04:00:00,-20.203333333333333,28.66166666666667,137.9,11.593333333333334,973.6550000000001
2019-08-11 05:00:00,-19.595000000000002,26.581666666666667,142.8,15.663333333333332,973.0983333333334
2019-08-11 06:00:00,-19.31833333333333,26.233333333333334,144.95,13.713333333333333,973.0183333333333
2019-08-11 07:00:00,-19.751666666666665,27.959999999999997,127.25,8.701666666666666,972.7316666666667
2019-08-11 08:00:00,-20.308333333333334,29.865000000000002,101.13333333333334,3.9566666666666666,972.455
2019-08-11 09:00:00,-20.293333333333333,29.495,89.43333333333334,3.145,972.2566666666667
2019-08-11 10:00:00,-19.61,28.2,136.83333333333334,10.675,971.7566666666667
2019-08-11 11:00:00,-19.015,27.131666666666668,148.76666666666668,13.298333333333334,971.2966666666667
2019-08-11 12:00:00,-18.868333333333332,26.428333333333335,139.36666666666667,13.056666666666667,970.7066666666667
2019-08-11 13:00:00,-18.965,25.523333333333333,149.58333333333334,13.863333333333333,970.1333333333333
2019-08-11 14:00:00,-20.05666666666667,27.756666666666668,150.83333333333334,9.498333333333333,969.8366666666666
2019-08-11 15:00:00,-20.0,27.081666666666667,163.1,14.175,969.115
2019-08-11 16:00:00,-20.063333333333333,26.881666666666668,144.13333333333333,11.036666666666667,968.7133333333334
2019-08-11 17:00:00,-20.136666666666667,27.108333333333334,146.36666666666667,8.393333333333334,968.2716666666668
2019-08-11 18:00:00,-21.163333333333334,29.78166666666667,155.95,9.826666666666666,967.6949999999999
2019-08-11 19:00:00,-20.591666666666665,28.883333333333333,170.8,17.85666666666667,966.8866666666667
2019-08-11 20:00:00,-21.40666666666667,31.811666666666667,175.63333333333333,17.216666666666665,966.2366666666666
2019-08-11 21:00:00,-21.108333333333334,30.565,157.08333333333334,8.046666666666667,966.4866666666666
2019-08-11 22:00:00,-21.836666666666666,32.035,177.15,13.455,965.755
2019-08-11 23:00:00,-22.46833333333333,32.89333333333333,182.45,14.458333333333334,965.4766666666667
2019-08-12 00:00:00,-22.55666666666667,33.265,185.4,13.671666666666665,965.1816666666667
2019-08-12 01:00:00,-22.868333333333332,33.934999999999995,186.7,11.965,964.9733333333334
2019-08-12 02:00:00,-23.381666666666668,34.39666666666667,179.2,12.251666666666667,964.5233333333333
2019-08-12 03:00:00,-23.456666666666667,35.625,186.16666666666666,10.403333333333334,964.1533333333334
2019-08-12 04:00:00,-23.668333333333333,36.51,189.25,9.72,963.7916666666666
2019-08-12 05:00:00,-23.848333333333336,36.51833333333333,162.16666666666666,5.733333333333333,963.735
2019-08-12 06:00:00,-24.07,38.54333333333333,158.56666666666666,4.14,963.5966666666667
2019-08-12 07:00:00,-24.591666666666665,38.12166666666667,153.5,2.68,963.3183333333333
2019-08-12 08:00:00,-26.878333333333334,42.276666666666664,151.56666666666666,1.99,963.215
2019-08-12 09:00:00,-25.435,39.776666666666664,184.36666666666667,3.078333333333333,963.1466666666668
2019-08-12 10:00:00,-27.055,42.79833333333333,95.7,2.77,963.3416666666667
2019-08-12 11:00:00,-25.053333333333335,40.33833333333334,189.5,2.2216666666666667,963.3566666666667
2019-08-12 12:00:00,-27.808333333333334,39.72166666666667,103.88333333333334,2.195,963.3166666666667
2019-08-12 13:00:00,-29.886666666666667,42.07166666666667,83.6,2.1266666666666665,963.2366666666666
2019-08-12 14:00:00,-30.625,43.22666666666667,148.31666666666666,2.9883333333333337,963.3866666666667
2019-08-12 15:00:00,-30.795,43.88333333333333,232.06666666666666,2.4166666666666665,963.4783333333332
2019-08-12 16:00:00,-31.778333333333332,44.82666666666667,274.8333333333333,3.6566666666666667,963.7733333333333
2019-08-12 17:00:00,-31.09,47.515,203.56666666666666,3.0433333333333334,964.2066666666667
2019-08-12 18:00:00,-29.86,47.906666666666666,61.86666666666667,3.83,964.3983333333333
2019-08-12 19:00:00,-29.845000000000002,48.39,94.0,2.9616666666666664,964.7333333333333
2019-08-12 20:00:00,-30.186666666666667,55.815000000000005,109.91666666666667,2.4433333333333334,964.7883333333334
2019-08-12 21:00:00,-28.938333333333333,50.31333333333334,195.11666666666667,1.7283333333333333,964.6633333333334
2019-08-12 22:00:00,-25.240000000000002,42.37166666666667,125.78333333333333,10.871666666666666,964.55
2019-08-12 23:00:00,-23.134999999999998,40.45333333333333,137.8,18.56,964.86
2019-08-13 00:00:00,-22.535,42.025,128.23333333333332,15.401666666666667,965.685
2019-08-13 01:00:00,-22.88,36.919999999999995,125.98333333333333,15.286666666666667,966.0666666666667
2019-08-13 02:00:00,-23.271666666666665,36.04833333333333,115.4,14.565,966.88
2019-08-13 03:00:00,-23.703333333333333,38.47666666666667,102.0,11.793333333333333,967.5016666666667
2019-08-13 04:00:00,-24.043333333333333,37.76,100.93333333333334,10.278333333333334,967.8366666666666
2019-08-13 05:00:00,-24.388333333333332,37.95666666666667,111.18333333333334,9.231666666666666,968.0316666666666
2019-08-13 06:00:00,-24.45,36.83166666666667,118.75,9.325,968.265
2019-08-13 07:00:00,-24.535,34.68,106.06666666666666,8.303333333333333,968.5133333333334
2019-08-13 08:00:00,-24.64333333333333,32.1,103.63333333333334,8.071666666666667,968.6216666666667
2019-08-13 09:00:00,-23.803333333333335,25.834999999999997,108.8,13.94,968.625
2019-08-13 10:00:00,-23.73166666666667,25.033333333333335,121.03333333333333,17.06,968.91
2019-08-13 11:00:00,-23.86,27.521666666666665,116.15,17.17,969.395
2019-08-13 12:00:00,-24.391666666666666,30.325,117.26666666666667,16.418333333333333,969.6683333333333
2019-08-13 13:00:00,-24.453333333333333,29.738333333333333,105.85,14.783333333333333,969.9683333333334
2019-08-13 14:00:00,-24.34333333333333,28.103333333333335,97.11666666666666,13.615,970.075
2019-08-13 15:00:00,-24.683333333333334,27.808333333333334,95.31666666666666,13.9,970.1366666666667
2019-08-13 16:00:00,-24.763333333333332,28.916666666666668,98.06666666666666,12.963333333333333,970.2516666666667
2019-08-13 17:00:00,-24.646666666666665,30.238333333333333,111.13333333333334,10.688333333333333,970.115
2019-08-13 18:00:00,-24.723333333333336,27.886666666666667,108.35,15.998333333333333,970.3366666666666
2019-08-13 19:00:00,-25.041666666666668,29.785,107.43333333333334,15.67,970.5366666666666
2019-08-13 20:00:00,-24.968333333333337,30.851666666666667,107.61666666666666,13.391666666666667,970.5883333333334
2019-08-13 21:00:00,-24.711666666666666,31.60666666666667,113.15,16.958333333333332,970.3366666666666
2019-08-13 22:00:00,-24.94,33.04333333333333,121.7,17.59,970.3833333333333
2019-08-13 23:00:00,-24.895,29.185,116.38333333333334,15.501666666666667,970.3883333333332
2019-08-14 00:00:00,-24.986666666666668,29.253333333333334,110.93333333333334,13.848333333333333,970.3633333333333
2019-08-14 01:00:00,-25.535,30.636666666666667,108.51666666666667,14.333333333333334,970.6816666666667
2019-08-14 02:00:00,-25.720000000000002,31.076666666666664,108.65,14.853333333333333,971.0166666666667
2019-08-14 03:00:00,-25.67,28.75,109.93333333333334,14.383333333333333,970.6783333333333
2019-08-14 04:00:00,-25.64333333333333,28.904999999999998,112.68333333333334,11.711666666666668,970.6466666666668
2019-08-14 05:00:00,-25.73,29.886666666666667,112.7,7.973333333333333,970.8666666666667
2019-08-14 06:00:00,-25.6,26.753333333333334,132.88333333333333,11.354999999999999,970.8583333333333
2019-08-14 07:00:00,-26.166666666666668,26.263333333333332,143.6,10.854999999999999,971.1483333333333
2019-08-14 08:00:00,-26.991666666666667,27.386666666666667,122.71666666666667,7.968333333333334,971.45
2019-08-14 09:00:00,-26.658333333333335,25.78166666666667,137.9,12.708333333333334,971.2816666666666
2019-08-14 10:00:00,-26.03666666666667,26.208333333333332,134.85,12.379999999999999,971.2883333333334
2019-08-14 11:00:00,-25.88,23.39,156.66666666666666,16.11,971.5316666666666
2019-08-14 12:00:00,-26.07,24.458333333333332,164.51666666666668,12.396666666666667,971.7666666666667
2019-08-14 13:00:00,-26.075,24.086666666666666,164.05,10.086666666666668,971.9716666666667
2019-08-14 14:00:00,-25.733333333333334,21.57,149.1,9.17,971.7016666666666
2019-08-14 15:00:00,-26.10666666666667,21.805,152.05,9.491666666666667,971.6733333333334
2019-08-14 16:00:00,-28.063333333333333,29.685,226.98333333333332,3.118333333333333,971.8316666666667
2019-08-14 17:00:00,-29.85666666666667,35.144999999999996,251.16666666666666,2.435,972.2533333333333
2019-08-14 18:00:00,-30.10666666666667,33.556666666666665,255.28333333333333,5.625,972.6066666666667
2019-08-14 19:00:00,-29.709999999999997,29.723333333333336,185.73333333333332,11.845,972.3116666666666
2019-08-14 20:00:00,-30.071666666666665,30.34333333333333,196.2,7.778333333333333,972.6416666666667
2019-08-14 21:00:00,-31.545,35.47166666666667,287.8,3.8016666666666667,972.74
2019-08-14 22:00:00,-31.441666666666666,36.39,290.15,4.065,972.9599999999999
2019-08-14 23:00:00,-31.888333333333332,37.473333333333336,290.18333333333334,3.868333333333333,973.065
2019-08-15 00:00:00,-32.52,39.29,221.8,4.1066666666666665,973.3316666666667
2019-08-15 01:00:00,-31.166666666666668,34.458333333333336,251.23333333333332,2.993333333333333,973.285
2019-08-15 02:00:00,-30.986666666666668,32.806666666666665,208.33333333333334,3.728333333333333,973.1183333333333
2019-08-15 03:00:00,-30.761666666666667,30.733333333333334,249.26666666666668,3.2616666666666663,973.1183333333333
2019-08-15 04:00:00,-31.648333333333333,33.595,288.71666666666664,2.6366666666666663,973.255
2019-08-15 05:00:00,-31.226666666666667,33.01166666666667,277.7,3.2449999999999997,973.225
2019-08-15 06:00:00,-30.226666666666667,30.396666666666665,202.2,8.76,973.3016666666666
2019-08-15 07:00:00,-31.78666666666667,32.76166666666667,273.15,4.091666666666667,973.9666666666667
2019-08-15 08:00:00,-31.291666666666668,32.905,247.65,2.771666666666667,974.135
2019-08-15 09:00:00,-30.404999999999998,30.941666666666666,184.88333333333333,2.665,974.3483333333334
2019-08-15 10:00:00,-29.971666666666668,30.498333333333335,180.8,5.963333333333334,974.2900000000001
2019-08-15 11:00:00,-29.89333333333333,30.645,188.51666666666668,8.556666666666667,974.2216666666667
2019-08-15 12:00:00,-29.471666666666668,31.038333333333334,197.33333333333334,6.571666666666667,974.4433333333333
2019-08-15 13:00:00,-29.423333333333336,30.305,134.88333333333333,2.3033333333333332,974.6683333333333
2019-08-15 14:00:00,-29.48,30.05,193.58333333333334,4.488333333333333,974.4933333333333
2019-08-15 15:00:00,-30.765,30.075,187.18333333333334,8.371666666666666,974.275
2019-08-15 16:00:00,-29.663333333333334,27.123333333333335,139.71666666666667,2.515,974.2533333333333
2019-08-15 17:00:00,-29.871666666666666,28.326666666666664,172.36666666666667,4.233333333333333,974.0466666666667
2019-08-15 18:00:00,-28.091666666666665,21.6,155.11666666666667,15.166666666666666,973.3199999999999
2019-08-15 19:00:00,-27.81,20.77,160.18333333333334,14.548333333333334,972.8933333333333
2019-08-15 20:00:00,-27.753333333333334,22.186666666666667,109.35,9.465,972.6983333333334
2019-08-15 21:00:00,-28.098333333333336,25.67,85.1,4.578333333333333,972.4383333333334
2019-08-15 22:00:00,-27.634999999999998,26.251666666666665,132.68333333333334,11.573333333333332,971.8333333333334
2019-08-15 23:00:00,-27.21333333333333,25.251666666666665,142.28333333333333,18.358333333333334,971.25
2019-08-16 00:00:00,-27.871666666666666,30.15666666666667,109.5,9.206666666666667,971.4316666666667
2019-08-16 01:00:00,-28.16,28.61,95.03333333333333,6.0233333333333325,970.7266666666667
2019-08-16 02:00:00,-26.279999999999998,24.958333333333332,144.16666666666666,20.403333333333332,969.3183333333333
2019-08-16 03:00:00,-25.663333333333334,26.716666666666665,158.11666666666667,26.60666666666667,968.0583333333333
2019-08-16 04:00:00,-25.133333333333333,28.626666666666665,158.03333333333333,28.0,966.9599999999999
2019-08-16 05:00:00,-24.751666666666665,29.506666666666668,157.48333333333332,28.56,966.0033333333333
2019-08-16 06:00:00,-24.395,29.223333333333336,159.93333333333334,26.351666666666667,965.1800000000001
2019-08-16 07:00:00,-24.35,30.485,162.05,25.3,964.37
2019-08-16 08:00:00,-23.558333333333334,30.961666666666666,158.16666666666666,29.865000000000002,963.385
2019-08-16 09:00:00,-22.895,31.228333333333335,153.91666666666666,31.103333333333335,962.6466666666668
2019-08-16 10:00:00,-22.31833333333333,30.176666666666666,151.28333333333333,28.803333333333335,962.4883333333333
2019-08-16 11:00:00,-21.736666666666668,30.55,151.68333333333334,28.631666666666668,961.8233333333334
2019-08-16 12:00:00,-21.398333333333333,32.431666666666665,151.91666666666666,28.438333333333333,961.2733333333333
2019-08-16 13:00:00,-20.233333333333334,32.875,149.45,24.746666666666666,960.8283333333333
2019-08-16 14:00:00,-19.651666666666664,34.75666666666667,135.56666666666666,20.316666666666666,960.3083333333333
2019-08-16 15:00:00,-19.081666666666667,34.75333333333333,119.68333333333334,15.983333333333333,959.86
2019-08-16 16:00:00,-19.191666666666666,36.32833333333333,109.38333333333334,13.946666666666665,959.745
2019-08-16 17:00:00,-18.915000000000003,37.42666666666666,109.91666666666667,14.431666666666667,959.595
2019-08-16 18:00:00,-19.43166666666667,38.861666666666665,104.0,14.173333333333334,959.5116666666667
2019-08-16 19:00:00,-19.793333333333333,42.516666666666666,97.4,13.905,959.9233333333334
2019-08-16 20:00:00,-20.293333333333333,47.135,99.61666666666666,10.468333333333334,960.465
2019-08-16 21:00:00,-20.921666666666667,52.04333333333333,89.61666666666666,9.036666666666667,960.955
2019-08-16 22:00:00,-22.73,54.2,75.73333333333333,4.038333333333333,961.85
2019-08-16 23:00:00,-22.839999999999996,55.08166666666667,109.38333333333334,2.415,962.4533333333333
2019-08-17 00:00:00,-22.798333333333336,52.788333333333334,149.33333333333334,1.8566666666666665,963.1066666666667
2019-08-17 01:00:00,-22.84333333333333,55.36,105.08333333333333,2.2449999999999997,963.94
2019-08-17 02:00:00,-22.98,58.75666666666667,112.28333333333333,1.9516666666666667,964.575
2019-08-17 03:00:00,-23.383333333333333,55.675,181.23333333333332,0.8833333333333333,965.5433333333333
2019-08-17 04:00:00,-23.668333333333333,58.67166666666667,184.1,0.9483333333333334,966.545
2019-08-17 05:00:00,-23.586666666666666,59.931666666666665,267.26666666666665,1.9966666666666666,967.7133333333334
2019-08-17 06:00:00,-24.15,60.419999999999995,238.41666666666666,1.0866666666666667,968.51
2019-08-17 07:00:00,-24.855,59.97166666666667,227.86666666666667,1.3766666666666665,969.5533333333333
2019-08-17 08:00:00,-25.596666666666668,59.07333333333334,203.23333333333332,1.6033333333333333,970.6383333333334
2019-08-17 09:00:00,-26.388333333333332,60.285,152.81666666666666,1.3633333333333333,971.8683333333333
2019-08-17 10:00:00,-25.44,59.59166666666667,109.6,1.4683333333333333,973.2083333333334
2019-08-17 11:00:00,-25.111666666666668,61.348333333333336,125.53333333333333,1.9333333333333333,974.9116666666666
2019-08-17 12:00:00,-24.45,60.47666666666667,192.7,1.9883333333333333,976.45
2019-08-17 13:00:00,-23.648333333333333,56.39833333333333,184.51666666666668,1.0033333333333334,977.625
2019-08-17 14:00:00,-25.488333333333333,58.44166666666667,134.78333333333333,1.93,978.5866666666666
2019-08-17 15:00:00,-26.916666666666668,60.64666666666667,131.21666666666667,2.2766666666666664,979.1766666666666
2019-08-17 16:00:00,-27.063333333333333,60.791666666666664,168.06666666666666,1.6116666666666668,979.4483333333334
2019-08-17 17:00:00,-26.991666666666667,59.89,245.43333333333334,2.06,980.0400000000001
2019-08-17 18:00:00,-27.111666666666668,59.845,252.03333333333333,1.635,980.2983333333334
2019-08-17 19:00:00,-27.75,60.74666666666667,199.2,2.671666666666667,980.5849999999999
2019-08-17 20:00:00,-27.811666666666667,61.30833333333333,230.3,2.4266666666666667,980.7783333333333
2019-08-17 21:00:00,-28.726666666666667,59.96333333333334,180.33333333333334,1.8316666666666668,980.8783333333333
2019-08-17 22:00:00,-28.276666666666664,61.9,218.96666666666667,1.8633333333333333,980.9033333333333
2019-08-17 23:00:00,-28.128333333333334,61.87833333333333,199.65,2.618333333333333,980.7016666666666
2019-08-18 00:00:00,-28.31833333333333,62.63666666666666,219.58333333333334,3.6016666666666666,980.9783333333332
2019-08-18 01:00:00,-28.146666666666665,63.48833333333334,207.88333333333333,3.5949999999999998,980.5616666666666
2019-08-18 02:00:00,-27.301666666666666,62.21666666666667,239.26666666666668,1.9566666666666668,980.0699999999999
2019-08-18 03:00:00,-24.051666666666666,49.96666666666667,155.18333333333334,8.27,979.3266666666666
2019-08-18 04:00:00,-18.265,34.053333333333335,128.13333333333333,18.003333333333334,978.5633333333334
2019-08-18 05:00:00,-17.663333333333334,32.91833333333333,117.31666666666666,16.938333333333333,978.5866666666667
2019-08-18 06:00:00,-17.528333333333332,33.96666666666667,119.11666666666666,17.62,978.605
2019-08-18 07:00:00,-17.53666666666667,36.18,122.01666666666667,18.4,978.3366666666666
2019-08-18 08:00:00,-17.42,41.29,122.76666666666667,18.904999999999998,978.11
2019-08-18 09:00:00,-17.59,55.32833333333333,121.2,17.208333333333332,978.1366666666668
2019-08-18 10:00:00,-17.383333333333333,60.50333333333333,109.43333333333334,16.745,978.15
2019-08-18 11:00:00,-17.311666666666667,65.055,109.13333333333334,16.538333333333334,978.1666666666666
2019-08-18 12:00:00,-16.863333333333333,61.71333333333334,115.35,17.081666666666667,978.23
2019-08-18 13:00:00,-16.6,57.044999999999995,118.15,17.255,978.1416666666667
2019-08-18 14:00:00,-16.168333333333333,53.916666666666664,113.61666666666666,17.421666666666667,977.8549999999999
2019-08-18 15:00:00,-15.895000000000001,51.8,121.15,19.765,977.4483333333334
2019-08-18 16:00:00,-15.79,56.115,122.53333333333333,19.68166666666667,977.4183333333333
2019-08-18 17:00:00,-15.621666666666666,56.005,116.61666666666666,18.57,977.44
2019-08-18 18:00:00,-15.583333333333334,58.04666666666667,121.61666666666666,18.746666666666666,976.9033333333333
2019-08-18 19:00:00,-15.856666666666666,72.70666666666666,122.86666666666666,20.081666666666667,976.7266666666667
2019-08-18 20:00:00,-15.601666666666667,76.28999999999999,128.13333333333333,21.398333333333333,976.0466666666667
2019-08-18 21:00:00,-15.253333333333334,78.96333333333334,131.25,21.736666666666668,975.5849999999999
2019-08-18 22:00:00,-14.963333333333333,79.05666666666666,134.36666666666667,24.15,974.815
2019-08-18 23:00:00,-14.683333333333334,80.31166666666667,133.91666666666666,25.565,974.1516666666666
2019-08-19 00:00:00,-14.479999999999999,79.69666666666667,132.4,24.736666666666668,973.87
2019-08-19 01:00:00,-14.376666666666667,79.64,134.1,24.18,973.5933333333334
2019-08-19 02:00:00,-14.371666666666668,80.27,129.65,23.365000000000002,973.4150000000001
2019-08-19 03:00:00,-14.306666666666668,81.21499999999999,130.38333333333333,24.728333333333335,972.7633333333334
2019-08-19 04:00:00,-14.335,81.335,129.91666666666666,24.995,972.6616666666666
2019-08-19 05:00:00,-14.543333333333333,81.10833333333333,126.41666666666667,24.10666666666667,972.9433333333333
2019-08-19 06:00:00,-14.866666666666667,80.66166666666666,119.95,22.015,973.4316666666667
2019-08-19 07:00:00,-15.046666666666665,80.71833333333333,120.13333333333334,22.386666666666667,973.27
2019-08-19 08:00:00,-14.981666666666666,80.65166666666667,123.7,24.96333333333333,973.25
2019-08-19 09:00:00,-14.895000000000001,81.16666666666667,125.03333333333333,24.80666666666667,973.2733333333333
2019-08-19 10:00:00,-14.555,81.96499999999999,129.55,27.233333333333334,972.9300000000001
2019-08-19 11:00:00,-14.138333333333332,82.295,131.1,32.51166666666667,972.7166666666667
2019-08-19 12:00:00,-13.768333333333334,82.33500000000001,130.01666666666668,32.163333333333334,972.955
2019-08-19 13:00:00,-13.463333333333333,82.22833333333332,130.7,31.871666666666666,972.5816666666667
2019-08-19 14:00:00,-13.285,81.23166666666665,129.6,30.353333333333335,972.7383333333333
2019-08-19 15:00:00,-12.9,79.97833333333332,131.56666666666666,31.658333333333335,972.4966666666667
2019-08-19 16:00:00,-12.608333333333333,79.67333333333333,132.56666666666666,30.741666666666667,972.545
2019-08-19 17:00:00,-12.173333333333334,76.11833333333334,129.73333333333332,27.705,972.7866666666666
2019-08-19 18:00:00,-11.665,72.13833333333334,130.8,27.595000000000002,972.6883333333334
2019-08-19 19:00:00,-11.138333333333332,66.205,130.01666666666668,26.863333333333333,972.3383333333334
2019-08-19 20:00:00,-10.84,58.791666666666664,123.28333333333333,19.44,972.5433333333333
2019-08-19 21:00:00,-11.046666666666665,55.35,123.7,16.541666666666668,972.4633333333334
2019-08-19 22:00:00,-10.993333333333334,56.325,118.06666666666666,16.62,971.89
2019-08-19 23:00:00,-10.403333333333334,50.190000000000005,121.11666666666666,17.493333333333332,971.4683333333334
2019-08-20 00:00:00,-10.386666666666667,47.585,121.55,16.731666666666666,971.1650000000001
2019-08-20 01:00:00,-10.518333333333334,41.85333333333333,123.16666666666667,11.581666666666667,970.9150000000001
2019-08-20 02:00:00,-9.983333333333333,38.345,139.81666666666666,17.17,970.0733333333334
2019-08-20 03:00:00,-9.756666666666666,35.53333333333333,143.51666666666668,17.208333333333332,969.92
2019-08-20 04:00:00,-9.536666666666667,31.279999999999998,132.71666666666667,19.220000000000002,969.5483333333334
2019-08-20 05:00:00,-10.555,37.62833333333333,149.23333333333332,26.59,969.1983333333334
2019-08-20 06:00:00,-10.871666666666666,40.125,156.03333333333333,29.988333333333333,969.1683333333333
2019-08-20 07:00:00,-10.081666666666667,37.175,160.06666666666666,27.009999999999998,969.2783333333333
2019-08-20 08:00:00,-9.996666666666666,38.17666666666666,164.71666666666667,27.611666666666668,969.4233333333334
2019-08-20 09:00:00,-9.623333333333333,36.56666666666667,166.16666666666666,25.740000000000002,969.1016666666667
2019-08-20 10:00:00,-8.956666666666667,33.513333333333335,164.06666666666666,23.37,968.455
2019-08-20 11:00:00,-9.533333333333333,37.94666666666667,168.98333333333332,21.803333333333335,967.955
2019-08-20 12:00:00,-9.886666666666667,41.943333333333335,167.4,21.798333333333336,968.3016666666666
2019-08-20 13:00:00,-8.598333333333333,39.215,164.88333333333333,23.9,968.265
2019-08-20 14:00:00,-8.956666666666667,37.955000000000005,166.53333333333333,21.151666666666664,968.0816666666667
2019-08-20 15:00:00,-9.846666666666666,43.28666666666666,172.43333333333334,24.148333333333333,967.3616666666666
2019-08-20 16:00:00,-9.573333333333332,43.99,170.51666666666668,23.953333333333333,967.5266666666666
2019-08-20 17:00:00,-10.875,44.72,178.38333333333333,25.303333333333335,968.065
2019-08-20 18:00:00,-11.576666666666666,45.60166666666667,178.08333333333334,24.58833333333333,968.42
2019-08-20 19:00:00,-11.268333333333334,43.42166666666667,173.5,21.021666666666665,968.8116666666667
2019-08-20 20:00:00,-12.281666666666666,42.24,139.43333333333334,11.938333333333333,969.355
2019-08-20 21:00:00,-15.888333333333332,47.93,190.26666666666668,4.786666666666666,970.6016666666667
2019-08-20 22:00:00,-17.459999999999997,55.711666666666666,195.06666666666666,3.871666666666667,971.2166666666667
2019-08-20 23:00:00,-16.38,54.82666666666667,274.93333333333334,5.838333333333334,971.33
2019-08-21 00:00:00,-15.963333333333333,52.625,265.8,6.916666666666667,971.36
2019-08-21 01:00:00,-15.254999999999999,47.99666666666667,248.05,3.8583333333333334,971.05
2019-08-21 02:00:00,-15.639999999999999,49.318333333333335,145.78333333333333,5.133333333333334,970.875
2019-08-21 03:00:00,-18.118333333333332,56.3,128.58333333333334,4.233333333333333,970.8866666666667
2019-08-21 04:00:00,-19.16166666666667,57.05833333333333,141.78333333333333,4.818333333333333,971.0633333333334
2019-08-21 05:00:00,-19.31833333333333,56.455000000000005,237.06666666666666,3.353333333333333,970.9516666666666
2019-08-21 06:00:00,-18.131666666666668,54.59666666666667,208.78333333333333,3.066666666666667,970.63
2019-08-21 07:00:00,-17.288333333333334,51.20166666666667,255.2,4.54,970.6433333333333
2019-08-21 08:00:00,-17.446666666666665,50.34666666666667,184.25,3.4733333333333336,971.2283333333332
2019-08-21 09:00:00,-16.233333333333334,46.60666666666667,183.93333333333334,5.371666666666667,971.1183333333333
2019-08-21 10:00:00,-14.368333333333334,38.00666666666667,115.51666666666667,9.216666666666667,970.9766666666667
2019-08-21 11:00:00,-14.639999999999999,40.419999999999995,140.53333333333333,14.248333333333333,970.7033333333333
2019-08-21 12:00:00,-14.351666666666667,37.97166666666667,131.7,17.33833333333333,970.4266666666666
2019-08-21 13:00:00,-14.106666666666666,33.52166666666667,146.86666666666667,23.053333333333335,970.1566666666666
2019-08-21 14:00:00,-14.358333333333333,32.47666666666667,160.38333333333333,21.376666666666665,970.2033333333333
2019-08-21 15:00:00,-15.014999999999999,36.57,162.36666666666667,21.96333333333333,970.1800000000001
2019-08-21 16:00:00,-15.656666666666666,41.28666666666666,160.71666666666667,25.90666666666667,970.1533333333334
2019-08-21 17:00:00,-16.32,46.075,163.58333333333334,28.716666666666665,969.8433333333334
2019-08-21 18:00:00,-15.863333333333335,42.27333333333333,169.96666666666667,27.30666666666667,969.8433333333334
2019-08-21 19:00:00,-15.346666666666666,34.736666666666665,162.15,26.256666666666668,970.235
2019-08-21 20:00:00,-15.388333333333332,32.086666666666666,162.7,24.523333333333333,970.6333333333333
2019-08-21 21:00:00,-17.043333333333333,37.05833333333333,171.93333333333334,21.475,970.6066666666667
2019-08-21 22:00:00,-17.866666666666667,39.175,174.38333333333333,24.205,970.4833333333333
2019-08-21 23:00:00,-17.936666666666667,39.16833333333333,173.95,23.45,970.735
2019-08-22 00:00:00,-17.66,38.465,174.78333333333333,22.091666666666665,970.425
2019-08-22 01:00:00,-17.015,36.30833333333333,170.71666666666667,21.113333333333333,970.385
2019-08-22 02:00:00,-16.621666666666666,35.098333333333336,165.88333333333333,21.94333333333333,970.565
2019-08-22 03:00:00,-16.008333333333333,32.27333333333333,164.51666666666668,20.948333333333334,970.66
2019-08-22 04:00:00,-15.370000000000001,29.041666666666668,164.03333333333333,21.808333333333334,970.2516666666667
2019-08-22 05:00:00,-15.020000000000001,28.39,159.71666666666667,22.563333333333333,970.2433333333333
2019-08-22 06:00:00,-14.681666666666667,29.596666666666668,144.81666666666666,17.973333333333336,970.4883333333333
2019-08-22 07:00:00,-14.823333333333332,31.183333333333334,150.71666666666667,22.993333333333332,970.67
2019-08-22 08:00:00,-14.908333333333333,33.64666666666667,147.85,23.203333333333333,970.72
2019-08-22 09:00:00,-14.965,36.68333333333333,139.75,19.801666666666666,970.93
2019-08-22 10:00:00,-14.889999999999999,39.211666666666666,136.86666666666667,18.595000000000002,970.8816666666667
2019-08-22 11:00:00,-14.048333333333334,36.309999999999995,127.33333333333333,19.236666666666668,971.0766666666666
2019-08-22 12:00:00,-13.8,35.833333333333336,126.38333333333334,18.491666666666667,970.955
2019-08-22 13:00:00,-14.323333333333332,38.41,130.5,17.236666666666668,970.99
2019-08-22 14:00:00,-14.325,37.215,126.21666666666667,15.806666666666667,970.9566666666667
2019-08-22 15:00:00,-14.401666666666667,36.28666666666666,127.3,16.62,970.875
2019-08-22 16:00:00,-14.925,38.169999999999995,137.38333333333333,17.31833333333333,970.73
2019-08-22 17:00:00,-15.216666666666667,37.809999999999995,141.46666666666667,17.09,970.6966666666667
2019-08-22 18:00:00,-14.8,35.736666666666665,127.63333333333334,12.656666666666666,970.6516666666666
2019-08-22 19:00:00,-14.725,36.14,130.73333333333332,12.986666666666668,970.4216666666666
2019-08-22 20:00:00,-14.625,36.0,117.58333333333333,12.485000000000001,970.2483333333333
2019-08-22 21:00:00,-14.72,36.86333333333334,119.01666666666667,13.205,969.725
2019-08-22 22:00:00,-15.113333333333333,39.29666666666667,126.85,14.598333333333333,969.6083333333333
2019-08-22 23:00:00,-15.248333333333333,40.655,126.4,14.270000000000001,969.595
2019-08-23 00:00:00,-14.998333333333333,39.22833333333333,126.65,14.583333333333334,969.3816666666667
2019-08-23 01:00:00,-14.94,38.65833333333333,119.8,11.828333333333335,969.0983333333334
2019-08-23 02:00:00,-15.16,39.33833333333334,125.25,12.5,968.8816666666667
2019-08-23 03:00:00,-15.281666666666666,40.94833333333334,130.66666666666666,13.013333333333332,968.495
2019-08-23 04:00:00,-15.376666666666667,40.78,127.93333333333334,12.931666666666667,968.2833333333333
2019-08-23 05:00:00,-15.665,43.391666666666666,134.96666666666667,12.638333333333332,967.8283333333333
2019-08-23 06:00:00,-15.15,39.205000000000005,137.38333333333333,11.75,967.4833333333333
2019-08-23 07:00:00,-14.46,36.195,138.03333333333333,13.82,967.0616666666667
2019-08-23 08:00:00,-14.261666666666667,36.51,130.51666666666668,10.935,966.8516666666667
2019-08-23 09:00:00,-13.671666666666665,32.211666666666666,144.4,15.285,966.6283333333333
2019-08-23 10:00:00,-13.326666666666666,30.03166666666667,141.53333333333333,15.285,966.3549999999999
2019-08-23 11:00:00,-13.801666666666668,32.335,156.18333333333334,13.781666666666666,966.2466666666667
2019-08-23 12:00:00,-13.708333333333334,31.453333333333333,153.21666666666667,15.436666666666667,965.85
2019-08-23 13:00:00,-13.57,29.87,138.7,15.058333333333334,965.5783333333333
2019-08-23 14:00:00,-13.935,29.67,140.88333333333333,11.328333333333335,965.1083333333333
2019-08-23 15:00:00,-14.188333333333333,29.571666666666665,150.85,13.168333333333333,964.695
2019-08-23 16:00:00,-14.036666666666667,27.991666666666667,152.91666666666666,9.631666666666666,964.475
2019-08-23 17:00:00,-15.861666666666668,33.85166666666667,172.91666666666666,12.396666666666667,964.0533333333334
2019-08-23 18:00:00,-14.223333333333333,27.16166666666667,151.7,19.73,963.6416666666667
2019-08-23 19:00:00,-14.266666666666667,26.438333333333333,127.05,16.511666666666667,963.7
2019-08-23 20:00:00,-14.531666666666666,27.215,113.06666666666666,11.531666666666666,963.52
2019-08-23 21:00:00,-14.565,26.251666666666665,124.93333333333334,10.225,962.885
2019-08-23 22:00:00,-14.701666666666666,26.66166666666667,110.31666666666666,13.41,962.995
2019-08-23 23:00:00,-15.013333333333332,27.676666666666666,104.53333333333333,11.288333333333332,962.7583333333333
2019-08-24 00:00:00,-15.638333333333334,28.095000000000002,125.81666666666666,8.770000000000001,961.8916666666667
2019-08-24 01:00:00,-15.446666666666665,27.576666666666664,132.75,14.266666666666667,961.3366666666666
2019-08-24 02:00:00,-14.901666666666667,27.285,122.98333333333333,16.288333333333334,960.9766666666667
2019-08-24 03:00:00,-14.555,26.058333333333334,112.76666666666667,13.020000000000001,960.1083333333333
2019-08-24 04:00:00,-15.006666666666666,24.848333333333336,143.28333333333333,16.291666666666668,959.2700000000001
2019-08-24 05:00:00,-15.045,23.061666666666667,152.05,22.375,958.885
2019-08-24 06:00:00,-14.9,25.933333333333334,130.25,18.833333333333332,958.9516666666666
2019-08-24 07:00:00,-14.973333333333333,26.336666666666666,124.11666666666666,14.536666666666667,958.6233333333333
2019-08-24 08:00:00,-15.126666666666667,26.978333333333335,132.26666666666668,18.716666666666665,958.1200000000001
2019-08-24 09:00:00,-14.465,27.490000000000002,109.08333333333333,17.965,958.2516666666667
2019-08-24 10:00:00,-14.016666666666667,27.285,102.71666666666667,18.71333333333333,957.8833333333333
2019-08-24 11:00:00,-13.639999999999999,28.428333333333335,112.23333333333333,14.156666666666666,957.9
2019-08-24 12:00:00,-14.125,30.291666666666668,99.93333333333334,18.64333333333333,957.75
2019-08-24 13:00:00,-14.283333333333333,30.311666666666667,98.58333333333333,19.581666666666667,957.9599999999999
2019-08-24 14:00:00,-14.78,31.64333333333333,102.38333333333334,19.505,957.69
2019-08-24 15:00:00,-15.22,33.45666666666667,107.45,18.48,957.6516666666666
2019-08-24 16:00:00,-15.273333333333333,33.64333333333333,123.51666666666667,21.683333333333334,957.7466666666667
2019-08-24 17:00:00,-15.468333333333334,33.70333333333333,109.16666666666667,21.638333333333332,958.015
2019-08-24 18:00:00,-16.003333333333334,35.693333333333335,104.15,18.153333333333332,958.5033333333333
2019-08-24 19:00:00,-16.27,36.16,108.8,18.078333333333333,958.5933333333334
2019-08-24 20:00:00,-16.28666666666667,33.52333333333333,117.28333333333333,20.43166666666667,958.4933333333333
2019-08-24 21:00:00,-16.328333333333333,32.763333333333335,120.18333333333334,20.461666666666666,958.6683333333333
2019-08-24 22:00:00,-16.551666666666666,33.45666666666667,111.88333333333334,17.811666666666667,958.7266666666667
2019-08-24 23:00:00,-17.28166666666667,36.391666666666666,117.98333333333333,14.229999999999999,958.64
2019-08-25 00:00:00,-16.716666666666665,35.623333333333335,112.0,14.248333333333333,958.5933333333334
2019-08-25 01:00:00,-16.835,37.76166666666666,113.01666666666667,13.555,958.39
2019-08-25 02:00:00,-16.641666666666666,34.55833333333333,140.8,12.696666666666665,957.3833333333333
2019-08-25 03:00:00,-16.658333333333335,33.6,136.23333333333332,18.326666666666664,957.075
2019-08-25 04:00:00,-16.461666666666666,32.971666666666664,151.85,16.208333333333332,956.0550000000001
2019-08-25 05:00:00,-17.288333333333334,31.46833333333333,167.68333333333334,18.065,955.2099999999999
2019-08-25 06:00:00,-17.948333333333334,34.144999999999996,168.2,18.763333333333332,954.65
2019-08-25 07:00:00,-16.546666666666667,29.425,162.91666666666666,19.698333333333334,953.9016666666666
2019-08-25 08:00:00,-16.085,28.733333333333334,163.48333333333332,18.368333333333332,953.065
2019-08-25 09:00:00,-16.843333333333334,30.73,167.7,17.08,952.6933333333333
2019-08-25 10:00:00,-16.970000000000002,31.783333333333335,168.0,17.933333333333334,951.6683333333333
2019-08-25 11:00:00,-15.68,30.376666666666665,164.35,18.368333333333332,950.605
2019-08-25 12:00:00,-15.889999999999999,32.059999999999995,143.41666666666666,8.01,950.235
2019-08-25 13:00:00,-15.47,30.171666666666667,134.61666666666667,10.463333333333333,949.885
2019-08-25 14:00:00,-15.264999999999999,28.785,149.83333333333334,13.95,949.5883333333334
2019-08-25 15:00:00,-15.731666666666666,29.15666666666667,156.06666666666666,16.768333333333334,949.4050000000001
2019-08-25 16:00:00,-16.548333333333332,30.53166666666667,164.95,14.663333333333332,949.1066666666667
2019-08-25 17:00:00,-16.91,30.633333333333333,167.88333333333333,17.115000000000002,948.8333333333334
2019-08-25 18:00:00,-15.906666666666666,28.89333333333333,154.63333333333333,21.115000000000002,949.24
2019-08-25 19:00:00,-15.726666666666667,28.996666666666666,155.03333333333333,21.191666666666666,949.65
2019-08-25 20:00:00,-15.275,28.858333333333334,137.33333333333334,20.80666666666667,950.1650000000001
2019-08-25 21:00:00,-15.881666666666666,31.59,152.15,23.991666666666667,949.88
2019-08-25 22:00:00,-15.055,34.105,156.61666666666667,30.283333333333335,949.8533333333332
2019-08-25 23:00:00,-14.288333333333332,36.06166666666666,166.03333333333333,25.33833333333333,949.9866666666666
2019-08-26 00:00:00,-13.773333333333333,38.12,163.36666666666667,27.970000000000002,950.1283333333334
2019-08-26 01:00:00,-12.813333333333333,38.791666666666664,166.48333333333332,25.935,950.1
2019-08-26 02:00:00,-11.91,35.95666666666667,165.35,27.77,950.2466666666667
2019-08-26 03:00:00,-11.84,33.66166666666667,159.86666666666667,24.875,950.485
2019-08-26 04:00:00,-11.0,33.57833333333333,148.75,26.861666666666668,950.6383333333334
2019-08-26 05:00:00,-10.773333333333333,36.473333333333336,138.65,27.881666666666668,950.7616666666667
2019-08-26 06:00:00,-10.856666666666666,38.18,136.13333333333333,26.598333333333336,951.56
2019-08-26 07:00:00,-10.873333333333333,39.74166666666667,133.6,25.515,952.1233333333333
2019-08-26 08:00:00,-10.716666666666667,38.526666666666664,132.86666666666667,23.618333333333332,952.8916666666667
2019-08-26 09:00:00,-10.613333333333333,37.0,132.6,23.216666666666665,953.485
2019-08-26 10:00:00,-10.438333333333333,35.115,128.91666666666666,22.996666666666666,953.7266666666667
2019-08-26 11:00:00,-10.311666666666667,34.468333333333334,132.6,24.283333333333335,954.6916666666667
2019-08-26 12:00:00,-10.316666666666666,34.365,133.3,23.18,955.9666666666667
2019-08-26 13:00:00,-10.3,35.693333333333335,131.1,21.711666666666666,956.86
2019-08-26 14:00:00,-10.123333333333333,35.24333333333333,131.11666666666667,20.435,957.6666666666666
2019-08-26 15:00:00,-10.183333333333334,35.638333333333335,128.63333333333333,22.195,958.8833333333333
2019-08-26 16:00:00,-10.035,35.82666666666667,123.21666666666667,24.14,960.005
2019-08-26 17:00:00,-9.833333333333334,33.83833333333333,125.23333333333333,19.15,960.1883333333334
2019-08-26 18:00:00,-10.263333333333332,35.888333333333335,128.68333333333334,18.291666666666668,960.92
2019-08-26 19:00:00,-10.063333333333333,35.32,123.0,23.68166666666667,962.24
2019-08-26 20:00:00,-10.24,35.068333333333335,128.63333333333333,24.785,963.0683333333333
2019-08-26 21:00:00,-11.343333333333334,36.91166666666667,155.23333333333332,23.058333333333334,964.1016666666667
2019-08-26 22:00:00,-12.315,33.795,167.41666666666666,24.121666666666666,964.9783333333332
2019-08-26 23:00:00,-12.478333333333333,33.986666666666665,163.05,23.563333333333333,965.635
2019-08-27 00:00:00,-12.479999999999999,31.993333333333332,157.1,28.201666666666664,966.0233333333333
2019-08-27 01:00:00,-12.525,32.20333333333333,157.03333333333333,25.896666666666665,967.1733333333334
2019-08-27 02:00:00,-12.843333333333334,32.24666666666666,164.61666666666667,20.526666666666664,967.6583333333333
2019-08-27 03:00:00,-13.46,31.211666666666666,162.73333333333332,23.613333333333333,967.77
2019-08-27 04:00:00,-13.54,28.415000000000003,162.63333333333333,20.013333333333332,967.905
2019-08-27 05:00:00,-14.558333333333334,28.965,166.23333333333332,20.848333333333336,968.4166666666666
2019-08-27 06:00:00,-14.641666666666667,29.226666666666667,164.46666666666667,18.091666666666665,969.4449999999999
2019-08-27 07:00:00,-14.993333333333334,29.503333333333334,164.35,17.448333333333334,970.0266666666666
2019-08-27 08:00:00,-14.801666666666668,30.93166666666667,166.18333333333334,15.321666666666665,970.3183333333333
2019-08-27 09:00:00,-16.096666666666668,34.91833333333333,179.55,13.148333333333333,970.3483333333334
2019-08-27 10:00:00,-16.493333333333332,36.11333333333334,183.41666666666666,12.286666666666667,970.5216666666666
2019-08-27 11:00:00,-16.03666666666667,33.333333333333336,173.2,15.638333333333332,970.8016666666666
2019-08-27 12:00:00,-15.891666666666667,32.92333333333333,173.13333333333333,14.79,970.65
2019-08-27 13:00:00,-14.868333333333334,32.25,161.26666666666668,18.90666666666667,970.3733333333333
2019-08-27 14:00:00,-14.716666666666667,30.903333333333332,169.93333333333334,15.828333333333335,970.0283333333333
2019-08-27 15:00:00,-16.895,33.806666666666665,178.7,15.979999999999999,969.7866666666666
2019-08-27 16:00:00,-16.733333333333334,29.891666666666666,170.65,17.5,969.8533333333332
2019-08-27 17:00:00,-15.696666666666667,27.628333333333334,163.73333333333332,17.533333333333335,969.6383333333334
2019-08-27 18:00:00,-16.468333333333334,28.701666666666664,167.55,17.566666666666666,968.9599999999999
2019-08-27 19:00:00,-17.126666666666665,29.753333333333334,170.26666666666668,17.14333333333333,968.61
2019-08-27 20:00:00,-17.351666666666667,29.125,166.81666666666666,18.466666666666665,968.1933333333333
2019-08-27 21:00:00,-17.403333333333332,28.523333333333333,170.43333333333334,17.145,967.6016666666667
2019-08-27 22:00:00,-16.826666666666668,27.746666666666666,165.25,19.861666666666668,967.1966666666667
2019-08-27 23:00:00,-16.506666666666668,27.51833333333333,163.8,19.5,966.8349999999999
2019-08-28 00:00:00,-16.436666666666667,27.383333333333333,166.05,18.87,966.4483333333334
2019-08-28 01:00:00,-16.575,27.723333333333336,166.6,17.738333333333333,966.2683333333333
2019-08-28 02:00:00,-16.578333333333333,27.038333333333334,165.71666666666667,17.841666666666665,966.2033333333333
2019-08-28 03:00:00,-16.154999999999998,25.991666666666667,160.6,20.73166666666667,966.08
2019-08-28 04:00:00,-16.37,26.435,160.76666666666668,19.705,966.0816666666667
2019-08-28 05:00:00,-15.991666666666667,26.07,151.5,22.841666666666665,965.9883333333333
2019-08-28 06:00:00,-16.4,28.646666666666665,133.48333333333332,17.65666666666667,966.3199999999999
2019-08-28 07:00:00,-15.758333333333333,25.671666666666667,137.18333333333334,18.14333333333333,966.065
2019-08-28 08:00:00,-15.620000000000001,26.305,130.0,19.471666666666668,966.5300000000001
2019-08-28 09:00:00,-15.26,24.971666666666668,112.48333333333333,17.658333333333335,966.7316666666667
2019-08-28 10:00:00,-15.066666666666666,24.918333333333333,112.1,17.766666666666666,966.6566666666666
2019-08-28 11:00:00,-14.815,28.095000000000002,103.45,14.981666666666666,966.9066666666666
2019-08-28 12:00:00,-14.41,29.575,101.16666666666667,11.235000000000001,967.125
2019-08-28 13:00:00,-14.28,28.653333333333332,110.56666666666666,9.91,967.1716666666667
2019-08-28 14:00:00,-14.143333333333334,25.375,114.18333333333334,12.348333333333333,967.1083333333333
2019-08-28 15:00:00,-14.283333333333333,23.363333333333333,117.15,14.241666666666667,967.1133333333333
2019-08-28 16:00:00,-14.838333333333333,25.658333333333335,121.16666666666667,8.918333333333333,966.9599999999999
2019-08-28 17:00:00,-14.729999999999999,26.511666666666667,129.4,12.428333333333335,966.8683333333333
2019-08-28 18:00:00,-14.988333333333333,25.790000000000003,124.08333333333333,13.693333333333333,967.455
2019-08-28 19:00:00,-15.198333333333332,24.535,129.35,12.139999999999999,967.5516666666666
2019-08-28 20:00:00,-15.428333333333335,25.185,162.55,8.876666666666667,967.3133333333333
2019-08-28 21:00:00,-16.471666666666668,27.596666666666668,171.86666666666667,12.965,967.1816666666667
2019-08-28 22:00:00,-15.301666666666668,26.653333333333332,126.61666666666666,13.636666666666667,967.69
2019-08-28 23:00:00,-15.531666666666666,25.653333333333332,138.13333333333333,11.123333333333333,967.7
2019-08-29 00:00:00,-16.793333333333333,28.845000000000002,185.85,3.3800000000000003,967.6183333333333
2019-08-29 01:00:00,-17.41,29.141666666666666,152.21666666666667,5.239999999999999,967.97
2019-08-29 02:00:00,-17.236666666666668,30.89333333333333,135.3,8.12,968.5283333333333
2019-08-29 03:00:00,-17.823333333333334,32.64666666666667,129.93333333333334,3.0566666666666666,968.3933333333333
2019-08-29 04:00:00,-18.696666666666665,33.79833333333333,189.58333333333334,2.881666666666667,968.735
2019-08-29 05:00:00,-17.961666666666666,31.086666666666666,111.21666666666667,10.901666666666667,969.48
2019-08-29 06:00:00,-17.779999999999998,29.051666666666666,111.15,11.673333333333334,969.9683333333334
2019-08-29 07:00:00,-18.41166666666667,30.956666666666667,119.05,7.88,970.3033333333333
2019-08-29 08:00:00,-17.998333333333335,31.725,112.83333333333333,8.663333333333332,970.715
2019-08-29 09:00:00,-17.505,29.868333333333332,113.43333333333334,11.406666666666666,971.3449999999999
2019-08-29 10:00:00,-16.833333333333332,27.55666666666667,123.8,10.438333333333333,971.1266666666667
2019-08-29 11:00:00,-15.526666666666667,26.711666666666666,94.25,6.5233333333333325,971.9333333333333
2019-08-29 12:00:00,-15.208333333333334,25.048333333333336,66.5,6.318333333333333,972.825
2019-08-29 13:00:00,-15.855,28.456666666666667,106.8,6.211666666666667,973.5333333333333
2019-08-29 14:00:00,-16.643333333333334,30.483333333333334,99.5,3.36,973.5699999999999
2019-08-29 15:00:00,-17.983333333333334,35.751666666666665,158.26666666666668,2.6783333333333332,974.2483333333333
2019-08-29 16:00:00,-18.40666666666667,36.03666666666666,122.8,7.766666666666667,974.9083333333333
2019-08-29 17:00:00,-18.436666666666667,35.02833333333333,105.3,7.36,974.8566666666667
2019-08-29 18:00:00,-17.555,31.086666666666666,118.73333333333333,9.508333333333333,975.1633333333334
2019-08-29 19:00:00,-17.365000000000002,28.755,127.21666666666667,12.139999999999999,975.6433333333333
2019-08-29 20:00:00,-17.018333333333334,26.926666666666666,119.01666666666667,10.636666666666667,976.3133333333334
2019-08-29 21:00:00,-16.96333333333333,27.404999999999998,125.33333333333333,13.421666666666665,977.0383333333334
2019-08-29 22:00:00,-16.738333333333333,29.086666666666666,134.16666666666666,15.041666666666666,977.4733333333334
2019-08-29 23:00:00,-16.25,26.011666666666667,148.1,18.715,977.4866666666666
2019-08-30 00:00:00,-16.888333333333332,23.291666666666668,151.5,23.973333333333336,977.7900000000001
2019-08-30 01:00:00,-16.886666666666667,24.41,153.25,23.81833333333333,978.1466666666668
2019-08-30 02:00:00,-16.55,23.6,155.8,22.486666666666668,978.26
2019-08-30 03:00:00,-16.633333333333333,23.498333333333335,160.31666666666666,23.21833333333333,978.3549999999999
2019-08-30 04:00:00,-16.925,24.958333333333332,164.9,20.91166666666667,978.6916666666667
2019-08-30 05:00:00,-17.43166666666667,24.696666666666665,165.66666666666666,26.886666666666667,978.8983333333333
2019-08-30 06:00:00,-16.848333333333333,25.13,159.43333333333334,27.038333333333334,979.3683333333333
2019-08-30 07:00:00,-16.453333333333333,26.001666666666665,157.73333333333332,22.65,979.6666666666666
2019-08-30 08:00:00,-15.725,26.93,169.83333333333334,20.808333333333334,979.7716666666668
2019-08-30 09:00:00,-15.435,28.75,158.45,21.366666666666667,979.815
2019-08-30 10:00:00,-14.401666666666667,31.81,137.63333333333333,18.255,979.9283333333333
2019-08-30 11:00:00,-13.688333333333333,33.346666666666664,115.66666666666667,13.9,979.9866666666666
2019-08-30 12:00:00,-13.501666666666667,35.47666666666667,104.65,11.29,980.0483333333334
2019-08-30 13:00:00,-13.93,39.04333333333333,106.11666666666666,10.756666666666666,980.2416666666667
2019-08-30 14:00:00,-13.796666666666665,37.465,86.63333333333334,12.478333333333333,980.2516666666667
2019-08-30 15:00:00,-14.726666666666667,39.901666666666664,91.45,9.843333333333334,980.3050000000001
2019-08-30 16:00:00,-14.97,38.92833333333333,122.85,9.513333333333332,980.1266666666667
2019-08-30 17:00:00,-14.930555555555555,39.36388888888889,84.78333333333333,11.322222222222223,979.8888888888889
2019-08-30 18:00:00,-15.176470588235293,41.17450980392157,104.41666666666667,5.568627450980392,979.8137254901961
2019-08-30 19:00:00,-15.666666666666666,41.67666666666666,115.78333333333333,2.01,979.5266666666666
2019-08-30 20:00:00,-15.828333333333335,39.31333333333334,149.18333333333334,6.066666666666666,979.425
2019-08-30 21:00:00,-15.821666666666665,36.875,154.01666666666668,6.741666666666666,979.45
2019-08-30 22:00:00,-15.472777777777777,34.437222222222225,0.0,8.456666666666667,979.2927777777778
2019-08-30 23:00:00,-15.123888888888889,31.999444444444443,0.0,10.171666666666667,979.1355555555555
2019-08-31 00:00:00,-14.775,29.561666666666667,155.91666666666666,11.886666666666667,978.9783333333332
2019-08-31 01:00:00,-14.328333333333335,27.785,143.63333333333333,14.503333333333334,979.1283333333334
2019-08-31 02:00:00,-14.378333333333334,28.95,124.16666666666667,17.291666666666668,979.0300000000001
2019-08-31 03:00:00,-14.698333333333332,28.878333333333334,144.65,22.458333333333332,979.02
2019-08-31 04:00:00,-15.146666666666667,28.44,153.35,26.756666666666668,979.0666666666667
2019-08-31 05:00:00,-15.181666666666667,26.746666666666666,155.5,27.15,979.295
2019-08-31 06:00:00,-14.841666666666667,26.266666666666666,156.18333333333334,29.39333333333333,979.3083333333333
2019-08-31 07:00:00,-14.141666666666667,25.298333333333336,143.86666666666667,24.634999999999998,979.4133333333333
2019-08-31 08:00:00,-14.535,27.535,149.85,30.538333333333334,979.7366666666668
2019-08-31 09:00:00,-14.821666666666667,30.478333333333335,150.88333333333333,31.381666666666668,980.115
2019-08-31 10:00:00,-14.426666666666668,32.22833333333333,165.6,30.086666666666666,980.005
2019-08-31 11:00:00,-13.74,32.85333333333333,165.3,26.961666666666666,979.995
2019-08-31 12:00:00,-13.266666666666667,32.18666666666667,166.33333333333334,28.466666666666665,979.7583333333333
2019-08-31 13:00:00,-13.22,31.525,165.78333333333333,28.325,979.27
2019-08-31 14:00:00,-13.301666666666668,32.92333333333333,164.65,23.68,979.1316666666667
2019-08-31 15:00:00,-13.341666666666667,35.12833333333333,168.21666666666667,26.404999999999998,979.0933333333334
2019-08-31 16:00:00,-13.118333333333334,35.65333333333333,169.51666666666668,28.388333333333332,978.8116666666666
2019-08-31 17:00:00,-12.508333333333333,33.001666666666665,165.95,25.720000000000002,978.9816666666667
2019-08-31 18:00:00,-12.925,34.22166666666667,171.36666666666667,24.716666666666665,978.7733333333333
2019-08-31 19:00:00,-13.601666666666667,33.501666666666665,170.61666666666667,23.236666666666668,978.3716666666666
2019-08-31 20:00:00,-14.403333333333334,33.70666666666667,168.55,19.648333333333333,978.1933333333333
2019-08-31 21:00:00,-14.691666666666666,32.48833333333333,167.6,19.805,978.0583333333333
2019-08-31 22:00:00,-14.481666666666666,31.191666666666666,166.23333333333332,21.05666666666667,977.9983333333333
2019-08-31 23:00:00,-13.988333333333333,29.751666666666665,163.13333333333333,23.638333333333332,977.6266666666667
2019-09-01 00:00:00,-14.665,30.575,167.1,21.28666666666667,977.0566666666667
2019-09-01 01:00:00,-15.395000000000001,31.595000000000002,168.0,19.586666666666666,976.5216666666668
2019-09-01 02:00:00,-15.571666666666665,31.636666666666667,171.06666666666666,18.908333333333335,975.865
2019-09-01 03:00:00,-15.586666666666668,31.336666666666666,171.7,18.735,975.2633333333334
2019-09-01 04:00:00,-15.955,32.17333333333333,169.81666666666666,20.428333333333335,974.6650000000001
2019-09-01 05:00:00,-15.596666666666666,31.216666666666665,169.76666666666668,20.685,973.9183333333333
2019-09-01 06:00:00,-15.705,30.535,171.8,19.283333333333335,973.245
2019-09-01 07:00:00,-15.965,30.841666666666665,171.78333333333333,20.970000000000002,972.6483333333333
2019-09-01 08:00:00,-15.821666666666665,31.31,169.06666666666666,20.245,972.4016666666666
2019-09-01 09:00:00,-15.166666666666666,31.041666666666668,167.16666666666666,21.91,972.2566666666667
2019-09-01 10:00:00,-14.508333333333333,31.77,166.91666666666666,21.334999999999997,971.9016666666666
2019-09-01 11:00:00,-14.385,32.89666666666667,167.16666666666666,20.851666666666667,971.4816666666667
2019-09-01 12:00:00,-13.586666666666668,31.756666666666668,165.01666666666668,21.396666666666665,970.98
2019-09-01 13:00:00,-13.753333333333334,31.951666666666664,165.31666666666666,20.336666666666666,970.6633333333334
2019-09-01 14:00:00,-14.643333333333334,33.943333333333335,168.85,19.145,970.495
2019-09-01 15:00:00,-15.055,33.998333333333335,171.15,17.858333333333334,970.2666666666667
2019-09-01 16:00:00,-15.165,32.975,169.16666666666666,16.868333333333332,970.2716666666668
2019-09-01 17:00:00,-15.873333333333333,33.67333333333333,170.88333333333333,16.056666666666665,970.4616666666666
2019-09-01 18:00:00,-16.055,32.343333333333334,136.73333333333332,6.665,971.325
2019-09-01 19:00:00,-15.938333333333333,30.086666666666666,161.51666666666668,19.311666666666667,971.0666666666667
2019-09-01 20:00:00,-15.17,27.945,152.53333333333333,23.94,970.8516666666667
2019-09-01 21:00:00,-15.335,27.833333333333332,150.91666666666666,24.206666666666667,970.9150000000001
2019-09-01 22:00:00,-15.586666666666668,30.291666666666668,150.1,23.5,971.05
2019-09-01 23:00:00,-15.318333333333333,30.836666666666666,149.11666666666667,21.686666666666667,970.9616666666666
2019-09-02 00:00:00,-15.211666666666668,28.163333333333334,154.03333333333333,24.52,970.7466666666667
2019-09-02 01:00:00,-15.66,28.206666666666667,171.88333333333333,19.476666666666667,970.5016666666667
2019-09-02 02:00:00,-15.351666666666667,29.65666666666667,161.4,23.009999999999998,970.0216666666668
2019-09-02 03:00:00,-15.588333333333333,32.038333333333334,162.38333333333333,19.666666666666668,969.2516666666667
2019-09-02 04:00:00,-16.265,32.31666666666667,165.65,20.176666666666666,968.4766666666667
2019-09-02 05:00:00,-16.380000000000003,31.233333333333334,167.15,21.94,967.8449999999999
2019-09-02 06:00:00,-16.605,31.466666666666665,167.63333333333333,21.533333333333335,966.9716666666667
2019-09-02 07:00:00,-16.983333333333334,30.873333333333335,170.86666666666667,20.011666666666667,966.0633333333334
2019-09-02 08:00:00,-17.771666666666665,31.40666666666667,174.81666666666666,21.8,965.0400000000001
2019-09-02 09:00:00,-17.96333333333333,32.46666666666667,176.13333333333333,20.28666666666667,964.0266666666666
2019-09-02 10:00:00,-17.508333333333333,32.60166666666667,179.78333333333333,17.128333333333334,962.685
2019-09-02 11:00:00,-17.081666666666667,33.02166666666667,181.53333333333333,16.688333333333333,961.5266666666666
2019-09-02 12:00:00,-16.891666666666666,34.086666666666666,182.91666666666666,17.32,960.27
2019-09-02 13:00:00,-16.603333333333335,33.013333333333335,178.53333333333333,16.87333333333333,959.4566666666667
2019-09-02 14:00:00,-16.486666666666668,31.691666666666666,174.4,15.895000000000001,958.6866666666666
2019-09-02 15:00:00,-15.97,29.933333333333334,169.25,13.896666666666667,957.9300000000001
2019-09-02 16:00:00,-16.138333333333332,29.515,171.15,19.203333333333333,956.5516666666666
2019-09-02 17:00:00,-16.428333333333335,30.85666666666667,167.15,22.258333333333333,955.685
2019-09-02 18:00:00,-16.995,32.184999999999995,170.48333333333332,20.55666666666667,955.24
2019-09-02 19:00:00,-15.731666666666666,29.866666666666667,167.56666666666666,23.653333333333332,954.09
2019-09-02 20:00:00,-15.2,30.493333333333332,167.08333333333334,26.32,953.44
2019-09-02 21:00:00,-14.448333333333332,30.68166666666667,163.56666666666666,26.94333333333333,953.225
2019-09-02 22:00:00,-14.135,32.096666666666664,168.78333333333333,24.571666666666665,952.9383333333333
2019-09-02 23:00:00,-14.286666666666667,32.42166666666667,167.95,23.884999999999998,952.6716666666667
2019-09-03 00:00:00,-14.118333333333334,33.825,167.85,24.078333333333333,952.4416666666667
2019-09-03 01:00:00,-12.993333333333334,47.876666666666665,163.78333333333333,25.805,952.67
2019-09-03 02:00:00,-11.773333333333333,57.394999999999996,157.05,23.668333333333333,952.74
2019-09-03 03:00:00,-10.946666666666665,47.843333333333334,144.18333333333334,20.926666666666666,952.3349999999999
2019-09-03 04:00:00,-10.771666666666668,53.925,134.4,26.673333333333336,952.1883333333334
2019-09-03 05:00:00,-10.96,59.00833333333333,136.88333333333333,25.259999999999998,952.9916666666667
2019-09-03 06:00:00,-10.901666666666667,58.934999999999995,140.86666666666667,21.33,953.9733333333334
2019-09-03 07:00:00,-10.47,47.64833333333333,132.1,20.148333333333333,954.3583333333333
2019-09-03 08:00:00,-10.436666666666667,46.765,126.8,24.815,954.5133333333334
2019-09-03 09:00:00,-10.295,44.21333333333334,126.7,25.578333333333333,954.7466666666667
2019-09-03 10:00:00,-10.043333333333333,41.96666666666667,125.63333333333334,23.526666666666664,954.9383333333333
2019-09-03 11:00:00,-9.798333333333334,41.718333333333334,124.11666666666666,23.668333333333333,955.0116666666667
2019-09-03 12:00:00,-9.691666666666666,41.64333333333333,117.5,20.773333333333333,955.3449999999999
2019-09-03 13:00:00,-9.770000000000001,42.96666666666667,113.36666666666666,18.653333333333332,955.695
2019-09-03 14:00:00,-9.993333333333334,46.235,103.81666666666666,16.903333333333332,955.8666666666667
2019-09-03 15:00:00,-9.723333333333333,44.336666666666666,100.41666666666667,20.051666666666666,955.6033333333332
2019-09-03 16:00:00,-9.565,44.818333333333335,111.81666666666666,20.67,955.7833333333333
2019-09-03 17:00:00,-9.793333333333333,46.763333333333335,110.81666666666666,20.216666666666665,955.985
2019-09-03 18:00:00,-9.886666666666665,46.57333333333334,108.46666666666667,20.676666666666666,955.5933333333334
2019-09-03 19:00:00,-9.978333333333333,43.78,116.86666666666666,21.988333333333333,955.5983333333334
2019-09-03 20:00:00,-10.185,47.559999999999995,116.23333333333333,18.685,955.92
2019-09-03 21:00:00,-10.438333333333333,47.84,109.65,18.141666666666666,956.0933333333334
2019-09-03 22:00:00,-10.551666666666668,49.66833333333333,108.76666666666667,18.134999999999998,956.2966666666667
2019-09-03 23:00:00,-10.53,50.49333333333333,106.05,17.94333333333333,956.3133333333333
2019-09-04 00:00:00,-10.871666666666666,54.559999999999995,101.83333333333333,16.313333333333333,956.2866666666666
2019-09-04 01:00:00,-11.366666666666667,59.05166666666666,111.36666666666666,14.908333333333333,956.41
2019-09-04 02:00:00,-11.585,55.64333333333333,125.55,17.185,956.0416666666666
2019-09-04 03:00:00,-11.481666666666666,60.05333333333333,130.28333333333333,16.72833333333333,955.5116666666667
2019-09-04 04:00:00,-10.88,56.70166666666667,122.68333333333334,16.92,954.9916666666667
2019-09-04 05:00:00,-11.023333333333333,57.94166666666667,116.11666666666666,18.676666666666666,954.7033333333333
2019-09-04 06:00:00,-11.803333333333335,61.47,106.98333333333333,14.72,955.2516666666667
2019-09-04 07:00:00,-12.388333333333332,64.31,117.7,14.305,955.5316666666666
2019-09-04 08:00:00,-12.041666666666666,58.19666666666667,118.83333333333333,16.488333333333333,955.64
2019-09-04 09:00:00,-11.591666666666667,56.13,123.01666666666667,14.55,955.6066666666667
2019-09-04 10:00:00,-11.288333333333332,54.28333333333333,111.58333333333333,14.508333333333333,956.1216666666667
2019-09-04 11:00:00,-11.523333333333333,54.81666666666667,114.45,13.055,956.495
2019-09-04 12:00:00,-11.514999999999999,51.68833333333334,118.46666666666667,14.628333333333334,956.81
2019-09-04 13:00:00,-11.81,49.39666666666667,125.8,16.12666666666667,957.045
2019-09-04 14:00:00,-11.661666666666667,49.99166666666667,125.7,15.625,957.2166666666667
2019-09-04 15:00:00,-11.793333333333333,51.79,132.45,15.225,957.23
2019-09-04 16:00:00,-11.863333333333333,51.39833333333333,130.18333333333334,16.083333333333332,957.1816666666667
2019-09-04 17:00:00,-12.106666666666666,50.281666666666666,126.7,15.76,957.4333333333333
2019-09-04 18:00:00,-12.191666666666666,49.666666666666664,117.66666666666667,15.503333333333334,957.6650000000001
2019-09-04 19:00:00,-12.456666666666667,51.641666666666666,109.86666666666666,15.711666666666668,958.0300000000001
2019-09-04 20:00:00,-12.701666666666666,51.925,109.65,15.971666666666666,958.51
2019-09-04 21:00:00,-12.514999999999999,49.745,114.95,15.978333333333333,958.8433333333334
2019-09-04 22:00:00,-12.551666666666668,46.84166666666667,112.66666666666667,19.53666666666667,959.09
2019-09-04 23:00:00,-12.75,47.75,110.03333333333333,20.206666666666667,959.4366666666667
2019-09-05 00:00:00,-12.941666666666666,48.63333333333333,118.63333333333334,18.266666666666666,959.8233333333334
2019-09-05 01:00:00,-12.998333333333333,48.59166666666667,118.51666666666667,18.583333333333332,960.2083333333334
2019-09-05 02:00:00,-13.028333333333334,43.281666666666666,124.28333333333333,18.196666666666665,960.3166666666667
2019-09-05 03:00:00,-13.281666666666666,40.190000000000005,121.81666666666666,20.395,960.6283333333334
2019-09-05 04:00:00,-13.555,38.61333333333334,124.06666666666666,20.851666666666667,960.8799999999999
2019-09-05 05:00:00,-13.661666666666665,37.943333333333335,124.96666666666667,21.35666666666667,961.0733333333334
2019-09-05 06:00:00,-13.885,36.041666666666664,120.56666666666666,18.645,961.2216666666667
2019-09-05 07:00:00,-14.16,34.79666666666667,124.18333333333334,19.776666666666664,961.3833333333333
2019-09-05 08:00:00,-14.248333333333333,32.098333333333336,124.51666666666667,21.691666666666666,961.7466666666667
2019-09-05 09:00:00,-14.514999999999999,33.95666666666667,127.2,19.575,962.36
2019-09-05 10:00:00,-14.643333333333334,33.54333333333333,124.35,19.211666666666666,963.1083333333333
2019-09-05 11:00:00,-15.225,34.788333333333334,123.86666666666666,16.988333333333333,964.1416666666667
2019-09-05 12:00:00,-15.658333333333333,35.973333333333336,120.6,14.533333333333333,964.6783333333333
2019-09-05 13:00:00,-16.015,37.32,105.28333333333333,10.621666666666666,965.0466666666667
2019-09-05 14:00:00,-16.208333333333332,34.82833333333333,108.26666666666667,15.166666666666666,965.5983333333334
2019-09-05 15:00:00,-16.891666666666666,32.653333333333336,117.15,18.535,965.7900000000001
2019-09-05 16:00:00,-17.195,31.695,118.38333333333334,21.876666666666665,965.9483333333334
2019-09-05 17:00:00,-17.891666666666666,34.24,113.73333333333333,18.31833333333333,966.385
2019-09-05 18:00:00,-18.58833333333333,36.166666666666664,108.8,16.266666666666666,967.0533333333334
2019-09-05 19:00:00,-18.295,30.245,120.53333333333333,21.134999999999998,967.2283333333334
2019-09-05 20:00:00,-18.438333333333333,30.151666666666664,121.26666666666667,22.14333333333333,967.395
2019-09-05 21:00:00,-18.91166666666667,33.73833333333333,128.0,25.601666666666667,967.7683333333333
2019-09-05 22:00:00,-19.121666666666666,33.97,114.51666666666667,19.321666666666665,968.0483333333334
2019-09-05 23:00:00,-19.27,34.925,110.58333333333333,19.841666666666665,968.0566666666667
2019-09-06 00:00:00,-18.711666666666666,32.415,123.01666666666667,23.14,968.0383333333334
2019-09-06 01:00:00,-18.043333333333333,27.136666666666667,114.65,20.595000000000002,967.8016666666666
2019-09-06 02:00:00,-18.191666666666666,27.81,117.06666666666666,18.490000000000002,967.315
2019-09-06 03:00:00,-18.723333333333336,27.815,121.48333333333333,22.363333333333333,967.0916666666667
2019-09-06 04:00:00,-19.084999999999997,30.66,122.28333333333333,23.86,966.77
2019-09-06 05:00:00,-18.56,28.19333333333333,121.51666666666667,23.5,966.8533333333332
2019-09-06 06:00:00,-17.936666666666667,25.945,119.48333333333333,23.154999999999998,966.8216666666666
2019-09-06 07:00:00,-18.111666666666668,26.07,119.78333333333333,23.029999999999998,966.6433333333333
2019-09-06 08:00:00,-18.39333333333333,27.875,123.28333333333333,23.59333333333333,966.2033333333333
2019-09-06 09:00:00,-17.928333333333335,27.496666666666666,121.9,22.336666666666666,966.27
2019-09-06 10:00:00,-16.59,23.751666666666665,112.3,16.918333333333333,966.1816666666667
2019-09-06 11:00:00,-15.906666666666666,25.37,112.53333333333333,17.333333333333332,965.2983333333334
2019-09-06 12:00:00,-16.12333333333333,27.331666666666667,124.28333333333333,21.555,964.4066666666666
2019-09-06 13:00:00,-15.51,24.326666666666664,132.15,21.55,963.14
2019-09-06 14:00:00,-15.478333333333333,25.115000000000002,124.61666666666666,21.558333333333334,961.94
2019-09-06 15:00:00,-15.768333333333334,26.243333333333332,123.88333333333334,22.485,961.0933333333334
2019-09-06 16:00:00,-15.996666666666666,27.783333333333335,108.48333333333333,21.154999999999998,960.2766666666666
2019-09-06 17:00:00,-15.656666666666666,25.425,122.48333333333333,23.546666666666667,959.3166666666667
2019-09-06 18:00:00,-16.581666666666667,29.026666666666664,102.66666666666667,17.235,958.735
2019-09-06 19:00:00,-15.021666666666667,24.553333333333335,120.18333333333334,22.209999999999997,957.2333333333333
2019-09-06 20:00:00,-15.136666666666667,24.703333333333333,117.41666666666667,21.396666666666665,956.5333333333333
2019-09-06 21:00:00,-15.295,25.775,110.7,20.970000000000002,955.64
2019-09-06 22:00:00,-15.021666666666667,24.708333333333332,108.65,22.076666666666664,954.49
2019-09-06 23:00:00,-14.406666666666666,22.61,104.38333333333334,22.423333333333336,953.2283333333332
2019-09-07 00:00:00,-14.288333333333332,24.716666666666665,105.01666666666667,23.846666666666668,952.55
2019-09-07 01:00:00,-14.201666666666666,24.025,103.4,23.23,951.7199999999999
2019-09-07 02:00:00,-14.253333333333334,23.358333333333334,110.48333333333333,20.921666666666667,950.9916666666667
2019-09-07 03:00:00,-13.655,21.153333333333332,104.81666666666666,22.715,950.2366666666666
2019-09-07 04:00:00,-14.113333333333333,22.970000000000002,104.96666666666667,22.686666666666667,949.91
2019-09-07 05:00:00,-13.79,23.383333333333333,107.76666666666667,20.623333333333335,949.2016666666666
2019-09-07 06:00:00,-13.181666666666667,21.458333333333332,99.71666666666667,21.045,948.9150000000001
2019-09-07 07:00:00,-12.971666666666666,23.941666666666666,100.25,17.029999999999998,948.1266666666667
2019-09-07 08:00:00,-12.679166666666667,23.920833333333334,73.05,18.33125,948.4208333333332
2019-09-07 09:00:00,-12.315384615384616,22.953846153846154,67.9,16.02051282051282,948.2564102564103
2019-09-07 10:00:00,-12.093333333333334,23.451666666666664,98.55,18.28166666666667,948.4449999999999
2019-09-07 11:00:00,-12.233333333333333,27.228333333333335,95.4,14.813333333333333,948.7216666666667
2019-09-07 12:00:00,-12.520000000000001,22.94333333333333,86.88333333333334,21.158333333333335,948.9483333333334
2019-09-07 13:00:00,-12.726666666666667,25.009999999999998,78.63333333333334,20.046666666666667,949.2183333333334
2019-09-07 14:00:00,-13.47,26.14,90.78333333333333,20.0,950.0766666666666
2019-09-07 15:00:00,-13.796666666666665,25.053333333333335,105.86666666666666,16.096666666666668,950.775
2019-09-07 16:00:00,-14.331666666666667,27.76833333333333,105.95,16.305,951.5333333333333
2019-09-07 17:00:00,-14.466666666666667,27.51833333333333,104.96666666666667,14.893333333333334,952.2433333333333
2019-09-07 18:00:00,-14.468333333333334,25.32,105.61666666666666,12.933333333333334,953.1266666666667
2019-09-07 19:00:00,-15.21,28.938333333333333,132.0,10.163333333333332,953.8433333333334
2019-09-07 20:00:00,-14.825,23.261666666666667,130.11666666666667,11.645000000000001,954.2833333333333
2019-09-07 21:00:00,-15.26,23.766666666666666,166.93333333333334,7.026666666666667,955.385
2019-09-07 22:00:00,-16.435,27.345000000000002,233.45,4.9766666666666675,956.7716666666668
2019-09-07 23:00:00,-16.518333333333334,26.509999999999998,196.43333333333334,7.17,957.8183333333333
2019-09-08 00:00:00,-17.33833333333333,28.183333333333334,190.98333333333332,7.345,958.44
2019-09-08 01:00:00,-17.415000000000003,27.348333333333336,220.63333333333333,9.268333333333334,958.7266666666667
2019-09-08 02:00:00,-18.113333333333333,28.743333333333332,216.66666666666666,12.858333333333333,958.9583333333334
2019-09-08 03:00:00,-18.58833333333333,29.611666666666668,214.58333333333334,14.411666666666667,959.615
2019-09-08 04:00:00,-18.708333333333332,29.384999999999998,190.95,11.475,960.77
2019-09-08 05:00:00,-19.956666666666663,32.626666666666665,128.8,4.6466666666666665,962.0916666666667
2019-09-08 06:00:00,-21.17,33.73,175.3,7.296666666666667,963.1316666666667
2019-09-08 07:00:00,-19.39,31.325,137.06666666666666,3.1966666666666668,964.02
2019-09-08 08:00:00,-20.465,33.01166666666667,170.4,4.943333333333333,964.7216666666667
2019-09-08 09:00:00,-19.988333333333333,33.30833333333333,170.88333333333333,5.078333333333333,965.4266666666666
2019-09-08 10:00:00,-18.82,31.118333333333332,113.01666666666667,5.3133333333333335,966.1133333333333
2019-09-08 11:00:00,-19.288333333333334,34.55,178.78333333333333,5.663333333333333,966.6983333333334
2019-09-08 12:00:00,-19.078333333333333,38.580000000000005,192.68333333333334,4.13,967.1433333333333
2019-09-08 13:00:00,-19.075,40.77333333333333,220.23333333333332,2.368333333333333,967.7133333333334
2019-09-08 14:00:00,-19.618333333333332,45.32166666666667,225.05,9.215,967.7633333333334
2019-09-08 15:00:00,-21.086666666666666,42.63333333333333,205.93333333333334,14.675,967.865
2019-09-08 16:00:00,-23.263333333333332,45.745,185.86666666666667,13.148333333333333,968.0866666666667
2019-09-08 17:00:00,-22.641666666666666,51.309999999999995,154.68333333333334,13.246666666666666,968.3766666666667
2019-09-08 18:00:00,-22.766666666666666,54.836666666666666,137.86666666666667,11.396666666666667,968.8966666666668
2019-09-08 19:00:00,-22.60666666666667,53.59166666666667,121.95,7.341666666666667,969.4883333333333
2019-09-08 20:00:00,-22.68,51.498333333333335,132.66666666666666,8.608333333333333,969.9033333333333
2019-09-08 21:00:00,-22.433333333333334,46.82666666666667,159.43333333333334,12.485000000000001,970.0
2019-09-08 22:00:00,-23.134999999999998,43.84666666666667,169.05,14.646666666666667,970.2283333333332
2019-09-08 23:00:00,-22.951666666666664,32.22833333333333,164.16666666666666,15.375,970.4
2019-09-09 00:00:00,-22.625,28.071666666666665,160.58333333333334,14.908333333333333,970.62
2019-09-09 01:00:00,-22.608333333333334,28.955,116.73333333333333,5.416666666666667,970.9733333333334
2019-09-09 02:00:00,-23.926666666666666,34.70333333333333,299.8333333333333,2.2983333333333333,971.3666666666667
2019-09-09 03:00:00,-24.925,38.24166666666667,260.73333333333335,1.9433333333333331,971.3983333333333
2019-09-09 04:00:00,-24.976666666666667,39.32,246.51666666666668,2.39,971.5400000000001
2019-09-09 05:00:00,-24.266666666666666,33.10333333333333,156.81666666666666,2.555,971.5183333333333
2019-09-09 06:00:00,-23.166666666666668,26.141666666666666,132.05,9.196666666666665,971.5133333333334
2019-09-09 07:00:00,-22.290000000000003,20.555,153.0,16.508333333333333,971.7199999999999
2019-09-09 08:00:00,-22.09,21.75,147.9,13.781666666666666,971.7516666666667
2019-09-09 09:00:00,-21.648333333333333,21.71833333333333,144.7,15.118333333333334,971.9266666666666
2019-09-09 10:00:00,-21.185,24.831666666666667,114.9,11.946666666666665,972.1583333333333
2019-09-09 11:00:00,-20.791666666666668,25.58,111.76666666666667,12.118333333333334,972.0466666666667
2019-09-09 12:00:00,-20.315,24.84333333333333,115.7,13.486666666666668,972.1616666666667
2019-09-09 13:00:00,-20.32333333333333,26.683333333333334,107.83333333333333,12.25,971.8466666666666
2019-09-09 14:00:00,-20.396666666666665,26.81,115.21666666666667,11.521666666666667,971.6450000000001
2019-09-09 15:00:00,-20.758333333333333,27.008333333333333,115.85,13.096666666666666,971.595
2019-09-09 16:00:00,-21.196666666666665,27.66,124.71666666666667,13.543333333333333,971.3616666666666
2019-09-09 17:00:00,-21.561666666666667,29.065,123.36666666666666,12.211666666666668,971.3133333333334
2019-09-09 18:00:00,-21.64333333333333,27.901666666666664,116.0,10.223333333333333,971.4616666666666
2019-09-09 19:00:00,-22.128333333333334,29.41,121.18333333333334,10.546666666666665,971.1816666666667
2019-09-09 20:00:00,-22.073333333333334,28.721666666666668,116.75,8.571666666666665,971.105
2019-09-09 21:00:00,-21.853333333333335,27.83833333333333,122.31666666666666,11.06,971.0533333333333
2019-09-09 22:00:00,-22.08833333333333,30.158333333333335,123.4,12.451666666666666,970.755
2019-09-09 23:00:00,-21.451666666666664,27.61,118.41666666666667,11.05,970.5533333333333
2019-09-10 00:00:00,-21.438333333333333,27.813333333333333,121.56666666666666,10.301666666666668,970.3933333333333
2019-09-10 01:00:00,-22.195,31.404999999999998,107.38333333333334,11.0,970.19
2019-09-10 02:00:00,-22.081666666666667,30.548333333333336,109.88333333333334,13.816666666666666,969.6266666666667
2019-09-10 03:00:00,-22.508333333333333,32.825,106.41666666666667,10.82,969.4183333333333
2019-09-10 04:00:00,-22.995,34.27333333333333,90.6,9.658333333333333,969.4033333333333
2019-09-10 05:00:00,-22.266666666666666,31.626666666666665,109.0,13.291666666666666,969.1883333333334
2019-09-10 06:00:00,-22.191666666666666,32.184999999999995,109.15,15.626666666666667,969.2816666666666
2019-09-10 07:00:00,-21.98166666666667,31.805,114.96666666666667,14.879999999999999,969.0716666666667
2019-09-10 08:00:00,-21.46833333333333,31.466666666666665,107.51666666666667,11.698333333333332,968.9699999999999
2019-09-10 09:00:00,-20.435,28.756666666666668,97.16666666666667,13.423333333333334,968.7633333333334
2019-09-10 10:00:00,-20.406666666666663,31.44,106.58333333333333,13.321666666666665,968.74
2019-09-10 11:00:00,-20.015,30.641666666666666,89.11666666666666,13.508333333333333,968.8299999999999
2019-09-10 12:00:00,-19.48,30.015,87.5,12.886666666666667,968.755
2019-09-10 13:00:00,-20.025,33.985,112.93333333333334,9.631666666666666,968.6766666666666
2019-09-10 14:00:00,-20.44833333333333,35.873333333333335,116.1,8.901666666666667,968.6650000000001
2019-09-10 15:00:00,-20.723333333333336,35.343333333333334,111.2,10.058333333333334,968.6983333333334
2019-09-10 16:00:00,-21.14,34.498333333333335,110.25,8.781666666666666,968.765
2019-09-10 17:00:00,-21.703333333333333,34.980000000000004,87.73333333333333,5.569999999999999,969.0849999999999
2019-09-10 18:00:00,-22.236666666666668,33.80166666666666,83.25,4.905,969.015
2019-09-10 19:00:00,-22.33,31.154999999999998,93.15,7.723333333333333,968.8483333333334
2019-09-10 20:00:00,-22.548333333333336,30.691666666666666,105.2,8.576666666666666,968.8183333333333
2019-09-10 21:00:00,-22.40666666666667,31.058333333333334,118.9,9.671666666666665,968.8533333333332
2019-09-10 22:00:00,-22.561666666666667,31.1,121.83333333333333,12.301666666666668,969.1766666666666
2019-09-10 23:00:00,-21.765,27.016666666666666,126.26666666666667,14.520000000000001,968.8183333333333
2019-09-11 00:00:00,-21.933333333333334,26.81833333333333,113.6,14.08,968.73
2019-09-11 01:00:00,-22.238333333333333,26.83833333333333,118.93333333333334,14.54,968.7883333333334
2019-09-11 02:00:00,-22.21833333333333,27.5,118.55,12.663333333333332,968.45
2019-09-11 03:00:00,-22.708333333333332,27.541666666666668,80.2,10.253333333333334,968.5966666666667
2019-09-11 04:00:00,-23.09333333333333,27.813333333333333,117.55,17.461666666666666,968.1550000000001
2019-09-11 05:00:00,-23.098333333333336,27.91166666666667,125.7,22.613333333333333,968.2166666666667
2019-09-11 06:00:00,-22.866666666666667,26.945,125.26666666666667,21.645,968.59
2019-09-11 07:00:00,-22.256666666666668,25.145,123.13333333333334,19.896666666666665,968.5833333333334
2019-09-11 08:00:00,-21.28666666666667,23.6,125.83333333333333,19.646666666666665,968.3083333333333
2019-09-11 09:00:00,-21.148333333333333,24.488333333333333,113.5,20.025,968.2966666666667
2019-09-11 10:00:00,-21.418333333333333,27.08833333333333,110.88333333333334,20.71833333333333,968.1583333333333
2019-09-11 11:00:00,-21.18,27.871666666666666,116.56666666666666,20.4,967.905
2019-09-11 12:00:00,-21.05666666666667,27.825,111.85,22.43,968.1266666666667
2019-09-11 13:00:00,-20.841666666666665,26.626666666666665,110.3,22.288333333333334,968.1366666666667
2019-09-11 14:00:00,-20.94,27.133333333333333,110.48333333333333,22.313333333333333,968.2066666666667
2019-09-11 15:00:00,-21.111666666666668,27.56833333333333,112.01666666666667,20.278333333333332,968.7016666666666
2019-09-11 16:00:00,-21.334999999999997,27.15666666666667,117.38333333333334,20.02,968.9599999999999
2019-09-11 17:00:00,-21.404999999999998,26.256666666666668,124.16666666666667,21.925,969.1616666666667
2019-09-11 18:00:00,-21.084999999999997,24.69,122.68333333333334,23.433333333333334,969.41
2019-09-11 19:00:00,-20.983333333333334,23.801666666666666,125.76666666666667,23.415000000000003,969.9183333333333
2019-09-11 20:00:00,-20.891666666666666,23.723333333333336,128.35,22.886666666666667,970.465
2019-09-11 21:00:00,-20.828333333333333,24.15,130.48333333333332,22.95,970.815
2019-09-11 22:00:00,-21.040000000000003,24.16166666666667,136.08333333333334,22.273333333333333,971.2916666666666
2019-09-11 23:00:00,-21.015,23.66,135.23333333333332,20.973333333333336,972.1483333333333
2019-09-12 00:00:00,-21.76833333333333,25.641666666666666,151.01666666666668,20.86,972.8633333333333
2019-09-12 01:00:00,-21.778333333333332,22.48,161.81666666666666,20.628333333333334,973.3050000000001
2019-09-12 02:00:00,-21.945,21.83,164.03333333333333,18.091666666666665,973.965
2019-09-12 03:00:00,-21.785,20.811666666666667,163.46666666666667,15.466666666666667,974.5783333333334
2019-09-12 04:00:00,-23.376666666666665,28.21833333333333,257.35,6.015,975.4866666666666
2019-09-12 05:00:00,-24.225,28.293333333333333,217.98333333333332,6.008333333333334,976.3866666666667
2019-09-12 06:00:00,-23.823333333333334,26.861666666666668,211.0,5.12,976.6216666666667
2019-09-12 07:00:00,-22.82,26.185,274.3833333333333,3.716666666666667,977.1650000000001
2019-09-12 08:00:00,-22.209999999999997,27.455,233.2,3.305,977.4466666666667
2019-09-12 09:00:00,-23.878333333333334,34.28,73.85,3.628333333333333,977.565
2019-09-12 10:00:00,-24.08,33.39333333333333,110.98333333333333,4.711666666666667,978.39
2019-09-12 11:00:00,-23.605,33.39833333333333,108.1,3.371666666666667,978.855
2019-09-12 12:00:00,-22.84333333333333,35.035,149.56666666666666,2.591666666666667,978.94
2019-09-12 13:00:00,-23.295,35.538333333333334,92.88333333333334,2.8583333333333334,978.8616666666666
2019-09-12 14:00:00,-22.928333333333335,35.05,76.86666666666666,2.6233333333333335,979.1333333333333
2019-09-12 15:00:00,-23.776666666666664,39.66166666666666,71.68333333333334,3.1766666666666667,978.9266666666666
2019-09-12 16:00:00,-24.556666666666665,40.913333333333334,58.583333333333336,3.0166666666666666,979.11
2019-09-12 17:00:00,-24.37,41.11333333333334,90.71666666666667,2.771666666666667,979.2116666666667
2019-09-12 18:00:00,-23.773333333333333,41.29333333333333,92.75,3.6866666666666665,979.3733333333333
2019-09-12 19:00:00,-23.348333333333336,40.144999999999996,107.51666666666667,1.575,979.4683333333334
2019-09-12 20:00:00,-23.228333333333335,38.68333333333333,222.98333333333332,0.8816666666666666,979.74
2019-09-12 21:00:00,-23.279999999999998,40.005,123.33333333333333,1.1483333333333334,979.7016666666666
2019-09-12 22:00:00,-23.773333333333333,44.86833333333333,87.28333333333333,1.5799999999999998,979.39
2019-09-12 23:00:00,-23.776666666666664,47.92666666666666,93.2,1.4383333333333332,979.1616666666666
2019-09-13 00:00:00,-23.57,45.608333333333334,82.46666666666667,1.6983333333333335,978.6666666666666
2019-09-13 01:00:00,-23.154999999999998,45.175,92.93333333333334,2.033333333333333,977.8133333333334
2019-09-13 02:00:00,-22.365000000000002,40.7,112.93333333333334,1.8716666666666666,977.5683333333333
2019-09-13 03:00:00,-20.951666666666664,34.045,108.33333333333333,5.363333333333333,976.5283333333333
2019-09-13 04:00:00,-20.166666666666668,32.266666666666666,115.33333333333333,4.295,976.3216666666666
2019-09-13 05:00:00,-19.836666666666666,31.35,113.23333333333333,6.53,975.8516666666667
2019-09-13 06:00:00,-19.985,41.8,112.43333333333334,6.755,976.01
2019-09-13 07:00:00,-19.86,62.04833333333333,100.85,7.208333333333333,975.38
2019-09-13 08:00:00,-18.563333333333333,63.025,107.1,10.71,974.825
2019-09-13 09:00:00,-18.096666666666668,68.21333333333334,99.28333333333333,6.651666666666667,974.8983333333333
2019-09-13 10:00:00,-17.675,62.20333333333333,99.26666666666667,13.031666666666666,975.0666666666667
2019-09-13 11:00:00,-17.35666666666667,65.4,101.1,12.231666666666666,975.1566666666666
2019-09-13 12:00:00,-17.228333333333335,66.83666666666666,100.08333333333333,13.831666666666667,975.1966666666667
2019-09-13 13:00:00,-17.401666666666664,63.026666666666664,101.53333333333333,13.735000000000001,974.9566666666667
2019-09-13 14:00:00,-17.516666666666666,64.83833333333334,102.3,13.626666666666667,974.4866666666666
2019-09-13 15:00:00,-17.7,69.27833333333334,106.23333333333333,14.083333333333334,973.9433333333333
2019-09-13 16:00:00,-17.703333333333333,70.375,106.8,14.756666666666666,973.2216666666667
2019-09-13 17:00:00,-17.433333333333334,70.15,111.05,14.933333333333334,972.3733333333333
2019-09-13 18:00:00,-17.09,71.64333333333335,109.48333333333333,15.3,971.7216666666667
2019-09-13 19:00:00,-16.806666666666665,72.405,110.35,16.948333333333334,970.4283333333333
2019-09-13 20:00:00,-16.71,73.61999999999999,114.86666666666666,16.916666666666668,968.5699999999999
2019-09-13 21:00:00,-16.663333333333334,74.92666666666668,113.25,17.233333333333334,967.185
2019-09-13 22:00:00,-16.555,75.41833333333334,120.06666666666666,18.493333333333332,965.64
2019-09-13 23:00:00,-16.258333333333333,75.545,126.8,19.81833333333333,964.23
2019-09-14 00:00:00,-16.098333333333336,76.28833333333334,123.53333333333333,19.861666666666668,963.025
2019-09-14 01:00:00,-16.040000000000003,77.55833333333334,126.41666666666667,20.936666666666667,961.6366666666667
2019-09-14 02:00:00,-16.096666666666668,77.08166666666666,126.23333333333333,21.81833333333333,960.2516666666667
2019-09-14 03:00:00,-16.02,75.41833333333334,127.16666666666667,21.23166666666667,959.0316666666666
2019-09-14 04:00:00,-16.1,75.48666666666666,129.41666666666666,22.055,957.5983333333334
2019-09-14 05:00:00,-16.185,73.88833333333334,127.31666666666666,20.235,957.09
2019-09-14 06:00:00,-16.395,75.28166666666667,124.5,18.505,957.045
2019-09-14 07:00:00,-16.233333333333334,76.28500000000001,115.58333333333333,14.876666666666667,957.0866666666666
2019-09-14 08:00:00,-15.95,71.69166666666666,108.81666666666666,11.303333333333335,957.05
2019-09-14 09:00:00,-15.435,67.17666666666666,79.6,5.6066666666666665,957.3833333333333
2019-09-14 10:00:00,-15.338333333333335,69.41166666666666,181.31666666666666,2.77,957.5300000000001
2019-09-14 11:00:00,-15.513333333333332,72.02666666666667,277.8,4.793333333333334,957.8183333333333
2019-09-14 12:00:00,-15.411666666666667,69.30333333333333,281.68333333333334,5.746666666666667,957.8733333333333
2019-09-14 13:00:00,-15.503333333333334,63.17333333333333,243.86666666666667,4.526666666666667,958.0783333333334
2019-09-14 14:00:00,-16.233333333333334,57.54833333333333,239.11666666666667,4.79,958.1166666666667
2019-09-14 15:00:00,-18.68166666666667,57.141666666666666,146.25,5.221666666666667,958.4383333333334
2019-09-14 16:00:00,-21.134999999999998,65.405,135.01666666666668,3.4633333333333334,958.7583333333333
2019-09-14 17:00:00,-21.334999999999997,66.88166666666667,100.5,5.194999999999999,959.0733333333334
2019-09-14 18:00:00,-23.591666666666665,66.30666666666667,110.93333333333334,5.206666666666666,959.5516666666666
2019-09-14 19:00:00,-22.866666666666667,64.48166666666667,112.86666666666666,4.2683333333333335,959.6866666666667
2019-09-14 20:00:00,-21.975,61.23166666666667,120.46666666666667,4.471666666666667,960.0949999999999
2019-09-14 21:00:00,-21.398333333333333,56.465,132.43333333333334,6.383333333333334,960.6783333333333
2019-09-14 22:00:00,-24.038333333333334,59.333333333333336,113.76666666666667,6.345,961.9599999999999
2019-09-14 23:00:00,-25.001666666666665,59.92666666666666,145.43333333333334,2.835,962.9
2019-09-15 00:00:00,-25.673333333333336,61.11666666666667,135.43333333333334,4.915,963.5933333333334
2019-09-15 01:00:00,-24.691666666666666,63.718333333333334,93.71666666666667,13.275,964.06
2019-09-15 02:00:00,-24.273333333333333,62.269999999999996,111.43333333333334,10.996666666666666,964.895
2019-09-15 03:00:00,-24.046666666666667,59.49333333333333,90.8,5.458333333333333,965.1866666666667
2019-09-15 04:00:00,-23.873333333333335,56.96333333333334,112.5,3.9833333333333334,964.9933333333333
2019-09-15 05:00:00,-20.858333333333334,52.18333333333333,88.2,7.721666666666667,965.035
2019-09-15 06:00:00,-18.453333333333333,52.1,117.65,12.931666666666667,965.115
2019-09-15 07:00:00,-17.8,67.145,126.35,15.471666666666666,965.0333333333333
2019-09-15 08:00:00,-16.363333333333333,72.17,126.96666666666667,17.215,964.7383333333333
2019-09-15 09:00:00,-15.641666666666667,74.77333333333333,129.1,19.636666666666667,964.5816666666667
2019-09-15 10:00:00,-15.31,76.33833333333334,126.83333333333333,20.491666666666667,964.6800000000001
2019-09-15 11:00:00,-15.096666666666666,77.105,128.4,21.226666666666667,964.5550000000001
2019-09-15 12:00:00,-14.815,76.27,127.28333333333333,20.711666666666666,964.5116666666667
2019-09-15 13:00:00,-14.563333333333333,75.24166666666666,123.86666666666666,18.18,964.5733333333334
2019-09-15 14:00:00,-14.428333333333335,74.31333333333333,129.5,20.40666666666667,964.4
2019-09-15 15:00:00,-14.768333333333334,75.305,126.13333333333334,20.176666666666666,964.4466666666667
2019-09-15 16:00:00,-15.3,76.33500000000001,129.18333333333334,22.28666666666667,964.515
2019-09-15 17:00:00,-15.315,76.32666666666667,124.7,20.663333333333334,964.7766666666666
2019-09-15 18:00:00,-15.338333333333335,76.53166666666667,125.53333333333333,21.676666666666666,964.9616666666666
2019-09-15 19:00:00,-15.421666666666669,75.98666666666666,125.21666666666667,21.035,965.3583333333333
2019-09-15 20:00:00,-15.708333333333334,75.85666666666665,122.93333333333334,20.52,965.5866666666666
2019-09-15 21:00:00,-15.951666666666666,75.93,130.45,22.725,965.6716666666667
2019-09-15 22:00:00,-15.921666666666669,75.98333333333333,130.05,23.551666666666666,965.725
2019-09-15 23:00:00,-15.985000000000001,76.49,125.98333333333333,21.926666666666666,966.0183333333333
2019-09-16 00:00:00,-16.038333333333334,76.87333333333332,122.78333333333333,20.171666666666667,966.8266666666666
2019-09-16 01:00:00,-16.133333333333333,76.63333333333334,113.83333333333333,16.843333333333334,967.2816666666666
2019-09-16 02:00:00,-16.186666666666664,78.22,109.83333333333333,16.970000000000002,967.5533333333333
2019-09-16 03:00:00,-16.298333333333332,78.94833333333332,100.35,15.435,967.6700000000001
2019-09-16 04:00:00,-16.49,78.57166666666667,83.35,13.811666666666667,967.87
2019-09-16 05:00:00,-16.91166666666667,76.82166666666667,76.9,13.6,967.9466666666667
2019-09-16 06:00:00,-17.903333333333332,75.64666666666668,79.31666666666666,15.863333333333333,968.2733333333333
2019-09-16 07:00:00,-18.578333333333333,74.51666666666667,94.81666666666666,14.418333333333333,968.4683333333334
2019-09-16 08:00:00,-18.7,73.20166666666667,102.11666666666666,11.25,968.9833333333333
2019-09-16 09:00:00,-18.706666666666663,70.29666666666667,109.05,10.478333333333333,969.4033333333333
2019-09-16 10:00:00,-18.60666666666667,67.455,107.23333333333333,9.126666666666667,969.6616666666666
2019-09-16 11:00:00,-18.421666666666667,65.99666666666667,95.28333333333333,7.405,969.8349999999999
2019-09-16 12:00:00,-18.471666666666668,65.02333333333334,96.96666666666667,8.593333333333334,969.6566666666666
2019-09-16 13:00:00,-18.473333333333336,65.09333333333333,96.23333333333333,8.148333333333333,969.5333333333333
2019-09-16 14:00:00,-18.485,65.46,88.2,7.721666666666667,969.3666666666667
2019-09-16 15:00:00,-18.605,68.59833333333333,113.66666666666667,5.2266666666666675,969.2383333333333
2019-09-16 16:00:00,-18.470000000000002,69.07166666666667,138.05,4.871666666666667,969.065
2019-09-16 17:00:00,-18.395,68.72666666666667,133.9,7.428333333333333,968.8383333333333
2019-09-16 18:00:00,-18.793333333333333,69.33500000000001,121.58333333333333,7.473333333333333,968.6433333333333
2019-09-16 19:00:00,-18.40666666666667,65.29333333333334,122.21666666666667,11.118333333333334,968.4566666666667
2019-09-16 20:00:00,-18.790000000000003,63.269999999999996,127.36666666666666,13.228333333333333,968.1883333333334
2019-09-16 21:00:00,-18.45,63.065000000000005,124.83333333333333,14.496666666666666,967.7166666666667
2019-09-16 22:00:00,-18.246666666666666,65.44166666666666,122.56666666666666,14.09,967.0400000000001
2019-09-16 23:00:00,-18.21333333333333,69.53666666666666,121.1,15.668333333333333,966.6033333333334
2019-09-17 00:00:00,-18.395,67.84833333333333,120.2,15.715,966.1216666666667
2019-09-17 01:00:00,-18.803333333333335,68.18833333333333,116.95,14.746666666666666,965.5466666666667
2019-09-17 02:00:00,-18.96833333333333,62.263333333333335,115.38333333333334,13.146666666666667,964.7233333333334
2019-09-17 03:00:00,-19.001666666666665,60.18666666666666,116.81666666666666,11.821666666666665,963.94
2019-09-17 04:00:00,-19.023333333333333,58.62,110.13333333333334,11.764999999999999,963.2800000000001
2019-09-17 05:00:00,-19.223333333333336,60.135,107.48333333333333,11.548333333333334,962.4050000000001
2019-09-17 06:00:00,-19.641666666666666,59.72166666666667,122.11666666666666,12.841666666666667,961.61
2019-09-17 07:00:00,-19.688333333333333,60.169999999999995,117.23333333333333,13.158333333333333,960.7616666666667
2019-09-17 08:00:00,-19.855,59.48833333333334,118.28333333333333,11.875,960.0016666666667
2019-09-17 09:00:00,-19.591666666666665,57.44833333333334,106.9,13.32,959.2033333333333
2019-09-17 10:00:00,-19.7,55.25333333333333,104.3,13.076666666666666,958.6183333333333
2019-09-17 11:00:00,-19.095000000000002,53.690000000000005,104.28333333333333,12.46,957.4616666666666
2019-09-17 12:00:00,-18.445,55.93833333333334,117.7,14.661666666666667,955.9283333333333
2019-09-17 13:00:00,-18.115000000000002,60.265,122.21666666666667,16.706666666666667,954.615
2019-09-17 14:00:00,-18.721666666666668,59.85,126.86666666666666,19.16166666666667,953.7533333333333
2019-09-17 15:00:00,-18.83833333333333,56.098333333333336,124.65,18.19333333333333,952.8366666666666
2019-09-17 16:00:00,-18.808333333333334,49.04,117.81666666666666,15.171666666666665,951.9333333333333
2019-09-17 17:00:00,-18.63,45.57166666666667,110.13333333333334,13.291666666666666,951.33
2019-09-17 18:00:00,-18.313333333333333,43.66166666666666,104.45,10.146666666666667,950.7816666666666
2019-09-17 19:00:00,-18.168333333333333,44.76833333333333,101.1,9.381666666666666,950.0833333333334
2019-09-17 20:00:00,-18.720000000000002,48.465,169.53333333333333,4.155,949.6533333333334
2019-09-17 21:00:00,-17.945,48.223333333333336,120.16666666666667,7.9399999999999995,949.2266666666667
2019-09-17 22:00:00,-17.008333333333333,44.81666666666667,125.15,14.695,948.85
2019-09-17 23:00:00,-17.083333333333332,42.94166666666667,157.58333333333334,18.240000000000002,948.6533333333334
2019-09-18 00:00:00,-17.2,41.69833333333334,158.03333333333333,18.436666666666667,948.5883333333334
2019-09-18 01:00:00,-18.706666666666667,42.330000000000005,170.2,10.308333333333334,948.6216666666666
2019-09-18 02:00:00,-18.58,43.041666666666664,158.31666666666666,12.393333333333334,948.5883333333334
2019-09-18 03:00:00,-19.6,41.385,119.91666666666667,3.7800000000000002,948.69
2019-09-18 04:00:00,-20.105,49.05166666666666,173.4,15.841666666666667,947.905
2019-09-18 05:00:00,-18.873333333333335,41.19666666666667,139.3,9.366666666666667,947.9566666666667
2019-09-18 06:00:00,-20.421666666666667,44.086666666666666,103.4,5.543333333333334,947.69
2019-09-18 07:00:00,-22.311666666666667,50.166666666666664,233.01666666666668,2.6616666666666666,947.36
2019-09-18 08:00:00,-22.05666666666667,50.15,89.38333333333334,5.701666666666667,947.2583333333333
2019-09-18 09:00:00,-19.683333333333334,49.76833333333333,195.05,2.025,946.92
2019-09-18 10:00:00,-17.871666666666666,47.230000000000004,238.86666666666667,2.013333333333333,946.545
2019-09-18 11:00:00,-17.59333333333333,46.68833333333334,258.3,3.6416666666666666,946.0266666666666
2019-09-18 12:00:00,-20.59333333333333,47.656666666666666,119.85,7.421666666666667,946.49
2019-09-18 13:00:00,-18.066666666666666,43.76833333333333,225.0,5.416666666666667,946.9133333333334
2019-09-18 14:00:00,-19.68,47.681666666666665,203.53333333333333,7.693333333333333,947.185
2019-09-18 15:00:00,-20.695,51.635,208.01666666666668,8.226666666666667,947.88
2019-09-18 16:00:00,-21.458333333333332,63.733333333333334,111.18333333333334,18.381666666666668,949.2083333333334
2019-09-18 17:00:00,-23.005,58.306666666666665,98.95,17.761666666666667,950.8116666666666
2019-09-18 18:00:00,-22.945,49.891666666666666,121.98333333333333,14.645000000000001,952.0883333333334
2019-09-18 19:00:00,-23.073333333333334,42.416666666666664,143.05,11.871666666666666,952.7816666666666
2019-09-18 20:00:00,-23.551666666666666,40.858333333333334,168.21666666666667,14.681666666666667,952.5666666666667
2019-09-18 21:00:00,-23.003333333333334,53.401666666666664,152.46666666666667,26.075,952.8583333333333
2019-09-18 22:00:00,-23.28166666666667,47.67666666666666,154.78333333333333,23.384999999999998,953.1949999999999
2019-09-18 23:00:00,-23.105,48.95666666666667,164.0,21.736666666666668,952.9033333333333
2019-09-19 00:00:00,-23.165000000000003,50.17833333333333,165.01666666666668,21.715,952.6583333333333
2019-09-19 01:00:00,-22.721666666666668,51.04666666666667,160.96666666666667,23.986666666666668,952.9116666666667
2019-09-19 02:00:00,-22.503333333333334,42.83166666666667,152.7,21.815,953.4633333333334
2019-09-19 03:00:00,-22.358333333333334,38.961666666666666,159.65,20.923333333333336,953.1983333333334
2019-09-19 04:00:00,-23.001666666666665,44.361666666666665,165.21666666666667,20.34,952.8716666666667
2019-09-19 05:00:00,-22.996666666666666,44.56166666666666,165.0,20.40666666666667,952.7183333333334
2019-09-19 06:00:00,-23.611666666666668,45.251666666666665,174.05,19.205,952.61
2019-09-19 07:00:00,-23.175,43.215,132.88333333333333,9.825,953.0416666666666
2019-09-19 08:00:00,-23.453333333333333,44.39333333333333,188.8,2.3433333333333333,953.6733333333334
2019-09-19 09:00:00,-20.63,37.30833333333333,182.21666666666667,2.7266666666666666,953.6966666666667
2019-09-19 10:00:00,-19.373333333333335,37.39,251.4,3.95,953.72
2019-09-19 11:00:00,-18.325,35.76833333333333,267.6166666666667,5.261666666666667,953.7916666666666
2019-09-19 12:00:00,-19.676666666666666,38.07666666666667,192.51666666666668,3.6083333333333334,953.8466666666666
2019-09-19 13:00:00,-20.506666666666668,45.248333333333335,202.76666666666668,3.395,953.9533333333333
2019-09-19 14:00:00,-20.521666666666665,41.961666666666666,181.68333333333334,2.3699999999999997,953.965
2019-09-19 15:00:00,-20.658333333333335,41.88166666666667,163.5,1.8599999999999999,954.0583333333333
2019-09-19 16:00:00,-24.875,48.67666666666666,109.81666666666666,3.7800000000000002,954.4533333333333
2019-09-19 17:00:00,-23.901666666666664,40.84166666666667,210.28333333333333,2.9966666666666666,955.0233333333333
2019-09-19 18:00:00,-24.98166666666667,37.891666666666666,178.75,8.833333333333334,955.4233333333334
2019-09-19 19:00:00,-23.953333333333333,35.57166666666667,165.26666666666668,8.625,955.5516666666666
2019-09-19 20:00:00,-23.815,37.555,167.5,9.92,955.6666666666666
2019-09-19 21:00:00,-24.758333333333333,41.915,176.61666666666667,10.223333333333333,956.2800000000001
2019-09-19 22:00:00,-23.26833333333333,38.166666666666664,162.13333333333333,18.561666666666667,956.7900000000001
2019-09-19 23:00:00,-22.101666666666667,34.425,153.85,22.863333333333333,956.7533333333333
2019-09-20 00:00:00,-21.970000000000002,34.07666666666667,148.18333333333334,20.56,957.4150000000001
2019-09-20 01:00:00,-22.173333333333336,32.93,146.33333333333334,18.3,958.365
2019-09-20 02:00:00,-23.376666666666665,46.718333333333334,135.86666666666667,20.89333333333333,959.37
2019-09-20 03:00:00,-22.46333333333333,37.21333333333334,134.05,15.783333333333333,960.2983333333334
2019-09-20 04:00:00,-23.076666666666664,33.178333333333335,161.35,11.69,960.9316666666667
2019-09-20 05:00:00,-22.753333333333334,35.71666666666667,135.48333333333332,15.593333333333334,961.26
2019-09-20 06:00:00,-23.28166666666667,43.044999999999995,158.43333333333334,23.205,961.5883333333334
2019-09-20 07:00:00,-22.706666666666667,45.291666666666664,157.63333333333333,25.485,961.995
2019-09-20 08:00:00,-22.021666666666665,37.78,164.28333333333333,18.511666666666667,962.6766666666666
2019-09-20 09:00:00,-21.28666666666667,39.92833333333333,169.83333333333334,16.013333333333332,962.6216666666667
2019-09-20 10:00:00,-20.326666666666664,41.45333333333333,166.7,17.046666666666667,963.2
2019-09-20 11:00:00,-20.033333333333335,42.95166666666667,161.41666666666666,20.695,963.8983333333333
2019-09-20 12:00:00,-19.628333333333334,41.82,154.71666666666667,21.6,964.4483333333334
2019-09-20 13:00:00,-19.251666666666665,36.99,136.71666666666667,12.555,965.3916666666667
2019-09-20 14:00:00,-20.040000000000003,38.486666666666665,173.71666666666667,9.573333333333332,965.7316666666667
2019-09-20 15:00:00,-21.18,39.20666666666667,177.75,11.568333333333333,965.9716666666667
2019-09-20 16:00:00,-20.851666666666667,39.04,141.4,11.08,966.5
2019-09-20 17:00:00,-22.025,40.095,146.03333333333333,8.741666666666667,967.2099999999999
2019-09-20 18:00:00,-21.256666666666668,35.605000000000004,161.25,15.771666666666667,967.4616666666666
2019-09-20 19:00:00,-20.834999999999997,34.505,169.11666666666667,13.191666666666666,967.8883333333332
2019-09-20 20:00:00,-21.925,39.115,177.61666666666667,12.535,968.3583333333333
2019-09-20 21:00:00,-20.908333333333335,36.67666666666666,176.78333333333333,13.748333333333333,968.6916666666667
2019-09-20 22:00:00,-19.84333333333333,36.416666666666664,169.5,18.365000000000002,969.0266666666666
2019-09-20 23:00:00,-19.788333333333334,41.95166666666667,165.66666666666666,21.636666666666667,969.555
2019-09-21 00:00:00,-19.743333333333332,39.76833333333333,164.35,22.029999999999998,970.1466666666666
2019-09-21 01:00:00,-20.805,42.29833333333333,172.65,19.358333333333334,971.1016666666667
2019-09-21 02:00:00,-20.64,42.835,171.65,18.08833333333333,971.5916666666667
2019-09-21 03:00:00,-20.005,46.415,170.26666666666668,20.323333333333334,972.4216666666667
2019-09-21 04:00:00,-19.251666666666665,47.163333333333334,166.98333333333332,21.678333333333335,972.7066666666667
2019-09-21 05:00:00,-19.223333333333336,51.49,165.01666666666668,26.136666666666667,972.84
2019-09-21 06:00:00,-18.703333333333333,58.67833333333333,163.33333333333334,29.925,973.1633333333334
2019-09-21 07:00:00,-17.985,62.84,161.7,30.959999999999997,973.6416666666667
2019-09-21 08:00:00,-17.121666666666666,62.25333333333333,164.45,30.096666666666668,974.23
2019-09-21 09:00:00,-16.443333333333335,55.766666666666666,166.55,27.373333333333335,974.9166666666666
2019-09-21 10:00:00,-15.81,52.733333333333334,166.45,25.783333333333335,975.5816666666667
2019-09-21 11:00:00,-15.275,49.88333333333333,163.35,24.970000000000002,975.9633333333334
2019-09-21 12:00:00,-14.848333333333333,44.36666666666667,162.2,22.353333333333335,976.315
2019-09-21 13:00:00,-14.551666666666668,41.068333333333335,164.08333333333334,21.465,976.3549999999999
2019-09-21 14:00:00,-14.418333333333333,36.17166666666667,164.46666666666667,16.835,976.4916666666667
2019-09-21 15:00:00,-14.736666666666668,33.64666666666667,166.66666666666666,12.256666666666666,976.3533333333332
2019-09-21 16:00:00,-15.776666666666667,35.541666666666664,159.11666666666667,9.531666666666666,976.14
2019-09-21 17:00:00,-17.128333333333334,36.858333333333334,177.3,13.173333333333334,975.7333333333333
2019-09-21 18:00:00,-16.961666666666666,36.76166666666666,174.66666666666666,17.203333333333333,975.26
2019-09-21 19:00:00,-19.346666666666668,46.03333333333333,197.45,3.3833333333333333,976.0550000000001
2019-09-21 20:00:00,-17.326666666666664,36.531666666666666,146.23333333333332,9.264999999999999,975.6183333333333
2019-09-21 21:00:00,-16.361666666666668,34.13333333333333,158.61666666666667,17.82,975.2716666666668
2019-09-21 22:00:00,-15.496666666666666,32.21333333333333,151.36666666666667,18.938333333333333,974.9266666666666
2019-09-21 23:00:00,-15.666666666666666,36.809999999999995,139.71666666666667,18.7,974.5
2019-09-22 00:00:00,-15.3,34.79,141.46666666666667,17.566666666666666,974.0400000000001
2019-09-22 01:00:00,-14.945,32.36333333333333,140.98333333333332,16.821666666666665,973.4966666666667
2019-09-22 02:00:00,-14.685,29.953333333333333,144.86666666666667,17.958333333333332,972.8683333333333
2019-09-22 03:00:00,-14.65,29.315,151.23333333333332,16.366666666666667,972.0583333333333
2019-09-22 04:00:00,-15.861666666666668,34.06333333333333,140.06666666666666,10.270000000000001,971.5233333333333
2019-09-22 05:00:00,-17.266666666666666,39.35333333333333,107.73333333333333,4.873333333333333,971.3433333333334
2019-09-22 06:00:00,-16.375,38.94666666666667,100.46666666666667,5.2283333333333335,970.9150000000001
2019-09-22 07:00:00,-15.131666666666666,36.15333333333333,134.46666666666667,9.413333333333332,970.5616666666666
2019-09-22 08:00:00,-13.09,33.06333333333333,148.75,19.878333333333334,969.7116666666666
2019-09-22 09:00:00,-12.879999999999999,35.305,134.86666666666667,16.051666666666666,969.3733333333333
2019-09-22 10:00:00,-12.918333333333333,39.85,105.45,7.668333333333334,969.2283333333332
2019-09-22 11:00:00,-13.385,44.336666666666666,248.3,5.515,968.5316666666666
2019-09-22 12:00:00,-12.275,41.99166666666667,171.73333333333332,18.851666666666667,967.705
2019-09-22 13:00:00,-12.101666666666667,42.72166666666667,152.88333333333333,26.576666666666664,967.3066666666667
2019-09-22 14:00:00,-13.651666666666667,45.230000000000004,209.23333333333332,17.941666666666666,967.81
2019-09-22 15:00:00,-15.868333333333334,53.718333333333334,259.9,5.413333333333333,968.7900000000001
2019-09-22 16:00:00,-16.915,54.75666666666667,273.15,5.958333333333333,968.685
2019-09-22 17:00:00,-17.933333333333334,56.69833333333334,233.1,5.156666666666666,969.2066666666667
2019-09-22 18:00:00,-19.118333333333332,54.7,264.5833333333333,3.39,969.6466666666668
2019-09-22 19:00:00,-19.904999999999998,55.138333333333335,274.03333333333336,3.8,969.495
2019-09-22 20:00:00,-20.75,55.84666666666667,232.35,1.9483333333333335,969.9483333333334
2019-09-22 21:00:00,-20.278333333333332,49.99166666666667,192.81666666666666,2.4949999999999997,970.24
2019-09-22 22:00:00,-19.565,45.093333333333334,179.28333333333333,4.19,970.3283333333333
2019-09-22 23:00:00,-19.095000000000002,39.72666666666667,148.96666666666667,6.296666666666667,970.1650000000001
2019-09-23 00:00:00,-19.634999999999998,39.905,202.46666666666667,6.376666666666667,970.1800000000001
2019-09-23 01:00:00,-15.868333333333334,28.791666666666668,158.95,9.121666666666666,970.1983333333334
2019-09-23 02:00:00,-21.758333333333333,44.655,137.96666666666667,5.21,971.0883333333334
2019-09-23 03:00:00,-22.736666666666668,51.61333333333334,276.18333333333334,6.881666666666666,972.7983333333334
2019-09-23 04:00:00,-22.18166666666667,52.64,245.33333333333334,12.373333333333333,973.36
2019-09-23 05:00:00,-22.71333333333333,50.835,203.25,4.855,975.5016666666667
2019-09-23 06:00:00,-21.366666666666667,50.56333333333334,241.21666666666667,6.358333333333333,976.2183333333334
2019-09-23 07:00:00,-20.18,45.81333333333334,210.36666666666667,12.42,976.0916666666667
2019-09-23 08:00:00,-20.978333333333335,47.57333333333334,108.31666666666666,5.4350000000000005,977.3916666666667
2019-09-23 09:00:00,-20.373333333333335,49.64833333333333,229.75,4.291666666666667,978.705
2019-09-23 10:00:00,-18.925,44.92666666666666,249.56666666666666,6.526666666666667,979.2
2019-09-23 11:00:00,-18.916666666666668,45.57333333333334,223.61666666666667,3.545,979.9016666666666
2019-09-23 12:00:00,-18.901666666666664,40.21666666666667,308.25,9.946666666666665,980.5550000000001
2019-09-23 13:00:00,-19.058333333333334,38.998333333333335,279.68333333333334,8.786666666666667,980.9366666666666
2019-09-23 14:00:00,-19.658333333333335,37.22,285.55,8.451666666666666,981.4300000000001
2019-09-23 15:00:00,-20.33833333333333,38.833333333333336,263.4,7.136666666666667,981.9383333333334
2019-09-23 16:00:00,-21.375,39.934999999999995,264.23333333333335,7.071666666666667,982.355
2019-09-23 17:00:00,-22.413333333333334,41.559999999999995,272.4,6.285,982.7366666666668
2019-09-23 18:00:00,-23.725,44.53666666666666,160.73333333333332,2.7533333333333334,983.2066666666667
2019-09-23 19:00:00,-23.501666666666665,43.333333333333336,223.9,4.778333333333333,983.385
2019-09-23 20:00:00,-23.858333333333334,42.218333333333334,184.06666666666666,2.283333333333333,983.4
2019-09-23 21:00:00,-23.88,42.019999999999996,234.21666666666667,4.515,983.02
2019-09-23 22:00:00,-22.958333333333332,38.89,235.21666666666667,5.383333333333334,982.8733333333333
2019-09-23 23:00:00,-23.884999999999998,40.516666666666666,232.86666666666667,2.9033333333333333,982.6700000000001
2019-09-24 00:00:00,-25.433333333333334,44.39333333333333,102.13333333333334,1.8033333333333335,982.5866666666666
2019-09-24 01:00:00,-25.5,45.035,206.85,1.4316666666666669,982.1083333333333
2019-09-24 02:00:00,-25.703333333333333,44.17666666666666,248.1,2.555,981.5683333333333
2019-09-24 03:00:00,-24.863333333333333,42.385,213.03333333333333,2.39,981.1783333333333
2019-09-24 04:00:00,-24.59333333333333,41.42833333333333,141.86666666666667,2.3233333333333333,980.4966666666666
2019-09-24 05:00:00,-25.001666666666665,43.025,229.05,1.785,980.18
2019-09-24 06:00:00,-24.76833333333333,43.67166666666667,108.3,2.61,979.3449999999999
2019-09-24 07:00:00,-23.415000000000003,40.465,169.45,1.7983333333333333,978.74
2019-09-24 08:00:00,-21.363333333333333,38.835,96.53333333333333,4.65,977.9866666666666
2019-09-24 09:00:00,-20.295,38.29666666666667,134.5,2.2733333333333334,977.0433333333333
2019-09-24 10:00:00,-19.456666666666667,36.63,200.23333333333332,1.7566666666666668,975.9633333333334
2019-09-24 11:00:00,-19.195,37.59,197.53333333333333,3.17,974.9699999999999
2019-09-24 12:00:00,-17.688333333333333,36.806666666666665,273.6666666666667,3.2333333333333334,973.98
2019-09-24 13:00:00,-17.1,41.99666666666667,156.4,4.808333333333334,973.3233333333334
2019-09-24 14:00:00,-17.458333333333332,51.894999999999996,87.15,15.588333333333333,973.4533333333333
2019-09-24 15:00:00,-19.811666666666667,48.69833333333334,104.15,12.01,973.5616666666666
2019-09-24 16:00:00,-20.256666666666664,41.885,103.5,10.671666666666665,973.0933333333334
2019-09-24 17:00:00,-20.163333333333334,38.635,134.1,8.593333333333334,971.8716666666667
2019-09-24 18:00:00,-19.529999999999998,33.545,122.6,5.031666666666666,970.9033333333333
2019-09-24 19:00:00,-18.926666666666666,44.775,118.61666666666666,5.528333333333333,970.0666666666667
2019-09-24 20:00:00,-18.764999999999997,50.583333333333336,81.46666666666667,2.6016666666666666,969.6566666666666
2019-09-24 21:00:00,-19.325,55.66,222.55,3.621666666666667,969.1166666666667
2019-09-24 22:00:00,-15.843333333333334,47.568333333333335,104.78333333333333,12.376666666666667,968.0699999999999
2019-09-24 23:00:00,-14.335,40.193333333333335,119.23333333333333,17.048333333333332,967.7333333333333
2019-09-25 00:00:00,-13.923333333333334,38.330000000000005,138.71666666666667,17.346666666666668,967.4933333333333
2019-09-25 01:00:00,-13.683333333333334,35.635,151.38333333333333,13.301666666666668,967.26
2019-09-25 02:00:00,-13.978333333333333,34.64333333333333,128.81666666666666,11.453333333333335,967.1666666666666
2019-09-25 03:00:00,-14.428333333333335,34.725,186.35,5.533333333333333,967.3199999999999
2019-09-25 04:00:00,-16.404999999999998,43.385,278.3333333333333,6.465,967.5633333333334
2019-09-25 05:00:00,-17.00166666666667,47.32166666666667,237.75,5.256666666666666,967.575
2019-09-25 06:00:00,-16.805,42.765,241.66666666666666,3.481666666666667,967.2983333333334
2019-09-25 07:00:00,-16.62,38.248333333333335,214.38333333333333,6.806666666666667,966.975
2019-09-25 08:00:00,-15.161666666666667,35.49,260.06666666666666,4.975,966.76
2019-09-25 09:00:00,-14.195,34.843333333333334,265.51666666666665,6.37,966.4066666666666
2019-09-25 10:00:00,-12.92,33.5,292.9166666666667,5.208333333333333,966.4283333333333
2019-09-25 11:00:00,-12.770000000000001,33.79833333333333,215.05,3.9266666666666667,966.3466666666666
2019-09-25 12:00:00,-12.889999999999999,31.35666666666667,242.93333333333334,5.841666666666667,966.2383333333333
2019-09-25 13:00:00,-14.386666666666667,39.14833333333333,217.86666666666667,2.29,966.1416666666667
2019-09-25 14:00:00,-13.231666666666666,37.644999999999996,232.53333333333333,1.5650000000000002,965.7266666666667
2019-09-25 15:00:00,-16.075,40.48166666666667,66.08333333333333,3.055,965.6566666666666
2019-09-25 16:00:00,-18.195,44.69833333333334,145.71666666666667,1.7266666666666666,965.6650000000001
2019-09-25 17:00:00,-19.823333333333334,48.556666666666665,126.85,2.183333333333333,965.69
2019-09-25 18:00:00,-19.586666666666666,41.75666666666667,149.85,5.783333333333333,965.51
2019-09-25 19:00:00,-19.051666666666666,37.52833333333333,202.61666666666667,2.6383333333333336,965.5133333333334
2019-09-25 20:00:00,-19.826666666666664,37.711666666666666,170.66666666666666,4.346666666666667,965.5166666666667
2019-09-25 21:00:00,-19.865000000000002,35.755,170.43333333333334,4.283333333333333,965.48
2019-09-25 22:00:00,-19.858333333333334,35.19166666666667,182.66666666666666,4.888333333333334,965.4783333333332
2019-09-25 23:00:00,-19.758333333333333,35.14,153.1,5.088333333333334,965.24
2019-09-26 00:00:00,-19.408333333333335,34.29833333333333,142.43333333333334,3.4133333333333336,964.9083333333333
2019-09-26 01:00:00,-19.509999999999998,34.87166666666667,182.15,2.9733333333333336,964.7549999999999
2019-09-26 02:00:00,-21.361666666666668,39.48166666666667,255.95,2.7150000000000003,964.7316666666667
2019-09-26 03:00:00,-20.928333333333335,38.736666666666665,191.31666666666666,3.7083333333333335,964.5633333333334
2019-09-26 04:00:00,-22.121666666666666,41.17666666666666,116.63333333333334,4.328333333333333,964.455
2019-09-26 05:00:00,-21.561666666666667,41.58833333333334,176.65,3.203333333333333,964.6166666666667
2019-09-26 06:00:00,-20.096666666666668,43.17666666666666,220.65,4.258333333333334,964.5833333333334
2019-09-26 07:00:00,-18.808333333333334,39.38166666666667,130.16666666666666,9.283333333333333,965.0816666666667
2019-09-26 08:00:00,-18.305,41.056666666666665,107.71666666666667,12.441666666666666,965.9166666666666
2019-09-26 09:00:00,-18.045,36.725,128.56666666666666,10.936666666666667,966.1800000000001
2019-09-26 10:00:00,-17.621666666666666,34.47166666666667,139.18333333333334,10.403333333333334,966.1800000000001
2019-09-26 11:00:00,-17.178333333333335,32.66166666666667,138.33333333333334,8.858333333333333,966.0516666666666
2019-09-26 12:00:00,-16.641666666666666,36.225,121.96666666666667,9.135,965.6966666666667
2019-09-26 13:00:00,-16.75,35.99666666666667,104.06666666666666,12.155,965.3416666666667
2019-09-26 14:00:00,-17.365,36.465,102.95,10.521666666666667,965.275
2019-09-26 15:00:00,-17.958333333333332,39.565000000000005,137.81666666666666,10.926666666666668,964.69
2019-09-26 16:00:00,-17.815,39.46,117.55,8.648333333333333,964.175
2019-09-26 17:00:00,-16.943333333333335,37.016666666666666,144.86666666666667,11.41,963.8816666666667
2019-09-26 18:00:00,-17.09,39.544999999999995,142.76666666666668,16.168333333333333,963.8799999999999
2019-09-26 19:00:00,-17.96333333333333,42.836666666666666,115.13333333333334,17.325,964.3183333333333
2019-09-26 20:00:00,-18.323333333333334,40.47833333333333,123.11666666666666,9.736666666666668,964.7883333333333
2019-09-26 21:00:00,-19.715,43.87,240.71666666666667,2.48,964.8083333333333
2019-09-26 22:00:00,-19.470000000000002,39.93,105.31666666666666,3.4949999999999997,965.15
2019-09-26 23:00:00,-18.465,35.19166666666667,131.73333333333332,3.145,965.2433333333333
2019-09-27 00:00:00,-18.66166666666667,33.833333333333336,248.88333333333333,1.505,965.275
2019-09-27 01:00:00,-20.271666666666665,38.10333333333333,271.98333333333335,1.87,965.5366666666666
2019-09-27 02:00:00,-21.423333333333336,41.325,210.26666666666668,3.228333333333333,965.745
2019-09-27 03:00:00,-20.779999999999998,37.934999999999995,214.51666666666668,2.24,966.065
2019-09-27 04:00:00,-21.561666666666667,40.251666666666665,204.9,2.9866666666666664,966.5
2019-09-27 05:00:00,-21.941666666666666,41.05333333333333,214.6,4.158333333333333,966.8616666666666
2019-09-27 06:00:00,-20.901666666666664,40.348333333333336,232.03333333333333,2.2183333333333333,967.1450000000001
2019-09-27 07:00:00,-19.788333333333334,35.61,285.76666666666665,4.156666666666667,967.2833333333333
2019-09-27 08:00:00,-18.396666666666665,33.22,216.66666666666666,4.185,967.2766666666666
2019-09-27 09:00:00,-18.85,35.60166666666667,66.93333333333334,2.4050000000000002,967.2833333333333
2019-09-27 10:00:00,-18.763333333333332,33.215,77.18333333333334,1.2566666666666668,967.3799999999999
2019-09-27 11:00:00,-17.566666666666666,32.92166666666667,236.8,1.3833333333333333,967.3366666666666
2019-09-27 12:00:00,-16.94666666666667,31.046666666666667,293.18333333333334,2.23,967.2316666666667
2019-09-27 13:00:00,-16.92,30.279999999999998,314.98333333333335,3.381666666666667,966.8783333333333
2019-09-27 14:00:00,-18.491666666666667,34.38166666666667,156.75,2.98,966.5716666666667
2019-09-27 15:00:00,-19.259999999999998,39.99333333333333,62.61666666666667,2.521666666666667,966.1866666666666
2019-09-27 16:00:00,-20.756666666666668,47.595,75.65,5.6866666666666665,965.8383333333334
2019-09-27 17:00:00,-21.166666666666668,50.32833333333333,78.56666666666666,7.491666666666666,965.3866666666667
2019-09-27 18:00:00,-21.176666666666666,52.165,92.26666666666667,6.903333333333333,965.2083333333334
2019-09-27 19:00:00,-21.05666666666667,54.986666666666665,88.43333333333334,6.636666666666667,964.9216666666666
2019-09-27 20:00:00,-20.653333333333332,55.513333333333335,78.68333333333334,5.793333333333334,964.8166666666667
2019-09-27 21:00:00,-20.716666666666665,56.41166666666666,88.91666666666667,6.406666666666666,964.7366666666666
2019-09-27 22:00:00,-20.85,64.09833333333333,100.15,7.11,964.5666666666667
2019-09-27 23:00:00,-20.938333333333333,67.65333333333334,93.65,6.7733333333333325,964.535
2019-09-28 00:00:00,-21.31833333333333,61.04333333333333,100.9,6.788333333333333,964.5233333333333
2019-09-28 01:00:00,-21.595000000000002,47.07,120.95,10.2,964.5033333333333
2019-09-28 02:00:00,-21.453333333333333,43.598333333333336,121.13333333333334,5.413333333333333,964.2933333333333
2019-09-28 03:00:00,-21.756666666666668,43.13666666666666,129.0,7.233333333333333,963.9833333333333
2019-09-28 04:00:00,-22.07,44.25666666666667,120.75,7.995,963.9016666666666
2019-09-28 05:00:00,-22.583333333333332,48.385,104.23333333333333,3.796666666666667,964.0866666666667
2019-09-28 06:00:00,-19.959999999999997,43.15833333333333,139.5,16.08,964.045
2019-09-28 07:00:00,-19.959999999999997,47.708333333333336,117.08333333333333,15.038333333333332,964.4966666666667
2019-09-28 08:00:00,-20.295,54.05333333333333,112.43333333333334,16.695,965.1166666666667
2019-09-28 09:00:00,-20.5,61.336666666666666,128.46666666666667,18.75,965.4533333333333
2019-09-28 10:00:00,-19.80666666666667,50.585,123.53333333333333,14.686666666666667,965.7116666666666
2019-09-28 11:00:00,-19.56833333333333,51.00333333333333,137.23333333333332,15.938333333333333,965.11
2019-09-28 12:00:00,-19.351666666666667,53.205000000000005,138.71666666666667,18.18166666666667,964.3483333333334
2019-09-28 13:00:00,-19.358333333333334,53.195,131.5,19.381666666666668,963.6366666666667
2019-09-28 14:00:00,-19.508333333333333,47.69833333333334,117.71666666666667,17.253333333333334,963.37
2019-09-28 15:00:00,-19.586666666666666,47.90333333333333,114.46666666666667,17.048333333333332,963.1650000000001
2019-09-28 16:00:00,-19.991666666666667,53.43666666666666,120.4,19.273333333333333,962.9633333333334
2019-09-28 17:00:00,-20.45,61.223333333333336,133.13333333333333,26.198333333333334,962.505
2019-09-28 18:00:00,-19.953333333333333,59.95166666666667,143.7,27.311666666666667,961.7633333333334
2019-09-28 19:00:00,-19.23,62.265,139.13333333333333,28.15666666666667,961.1566666666666
2019-09-28 20:00:00,-19.001666666666665,60.90333333333333,132.28333333333333,29.166666666666668,961.0533333333333
2019-09-28 21:00:00,-18.721666666666668,59.635,125.85,27.978333333333335,961.2883333333334
2019-09-28 22:00:00,-18.708333333333332,59.294999999999995,122.8,26.978333333333335,961.375
2019-09-28 23:00:00,-18.798333333333336,59.585,123.28333333333333,27.791666666666668,961.4599999999999
2019-09-29 00:00:00,-18.605,58.875,124.81666666666666,28.9,961.5683333333333
2019-09-29 01:00:00,-18.9,55.54833333333333,129.51666666666668,27.446666666666665,961.6516666666666
2019-09-29 02:00:00,-19.028333333333332,56.43333333333333,129.9,27.716666666666665,961.8616666666666
2019-09-29 03:00:00,-19.015,57.925,133.85,28.658333333333335,961.995
2019-09-29 04:00:00,-19.323333333333334,58.276666666666664,138.1,28.475,962.385
2019-09-29 05:00:00,-19.711666666666666,54.401666666666664,147.95,28.353333333333335,962.7416666666667
2019-09-29 06:00:00,-19.56833333333333,52.79666666666667,146.43333333333334,27.243333333333332,963.1949999999999
2019-09-29 07:00:00,-19.041666666666668,57.269999999999996,144.23333333333332,27.103333333333335,963.3266666666666
2019-09-29 08:00:00,-17.58,59.765,130.25,24.956666666666667,963.7083333333334
2019-09-29 09:00:00,-17.075,61.318333333333335,133.71666666666667,25.243333333333332,963.9466666666666
2019-09-29 10:00:00,-16.55,60.00833333333333,125.23333333333333,24.05,964.23
2019-09-29 11:00:00,-16.246666666666666,61.47166666666667,128.91666666666666,23.723333333333336,964.2716666666668
2019-09-29 12:00:00,-16.045,61.36,131.28333333333333,24.478333333333335,964.5266666666666
2019-09-29 13:00:00,-15.85,61.975,134.91666666666666,24.96833333333333,964.6833333333333
2019-09-29 14:00:00,-15.606666666666666,60.40833333333333,136.05,23.48166666666667,965.23
2019-09-29 15:00:00,-15.448333333333332,55.79,139.81666666666666,24.101666666666667,965.755
2019-09-29 16:00:00,-15.603333333333333,55.96666666666667,145.38333333333333,25.145,965.9166666666666
2019-09-29 17:00:00,-15.778333333333334,55.50666666666667,146.43333333333334,27.02,966.4016666666666
2019-09-29 18:00:00,-16.166666666666668,51.29,150.88333333333333,28.80666666666667,966.9333333333333
2019-09-29 19:00:00,-15.961666666666668,50.525,153.91666666666666,31.038333333333334,967.485
2019-09-29 20:00:00,-15.691666666666666,48.19833333333334,154.1,31.033333333333335,968.2216666666667
2019-09-29 21:00:00,-15.758333333333333,47.82333333333334,156.86666666666667,31.196666666666665,968.5583333333333
2019-09-29 22:00:00,-16.633333333333333,48.28,161.81666666666666,24.9,968.885
2019-09-29 23:00:00,-16.396666666666665,47.95666666666667,166.26666666666668,24.581666666666667,969.3716666666667
2019-09-30 00:00:00,-16.25,47.14,168.65,22.62,970.0949999999999
2019-09-30 01:00:00,-16.971666666666668,48.093333333333334,171.7,21.83,970.5083333333333
2019-09-30 02:00:00,-16.696666666666665,47.288333333333334,171.81666666666666,20.71833333333333,970.725
2019-09-30 03:00:00,-16.965,46.475,171.55,23.28166666666667,970.8633333333333
2019-09-30 04:00:00,-17.373333333333335,46.135,171.08333333333334,24.256666666666668,971.295
2019-09-30 05:00:00,-17.548333333333336,45.36333333333334,171.7,23.53666666666667,971.9833333333333
2019-09-30 06:00:00,-17.358333333333334,46.138333333333335,173.23333333333332,21.761666666666667,972.6866666666666
2019-09-30 07:00:00,-16.415,44.73166666666667,173.15,20.035,973.1816666666667
2019-09-30 08:00:00,-15.58,44.666666666666664,173.86666666666667,19.873333333333335,973.4699999999999
2019-09-30 09:00:00,-14.948333333333332,42.92333333333333,171.31666666666666,19.451666666666664,974.0816666666667
2019-09-30 10:00:00,-14.683333333333334,43.391666666666666,172.5,18.425,974.5916666666667
2019-09-30 11:00:00,-13.986666666666668,42.458333333333336,174.38333333333333,18.11,975.0133333333334
2019-09-30 12:00:00,-13.026666666666667,40.526666666666664,173.61666666666667,15.085,975.1883333333334
2019-09-30 13:00:00,-13.091666666666667,41.89333333333333,174.26666666666668,14.648333333333333,975.3
2019-09-30 14:00:00,-13.415,41.89666666666667,173.13333333333333,13.620000000000001,975.5716666666667
2019-09-30 15:00:00,-13.768333333333334,41.836666666666666,189.86666666666667,7.953333333333333,975.9616666666667
2019-09-30 16:00:00,-14.713333333333333,41.16833333333333,173.95,9.921666666666665,975.6933333333333
2019-09-30 17:00:00,-15.403333333333334,47.04833333333333,179.76666666666668,13.276666666666667,975.2466666666667
2019-09-30 18:00:00,-15.353333333333333,46.266666666666666,179.16666666666666,7.066666666666666,975.1949999999999
2019-09-30 19:00:00,-15.821666666666667,47.358333333333334,181.68333333333334,9.514999999999999,974.635
2019-09-30 20:00:00,-16.696666666666665,45.38,192.46666666666667,8.403333333333332,974.2199999999999
2019-09-30 21:00:00,-17.40666666666667,40.28333333333333,179.08333333333334,11.768333333333334,973.56
2019-09-30 22:00:00,-19.228333333333335,46.105000000000004,178.03333333333333,16.635,972.4433333333333
2019-09-30 23:00:00,-18.026666666666664,38.63,182.51666666666668,11.456666666666667,971.8199999999999
2019-10-01 00:00:00,-17.946666666666665,37.02833333333333,183.53333333333333,11.35,971.1766666666666
2019-10-01 01:00:00,-18.57,38.195,180.13333333333333,12.95,970.1616666666666
2019-10-01 02:00:00,-18.05,33.95166666666667,178.38333333333333,11.92,969.2183333333334
2019-10-01 03:00:00,-18.051666666666666,33.281666666666666,171.33333333333334,15.325,968.5366666666666
2019-10-01 04:00:00,-18.295,34.401666666666664,174.26666666666668,16.851666666666667,967.7683333333333
2019-10-01 05:00:00,-18.201666666666664,35.934999999999995,175.06666666666666,16.91166666666667,966.855
2019-10-01 06:00:00,-17.453333333333333,34.38166666666667,170.91666666666666,11.428333333333335,966.275
2019-10-01 07:00:00,-17.141666666666666,35.25333333333333,168.26666666666668,18.3,965.3933333333333
2019-10-01 08:00:00,-16.881666666666668,38.005,135.93333333333334,9.038333333333332,965.3483333333334
2019-10-01 09:00:00,-16.095000000000002,37.70166666666667,125.68333333333334,7.528333333333333,965.1016666666667
2019-10-01 10:00:00,-16.083333333333332,38.29333333333333,160.26666666666668,5.866666666666666,964.7516666666667
2019-10-01 11:00:00,-14.983333333333333,40.26166666666666,104.93333333333334,14.786666666666667,963.9150000000001
2019-10-01 12:00:00,-14.651666666666667,40.269999999999996,110.36666666666666,13.181666666666667,963.635
2019-10-01 13:00:00,-14.378333333333334,39.861666666666665,123.45,12.128333333333334,963.1466666666668
2019-10-01 14:00:00,-14.368333333333334,40.155,129.16666666666666,10.781666666666666,962.7966666666666
2019-10-01 15:00:00,-14.475,38.233333333333334,141.0,12.638333333333332,962.0883333333334
2019-10-01 16:00:00,-13.973333333333333,34.34666666666667,149.23333333333332,15.026666666666667,961.3666666666667
2019-10-01 17:00:00,-13.805,34.55,152.03333333333333,17.223333333333336,960.815
2019-10-01 18:00:00,-13.903333333333334,34.48166666666667,151.18333333333334,21.996666666666666,960.5283333333333
2019-10-01 19:00:00,-14.258333333333333,33.87166666666666,153.18333333333334,22.98,960.4883333333333
2019-10-01 20:00:00,-14.096666666666666,34.443333333333335,153.33333333333334,25.275,960.1533333333333
2019-10-01 21:00:00,-13.485000000000001,36.14666666666667,153.03333333333333,25.985,960.0983333333334
2019-10-01 22:00:00,-13.05,38.5,148.1,20.52,960.0983333333334
2019-10-01 23:00:00,-12.376666666666667,43.736666666666665,149.25,22.555,960.2183333333334
2019-10-02 00:00:00,-11.92,48.833333333333336,142.48333333333332,20.73166666666667,960.1633333333334
2019-10-02 01:00:00,-11.516666666666667,51.04833333333333,122.63333333333334,17.298333333333336,960.3149999999999
2019-10-02 02:00:00,-11.773333333333333,53.71333333333334,122.56666666666666,15.768333333333334,960.6233333333333
2019-10-02 03:00:00,-12.273333333333333,55.96333333333334,117.73333333333333,17.261666666666667,961.2333333333333
2019-10-02 04:00:00,-12.476666666666667,55.42166666666667,135.26666666666668,18.475,961.5316666666666
2019-10-02 05:00:00,-12.533333333333333,53.73166666666667,139.3,21.538333333333334,961.5766666666666
2019-10-02 06:00:00,-12.21,54.00333333333333,138.83333333333334,23.783333333333335,961.4383333333333
2019-10-02 07:00:00,-11.623333333333333,55.111666666666665,131.45,24.853333333333335,961.8133333333334
2019-10-02 08:00:00,-11.218333333333334,57.809999999999995,116.66666666666667,17.571666666666665,962.2316666666667
2019-10-02 09:00:00,-11.185,59.84,112.65,18.861666666666668,962.3233333333334
2019-10-02 10:00:00,-11.083333333333334,57.29,126.48333333333333,19.34333333333333,961.9066666666666
2019-10-02 11:00:00,-10.966666666666667,57.89,122.2,18.811666666666667,961.795
2019-10-02 12:00:00,-11.078333333333331,60.00333333333333,122.58333333333333,17.581666666666667,961.8533333333332
2019-10-02 13:00:00,-11.128333333333332,62.77166666666667,120.65,18.421666666666667,961.905
2019-10-02 14:00:00,-11.096666666666666,61.644999999999996,124.16666666666667,17.496666666666666,961.24
2019-10-02 15:00:00,-11.186666666666666,65.94333333333333,119.05,20.458333333333332,960.5583333333333
2019-10-02 16:00:00,-11.295,67.97166666666666,117.98333333333333,21.611666666666668,960.55
2019-10-02 17:00:00,-11.436666666666667,69.90166666666667,116.18333333333334,20.515,960.9916666666667
2019-10-02 18:00:00,-11.405000000000001,69.77833333333334,114.05,22.965,961.4
2019-10-02 19:00:00,-11.305000000000001,67.44833333333334,110.81666666666666,24.816666666666666,961.6166666666667
2019-10-02 20:00:00,-11.415,68.20666666666666,114.7,21.853333333333335,962.245
2019-10-02 21:00:00,-11.516666666666667,72.21333333333334,113.06666666666666,21.601666666666667,962.9366666666666
2019-10-02 22:00:00,-11.676666666666668,80.24666666666667,111.28333333333333,23.16,963.3583333333333
2019-10-02 23:00:00,-11.639999999999999,84.19666666666667,118.21666666666667,26.351666666666667,963.2199999999999
2019-10-03 00:00:00,-11.441666666666666,84.01166666666667,121.56666666666666,32.345,962.3
2019-10-03 01:00:00,-11.305000000000001,84.395,123.4,33.81666666666667,961.985
2019-10-03 02:00:00,-11.268333333333334,85.02166666666668,127.38333333333334,33.586666666666666,961.9883333333333
2019-10-03 03:00:00,-11.15,85.37666666666668,124.7,32.901666666666664,962.5916666666667
2019-10-03 04:00:00,-11.026666666666667,84.815,123.81666666666666,34.788333333333334,963.1466666666668
2019-10-03 05:00:00,-10.891666666666667,84.52166666666668,123.16666666666667,34.230000000000004,963.75
2019-10-03 06:00:00,-10.691666666666666,82.05833333333334,122.86666666666666,33.63333333333333,964.1016666666667
2019-10-03 07:00:00,-10.518333333333334,80.59333333333333,121.58333333333333,30.723333333333336,964.7666666666667
2019-10-03 08:00:00,-10.175,75.00500000000001,119.68333333333334,29.205,965.0300000000001
2019-10-03 09:00:00,-9.868333333333334,68.85666666666665,119.31666666666666,27.81833333333333,965.3183333333333
2019-10-03 10:00:00,-9.645000000000001,66.14333333333333,115.45,22.753333333333334,965.9216666666667
2019-10-03 11:00:00,-9.261666666666667,65.48,107.11666666666666,20.78166666666667,965.9766666666667
2019-10-03 12:00:00,-8.778333333333334,63.565000000000005,103.63333333333334,19.523333333333333,965.85
2019-10-03 13:00:00,-8.381666666666666,62.41166666666666,106.88333333333334,20.59333333333333,965.5916666666667
2019-10-03 14:00:00,-7.958333333333333,59.42833333333333,106.56666666666666,20.466666666666665,965.2483333333333
2019-10-03 15:00:00,-7.858333333333333,58.385,107.9,18.353333333333335,965.1283333333334
2019-10-03 16:00:00,-7.763333333333334,56.95666666666667,111.38333333333334,20.456666666666667,964.8349999999999
2019-10-03 17:00:00,-7.928333333333333,56.37833333333333,112.26666666666667,20.61,964.7199999999999
2019-10-03 18:00:00,-8.568333333333333,55.45,113.35,19.158333333333335,964.4166666666666
2019-10-03 19:00:00,-8.906666666666666,53.63,113.2,16.816666666666666,964.23
2019-10-03 20:00:00,-9.115,55.211666666666666,111.28333333333333,17.37,964.285
2019-10-03 21:00:00,-9.035,53.245,113.85,23.371666666666666,963.7833333333333
2019-10-03 22:00:00,-9.465,59.88333333333333,112.53333333333333,22.165000000000003,963.885
2019-10-03 23:00:00,-9.413333333333332,59.34666666666667,108.95,23.64333333333333,963.3183333333333
2019-10-04 00:00:00,-9.396666666666667,59.193333333333335,111.98333333333333,25.071666666666665,962.86
2019-10-04 01:00:00,-9.46,58.818333333333335,115.73333333333333,24.886666666666667,962.145
2019-10-04 02:00:00,-9.703333333333335,61.986666666666665,112.21666666666667,23.78666666666667,962.13
2019-10-04 03:00:00,-9.770000000000001,55.80166666666666,115.03333333333333,23.136666666666667,962.3883333333334
2019-10-04 04:00:00,-9.576666666666666,47.84166666666667,123.5,26.605,961.9966666666666
2019-10-04 05:00:00,-9.34,45.285,122.25,31.958333333333332,961.245
2019-10-04 06:00:00,-8.745000000000001,41.413333333333334,120.63333333333334,33.06166666666667,960.3866666666667
2019-10-04 07:00:00,-8.153333333333332,40.61333333333334,122.15,34.983333333333334,958.98
2019-10-04 08:00:00,-7.678333333333333,43.568333333333335,122.26666666666667,34.913333333333334,957.9066666666666
2019-10-04 09:00:00,-7.525,46.45666666666667,120.46666666666667,32.278333333333336,957.6366666666667
2019-10-04 10:00:00,-7.368333333333334,49.75666666666667,110.4,25.273333333333333,958.02
2019-10-04 11:00:00,-7.531666666666666,54.55333333333333,106.8,22.751666666666665,957.9699999999999
2019-10-04 12:00:00,-7.47,55.38333333333333,103.58333333333333,21.525,957.19
2019-10-04 13:00:00,-7.39,54.74166666666667,102.36666666666666,21.59,956.4733333333334
2019-10-04 14:00:00,-7.928333333333333,58.11833333333333,112.48333333333333,19.955,955.6583333333333
2019-10-04 15:00:00,-8.318333333333333,56.64666666666667,113.96666666666667,22.83833333333333,955.3233333333334
2019-10-04 16:00:00,-7.948333333333333,48.56666666666667,116.2,27.596666666666668,953.9633333333334
2019-10-04 17:00:00,-7.665,47.181666666666665,120.65,31.336666666666666,953.1383333333334
2019-10-04 18:00:00,-7.578333333333333,49.031666666666666,117.56666666666666,27.365000000000002,952.7816666666666
2019-10-04 19:00:00,-7.283333333333333,49.82666666666667,114.25,26.386666666666667,952.6766666666666
2019-10-04 20:00:00,-7.288333333333333,50.73166666666667,114.7,26.245,953.1733333333334
2019-10-04 21:00:00,-7.593333333333334,56.565000000000005,122.65,27.453333333333333,953.1333333333333
2019-10-04 22:00:00,-7.403333333333333,52.45,122.01666666666667,28.540000000000003,952.7883333333334
2019-10-04 23:00:00,-7.2683333333333335,48.20166666666667,124.1,29.751666666666665,952.66
2019-10-05 00:00:00,-6.966666666666667,44.33166666666667,123.18333333333334,30.0,952.3083333333333
2019-10-05 01:00:00,-6.819999999999999,42.251666666666665,123.46666666666667,30.06833333333333,952.1200000000001
2019-10-05 02:00:00,-6.235,37.751666666666665,120.55,30.543333333333333,951.3916666666667
2019-10-05 03:00:00,-5.551666666666667,34.123333333333335,125.41666666666667,34.635,950.5216666666668
2019-10-05 04:00:00,-5.569999999999999,36.00333333333333,126.03333333333333,34.669999999999995,950.5533333333333
2019-10-05 05:00:00,-5.735,36.66166666666666,124.6,31.538333333333334,950.525
2019-10-05 06:00:00,-5.991666666666666,37.126666666666665,123.15,30.71333333333333,950.5716666666667
2019-10-05 07:00:00,-5.778333333333333,34.980000000000004,116.3,27.273333333333333,951.175
2019-10-05 08:00:00,-5.713333333333334,36.735,117.76666666666667,26.09333333333333,951.51
2019-10-05 09:00:00,-5.748333333333333,38.985,120.95,25.296666666666667,951.935
2019-10-05 10:00:00,-5.881666666666667,40.99166666666667,117.4,24.584999999999997,952.3133333333333
2019-10-05 11:00:00,-6.069999999999999,42.29333333333333,118.96666666666667,26.651666666666664,952.3533333333332
2019-10-05 12:00:00,-6.4383333333333335,46.718333333333334,113.75,23.386666666666667,952.9766666666667
2019-10-05 13:00:00,-6.406666666666666,46.99,110.95,27.37,953.2783333333333
2019-10-05 14:00:00,-6.614999999999999,49.593333333333334,114.46666666666667,27.576666666666664,953.495
2019-10-05 15:00:00,-6.9366666666666665,54.333333333333336,115.93333333333334,24.39333333333333,953.6016666666667
2019-10-05 16:00:00,-7.048333333333333,55.1,119.45,26.261666666666667,953.7116666666666
2019-10-05 17:00:00,-6.988333333333333,52.79666666666667,120.9,28.48166666666667,953.7466666666667
2019-10-05 18:00:00,-7.02,52.75,121.73333333333333,28.82,953.5183333333333
2019-10-05 19:00:00,-7.0633333333333335,51.26,121.66666666666667,31.486666666666668,953.4433333333333
2019-10-05 20:00:00,-7.623333333333333,57.11333333333334,116.95,25.785,954.0849999999999
2019-10-05 21:00:00,-7.926666666666667,59.60666666666667,121.56666666666666,32.23833333333333,953.6800000000001
2019-10-05 22:00:00,-7.838333333333334,56.330000000000005,125.81666666666666,36.026666666666664,953.975
2019-10-05 23:00:00,-7.326666666666667,47.27333333333333,124.4,34.07833333333333,954.4366666666666
2019-10-06 00:00:00,-6.866666666666666,38.934999999999995,118.53333333333333,27.613333333333333,955.1283333333333
2019-10-06 01:00:00,-6.925,39.776666666666664,112.41666666666667,24.351666666666667,954.7916666666666
2019-10-06 02:00:00,-7.331666666666666,45.218333333333334,104.83333333333333,15.398333333333333,954.6566666666666
2019-10-06 03:00:00,-7.218333333333334,47.22666666666667,110.16666666666667,16.158333333333335,954.3983333333333
2019-10-06 04:00:00,-7.428333333333333,50.315000000000005,103.63333333333334,18.71333333333333,953.9266666666666
2019-10-06 05:00:00,-7.306666666666667,48.281666666666666,106.66666666666667,23.645,953.94
2019-10-06 06:00:00,-7.855,49.730000000000004,111.33333333333333,19.641666666666666,954.5783333333333
2019-10-06 07:00:00,-7.9,44.54333333333333,110.26666666666667,18.951666666666664,954.7183333333334
2019-10-06 08:00:00,-7.618333333333334,40.55333333333333,110.5,19.353333333333335,955.26
2019-10-06 09:00:00,-8.148333333333333,45.025,92.6,18.6,955.5333333333333
2019-10-06 10:00:00,-8.941666666666666,51.55166666666666,103.86666666666666,22.86,954.36
2019-10-06 11:00:00,-9.3,58.498333333333335,106.9,25.834999999999997,953.545
2019-10-06 12:00:00,-10.069999999999999,76.27166666666668,122.48333333333333,36.401666666666664,952.4383333333334
2019-10-06 13:00:00,-9.975,79.74333333333334,116.83333333333333,32.03,952.7283333333332
2019-10-06 14:00:00,-10.231666666666666,83.82333333333332,123.61666666666666,37.43833333333334,952.8483333333334
2019-10-06 15:00:00,-10.576666666666666,85.78500000000001,125.35,38.89333333333333,952.8883333333334
2019-10-06 16:00:00,-10.770000000000001,85.11166666666666,128.06666666666666,40.431666666666665,954.215
2019-10-06 17:00:00,-10.805000000000001,85.75166666666668,123.31666666666666,34.035000000000004,955.6266666666667
2019-10-06 18:00:00,-10.903333333333334,85.94666666666667,113.6,29.733333333333334,957.1833333333333
2019-10-06 19:00:00,-11.035,84.41666666666667,115.11666666666666,28.803333333333335,958.8633333333333
2019-10-06 20:00:00,-11.04,81.83833333333334,119.95,24.883333333333333,960.4533333333333
2019-10-06 21:00:00,-10.998333333333333,80.13166666666666,119.35,24.779999999999998,961.6949999999999
2019-10-06 22:00:00,-11.069999999999999,79.135,113.2,23.631666666666668,962.4833333333333
2019-10-06 23:00:00,-11.101666666666667,79.86,112.83333333333333,22.261666666666667,962.8566666666667
2019-10-07 00:00:00,-11.108333333333333,78.09666666666666,113.08333333333333,23.325,963.0183333333333
2019-10-07 01:00:00,-11.178333333333333,77.40333333333334,114.31666666666666,22.455,963.1550000000001
2019-10-07 02:00:00,-11.195,74.32333333333332,121.83333333333333,24.333333333333332,963.1433333333333
2019-10-07 03:00:00,-11.098333333333333,73.75500000000001,125.0,23.706666666666667,962.9816666666667
2019-10-07 04:00:00,-11.118333333333334,77.76166666666667,128.05,25.709999999999997,962.7166666666667
2019-10-07 05:00:00,-11.181666666666667,79.22333333333333,128.13333333333333,28.55666666666667,962.365
2019-10-07 06:00:00,-10.78,70.14666666666668,125.31666666666666,30.866666666666667,962.0849999999999
2019-10-07 07:00:00,-10.195,64.61,123.9,32.071666666666665,961.7966666666666
2019-10-07 08:00:00,-9.479999999999999,60.905,122.6,29.798333333333336,961.7233333333334
2019-10-07 09:00:00,-9.096666666666666,65.61,119.88333333333334,27.733333333333334,961.4383333333334
2019-10-07 10:00:00,-8.665,70.53166666666667,113.01666666666667,25.7,961.25
2019-10-07 11:00:00,-8.233333333333333,66.28166666666667,111.95,23.39333333333333,961.8516666666667
2019-10-07 12:00:00,-8.146666666666667,64.88000000000001,107.85,21.40666666666667,962.115
2019-10-07 13:00:00,-8.476666666666667,65.37333333333333,107.63333333333334,20.96833333333333,962.1183333333333
2019-10-07 14:00:00,-8.486666666666666,62.23833333333334,109.78333333333333,22.18166666666667,962.0866666666666
2019-10-07 15:00:00,-7.963333333333334,56.12833333333333,113.8,21.83833333333333,962.0816666666667
2019-10-07 16:00:00,-8.003333333333334,55.61,112.95,22.401666666666664,962.77
2019-10-07 17:00:00,-8.345,54.45666666666667,118.03333333333333,25.35666666666667,962.9633333333334
2019-10-07 18:00:00,-8.423333333333334,52.96,120.78333333333333,26.67,963.1983333333334
2019-10-07 19:00:00,-8.196666666666667,50.27833333333333,124.08333333333333,33.075,962.9566666666667
2019-10-07 20:00:00,-8.056666666666667,48.605000000000004,126.96666666666667,35.96666666666667,962.965
2019-10-07 21:00:00,-8.025,49.42166666666667,125.98333333333333,34.28333333333333,962.8466666666666
2019-10-07 22:00:00,-8.043333333333333,49.67666666666666,126.4,35.41166666666666,962.9333333333333
2019-10-07 23:00:00,-7.861666666666666,48.985,128.16666666666666,38.64333333333333,962.5400000000001
2019-10-08 00:00:00,-7.413333333333333,48.27166666666667,128.8,39.52166666666667,962.2283333333332
2019-10-08 01:00:00,-7.085,46.505,127.21666666666667,39.57666666666667,961.7099999999999
2019-10-08 02:00:00,-6.8133333333333335,46.955000000000005,128.0,39.425,961.37
2019-10-08 03:00:00,-6.1,48.00666666666667,127.91666666666667,42.144999999999996,960.39
2019-10-08 04:00:00,-5.716666666666667,50.42666666666666,126.93333333333334,42.24,959.9666666666667
2019-10-08 05:00:00,-5.368333333333334,51.983333333333334,129.41666666666666,45.605000000000004,959.31
2019-10-08 06:00:00,-4.801666666666667,53.24333333333333,129.15,47.55833333333333,958.59
2019-10-08 07:00:00,-4.651666666666667,59.35166666666667,128.76666666666668,46.781666666666666,957.8566666666667
2019-10-08 08:00:00,-5.133333333333334,74.92333333333333,129.36666666666667,46.044999999999995,956.9066666666666
2019-10-08 09:00:00,-5.083333333333333,80.36333333333333,125.78333333333333,45.75833333333333,956.1566666666666
2019-10-08 10:00:00,-5.13,81.57166666666667,127.86666666666666,47.281666666666666,956.0433333333333
2019-10-08 11:00:00,-4.371666666666667,70.52,127.05,45.885,955.6766666666666
2019-10-08 12:00:00,-4.095000000000001,69.53999999999999,125.78333333333333,44.291666666666664,955.6116666666668
2019-10-08 13:00:00,-3.625,64.99833333333333,126.08333333333333,42.745,955.8516666666667
2019-10-08 14:00:00,-3.2,61.79,123.28333333333333,38.684999999999995,955.8533333333332
2019-10-08 15:00:00,-3.2733333333333334,62.044999999999995,121.76666666666667,35.583333333333336,956.1066666666667
2019-10-08 16:00:00,-3.396666666666667,63.51,120.68333333333334,33.255,956.475
2019-10-08 17:00:00,-4.208333333333333,77.45166666666667,125.03333333333333,35.825,956.3933333333333
2019-10-08 18:00:00,-3.558333333333333,68.11666666666666,122.28333333333333,36.559999999999995,956.385
2019-10-08 19:00:00,-3.32,63.52833333333333,121.81666666666666,35.60333333333333,956.4816666666667
2019-10-08 20:00:00,-3.1,60.318333333333335,121.16666666666667,37.65,956.7900000000001
2019-10-08 21:00:00,-3.11,60.90333333333333,122.06666666666666,37.49666666666667,957.0966666666667
2019-10-08 22:00:00,-2.981666666666667,58.15,122.01666666666667,36.843333333333334,956.8233333333334
2019-10-08 23:00:00,-2.76,55.52166666666667,121.33333333333333,36.74666666666667,956.9883333333333
2019-10-09 00:00:00,-2.9050000000000002,58.50833333333333,118.15,33.18333333333333,957.545
2019-10-09 01:00:00,-3.841666666666667,71.84333333333333,111.75,29.765,958.4133333333334
2019-10-09 02:00:00,-4.678333333333333,84.115,109.35,27.628333333333334,959.1466666666668
2019-10-09 03:00:00,-4.855,82.91666666666667,108.91666666666667,25.435,960.0300000000001
2019-10-09 04:00:00,-5.045,77.4,109.93333333333334,24.773333333333333,960.6516666666666
2019-10-09 05:00:00,-4.636666666666667,68.74166666666666,118.61666666666666,25.363333333333333,961.2833333333333
2019-10-09 06:00:00,-3.92,64.18333333333334,124.9,27.509999999999998,962.3449999999999
2019-10-09 07:00:00,-3.31,60.163333333333334,125.96666666666667,27.028333333333332,962.8733333333333
2019-10-09 08:00:00,-3.0783333333333336,57.056666666666665,125.7,26.688333333333333,962.8616666666666
2019-10-09 09:00:00,-2.675,55.16833333333333,122.36666666666666,22.1,962.8833333333333
2019-10-09 10:00:00,-2.19,51.336666666666666,120.21666666666667,21.21333333333333,962.5233333333333
2019-10-09 11:00:00,-1.5033333333333334,47.17333333333333,119.51666666666667,20.363333333333333,961.885
2019-10-09 12:00:00,-1.5583333333333333,46.48166666666667,122.48333333333333,22.53666666666667,961.0033333333333
2019-10-09 13:00:00,-1.7216666666666667,48.20333333333333,118.6,21.986666666666668,960.4483333333334
2019-10-09 14:00:00,-1.9483333333333333,49.36833333333333,120.95,26.358333333333334,959.475
2019-10-09 15:00:00,-1.9283333333333335,48.77833333333333,120.58333333333333,27.201666666666664,958.9150000000001
2019-10-09 16:00:00,-1.885,47.20666666666667,121.35,28.125,958.5983333333334
2019-10-09 17:00:00,-2.26,48.41833333333333,126.13333333333334,30.653333333333332,958.3816666666667
2019-10-09 18:00:00,-2.591666666666667,49.51,127.26666666666667,34.32333333333334,958.3516666666667
2019-10-09 19:00:00,-2.6016666666666666,47.30333333333333,127.23333333333333,34.83833333333334,958.3483333333334
2019-10-09 20:00:00,-2.6033333333333335,46.55833333333333,126.38333333333334,37.08166666666667,958.4150000000001
2019-10-09 21:00:00,-2.5533333333333332,45.785,126.33333333333333,36.845,958.9383333333334
2019-10-09 22:00:00,-2.731666666666667,45.79833333333333,126.33333333333333,39.20666666666667,958.7983333333334
2019-10-09 23:00:00,-3.315,49.906666666666666,124.83333333333333,36.2,958.8616666666666
2019-10-10 00:00:00,-3.5716666666666668,51.21,123.21666666666667,33.946666666666665,959.09
2019-10-10 01:00:00,-3.82,54.75,122.43333333333334,34.365,959.5366666666666
2019-10-10 02:00:00,-4.371666666666667,62.15,126.55,35.33833333333334,960.3483333333334
2019-10-10 03:00:00,-4.245,60.84,127.05,37.82,960.8983333333333
2019-10-10 04:00:00,-3.92,53.25666666666667,123.45,35.16166666666666,961.3866666666667
2019-10-10 05:00:00,-3.8583333333333334,49.144999999999996,124.45,35.190000000000005,961.5400000000001
2019-10-10 06:00:00,-3.441666666666667,44.63166666666667,120.9,34.123333333333335,961.8366666666666
2019-10-10 07:00:00,-3.3016666666666667,42.93666666666666,121.25,34.40833333333333,962.375
2019-10-10 08:00:00,-3.23,44.75333333333333,123.51666666666667,32.26,962.7900000000001
2019-10-10 09:00:00,-3.5283333333333338,45.45333333333333,117.98333333333333,28.796666666666667,963.52
2019-10-10 10:00:00,-3.888333333333333,47.60166666666667,117.63333333333334,29.495,964.0816666666667
2019-10-10 11:00:00,-4.256666666666667,51.236666666666665,116.08333333333333,27.37,964.8866666666667
2019-10-10 12:00:00,-4.448333333333334,52.025,113.76666666666667,25.495,965.3833333333333
2019-10-10 13:00:00,-4.510000000000001,52.07333333333334,115.51666666666667,24.295,965.6916666666667
2019-10-10 14:00:00,-4.566666666666666,53.02333333333333,114.18333333333334,21.898333333333333,966.06
2019-10-10 15:00:00,-4.453333333333333,50.04833333333333,108.93333333333334,27.086666666666666,965.8116666666666
2019-10-10 16:00:00,-4.505,48.63666666666666,111.6,26.685,965.5933333333334
2019-10-10 17:00:00,-4.5233333333333325,46.1,113.03333333333333,26.32,965.8966666666666
2019-10-10 18:00:00,-4.614999999999999,44.81166666666666,109.38333333333334,26.959999999999997,966.565
2019-10-10 19:00:00,-4.91,44.440000000000005,120.56666666666666,28.733333333333334,966.6116666666668
2019-10-10 20:00:00,-5.1866666666666665,43.708333333333336,117.06666666666666,27.241666666666667,966.9433333333333
2019-10-10 21:00:00,-5.253333333333333,43.52333333333333,118.78333333333333,28.12,967.0283333333333
2019-10-10 22:00:00,-5.2266666666666675,42.223333333333336,118.58333333333333,28.935,967.2283333333332
2019-10-10 23:00:00,-5.711666666666667,44.080000000000005,110.95,28.611666666666668,967.7099999999999
2019-10-11 00:00:00,-5.911666666666666,44.931666666666665,110.35,25.421666666666667,968.2316666666667
2019-10-11 01:00:00,-6.131666666666666,43.74166666666667,109.35,26.495,968.58
2019-10-11 02:00:00,-6.395,42.57,102.56666666666666,25.28166666666667,968.9016666666666
2019-10-11 03:00:00,-6.621666666666667,43.391666666666666,102.45,22.081666666666667,969.025
2019-10-11 04:00:00,-6.901666666666667,45.79833333333333,103.0,17.15666666666667,969.2366666666666
2019-10-11 05:00:00,-7.046666666666667,46.806666666666665,95.71666666666667,15.798333333333334,969.39
2019-10-11 06:00:00,-6.965000000000001,46.598333333333336,92.01666666666667,16.306666666666665,969.6316666666667
2019-10-11 07:00:00,-6.8133333333333335,44.608333333333334,92.55,16.273333333333333,969.72
2019-10-11 08:00:00,-6.6866666666666665,43.36833333333333,100.03333333333333,18.65666666666667,969.535
2019-10-11 09:00:00,-6.8133333333333335,43.32666666666667,105.18333333333334,17.779999999999998,969.3449999999999
2019-10-11 10:00:00,-6.665,40.608333333333334,118.63333333333334,21.118333333333332,968.7900000000001
2019-10-11 11:00:00,-6.711666666666667,36.776666666666664,125.65,25.790000000000003,968.3633333333333
2019-10-11 12:00:00,-6.651666666666667,37.52833333333333,123.65,23.166666666666668,968.105
2019-10-11 13:00:00,-6.6933333333333325,37.419999999999995,120.98333333333333,20.64333333333333,968.2166666666667
2019-10-11 14:00:00,-6.52,35.52833333333333,113.15,19.779999999999998,968.0616666666666
2019-10-11 15:00:00,-6.635,37.44833333333334,109.95,18.009999999999998,967.615
2019-10-11 16:00:00,-6.861666666666666,39.913333333333334,107.86666666666666,14.051666666666668,967.2183333333334
2019-10-11 17:00:00,-6.791666666666667,37.19166666666667,116.81666666666666,13.101666666666667,966.8316666666667
2019-10-11 18:00:00,-6.871666666666667,33.64833333333333,117.8,15.504999999999999,966.8716666666666
2019-10-11 19:00:00,-7.658333333333333,35.711666666666666,111.2,11.935,966.7866666666666
2019-10-11 20:00:00,-7.993333333333334,34.04833333333333,114.83333333333333,13.148333333333333,966.3733333333333
2019-10-11 21:00:00,-8.854999999999999,38.355000000000004,116.08333333333333,8.778333333333334,965.9583333333334
2019-10-11 22:00:00,-9.631666666666666,41.04333333333333,103.46666666666667,3.8666666666666667,965.565
2019-10-11 23:00:00,-9.508333333333333,37.41,114.78333333333333,10.883333333333333,965.1133333333333
2019-10-12 00:00:00,-9.09,31.404999999999998,141.21666666666667,13.99,964.8033333333333
2019-10-12 01:00:00,-10.161666666666667,35.48166666666667,139.01666666666668,5.915,964.7333333333333
2019-10-12 02:00:00,-11.748333333333333,40.38666666666666,163.68333333333334,4.095,964.515
2019-10-12 03:00:00,-11.848333333333333,38.888333333333335,144.18333333333334,5.84,964.3116666666666
2019-10-12 04:00:00,-12.719999999999999,42.763333333333335,194.58333333333334,4.053333333333333,963.755
2019-10-12 05:00:00,-12.846666666666666,43.26,197.08333333333334,6.475,963.4150000000001
2019-10-12 06:00:00,-12.106666666666666,43.281666666666666,194.65,4.838333333333334,963.2733333333333
2019-10-12 07:00:00,-11.663333333333332,45.333333333333336,200.86666666666667,3.896666666666667,963.2516666666667
2019-10-12 08:00:00,-9.611666666666668,38.785,269.6,3.1199999999999997,963.2133333333334
2019-10-12 09:00:00,-7.833333333333333,31.09,89.25,3.52,962.81
2019-10-12 10:00:00,-7.031666666666666,32.21,73.45,5.3,962.4449999999999
2019-10-12 11:00:00,-7.77,33.00333333333334,115.45,5.895,962.4150000000001
2019-10-12 12:00:00,-8.698333333333332,33.705,113.5,7.08,962.6383333333334
2019-10-12 13:00:00,-8.425,31.008333333333333,36.36666666666667,5.433333333333334,962.535
2019-10-12 14:00:00,-9.756666666666666,29.445,75.53333333333333,12.321666666666665,962.6233333333333
2019-10-12 15:00:00,-11.061666666666667,33.49333333333333,78.01666666666667,10.693333333333333,962.5550000000001
2019-10-12 16:00:00,-11.883333333333333,36.916666666666664,90.23333333333333,7.319999999999999,962.74
2019-10-12 17:00:00,-12.528333333333334,38.419999999999995,95.41666666666667,8.753333333333334,963.0783333333333
2019-10-12 18:00:00,-13.356666666666666,39.615,107.23333333333333,8.391666666666667,963.495
2019-10-12 19:00:00,-13.805,42.75333333333333,139.88333333333333,7.428333333333333,963.725
2019-10-12 20:00:00,-14.125,42.141666666666666,117.25,10.846666666666666,964.1916666666667
2019-10-12 21:00:00,-14.129999999999999,36.945,115.1,15.228333333333333,964.3466666666666
2019-10-12 22:00:00,-14.078333333333331,35.05333333333333,122.78333333333333,19.334999999999997,964.7483333333333
2019-10-12 23:00:00,-14.671666666666665,33.690000000000005,139.36666666666667,20.803333333333335,965.2116666666667
2019-10-13 00:00:00,-15.815,31.551666666666666,148.75,24.016666666666666,965.3683333333333
2019-10-13 01:00:00,-16.006666666666668,31.648333333333333,150.63333333333333,29.183333333333334,965.36
2019-10-13 02:00:00,-16.008333333333333,32.68,144.66666666666666,25.433333333333334,965.7783333333333
2019-10-13 03:00:00,-15.751666666666667,36.038333333333334,142.66666666666666,23.46833333333333,966.3233333333334
2019-10-13 04:00:00,-14.501666666666667,40.068333333333335,134.46666666666667,22.259999999999998,966.6183333333333
2019-10-13 05:00:00,-13.878333333333334,40.38333333333333,134.95,21.631666666666668,966.9566666666667
2019-10-13 06:00:00,-13.593333333333334,42.181666666666665,131.46666666666667,21.325,967.3633333333332
2019-10-13 07:00:00,-13.12,48.095,129.7,19.058333333333334,967.6766666666666
2019-10-13 08:00:00,-12.66,49.11833333333333,124.48333333333333,17.851666666666667,968.0433333333333
2019-10-13 09:00:00,-12.641666666666667,52.541666666666664,127.9,18.083333333333332,968.2866666666666
2019-10-13 10:00:00,-12.228333333333333,53.776666666666664,127.0,17.171666666666667,968.5466666666667
2019-10-13 11:00:00,-12.011666666666667,54.60333333333333,131.0,15.311666666666667,968.6333333333333
2019-10-13 12:00:00,-11.91,57.42333333333333,129.3,17.276666666666664,968.5966666666667
2019-10-13 13:00:00,-11.823333333333334,62.894999999999996,131.56666666666666,16.448333333333334,968.7900000000001
2019-10-13 14:00:00,-11.815000000000001,66.32333333333334,133.13333333333333,14.416666666666666,968.9833333333333
2019-10-13 15:00:00,-12.091666666666667,66.875,126.6,16.50166666666667,969.0466666666667
2019-10-13 16:00:00,-12.368333333333334,71.365,135.4,15.725,968.75
2019-10-13 17:00:00,-12.218333333333334,66.97333333333333,133.43333333333334,16.46,968.19
2019-10-13 18:00:00,-12.098333333333333,59.126666666666665,131.08333333333334,18.998333333333335,968.2666666666667
2019-10-13 19:00:00,-12.363333333333335,66.48666666666666,134.55,19.118333333333332,968.8083333333333
2019-10-13 20:00:00,-12.503333333333334,73.73666666666666,141.5,18.908333333333335,969.0616666666667
2019-10-13 21:00:00,-12.466666666666667,76.76333333333334,137.93333333333334,19.798333333333336,968.7583333333333
2019-10-13 22:00:00,-12.435,79.98333333333333,135.8,23.258333333333333,968.2316666666667
2019-10-13 23:00:00,-11.931666666666667,66.675,138.53333333333333,25.316666666666666,967.9316666666667
2019-10-14 00:00:00,-11.641666666666667,59.73833333333334,143.56666666666666,23.646666666666665,968.01
2019-10-14 01:00:00,-11.860000000000001,57.531666666666666,137.66666666666666,25.40666666666667,967.3466666666666
2019-10-14 02:00:00,-11.561666666666667,47.64666666666667,143.78333333333333,29.245,967.06
2019-10-14 03:00:00,-11.146666666666667,42.968333333333334,141.91666666666666,28.293333333333333,966.49
2019-10-14 04:00:00,-10.583333333333334,39.6,138.33333333333334,31.55,965.76
2019-10-14 05:00:00,-9.91,38.45666666666667,127.81666666666666,29.021666666666665,965.1550000000001
2019-10-14 06:00:00,-9.685,40.61,129.36666666666667,32.62833333333334,964.355
2019-10-14 07:00:00,-9.343333333333334,42.62166666666667,122.43333333333334,31.178333333333335,964.0849999999999
2019-10-14 08:00:00,-8.848333333333333,41.035,122.31666666666666,31.14333333333333,963.7283333333332
2019-10-14 09:00:00,-8.556666666666667,40.70166666666667,119.93333333333334,29.926666666666666,963.2366666666666
2019-10-14 10:00:00,-8.381666666666668,41.30166666666666,112.83333333333333,24.851666666666667,963.27
2019-10-14 11:00:00,-8.43,42.690000000000005,114.0,23.053333333333335,963.13
2019-10-14 12:00:00,-7.928333333333333,40.14,117.45,27.575,962.16
2019-10-14 13:00:00,-7.7283333333333335,38.748333333333335,122.38333333333334,29.73,961.7183333333334
2019-10-14 14:00:00,-8.26,40.905,120.85,26.756666666666668,961.5716666666667
2019-10-14 15:00:00,-8.561666666666667,39.248333333333335,126.6,29.566666666666666,960.8683333333333
2019-10-14 16:00:00,-8.21,37.675,120.81666666666666,25.235,960.475
2019-10-14 17:00:00,-8.25,35.16166666666666,123.41666666666667,23.528333333333332,959.7433333333333
2019-10-14 18:00:00,-8.28,34.70333333333333,121.01666666666667,25.040000000000003,959.3833333333333
2019-10-14 19:00:00,-8.386666666666667,34.40833333333333,128.93333333333334,24.105,958.5766666666666
2019-10-14 20:00:00,-9.463333333333333,37.015,147.01666666666668,22.858333333333334,957.5283333333333
2019-10-14 21:00:00,-10.183333333333334,35.41833333333333,163.25,21.971666666666668,955.9150000000001
2019-10-14 22:00:00,-10.923333333333334,34.375,175.21666666666667,21.55666666666667,953.99
2019-10-14 23:00:00,-11.676666666666668,33.94833333333334,178.75,23.31833333333333,952.6133333333333
2019-10-15 00:00:00,-11.536666666666667,31.68,172.35,22.066666666666666,952.2733333333333
2019-10-15 01:00:00,-12.453333333333335,35.78333333333333,175.28333333333333,21.65,951.0016666666667
2019-10-15 02:00:00,-11.895000000000001,34.51,174.3,22.51833333333333,949.8199999999999
2019-10-15 03:00:00,-11.226666666666667,35.28333333333333,171.11666666666667,23.116666666666667,948.7783333333333
2019-10-15 04:00:00,-10.571666666666665,37.71333333333334,175.23333333333332,20.826666666666664,947.5666666666667
2019-10-15 05:00:00,-9.488333333333333,41.70666666666667,174.16666666666666,19.173333333333336,946.0916666666667
2019-10-15 06:00:00,-7.364999999999999,45.49666666666667,153.83333333333334,24.255,944.7833333333333
2019-10-15 07:00:00,-6.416666666666667,53.068333333333335,120.38333333333334,25.86,944.2566666666667
2019-10-15 08:00:00,-8.931666666666667,83.11166666666666,92.76666666666667,13.776666666666667,945.025
2019-10-15 09:00:00,-8.19,85.99666666666667,99.58333333333333,13.254999999999999,944.45
2019-10-15 10:00:00,-7.1433333333333335,89.89833333333333,110.85,23.011666666666667,944.3566666666667
2019-10-15 11:00:00,-6.915000000000001,90.235,112.26666666666667,23.821666666666665,944.3733333333333
2019-10-15 12:00:00,-6.791666666666667,89.935,117.0,25.63,944.5333333333333
2019-10-15 13:00:00,-6.87,89.21499999999999,120.78333333333333,28.933333333333334,944.7016666666666
2019-10-15 14:00:00,-6.875,88.75166666666668,124.0,32.635,944.7483333333333
2019-10-15 15:00:00,-6.886666666666668,87.66499999999999,126.3,35.473333333333336,944.74
2019-10-15 16:00:00,-6.823333333333334,85.30166666666668,126.7,35.455000000000005,945.145
2019-10-15 17:00:00,-6.548333333333333,81.61666666666666,126.71666666666667,34.71,945.3516666666667
2019-10-15 18:00:00,-6.346666666666667,78.445,128.08333333333334,33.53333333333333,945.4683333333334
2019-10-15 19:00:00,-6.159999999999999,73.63833333333334,126.2,34.085,945.5699999999999
2019-10-15 20:00:00,-5.925,67.48666666666666,126.76666666666667,33.035,945.7133333333334
2019-10-15 21:00:00,-5.225,55.684999999999995,126.95,36.265,945.545
2019-10-15 22:00:00,-4.88,48.026666666666664,128.98333333333332,36.483333333333334,945.4583333333334
2019-10-15 23:00:00,-4.628333333333333,44.585,129.01666666666668,36.73166666666667,945.3449999999999
2019-10-16 00:00:00,-4.583333333333333,43.57000000000001,127.26666666666667,36.99166666666667,945.1866666666667
2019-10-16 01:00:00,-4.8133333333333335,43.7,127.9,37.675,945.095
2019-10-16 02:00:00,-4.963333333333334,43.39333333333333,128.46666666666667,35.586666666666666,945.4016666666666
2019-10-16 03:00:00,-4.6433333333333335,41.005,127.28333333333333,31.60666666666667,945.6533333333333
2019-10-16 04:00:00,-4.45,41.42833333333333,125.18333333333334,25.111666666666668,945.8983333333333
2019-10-16 05:00:00,-3.993333333333333,38.87166666666667,117.48333333333333,20.475,946.2233333333334
2019-10-16 06:00:00,-3.82,39.1,111.21666666666667,18.076666666666664,946.2666666666667
2019-10-16 07:00:00,-3.9099999999999997,40.343333333333334,105.65,13.608333333333333,946.2900000000001
2019-10-16 08:00:00,-3.7116666666666664,43.27166666666667,104.61666666666666,8.860000000000001,946.2116666666667
2019-10-16 09:00:00,-3.1533333333333333,39.80166666666666,105.21666666666667,11.843333333333334,946.515
2019-10-16 10:00:00,-2.978333333333333,35.835,101.86666666666666,17.776666666666664,946.9383333333334
2019-10-16 11:00:00,-2.8183333333333334,35.2,99.83333333333333,18.038333333333334,946.9916666666667
2019-10-16 12:00:00,-3.0233333333333334,36.169999999999995,109.15,16.761666666666667,947.1616666666667
2019-10-16 13:00:00,-3.888333333333333,36.78,122.98333333333333,20.496666666666666,947.7716666666668
2019-10-16 14:00:00,-4.1866666666666665,36.791666666666664,131.83333333333334,21.146666666666665,948.4599999999999
2019-10-16 15:00:00,-4.796666666666667,37.68,144.45,24.508333333333333,948.7483333333333
2019-10-16 16:00:00,-5.375,35.155,151.25,30.551666666666666,949.0583333333333
2019-10-16 17:00:00,-5.7683333333333335,36.29333333333333,158.26666666666668,27.638333333333332,949.7216666666667
2019-10-16 18:00:00,-6.761666666666667,37.625,164.36666666666667,25.166666666666668,950.4016666666666
2019-10-16 19:00:00,-6.925,35.97833333333333,162.13333333333333,26.053333333333335,951.3816666666667
2019-10-16 20:00:00,-6.98,34.294999999999995,163.13333333333333,24.595000000000002,952.5233333333333
2019-10-16 21:00:00,-6.7283333333333335,35.315000000000005,155.9,27.426666666666666,953.4283333333333
2019-10-16 22:00:00,-6.318333333333333,41.705000000000005,148.95,24.470000000000002,954.5166666666667
2019-10-16 23:00:00,-5.798333333333333,45.84,141.06666666666666,25.0,955.5333333333333
2019-10-17 00:00:00,-5.556666666666667,45.41,135.5,23.191666666666666,957.02
2019-10-17 01:00:00,-5.5183333333333335,42.794999999999995,130.51666666666668,26.083333333333332,958.1066666666667
2019-10-17 02:00:00,-5.888333333333334,43.13166666666667,130.36666666666667,25.89333333333333,959.5383333333334
2019-10-17 03:00:00,-5.9399999999999995,41.940000000000005,131.68333333333334,27.896666666666665,960.8283333333333
2019-10-17 04:00:00,-6.12,41.71666666666667,132.83333333333334,29.823333333333334,962.09
2019-10-17 05:00:00,-5.951666666666667,41.763333333333335,136.45,30.828333333333333,963.3566666666667
2019-10-17 06:00:00,-5.9766666666666675,42.49333333333333,133.35,28.93,964.8233333333334
2019-10-17 07:00:00,-5.8966666666666665,42.843333333333334,132.06666666666666,29.076666666666664,966.2366666666666
2019-10-17 08:00:00,-5.388333333333334,41.91833333333333,126.55,26.323333333333334,967.83
2019-10-17 09:00:00,-5.453333333333333,42.24666666666667,119.8,23.798333333333336,969.0683333333333
2019-10-17 10:00:00,-5.79,45.1,115.68333333333334,22.528333333333332,970.2033333333333
2019-10-17 11:00:00,-5.53,44.29666666666667,110.86666666666666,19.94333333333333,971.6016666666667
2019-10-17 12:00:00,-5.376666666666667,47.373333333333335,103.13333333333334,19.386666666666667,972.8166666666667
2019-10-17 13:00:00,-5.733333333333333,49.85166666666667,100.5,20.60666666666667,973.83
2019-10-17 14:00:00,-6.1033333333333335,51.431666666666665,97.51666666666667,20.223333333333336,974.7983333333334
2019-10-17 15:00:00,-6.46,50.51166666666666,93.36666666666666,16.056666666666665,975.7166666666667
2019-10-17 16:00:00,-6.888333333333334,51.24333333333333,91.95,17.56,976.5466666666667
2019-10-17 17:00:00,-7.338333333333334,52.84666666666667,91.95,11.865,977.5666666666667
2019-10-17 18:00:00,-8.043333333333333,54.6,103.11666666666666,13.578333333333335,978.4
2019-10-17 19:00:00,-8.253333333333334,55.723333333333336,106.33333333333333,14.83,979.19
2019-10-17 20:00:00,-8.818333333333333,55.336666666666666,106.26666666666667,12.126666666666667,979.8016666666666
2019-10-17 21:00:00,-8.768333333333334,48.25833333333333,109.9,12.25,980.27
2019-10-17 22:00:00,-8.885,40.27833333333333,113.76666666666667,13.468333333333334,980.4983333333333
2019-10-17 23:00:00,-9.201666666666666,39.21666666666667,111.85,13.383333333333333,980.8416666666667
2019-10-18 00:00:00,-9.473333333333333,38.31333333333334,110.31666666666666,10.425,981.105
2019-10-18 01:00:00,-9.633333333333333,35.68666666666666,124.26666666666667,11.695,981.22
2019-10-18 02:00:00,-9.871666666666666,34.416666666666664,130.71666666666667,13.686666666666667,981.3266666666666
2019-10-18 03:00:00,-10.531666666666666,35.54666666666667,134.95,14.943333333333333,981.2966666666666
2019-10-18 04:00:00,-10.466666666666667,34.559999999999995,131.23333333333332,14.488333333333333,981.3983333333333
2019-10-18 05:00:00,-10.146666666666667,34.025,131.56666666666666,14.254999999999999,981.5183333333333
2019-10-18 06:00:00,-9.736666666666668,33.095,141.26666666666668,15.036666666666667,981.3783333333333
2019-10-18 07:00:00,-8.889999999999999,34.434999999999995,118.66666666666667,11.161666666666667,981.0849999999999
2019-10-18 08:00:00,-7.836666666666667,33.14,111.85,12.235000000000001,980.8233333333334
2019-10-18 09:00:00,-7.345,34.775,92.13333333333334,10.491666666666667,980.6866666666667
2019-10-18 10:00:00,-6.215,34.06666666666667,85.15,9.185,980.44
2019-10-18 11:00:00,-5.868333333333334,32.61,78.5,11.626666666666667,980.375
2019-10-18 12:00:00,-5.346666666666667,30.395,62.21666666666667,10.258333333333333,980.1833333333333
2019-10-18 13:00:00,-6.37,30.446666666666665,16.3,7.086666666666667,980.1116666666668
2019-10-18 14:00:00,-6.956666666666666,30.735,78.51666666666667,4.443333333333333,980.1033333333334
2019-10-18 15:00:00,-7.458333333333333,29.521666666666665,94.76666666666667,3.8966666666666665,979.92
2019-10-18 16:00:00,-8.610000000000001,37.263333333333335,220.21666666666667,1.9616666666666667,979.7516666666667
2019-10-18 17:00:00,-9.838333333333333,49.309999999999995,269.5833333333333,3.981666666666667,979.5166666666667
2019-10-18 18:00:00,-10.873333333333333,49.13,212.05,1.7233333333333334,979.1866666666666
2019-10-18 19:00:00,-11.091666666666667,49.75333333333333,162.23333333333332,7.4366666666666665,978.4966666666667
2019-10-18 20:00:00,-12.013333333333332,47.54833333333333,170.0,10.148333333333333,977.7133333333334
2019-10-18 21:00:00,-12.465,46.24166666666667,179.86666666666667,10.735000000000001,977.0683333333333
2019-10-18 22:00:00,-12.506666666666666,43.07666666666667,171.7,10.125,976.6183333333333
2019-10-18 23:00:00,-13.066666666666666,39.751666666666665,171.05,10.3,976.2099999999999
2019-10-19 00:00:00,-12.754999999999999,35.855000000000004,175.06666666666666,12.011666666666667,975.7083333333334
2019-10-19 01:00:00,-14.09,44.46333333333334,185.81666666666666,10.83,975.1966666666667
2019-10-19 02:00:00,-13.49,37.18,171.31666666666666,8.8,974.5766666666666
2019-10-19 03:00:00,-13.56,36.97833333333333,176.08333333333334,8.08,974.135
2019-10-19 04:00:00,-12.68,31.26833333333333,128.4,4.381666666666666,974.1366666666668
2019-10-19 05:00:00,-12.076666666666666,30.425,172.06666666666666,8.275,973.6550000000001
2019-10-19 06:00:00,-11.565,32.62166666666666,174.63333333333333,7.991666666666666,973.5633333333334
2019-10-19 07:00:00,-11.246666666666666,34.973333333333336,170.0,11.35,973.2483333333333
2019-10-19 08:00:00,-9.553333333333335,32.18833333333333,136.41666666666666,9.448333333333332,972.8416666666667
2019-10-19 09:00:00,-9.026666666666667,34.355000000000004,173.21666666666667,5.391666666666667,972.1733333333334
2019-10-19 10:00:00,-6.843333333333334,35.93,231.66666666666666,5.838333333333334,971.7
2019-10-19 11:00:00,-6.483333333333333,31.836666666666666,322.3333333333333,7.193333333333333,971.24
2019-10-19 12:00:00,-6.165,33.651666666666664,317.0,7.156666666666666,970.6816666666667
2019-10-19 13:00:00,-6.248333333333333,33.281666666666666,220.46666666666667,5.355,970.4483333333334
2019-10-19 14:00:00,-6.633333333333334,44.39,59.016666666666666,4.623333333333333,970.5366666666666
2019-10-19 15:00:00,-7.871666666666667,47.79,89.73333333333333,3.36,970.2933333333333
2019-10-19 16:00:00,-9.12,47.48833333333334,323.48333333333335,4.069999999999999,970.045
2019-10-19 17:00:00,-10.091666666666667,46.69833333333334,318.9166666666667,3.4116666666666666,970.0400000000001
2019-10-19 18:00:00,-10.528333333333334,50.39666666666667,179.65,1.6700000000000002,970.0733333333334
2019-10-19 19:00:00,-10.661666666666667,54.318333333333335,99.75,1.425,970.0833333333334
2019-10-19 20:00:00,-11.411666666666667,57.38,134.76666666666668,1.1216666666666666,970.2066666666667
2019-10-19 21:00:00,-11.445,58.92333333333333,149.78333333333333,1.49,970.1233333333333
2019-10-19 22:00:00,-11.818333333333333,61.223333333333336,111.73333333333333,2.425,970.4516666666666
2019-10-19 23:00:00,-11.6,62.269999999999996,93.76666666666667,1.9183333333333332,970.9383333333334
2019-10-20 00:00:00,-10.821666666666665,59.843333333333334,101.98333333333333,4.28,972.1933333333333
2019-10-20 01:00:00,-10.723333333333333,61.51,200.9,2.9283333333333332,972.9516666666666
2019-10-20 02:00:00,-11.043333333333333,60.67333333333333,220.66666666666666,1.5633333333333332,973.6949999999999
2019-10-20 03:00:00,-11.666666666666666,58.25833333333333,110.08333333333333,4.956666666666666,974.3833333333333
2019-10-20 04:00:00,-11.668333333333333,56.748333333333335,107.1,4.455,975.2416666666667
2019-10-20 05:00:00,-11.158333333333333,54.45,96.51666666666667,5.515,976.0033333333333
2019-10-20 06:00:00,-10.271666666666667,51.03333333333333,91.46666666666667,4.423333333333333,976.6366666666667
2019-10-20 07:00:00,-9.718333333333334,49.32166666666667,92.63333333333334,5.6066666666666665,977.2366666666666
2019-10-20 08:00:00,-9.475,51.015,144.01666666666668,2.265,977.5416666666666
2019-10-20 09:00:00,-6.376666666666667,46.583333333333336,80.2,7.993333333333334,977.605
2019-10-20 10:00:00,-5.318333333333333,46.27166666666667,66.36666666666666,9.19,977.9383333333333
2019-10-20 11:00:00,-4.891666666666667,47.33166666666667,74.53333333333333,7.761666666666667,978.13
2019-10-20 12:00:00,-4.323333333333333,46.958333333333336,163.05,6.488333333333333,978.1
2019-10-20 13:00:00,-4.571666666666667,49.79833333333333,260.4,5.706666666666666,978.1183333333333
2019-10-20 14:00:00,-5.12,52.294999999999995,222.15,4.708333333333333,978.28
2019-10-20 15:00:00,-6.0633333333333335,55.54666666666667,274.45,3.493333333333333,978.2416666666667
2019-10-20 16:00:00,-6.443333333333333,58.42333333333333,263.0833333333333,3.4733333333333336,978.0683333333333
2019-10-20 17:00:00,-6.66,61.97,273.03333333333336,4.193333333333333,977.8616666666666
2019-10-20 18:00:00,-7.736666666666666,67.84333333333333,281.96666666666664,4.378333333333333,977.4733333333334
2019-10-20 19:00:00,-9.968333333333334,69.095,60.583333333333336,2.3833333333333333,977.5083333333333
2019-10-20 20:00:00,-11.356666666666666,67.53666666666668,161.2,2.0,977.37
2019-10-20 21:00:00,-12.165,69.38666666666667,252.96666666666667,2.395,977.0966666666667
2019-10-20 22:00:00,-12.858333333333333,70.945,251.1,1.7366666666666668,976.9983333333333
2019-10-20 23:00:00,-12.696666666666665,71.11,233.85,1.325,977.0183333333333
2019-10-21 00:00:00,-12.448333333333332,74.11333333333333,80.33333333333333,1.7349999999999999,976.9866666666666
2019-10-21 01:00:00,-12.386666666666667,74.395,266.85,1.1700000000000002,976.9416666666667
2019-10-21 02:00:00,-12.056666666666667,75.39666666666668,51.38333333333333,1.0983333333333334,976.8683333333333
2019-10-21 03:00:00,-12.623333333333333,75.36833333333334,137.25,1.6733333333333333,977.0533333333333
2019-10-21 04:00:00,-12.556666666666667,77.70833333333333,76.88333333333334,1.4033333333333333,977.3
2019-10-21 05:00:00,-11.905,76.54666666666667,164.61666666666667,0.95,977.4516666666666
2019-10-21 06:00:00,-12.206666666666667,75.125,250.03333333333333,2.6483333333333334,977.9883333333333
2019-10-21 07:00:00,-13.441666666666666,73.49,188.71666666666667,1.5983333333333334,978.2316666666667
2019-10-21 08:00:00,-13.01,70.93,246.06666666666666,1.9733333333333334,978.24
2019-10-21 09:00:00,-12.466666666666667,70.53666666666666,177.83333333333334,1.3233333333333335,978.115
2019-10-21 10:00:00,-11.78,70.54833333333333,205.53333333333333,1.1166666666666667,978.0083333333333
2019-10-21 11:00:00,-10.748333333333333,71.33333333333333,202.63333333333333,1.3116666666666668,977.7716666666668
2019-10-21 12:00:00,-10.22,73.97833333333332,183.78333333333333,1.4083333333333334,977.5066666666667
2019-10-21 13:00:00,-10.333333333333334,71.95333333333333,192.0,2.1883333333333335,977.2916666666666
2019-10-21 14:00:00,-10.423333333333334,72.66000000000001,252.56666666666666,2.565,977.255
2019-10-21 15:00:00,-11.086666666666666,72.71333333333334,149.33333333333334,2.0,977.3283333333333
2019-10-21 16:00:00,-11.843333333333334,73.90166666666667,219.08333333333334,3.725,977.3666666666667
2019-10-21 17:00:00,-12.483333333333333,76.51333333333334,274.5,3.2216666666666667,977.3633333333332
2019-10-21 18:00:00,-12.925,76.78166666666667,249.83333333333334,2.7733333333333334,977.525
2019-10-21 19:00:00,-13.514999999999999,77.29833333333333,288.23333333333335,2.26,977.8066666666666
2019-10-21 20:00:00,-13.305,77.12333333333332,225.56666666666666,1.91,977.8983333333333
2019-10-21 21:00:00,-13.38,76.95166666666667,224.96666666666667,1.6233333333333335,978.1333333333333
2019-10-21 22:00:00,-13.133333333333333,76.93666666666667,255.81666666666666,0.8,978.2866666666666
2019-10-21 23:00:00,-14.423333333333334,72.35333333333332,125.26666666666667,2.9166666666666665,978.385
2019-10-22 00:00:00,-16.226666666666667,67.32166666666667,127.83333333333333,3.36,978.5216666666668
2019-10-22 01:00:00,-16.836666666666666,66.28333333333333,93.43333333333334,2.4016666666666664,978.4666666666667
2019-10-22 02:00:00,-17.081666666666667,63.215,88.18333333333334,2.6883333333333335,978.44
2019-10-22 03:00:00,-18.195,66.07666666666667,105.43333333333334,2.0016666666666665,978.3199999999999
2019-10-22 04:00:00,-18.705,71.235,148.43333333333334,1.9916666666666667,978.0083333333333
2019-10-22 05:00:00,-17.978333333333335,71.12833333333333,234.6,1.3099999999999998,977.7666666666667
2019-10-22 06:00:00,-16.651666666666667,70.025,167.38333333333333,1.7166666666666666,977.5433333333333
2019-10-22 07:00:00,-15.683333333333334,67.45833333333333,170.68333333333334,1.2916666666666667,977.25
2019-10-22 08:00:00,-12.93,61.108333333333334,198.2,1.2783333333333333,977.0033333333333
2019-10-22 09:00:00,-11.471666666666666,60.535,159.3,1.7366666666666668,976.6116666666666
2019-10-22 10:00:00,-10.463333333333333,58.748333333333335,186.6,2.0416666666666665,976.2216666666667
2019-10-22 11:00:00,-9.493333333333334,57.22,207.36666666666667,1.7950000000000002,975.8933333333333
2019-10-22 12:00:00,-9.036666666666667,56.74666666666667,176.91666666666666,1.7033333333333334,975.5633333333334
2019-10-22 13:00:00,-9.131666666666666,56.94666666666667,163.66666666666666,1.975,975.05
2019-10-22 14:00:00,-9.68,57.218333333333334,227.9,1.7483333333333335,974.7016666666666
2019-10-22 15:00:00,-10.761666666666667,60.85333333333333,259.01666666666665,1.9666666666666666,974.2533333333333
2019-10-22 16:00:00,-11.385,60.44666666666667,200.13333333333333,1.7983333333333333,974.0166666666667
2019-10-22 17:00:00,-12.713333333333333,62.40333333333333,178.76666666666668,1.2666666666666666,973.9983333333333
2019-10-22 18:00:00,-13.115,63.486666666666665,146.66666666666666,0.9433333333333334,973.9283333333333
2019-10-22 19:00:00,-13.511666666666667,64.47,58.2,2.865,973.6700000000001
2019-10-22 20:00:00,-14.49,66.87666666666667,188.41666666666666,1.5533333333333335,973.8933333333333
2019-10-22 21:00:00,-12.455,65.17833333333333,110.28333333333333,2.5949999999999998,974.1883333333333
2019-10-22 22:00:00,-11.388333333333334,61.61,139.31666666666666,1.0033333333333334,974.4866666666666
2019-10-22 23:00:00,-11.71,61.998333333333335,216.76666666666668,1.8633333333333333,974.8666666666667
2019-10-23 00:00:00,-13.096666666666666,64.71833333333333,285.96666666666664,2.99,975.3516666666667
2019-10-23 01:00:00,-12.705,67.55333333333333,155.35,1.5366666666666666,975.3449999999999
2019-10-23 02:00:00,-10.746666666666666,65.39333333333333,121.51666666666667,3.4266666666666667,975.4583333333334
2019-10-23 03:00:00,-9.653333333333334,61.36833333333333,99.53333333333333,6.108333333333333,975.81
2019-10-23 04:00:00,-8.255,60.108333333333334,90.76666666666667,10.033333333333333,976.06
2019-10-23 05:00:00,-7.2266666666666675,58.25666666666667,105.35,13.595,976.2866666666666
2019-10-23 06:00:00,-6.953333333333333,54.35666666666667,107.86666666666666,13.983333333333333,976.4933333333333
2019-10-23 07:00:00,-6.903333333333334,53.94666666666667,109.78333333333333,12.026666666666667,976.9216666666667
2019-10-23 08:00:00,-6.745,54.059999999999995,105.38333333333334,11.504999999999999,977.2216666666667
2019-10-23 09:00:00,-6.156666666666666,51.39666666666667,92.76666666666667,12.851666666666667,977.3199999999999
2019-10-23 10:00:00,-5.793333333333334,50.190000000000005,87.15,13.443333333333333,977.3016666666666
2019-10-23 11:00:00,-4.628333333333333,48.986666666666665,77.56666666666666,11.875,977.175
2019-10-23 12:00:00,-4.545,48.59166666666667,79.95,11.76,976.9133333333333
2019-10-23 13:00:00,-4.233333333333333,47.184999999999995,75.58333333333333,10.778333333333334,976.545
2019-10-23 14:00:00,-4.151666666666666,47.42333333333333,69.01666666666667,7.983333333333333,976.2866666666666
2019-10-23 15:00:00,-4.475,52.266666666666666,110.16666666666667,3.8466666666666667,976.0816666666667
2019-10-23 16:00:00,-5.496666666666667,54.858333333333334,264.6666666666667,2.4883333333333337,975.8799999999999
2019-10-23 17:00:00,-5.98,56.791666666666664,106.48333333333333,2.36,975.9716666666667
2019-10-23 18:00:00,-6.873333333333333,58.53666666666666,119.86666666666666,4.42,976.0033333333333
2019-10-23 19:00:00,-6.781666666666666,50.36833333333333,97.33333333333333,8.866666666666667,976.0316666666666
2019-10-23 20:00:00,-7.055000000000001,47.94666666666667,96.1,9.635,976.3433333333334
2019-10-23 21:00:00,-7.491666666666666,49.53,77.15,7.58,976.6016666666667
2019-10-23 22:00:00,-7.7,49.34166666666667,82.76666666666667,8.328333333333333,976.7733333333333
2019-10-23 23:00:00,-7.605,48.945,91.98333333333333,9.968333333333334,976.8983333333333
2019-10-24 00:00:00,-7.165,46.82166666666667,106.11666666666666,11.563333333333333,977.09
2019-10-24 01:00:00,-7.041666666666667,46.195,112.31666666666666,12.211666666666668,977.1083333333333
2019-10-24 02:00:00,-7.006666666666667,47.236666666666665,118.4,13.775,977.1733333333334
2019-10-24 03:00:00,-6.956666666666667,48.001666666666665,118.23333333333333,16.021666666666665,977.4083333333333
2019-10-24 04:00:00,-6.868333333333334,48.99,115.75,18.171666666666667,977.4366666666666
2019-10-24 05:00:00,-6.441666666666666,46.53333333333333,116.91666666666667,19.12,977.8483333333334
2019-10-24 06:00:00,-5.96,44.44666666666667,111.68333333333334,18.55666666666667,978.37
2019-10-24 07:00:00,-5.586666666666667,45.059999999999995,115.35,19.808333333333334,978.6683333333333
2019-10-24 08:00:00,-5.073333333333333,46.20166666666667,107.61666666666666,19.105,979.0283333333333
2019-10-24 09:00:00,-4.843333333333334,46.80333333333333,107.48333333333333,19.59333333333333,979.2433333333333
2019-10-24 10:00:00,-4.52,49.63666666666666,107.01666666666667,20.21333333333333,979.4599999999999
2019-10-24 11:00:00,-4.376666666666667,50.41833333333333,97.98333333333333,20.745,979.6483333333333
2019-10-24 12:00:00,-4.281666666666666,49.64333333333333,96.15,20.825,979.705
2019-10-24 13:00:00,-4.193333333333333,49.88333333333333,99.45,20.595000000000002,979.8816666666667
2019-10-24 14:00:00,-4.198333333333333,49.61333333333334,96.5,20.043333333333333,979.89
2019-10-24 15:00:00,-4.4399999999999995,48.38666666666666,103.83333333333333,21.266666666666666,979.4533333333333
2019-10-24 16:00:00,-4.931666666666667,48.925,105.65,22.955,979.545
2019-10-24 17:00:00,-5.041666666666667,44.71,112.6,22.44,979.6533333333333
2019-10-24 18:00:00,-4.916666666666667,41.07666666666667,113.05,24.36,979.765
2019-10-24 19:00:00,-5.196666666666667,41.25333333333333,110.38333333333334,24.383333333333333,979.8449999999999
2019-10-24 20:00:00,-5.505,39.580000000000005,112.85,24.291666666666668,980.1033333333332
2019-10-24 21:00:00,-5.8983333333333325,39.73833333333334,108.6,22.783333333333335,980.66
2019-10-24 22:00:00,-6.163333333333333,38.306666666666665,108.8,22.763333333333332,980.9316666666667
2019-10-24 23:00:00,-6.253333333333333,36.39333333333333,110.01666666666667,22.311666666666667,981.1616666666666
2019-10-25 00:00:00,-6.395,34.63666666666666,100.68333333333334,22.279999999999998,981.1800000000001
2019-10-25 01:00:00,-6.535,33.975,104.78333333333333,22.103333333333335,981.44
2019-10-25 02:00:00,-6.8100000000000005,33.27166666666667,98.53333333333333,19.886666666666667,981.92
2019-10-25 03:00:00,-6.946666666666667,33.59166666666667,100.03333333333333,15.221666666666666,981.7766666666666
2019-10-25 04:00:00,-6.791666666666667,33.68,89.91666666666667,17.973333333333336,981.49
2019-10-25 05:00:00,-6.571666666666667,31.453333333333333,92.43333333333334,20.36,981.5633333333334
2019-10-25 06:00:00,-6.153333333333333,31.41,84.66666666666667,18.571666666666665,981.6133333333333
2019-10-25 07:00:00,-5.6866666666666665,30.763333333333332,81.25,20.003333333333334,981.8
2019-10-25 08:00:00,-4.4783333333333335,29.833333333333332,76.48333333333333,18.68,981.3783333333334
2019-10-25 09:00:00,-4.058333333333334,31.125,86.46666666666667,20.058333333333334,981.07
2019-10-25 10:00:00,-3.58,30.736666666666668,81.56666666666666,22.015,980.8083333333333
2019-10-25 11:00:00,-2.8116666666666665,32.725,69.13333333333334,20.368333333333332,980.4316666666667
2019-10-25 12:00:00,-3.485,35.08166666666667,73.51666666666667,21.32,980.1866666666666
2019-10-25 13:00:00,-3.9616666666666664,34.79333333333333,83.76666666666667,22.71333333333333,979.725
2019-10-25 14:00:00,-4.2716666666666665,36.58166666666667,94.25,18.845000000000002,979.0566666666667
2019-10-25 15:00:00,-4.135,35.193333333333335,88.28333333333333,17.891666666666666,978.6683333333333
2019-10-25 16:00:00,-4.77,40.391666666666666,79.1,14.266666666666667,978.4916666666667
2019-10-25 17:00:00,-5.248333333333333,45.67333333333333,117.01666666666667,6.944999999999999,978.2916666666666
2019-10-25 18:00:00,-5.333333333333333,45.76166666666666,120.48333333333333,5.303333333333333,978.0983333333334
2019-10-25 19:00:00,-5.08,35.35166666666667,136.2,13.731666666666666,977.6366666666667
2019-10-25 20:00:00,-5.191666666666666,30.846666666666668,157.28333333333333,16.108333333333334,977.1616666666667
2019-10-25 21:00:00,-6.498333333333333,33.26833333333333,161.2,14.526666666666667,977.16
2019-10-25 22:00:00,-6.973333333333333,33.145,157.65,13.668333333333333,977.145
2019-10-25 23:00:00,-7.343333333333334,30.653333333333332,163.45,17.671666666666667,976.7666666666667
2019-10-26 00:00:00,-7.441666666666666,29.21333333333333,152.68333333333334,19.676666666666666,977.0466666666667
2019-10-26 01:00:00,-8.32,32.64333333333333,159.85,17.078333333333333,976.8283333333333
2019-10-26 02:00:00,-8.936666666666667,32.108333333333334,165.16666666666666,18.09,976.635
2019-10-26 03:00:00,-9.22,32.49166666666667,161.55,17.383333333333333,976.565
2019-10-26 04:00:00,-9.653333333333334,33.125,166.78333333333333,15.348333333333333,976.4599999999999
2019-10-26 05:00:00,-9.004999999999999,31.625,150.5,8.408333333333333,976.8633333333333
2019-10-26 06:00:00,-8.27,30.68,155.61666666666667,10.016666666666667,976.985
2019-10-26 07:00:00,-7.706666666666666,32.60166666666667,142.93333333333334,6.368333333333334,977.1416666666667
2019-10-26 08:00:00,-5.7283333333333335,26.525,60.05,5.819999999999999,976.9766666666667
2019-10-26 09:00:00,-4.85,27.228333333333335,187.46666666666667,1.9066666666666667,976.8433333333334
2019-10-26 10:00:00,-3.9616666666666664,24.98166666666667,108.31666666666666,4.066666666666666,976.6683333333333
2019-10-26 11:00:00,-4.116666666666666,26.376666666666665,284.78333333333336,4.078333333333333,976.265
2019-10-26 12:00:00,-4.975,30.505,275.81666666666666,4.863333333333333,976.0016666666667
2019-10-26 13:00:00,-4.246666666666667,28.545,202.61666666666667,3.756666666666667,975.8333333333334
2019-10-26 14:00:00,-5.208333333333333,28.903333333333332,72.21666666666667,11.118333333333334,975.675
2019-10-26 15:00:00,-5.595,30.833333333333332,85.08333333333333,8.51,975.2666666666667
2019-10-26 16:00:00,-6.216666666666667,32.845,89.56666666666666,8.463333333333333,974.9633333333334
2019-10-26 17:00:00,-6.595,34.83166666666667,77.16666666666667,11.336666666666668,974.9483333333334
2019-10-26 18:00:00,-7.328333333333333,39.225,83.6,7.083333333333333,975.3466666666666
2019-10-26 19:00:00,-8.09,44.55833333333333,111.11666666666666,5.473333333333333,975.2316666666667
2019-10-26 20:00:00,-8.501666666666667,40.27333333333333,108.36666666666666,8.69,975.1883333333334
2019-10-26 21:00:00,-8.903333333333334,38.431666666666665,106.21666666666667,10.071666666666665,975.265
2019-10-26 22:00:00,-9.073333333333332,38.355000000000004,103.86666666666666,13.173333333333334,975.075
2019-10-26 23:00:00,-9.6,39.52333333333333,107.7,13.185,975.1166666666667
2019-10-27 00:00:00,-10.316666666666666,41.64,108.21666666666667,13.120000000000001,975.3816666666667
2019-10-27 01:00:00,-10.583333333333334,36.82666666666667,108.25,15.9,975.4283333333333
2019-10-27 02:00:00,-11.16,35.385,101.28333333333333,11.854999999999999,975.5516666666666
2019-10-27 03:00:00,-11.531666666666666,37.766666666666666,106.88333333333334,9.158333333333333,975.5866666666667
2019-10-27 04:00:00,-11.273333333333333,35.519999999999996,100.2,9.811666666666667,975.7683333333333
2019-10-27 05:00:00,-11.243333333333334,33.10666666666667,124.15,4.388333333333334,975.7983333333334
2019-10-27 06:00:00,-10.561666666666667,32.528333333333336,230.98333333333332,3.033333333333333,975.7633333333334
2019-10-27 07:00:00,-10.423333333333334,32.075,123.43333333333334,8.531666666666668,976.435
2019-10-27 08:00:00,-9.573333333333332,30.75,99.43333333333334,16.096666666666668,976.5166666666667
2019-10-27 09:00:00,-8.995000000000001,30.325,90.46666666666667,17.965,976.4016666666666
2019-10-27 10:00:00,-8.125,30.623333333333335,75.06666666666666,17.458333333333332,976.4066666666666
2019-10-27 11:00:00,-6.948333333333333,32.485,64.53333333333333,15.15,976.25
2019-10-27 12:00:00,-7.8133333333333335,34.335,79.08333333333333,15.673333333333334,976.1533333333334
2019-10-27 13:00:00,-6.9816666666666665,34.32,70.73333333333333,15.723333333333333,976.08
2019-10-27 14:00:00,-7.831666666666666,36.65333333333333,83.11666666666666,14.726666666666667,976.1516666666666
2019-10-27 15:00:00,-7.998333333333333,38.97166666666667,89.68333333333334,12.891666666666667,976.1216666666667
2019-10-27 16:00:00,-8.211666666666666,41.38333333333333,89.36666666666666,11.313333333333333,976.3299999999999
2019-10-27 17:00:00,-8.635,42.233333333333334,105.35,11.563333333333333,976.5366666666666
2019-10-27 18:00:00,-8.831666666666667,42.39,112.05,11.923333333333334,976.7933333333333
2019-10-27 19:00:00,-9.158333333333333,40.89,112.71666666666667,12.596666666666666,977.0333333333333
2019-10-27 20:00:00,-9.236666666666668,39.34,123.06666666666666,13.351666666666667,977.1783333333334
2019-10-27 21:00:00,-9.445,38.53,140.06666666666666,13.875,977.0849999999999
2019-10-27 22:00:00,-9.851666666666667,34.02,160.8,19.666666666666668,976.8633333333332
2019-10-27 23:00:00,-10.371666666666666,32.955,160.83333333333334,24.855,976.8666666666667
2019-10-28 00:00:00,-10.828333333333335,33.711666666666666,165.23333333333332,27.80666666666667,977.1833333333333
2019-10-28 01:00:00,-10.49,30.116666666666667,164.98333333333332,27.703333333333333,977.3766666666667
2019-10-28 02:00:00,-11.048333333333334,33.655,168.71666666666667,24.904999999999998,977.4816666666667
2019-10-28 03:00:00,-10.411666666666667,29.223333333333336,151.65,28.725,977.5683333333333
2019-10-28 04:00:00,-10.341666666666667,30.08833333333333,151.28333333333333,27.62,977.8883333333334
2019-10-28 05:00:00,-9.993333333333334,30.706666666666667,149.6,25.64,978.215
2019-10-28 06:00:00,-9.44,31.220000000000002,150.4,24.990000000000002,978.4566666666667
2019-10-28 07:00:00,-8.53,32.696666666666665,144.91666666666666,20.68166666666667,978.7233333333334
2019-10-28 08:00:00,-7.211666666666667,31.85,128.33333333333334,15.625,979.0483333333334
2019-10-28 09:00:00,-6.3566666666666665,32.92333333333333,116.15,13.110000000000001,979.08
2019-10-28 10:00:00,-5.858333333333333,30.848333333333336,94.51666666666667,15.79,979.09
2019-10-28 11:00:00,-5.626666666666667,30.441666666666666,96.1,17.220000000000002,978.9366666666666
2019-10-28 12:00:00,-5.413333333333333,32.876666666666665,92.4,14.578333333333335,978.7283333333332
2019-10-28 13:00:00,-5.266666666666667,34.74666666666667,93.7,13.135,978.4833333333333
2019-10-28 14:00:00,-5.081666666666666,35.190000000000005,96.2,10.606666666666666,978.2533333333333
2019-10-28 15:00:00,-4.4816666666666665,34.406666666666666,72.98333333333333,9.053333333333335,977.9433333333333
2019-10-28 16:00:00,-5.536666666666666,36.995,98.3,8.401666666666667,977.8733333333333
2019-10-28 17:00:00,-6.14,41.31333333333334,118.93333333333334,4.366666666666666,977.7833333333333
2019-10-28 18:00:00,-6.591666666666667,44.251666666666665,150.51666666666668,6.858333333333333,977.7033333333334
2019-10-28 19:00:00,-7.27,44.82,160.21666666666667,12.513333333333332,977.3616666666666
2019-10-28 20:00:00,-7.608333333333333,38.57,159.21666666666667,15.948333333333332,977.0466666666667
2019-10-28 21:00:00,-8.513333333333334,35.955000000000005,164.08333333333334,18.28166666666667,976.6433333333333
2019-10-28 22:00:00,-9.021666666666667,33.85666666666667,165.38333333333333,20.78166666666667,976.125
2019-10-28 23:00:00,-9.211666666666668,32.01166666666667,165.88333333333333,21.81,975.7933333333333
2019-10-29 00:00:00,-8.955,32.595,164.68333333333334,24.098333333333336,975.5516666666666
2019-10-29 01:00:00,-8.866666666666667,32.888333333333335,164.08333333333334,24.834999999999997,975.2433333333333
2019-10-29 02:00:00,-8.93,34.18333333333333,164.61666666666667,25.953333333333333,974.8716666666666
2019-10-29 03:00:00,-9.004999999999999,36.766666666666666,164.11666666666667,23.255,974.7833333333333
2019-10-29 04:00:00,-8.248333333333333,36.24666666666667,163.65,24.185,974.6650000000001
2019-10-29 05:00:00,-7.658333333333333,36.105000000000004,163.38333333333333,22.288333333333334,974.6700000000001
2019-10-29 06:00:00,-7.151666666666667,35.833333333333336,161.96666666666667,21.203333333333333,974.5416666666666
2019-10-29 07:00:00,-6.383333333333334,35.38166666666667,149.31666666666666,20.426666666666666,974.8299999999999
2019-10-29 08:00:00,-5.760000000000001,39.07333333333334,141.76666666666668,16.118333333333332,974.925
2019-10-29 09:00:00,-5.155,40.888333333333335,145.43333333333334,14.628333333333334,974.8133333333334
2019-10-29 10:00:00,-4.781666666666667,36.17666666666666,150.11666666666667,17.058333333333334,974.4816666666667
2019-10-29 11:00:00,-4.068333333333333,38.89833333333333,96.31666666666666,7.128333333333333,974.59
2019-10-29 12:00:00,-3.7783333333333333,40.39333333333333,114.5,7.53,974.4449999999999
2019-10-29 13:00:00,-3.15,35.535,111.41666666666667,9.555,974.4133333333333
2019-10-29 14:00:00,-2.695,30.07,79.56666666666666,11.091666666666667,974.4466666666667
2019-10-29 15:00:00,-3.04,37.035,183.43333333333334,5.11,974.4583333333334
2019-10-29 16:00:00,-3.985,38.14,310.8333333333333,4.081666666666667,974.6083333333333
2019-10-29 17:00:00,-4.005,40.681666666666665,249.7,2.65,974.7583333333333
2019-10-29 18:00:00,-4.663333333333333,43.25833333333333,122.16666666666667,4.805000000000001,975.1166666666667
2019-10-29 19:00:00,-6.298333333333333,41.358333333333334,158.4,16.33,975.1800000000001
2019-10-29 20:00:00,-6.4816666666666665,34.49333333333333,157.03333333333333,21.041666666666668,975.5
2019-10-29 21:00:00,-7.308333333333334,34.906666666666666,160.76666666666668,22.753333333333334,975.7166666666667
2019-10-29 22:00:00,-7.3149999999999995,32.528333333333336,160.23333333333332,25.545,975.8933333333333
2019-10-29 23:00:00,-7.52,33.18666666666667,161.16666666666666,23.603333333333335,975.9933333333333
2019-10-30 00:00:00,-7.971666666666667,34.23833333333334,159.28333333333333,25.935,976.1766666666667
2019-10-30 01:00:00,-7.493333333333334,34.28,155.8,28.565,976.2816666666666
2019-10-30 02:00:00,-7.11,37.515,156.61666666666667,28.205,976.1566666666666
2019-10-30 03:00:00,-6.818333333333333,38.07333333333334,156.08333333333334,27.53666666666667,976.0633333333334
2019-10-30 04:00:00,-6.694999999999999,38.711666666666666,157.13333333333333,27.416666666666668,976.0666666666667
2019-10-30 05:00:00,-6.503333333333333,39.041666666666664,158.55,26.461666666666666,976.0216666666668
2019-10-30 06:00:00,-5.875,37.24666666666667,156.55,24.351666666666667,975.9
2019-10-30 07:00:00,-5.391666666666667,38.63,162.63333333333333,19.576666666666664,975.8316666666667
2019-10-30 08:00:00,-4.736666666666666,36.843333333333334,163.16666666666666,19.033333333333335,975.505
2019-10-30 09:00:00,-3.855,37.86333333333334,163.28333333333333,15.793333333333333,974.8916666666667
2019-10-30 10:00:00,-3.378333333333333,38.958333333333336,168.75,12.21,974.2516666666667
2019-10-30 11:00:00,-2.183333333333333,36.541666666666664,186.83333333333334,5.391666666666667,973.8333333333334
2019-10-30 12:00:00,-2.2483333333333335,38.175,182.28333333333333,3.558333333333333,973.2900000000001
2019-10-30 13:00:00,-1.12,31.98166666666667,193.21666666666667,2.555,972.3349999999999
2019-10-30 14:00:00,-1.4400000000000002,32.403333333333336,181.23333333333332,2.4516666666666667,971.4133333333334
2019-10-30 15:00:00,-1.5616666666666668,33.553333333333335,224.38333333333333,2.7883333333333336,970.2466666666667
2019-10-30 16:00:00,-2.35,43.11666666666667,210.71666666666667,7.011666666666667,969.01
2019-10-30 17:00:00,-3.4583333333333335,45.833333333333336,183.96666666666667,8.155,967.8783333333333
2019-10-30 18:00:00,-5.516666666666667,49.005,186.13333333333333,12.225,967.0466666666667
2019-10-30 19:00:00,-6.59,47.53666666666666,182.61666666666667,13.023333333333333,965.9733333333334
2019-10-30 20:00:00,-6.828333333333333,39.00333333333333,183.36666666666667,14.601666666666667,965.065
2019-10-30 21:00:00,-7.975,37.69166666666667,174.51666666666668,18.45,963.8133333333334
2019-10-30 22:00:00,-8.535,35.598333333333336,173.4,19.15,962.9816666666667
2019-10-30 23:00:00,-9.223333333333333,35.4,176.91666666666666,19.45,962.245
2019-10-31 00:00:00,-8.951666666666666,35.77166666666667,175.11666666666667,18.87,961.635
2019-10-31 01:00:00,-8.141666666666667,31.358333333333334,172.55,20.15,961.09
2019-10-31 02:00:00,-9.511666666666667,33.805,175.21666666666667,22.195,960.62
2019-10-31 03:00:00,-9.273333333333333,33.693333333333335,171.28333333333333,22.861666666666668,960.4716666666667
2019-10-31 04:00:00,-7.956666666666666,32.26166666666667,165.31666666666666,22.435,960.7366666666666
2019-10-31 05:00:00,-7.5633333333333335,34.38,165.7,16.08833333333333,961.2783333333333
2019-10-31 06:00:00,-6.52,35.79,165.43333333333334,13.478333333333333,961.5866666666667
2019-10-31 07:00:00,-5.53,36.42833333333333,166.65,12.68,961.8666666666667
2019-10-31 08:00:00,-3.98,36.336666666666666,151.26666666666668,18.285,962.1733333333334
2019-10-31 09:00:00,-2.075,35.11833333333333,115.98333333333333,14.475,962.9833333333333
2019-10-31 10:00:00,-0.8583333333333333,34.123333333333335,92.15,13.525,963.9699999999999
2019-10-31 11:00:00,0.8766666666666667,28.811666666666667,73.51666666666667,12.208333333333334,964.8833333333333
2019-10-31 12:00:00,0.7100000000000001,36.18666666666666,30.4,6.5633333333333335,965.9766666666667
2019-10-31 13:00:00,0.8483333333333333,40.92333333333333,96.76666666666667,11.471666666666668,966.66
2019-10-31 14:00:00,0.305,46.708333333333336,91.71666666666667,20.026666666666664,967.5699999999999
2019-10-31 15:00:00,-0.38999999999999996,50.358333333333334,98.45,19.201666666666664,968.5333333333333
2019-10-31 16:00:00,-0.6933333333333334,51.835,101.3,16.325,969.4933333333333
2019-10-31 17:00:00,-1.0133333333333332,53.434999999999995,98.9,15.931666666666667,970.8116666666666
2019-10-31 18:00:00,-1.665,54.57166666666667,103.5,15.03,972.2183333333334
2019-10-31 19:00:00,-2.271666666666667,55.705000000000005,107.76666666666667,17.285,973.5866666666666
2019-10-31 20:00:00,-2.4949999999999997,53.115,114.63333333333334,17.84,974.39
2019-10-31 21:00:00,-2.6550000000000002,51.49,119.7,19.003333333333334,975.4766666666667
2019-10-31 22:00:00,-3.0116666666666663,50.41,119.65,21.891666666666666,976.125
2019-10-31 23:00:00,-3.2933333333333334,48.044999999999995,124.5,25.493333333333332,976.8933333333333
2019-11-01 00:00:00,-3.533333333333333,49.27333333333333,125.56666666666666,25.955,977.7116666666666
2019-11-01 01:00:00,-3.6266666666666665,50.455000000000005,125.85,28.858333333333334,978.3349999999999
2019-11-01 02:00:00,-3.7483333333333335,50.94833333333334,124.15,27.261666666666667,979.1233333333333
2019-11-01 03:00:00,-3.5516666666666667,51.14666666666667,122.43333333333334,26.005,979.7883333333334
2019-11-01 04:00:00,-3.5733333333333333,52.45,119.9,26.498333333333335,980.5883333333334
2019-11-01 05:00:00,-3.2083333333333335,53.945,112.36666666666666,23.465,981.5616666666666
2019-11-01 06:00:00,-2.9066666666666667,57.38,107.2,26.793333333333333,982.37
2019-11-01 07:00:00,-2.5949999999999998,59.12833333333333,105.58333333333333,24.706666666666667,983.3066666666667
2019-11-01 08:00:00,-2.1966666666666668,58.483333333333334,106.21666666666667,26.561666666666667,983.8516666666667
2019-11-01 09:00:00,-1.48,55.934999999999995,104.55,27.208333333333332,984.4233333333334
2019-11-01 10:00:00,-0.9483333333333334,55.24666666666667,96.26666666666667,25.848333333333336,984.9699999999999
2019-11-01 11:00:00,-1.32,56.81333333333334,97.98333333333333,24.029999999999998,985.4733333333334
2019-11-01 12:00:00,-1.5583333333333333,58.46,102.88333333333334,23.084999999999997,985.6083333333333
2019-11-01 13:00:00,-1.3416666666666666,52.318333333333335,101.93333333333334,18.46833333333333,985.3783333333333
2019-11-01 14:00:00,-0.6816666666666666,46.968333333333334,98.7,15.553333333333335,984.7033333333333
2019-11-01 15:00:00,-0.4066666666666666,43.51833333333333,106.9,13.563333333333333,983.6816666666667
2019-11-01 16:00:00,-0.855,44.66,108.75,13.201666666666666,982.9683333333334
2019-11-01 17:00:00,-1.41,42.440000000000005,104.85,12.031666666666666,982.3166666666667
2019-11-01 18:00:00,-1.9183333333333332,36.005,120.96666666666667,13.613333333333333,981.2516666666667
2019-11-01 19:00:00,-3.0349999999999997,35.17166666666667,148.35,19.435,980.3316666666667
2019-11-01 20:00:00,-4.256666666666667,36.005,156.16666666666666,22.086666666666666,979.7099999999999
2019-11-01 21:00:00,-5.114999999999999,39.93,145.25,19.578333333333333,979.3016666666666
2019-11-01 22:00:00,-5.858333333333333,44.55833333333333,129.11666666666667,21.45,979.1650000000001
2019-11-01 23:00:00,-5.566666666666666,39.00333333333333,141.8,19.584999999999997,979.565
2019-11-02 00:00:00,-6.1433333333333335,35.42333333333333,165.4,23.066666666666666,978.465
2019-11-02 01:00:00,-5.551666666666667,32.15833333333333,160.81666666666666,26.798333333333336,977.8449999999999
2019-11-02 02:00:00,-4.823333333333333,29.18166666666667,149.81666666666666,27.25,977.6283333333334
2019-11-02 03:00:00,-5.1466666666666665,30.56833333333333,150.71666666666667,26.82,977.4833333333333
2019-11-02 04:00:00,-4.515,30.62,146.05,23.516666666666666,977.1916666666667
2019-11-02 05:00:00,-3.981666666666667,31.83833333333333,146.63333333333333,20.701666666666664,977.015
2019-11-02 06:00:00,-2.485,30.136666666666667,126.93333333333334,15.715,976.935
2019-11-02 07:00:00,-1.375,29.28666666666667,128.7,15.68,976.6066666666667
2019-11-02 08:00:00,-0.35666666666666663,28.778333333333332,109.4,16.6,976.2216666666667
2019-11-02 09:00:00,-0.24000000000000002,29.986666666666668,103.9,18.685,975.9133333333334
2019-11-02 10:00:00,-0.2366666666666667,31.09,93.68333333333334,20.971666666666668,975.7516666666667
2019-11-02 11:00:00,-0.775,34.526666666666664,100.61666666666666,26.096666666666668,975.3116666666666
2019-11-02 12:00:00,-1.3516666666666666,39.86,111.51666666666667,25.39333333333333,975.1683333333333
2019-11-02 13:00:00,-1.5933333333333333,41.86333333333334,103.58333333333333,23.408333333333335,975.6533333333334
2019-11-02 14:00:00,-1.3683333333333332,43.555,96.26666666666667,21.883333333333333,975.4883333333333
2019-11-02 15:00:00,-1.4483333333333335,42.765,96.83333333333333,21.029999999999998,974.8683333333333
2019-11-02 16:00:00,-1.5566666666666669,44.586666666666666,101.81666666666666,18.195,974.4766666666667
2019-11-02 17:00:00,-1.7233333333333334,45.63666666666666,105.05,17.51833333333333,974.2483333333333
2019-11-02 18:00:00,-2.03,49.085,101.3,18.333333333333332,974.24
2019-11-02 19:00:00,-2.0983333333333336,47.94166666666667,94.6,20.01833333333333,974.3233333333334
2019-11-02 20:00:00,-2.4183333333333334,47.325,84.48333333333333,18.121666666666666,974.5033333333333
2019-11-02 21:00:00,-2.9683333333333333,48.915,92.9,16.078333333333333,974.685
2019-11-02 22:00:00,-3.89,49.04833333333333,94.56666666666666,19.296666666666667,975.0300000000001
2019-11-02 23:00:00,-5.258333333333334,56.43,109.21666666666667,11.785,975.4366666666666
2019-11-03 00:00:00,-4.676666666666667,53.14333333333333,103.7,14.493333333333334,975.5066666666667
2019-11-03 01:00:00,-4.5616666666666665,52.445,109.05,16.605,975.6566666666666
2019-11-03 02:00:00,-4.908333333333333,50.519999999999996,111.8,18.695,976.0166666666667
2019-11-03 03:00:00,-5.0683333333333325,51.22666666666667,115.66666666666667,18.52,976.615
2019-11-03 04:00:00,-5.056666666666667,50.32,118.63333333333334,19.845000000000002,977.0116666666667
2019-11-03 05:00:00,-5.498333333333333,53.93666666666666,118.21666666666667,19.878333333333334,977.575
2019-11-03 06:00:00,-5.545,49.37833333333333,116.35,18.77,977.925
2019-11-03 07:00:00,-5.588333333333334,45.98833333333334,117.53333333333333,18.9,978.1416666666667
2019-11-03 08:00:00,-5.3100000000000005,41.894999999999996,114.48333333333333,18.523333333333333,978.4383333333333
2019-11-03 09:00:00,-5.225,42.79833333333333,108.73333333333333,16.728333333333335,978.9183333333333
2019-11-03 10:00:00,-4.7283333333333335,41.51166666666666,101.06666666666666,15.425,979.2933333333333
2019-11-03 11:00:00,-4.373333333333333,40.55,87.83333333333333,15.436666666666667,979.4016666666666
2019-11-03 12:00:00,-3.7733333333333334,41.29666666666667,85.76666666666667,14.563333333333333,979.5033333333333
2019-11-03 13:00:00,-3.7666666666666666,41.55333333333333,90.5,16.443333333333335,979.3733333333333
2019-11-03 14:00:00,-3.691666666666667,44.8,98.16666666666667,15.431666666666667,979.1883333333334
2019-11-03 15:00:00,-3.7116666666666664,44.80333333333333,104.8,14.775,979.0866666666667
2019-11-03 16:00:00,-3.8316666666666666,47.25,109.05,13.441666666666666,979.0400000000001
2019-11-03 17:00:00,-3.8016666666666667,47.21666666666667,108.81666666666666,12.613333333333333,979.0849999999999
2019-11-03 18:00:00,-4.206666666666666,49.47166666666667,104.86666666666666,11.586666666666668,979.2716666666668
2019-11-03 19:00:00,-4.553333333333333,50.21666666666667,109.43333333333334,11.133333333333333,979.6516666666666
2019-11-03 20:00:00,-4.741666666666666,48.11,112.78333333333333,10.9,979.7383333333333
2019-11-03 21:00:00,-4.836666666666667,48.013333333333335,108.95,8.876666666666667,979.8166666666667
2019-11-03 22:00:00,-5.081666666666666,45.90833333333333,100.73333333333333,9.94,979.8183333333333
2019-11-03 23:00:00,-5.3116666666666665,46.335,97.81666666666666,9.639999999999999,980.0133333333334
2019-11-04 00:00:00,-5.908333333333333,45.80333333333333,108.08333333333333,10.96,980.2233333333334
2019-11-04 01:00:00,-6.135,45.644999999999996,108.61666666666666,9.583333333333334,980.13
2019-11-04 02:00:00,-5.66,38.54666666666667,106.66666666666667,11.229999999999999,980.2066666666667
2019-11-04 03:00:00,-5.575,34.385,111.23333333333333,12.716666666666667,980.4716666666667
2019-11-04 04:00:00,-5.703333333333333,32.736666666666665,111.55,14.03,980.5183333333333
2019-11-04 05:00:00,-6.008333333333334,33.906666666666666,118.63333333333334,14.145000000000001,980.66
2019-11-04 06:00:00,-5.548333333333333,30.703333333333333,109.48333333333333,10.821666666666665,980.7366666666666
2019-11-04 07:00:00,-5.165,28.485,111.38333333333334,4.908333333333333,980.5616666666667
2019-11-04 08:00:00,-3.7783333333333333,28.118333333333332,78.56666666666666,10.695,980.4866666666666
2019-11-04 09:00:00,-3.575,24.584999999999997,81.73333333333333,14.93,980.14
2019-11-04 10:00:00,-3.341666666666667,25.313333333333333,76.83333333333333,13.601666666666667,979.9116666666666
2019-11-04 11:00:00,-3.1166666666666667,26.921666666666667,56.4,11.51,979.9933333333333
2019-11-04 12:00:00,-3.455,29.086666666666666,75.2,11.020000000000001,980.0166666666667
2019-11-04 13:00:00,-4.175,31.566666666666666,67.58333333333333,10.698333333333332,980.125
2019-11-04 14:00:00,-4.408333333333333,37.333333333333336,111.7,4.175,979.5566666666667
2019-11-04 15:00:00,-4.608333333333333,43.72166666666667,302.53333333333336,5.7733333333333325,978.8816666666667
2019-11-04 16:00:00,-5.298333333333333,48.095,272.1666666666667,5.161666666666666,978.8833333333333
2019-11-04 17:00:00,-5.361666666666666,46.87166666666667,192.5,3.4566666666666666,978.7483333333333
2019-11-04 18:00:00,-5.086666666666667,40.94666666666667,117.38333333333334,8.453333333333333,978.815
2019-11-04 19:00:00,-5.8,42.483333333333334,109.2,8.535,979.05
2019-11-04 20:00:00,-6.239999999999999,45.205000000000005,144.16666666666666,7.85,979.215
2019-11-04 21:00:00,-6.141666666666667,42.885,113.51666666666667,8.058333333333334,979.1133333333333
2019-11-04 22:00:00,-5.848333333333333,42.45333333333333,111.66666666666667,12.603333333333333,979.2466666666667
2019-11-04 23:00:00,-5.836666666666667,41.785,108.35,13.445,979.6483333333333
2019-11-05 00:00:00,-6.675,45.43666666666666,99.41666666666667,10.870000000000001,980.3233333333334
2019-11-05 01:00:00,-7.03,45.47666666666667,104.56666666666666,13.325,981.0283333333333
2019-11-05 02:00:00,-7.39,42.55833333333333,107.18333333333334,15.53,981.505
2019-11-05 03:00:00,-7.638333333333334,36.84,100.21666666666667,14.728333333333333,982.1066666666667
2019-11-05 04:00:00,-7.871666666666667,34.336666666666666,100.03333333333333,13.915,982.525
2019-11-05 05:00:00,-8.061666666666666,36.13166666666667,98.7,15.058333333333334,982.84
2019-11-05 06:00:00,-7.723333333333333,33.74833333333333,100.78333333333333,15.766666666666667,983.295
2019-11-05 07:00:00,-7.316666666666666,34.055,85.01666666666667,13.885,983.475
2019-11-05 08:00:00,-6.805000000000001,32.53333333333333,81.2,16.279999999999998,983.1466666666668
2019-11-05 09:00:00,-6.661666666666666,33.156666666666666,83.06666666666666,18.673333333333336,982.965
2019-11-05 10:00:00,-6.4783333333333335,34.36666666666667,81.66666666666667,18.113333333333333,982.8799999999999
2019-11-05 11:00:00,-6.586666666666667,35.26,88.88333333333334,20.621666666666666,982.77
2019-11-05 12:00:00,-6.8066666666666675,36.318333333333335,87.0,20.39,982.9316666666667
2019-11-05 13:00:00,-7.27,39.195,81.58333333333333,18.398333333333333,983.0483333333334
2019-11-05 14:00:00,-7.655,39.538333333333334,84.8,17.955,983.09
2019-11-05 15:00:00,-7.7716666666666665,41.95666666666667,88.35,18.211666666666666,983.1583333333333
2019-11-05 16:00:00,-7.916666666666667,42.605000000000004,102.95,19.873333333333335,983.2016666666666
2019-11-05 17:00:00,-8.183333333333334,45.47666666666667,106.56666666666666,22.133333333333333,983.41
2019-11-05 18:00:00,-8.393333333333334,47.175,111.45,17.946666666666665,983.8316666666667
2019-11-05 19:00:00,-8.4,48.39333333333333,109.68333333333334,18.715,984.2516666666667
2019-11-05 20:00:00,-8.383333333333333,49.445,114.9,16.0,984.455
2019-11-05 21:00:00,-8.361666666666668,48.32,120.23333333333333,16.935,984.3933333333333
2019-11-05 22:00:00,-8.301666666666668,44.54666666666667,117.3,16.975,984.5566666666667
2019-11-05 23:00:00,-8.306666666666667,40.748333333333335,116.46666666666667,16.779999999999998,984.81
2019-11-06 00:00:00,-8.235000000000001,38.65333333333333,115.0,17.535,984.9016666666666
2019-11-06 01:00:00,-8.143333333333333,35.855000000000004,117.71666666666667,17.865000000000002,985.0983333333334
2019-11-06 02:00:00,-8.046666666666667,32.751666666666665,120.0,18.720000000000002,985.16
2019-11-06 03:00:00,-8.143333333333334,32.385,110.15,18.33833333333333,985.3583333333333
2019-11-06 04:00:00,-7.656666666666666,30.756666666666668,110.18333333333334,17.14333333333333,985.3833333333333
2019-11-06 05:00:00,-7.659999999999999,31.14333333333333,107.3,18.85666666666667,985.5966666666667
2019-11-06 06:00:00,-7.738333333333333,32.955,107.5,20.743333333333332,985.49
2019-11-06 07:00:00,-7.36,34.083333333333336,111.7,17.038333333333334,985.3533333333332
2019-11-06 08:00:00,-6.321666666666667,29.53166666666667,100.33333333333333,22.678333333333335,984.93
2019-11-06 09:00:00,-5.9,29.711666666666666,96.0,22.323333333333334,984.6266666666667
2019-11-06 10:00:00,-5.791666666666667,32.615,85.28333333333333,20.136666666666667,984.5966666666667
2019-11-06 11:00:00,-5.591666666666667,33.263333333333335,84.15,15.606666666666666,984.5083333333333
2019-11-06 12:00:00,-5.316666666666666,33.553333333333335,87.91666666666667,14.701666666666666,984.2533333333333
2019-11-06 13:00:00,-5.11,36.205000000000005,84.86666666666666,18.445,984.0166666666667
2019-11-06 14:00:00,-4.965,36.541666666666664,89.51666666666667,15.955,983.5916666666667
2019-11-06 15:00:00,-5.285,37.82,87.91666666666667,17.451666666666664,983.4133333333333
2019-11-06 16:00:00,-5.546666666666667,40.84666666666667,86.41666666666667,13.525,983.4716666666667
2019-11-06 17:00:00,-5.808333333333334,41.56333333333334,88.6,14.388333333333334,983.295
2019-11-06 18:00:00,-6.191666666666666,40.945,93.33333333333333,14.251666666666667,983.1483333333333
2019-11-06 19:00:00,-7.051666666666667,49.013333333333335,107.15,9.503333333333334,983.2833333333333
2019-11-06 20:00:00,-8.098333333333333,54.81166666666666,116.05,8.168333333333333,983.4133333333333
2019-11-06 21:00:00,-8.233333333333333,47.60333333333333,110.93333333333334,10.541666666666666,983.37
2019-11-06 22:00:00,-8.561666666666667,44.45,112.65,11.463333333333333,983.435
2019-11-06 23:00:00,-8.693333333333333,42.65,119.05,13.748333333333333,983.65
2019-11-07 00:00:00,-8.678333333333333,41.49333333333333,125.18333333333334,17.259999999999998,983.6783333333334
2019-11-07 01:00:00,-8.421666666666667,39.96666666666667,125.48333333333333,18.02,983.3883333333334
2019-11-07 02:00:00,-8.045,37.57,126.56666666666666,19.671666666666667,982.785
2019-11-07 03:00:00,-8.116666666666667,34.72,133.65,20.903333333333332,982.83
2019-11-07 04:00:00,-7.746666666666667,34.2,127.03333333333333,19.195,983.0833333333334
2019-11-07 05:00:00,-7.348333333333333,34.718333333333334,110.66666666666667,17.705,983.4183333333333
2019-11-07 06:00:00,-7.069999999999999,34.56166666666666,110.01666666666667,18.618333333333332,983.49
2019-11-07 07:00:00,-7.053333333333333,33.31666666666667,113.0,19.575,983.3733333333333
2019-11-07 08:00:00,-6.6466666666666665,34.163333333333334,107.71666666666667,20.08,983.475
2019-11-07 09:00:00,-6.241666666666666,34.13333333333333,104.08333333333333,19.201666666666664,983.41
2019-11-07 10:00:00,-6.53,35.901666666666664,105.53333333333333,20.026666666666664,983.08
2019-11-07 11:00:00,-6.401666666666667,39.65,108.71666666666667,17.84333333333333,982.8799999999999
2019-11-07 12:00:00,-6.0600000000000005,38.730000000000004,105.4,18.866666666666667,982.6616666666667
2019-11-07 13:00:00,-6.118333333333334,39.184999999999995,97.23333333333333,17.748333333333335,983.06
2019-11-07 14:00:00,-6.0616666666666665,38.92333333333333,99.95,17.246666666666666,982.9233333333334
2019-11-07 15:00:00,-6.036666666666666,40.190000000000005,99.95,15.418333333333333,982.8766666666667
2019-11-07 16:00:00,-6.221666666666667,41.583333333333336,98.08333333333333,14.115,982.7966666666666
2019-11-07 17:00:00,-6.323333333333334,42.233333333333334,100.5,13.318333333333333,982.9033333333333
2019-11-07 18:00:00,-6.65,43.41166666666666,106.38333333333334,13.746666666666666,982.9
2019-11-07 19:00:00,-6.83,43.656666666666666,109.65,13.288333333333332,982.6700000000001
2019-11-07 20:00:00,-6.835,42.035,110.66666666666667,12.973333333333333,982.8983333333333
2019-11-07 21:00:00,-6.818333333333333,40.305,110.25,13.175,983.0433333333333
2019-11-07 22:00:00,-6.75,38.70166666666667,117.08333333333333,13.248333333333333,982.9916666666667
2019-11-07 23:00:00,-6.745,38.343333333333334,125.36666666666666,14.728333333333333,983.02
2019-11-08 00:00:00,-6.653333333333333,36.55166666666666,124.3,14.133333333333333,983.1450000000001
2019-11-08 01:00:00,-7.2716666666666665,43.14,136.75,13.035,983.1366666666668
2019-11-08 02:00:00,-7.506666666666666,39.95666666666667,134.2,15.196666666666665,982.9483333333334
2019-11-08 03:00:00,-7.246666666666667,36.41833333333333,130.25,15.770000000000001,982.8783333333333
2019-11-08 04:00:00,-7.011666666666667,34.781666666666666,127.3,15.436666666666667,983.065
2019-11-08 05:00:00,-6.985,35.06333333333334,128.38333333333333,15.596666666666666,983.13
2019-11-08 06:00:00,-6.801666666666667,36.21,126.65,13.446666666666665,983.4016666666666
2019-11-08 07:00:00,-5.903333333333333,35.03666666666666,124.93333333333334,12.84,983.58
2019-11-08 08:00:00,-5.27,32.526666666666664,117.45,14.211666666666668,983.7066666666667
2019-11-08 09:00:00,-4.846666666666667,33.795,110.9,13.101666666666667,984.0183333333333
2019-11-08 10:00:00,-4.543333333333334,29.31,89.96666666666667,14.623333333333333,983.935
2019-11-08 11:00:00,-3.466666666666667,29.426666666666666,70.98333333333333,13.403333333333334,983.6766666666666
2019-11-08 12:00:00,-2.8633333333333337,30.81,64.58333333333333,12.405,983.3733333333333
2019-11-08 13:00:00,-3.118333333333333,32.495,58.483333333333334,11.108333333333333,983.0933333333334
2019-11-08 14:00:00,-3.763333333333333,36.156666666666666,46.43333333333333,10.676666666666668,982.7183333333334
2019-11-08 15:00:00,-4.6016666666666675,38.81333333333334,51.11666666666667,11.43,982.4383333333333
2019-11-08 16:00:00,-5.605,42.75833333333333,53.25,12.498333333333333,982.2733333333333
2019-11-08 17:00:00,-6.253333333333333,39.181666666666665,73.03333333333333,13.186666666666667,982.09
2019-11-08 18:00:00,-6.968333333333334,39.830000000000005,72.68333333333334,13.821666666666665,981.8416666666667
2019-11-08 19:00:00,-7.575,39.32666666666667,96.48333333333333,11.918333333333333,981.4133333333334
2019-11-08 20:00:00,-8.24,40.38,111.01666666666667,11.248333333333333,980.6833333333333
2019-11-08 21:00:00,-8.629999999999999,41.916666666666664,120.73333333333333,10.856666666666666,980.315
2019-11-08 22:00:00,-8.569999999999999,39.681666666666665,127.1,10.723333333333333,980.0066666666667
2019-11-08 23:00:00,-8.596666666666666,43.291666666666664,134.88333333333333,13.033333333333333,979.5400000000001
2019-11-09 00:00:00,-8.52,39.098333333333336,124.01666666666667,15.568333333333333,979.2216666666667
2019-11-09 01:00:00,-8.0,37.005,129.88333333333333,18.298333333333336,978.8183333333333
2019-11-09 02:00:00,-8.086666666666666,37.26,135.06666666666666,20.478333333333335,978.3433333333334
2019-11-09 03:00:00,-8.098333333333333,36.45,136.16666666666666,20.423333333333336,978.14
2019-11-09 04:00:00,-7.47,34.02333333333333,132.15,20.263333333333332,978.1116666666668
2019-11-09 05:00:00,-6.885000000000001,33.803333333333335,129.63333333333333,20.555,977.9816666666667
2019-11-09 06:00:00,-6.375,34.74666666666667,124.31666666666666,18.945,978.12
2019-11-09 07:00:00,-5.925,35.36833333333333,116.15,16.031666666666666,978.6766666666666
2019-11-09 08:00:00,-4.763333333333334,35.78333333333333,106.03333333333333,11.915,978.6650000000001
2019-11-09 09:00:00,-3.795,33.02333333333333,84.58333333333333,14.7,978.7
2019-11-09 10:00:00,-2.6333333333333333,31.695,62.516666666666666,14.375,978.8
2019-11-09 11:00:00,-3.2183333333333333,32.095,77.98333333333333,14.656666666666666,978.2416666666667
2019-11-09 12:00:00,-3.353333333333333,32.18333333333333,87.93333333333334,16.038333333333334,977.2533333333333
2019-11-09 13:00:00,-3.5816666666666666,30.46833333333333,82.31666666666666,18.383333333333333,976.6083333333333
2019-11-09 14:00:00,-4.028333333333333,30.878333333333334,82.56666666666666,19.73166666666667,975.6800000000001
2019-11-09 15:00:00,-5.305000000000001,35.02833333333333,87.58333333333333,19.18166666666667,975.4016666666666
2019-11-09 16:00:00,-6.111666666666666,39.27833333333333,99.4,17.025,975.0416666666666
2019-11-09 17:00:00,-6.091666666666667,38.405,89.53333333333333,14.201666666666666,974.7633333333334
2019-11-09 18:00:00,-5.753333333333333,41.42666666666666,88.96666666666667,13.946666666666665,974.11
2019-11-09 19:00:00,-6.283333333333333,36.56666666666667,98.66666666666667,19.398333333333333,973.465
2019-11-09 20:00:00,-6.5183333333333335,39.294999999999995,106.35,18.65666666666667,972.5866666666666
2019-11-09 21:00:00,-6.53,41.125,110.36666666666666,16.653333333333332,971.7716666666668
2019-11-09 22:00:00,-6.321666666666667,39.38333333333333,109.35,19.441666666666666,971.1666666666666
2019-11-09 23:00:00,-6.336666666666667,37.37833333333333,112.86666666666666,21.545,970.61
2019-11-10 00:00:00,-6.239999999999999,35.255,116.36666666666666,22.834999999999997,970.1766666666666
2019-11-10 01:00:00,-6.245,35.76833333333333,114.96666666666667,24.540000000000003,969.9866666666666
2019-11-10 02:00:00,-6.805000000000001,39.93333333333333,109.86666666666666,23.796666666666667,969.92
2019-11-10 03:00:00,-6.558333333333334,39.32,108.35,26.425,969.745
2019-11-10 04:00:00,-6.85,40.193333333333335,108.23333333333333,23.388333333333332,970.0916666666667
2019-11-10 05:00:00,-6.840000000000001,39.541666666666664,107.48333333333333,25.598333333333336,969.91
2019-11-10 06:00:00,-6.336666666666667,38.11666666666667,106.26666666666667,23.461666666666666,969.8549999999999
2019-11-10 07:00:00,-5.611666666666666,35.775,103.6,22.173333333333336,969.9533333333333
2019-11-10 08:00:00,-5.2,35.805,97.95,21.828333333333333,970.0533333333333
2019-11-10 09:00:00,-4.73,34.17833333333333,89.3,23.578333333333333,970.2483333333333
2019-11-10 10:00:00,-4.5233333333333325,38.25666666666667,83.96666666666667,22.211666666666666,970.3866666666667
2019-11-10 11:00:00,-4.678333333333333,40.263333333333335,83.9,22.62,970.55
2019-11-10 12:00:00,-4.443333333333333,41.89833333333333,83.2,23.848333333333336,970.7383333333333
2019-11-10 13:00:00,-4.215,41.38666666666666,89.35,23.96833333333333,971.065
2019-11-10 14:00:00,-3.9733333333333336,42.336666666666666,89.33333333333333,21.551666666666666,971.1450000000001
2019-11-10 15:00:00,-3.9299999999999997,42.138333333333335,91.15,21.605,971.1666666666666
2019-11-10 16:00:00,-4.26,41.501666666666665,91.85,22.084999999999997,971.01
2019-11-10 17:00:00,-4.693333333333333,41.42666666666666,95.0,20.256666666666668,970.9150000000001
2019-11-10 18:00:00,-5.165,42.663333333333334,89.76666666666667,17.691666666666666,971.0333333333333
2019-11-10 19:00:00,-5.863333333333333,45.015,105.2,14.32,970.87
2019-11-10 20:00:00,-6.641666666666667,46.52333333333333,110.3,14.518333333333334,970.5966666666667
2019-11-10 21:00:00,-6.651666666666667,43.35666666666667,118.63333333333334,16.155,970.2083333333334
2019-11-10 22:00:00,-6.755,41.64833333333333,122.38333333333334,17.89,969.73
2019-11-10 23:00:00,-6.575,39.14333333333333,123.71666666666667,18.711666666666666,969.2083333333334
2019-11-11 00:00:00,-6.431666666666667,36.330000000000005,128.23333333333332,17.526666666666664,968.7016666666666
2019-11-11 01:00:00,-6.79,33.79333333333333,129.91666666666666,19.634999999999998,968.5366666666666
2019-11-11 02:00:00,-7.001666666666667,33.141666666666666,124.35,18.076666666666664,968.315
2019-11-11 03:00:00,-7.194999999999999,32.041666666666664,139.75,19.743333333333332,967.4699999999999
2019-11-11 04:00:00,-7.283333333333333,33.190000000000005,128.1,17.65666666666667,967.51
2019-11-11 05:00:00,-6.721666666666667,31.33,117.83333333333333,14.66,967.4300000000001
2019-11-11 06:00:00,-5.875,30.59333333333333,112.66666666666667,13.306666666666667,967.0433333333333
2019-11-11 07:00:00,-5.361666666666666,36.22833333333333,103.56666666666666,11.388333333333332,966.9599999999999
2019-11-11 08:00:00,-4.371666666666667,30.745,111.68333333333334,14.593333333333334,966.7066666666667
2019-11-11 09:00:00,-4.180000000000001,30.205,98.36666666666666,16.78666666666667,966.7783333333333
2019-11-11 10:00:00,-4.795,31.671666666666667,80.86666666666666,15.81,967.215
2019-11-11 11:00:00,-4.078333333333333,31.295,63.95,9.155,966.7766666666666
2019-11-11 12:00:00,-4.805000000000001,34.541666666666664,92.9,5.876666666666667,966.6383333333334
2019-11-11 13:00:00,-5.194999999999999,37.85,188.13333333333333,3.14,966.69
2019-11-11 14:00:00,-4.12,42.13166666666667,285.03333333333336,5.691666666666666,966.7066666666667
2019-11-11 15:00:00,-4.573333333333333,43.34,259.98333333333335,4.085,966.73
2019-11-11 16:00:00,-5.068333333333333,42.218333333333334,203.78333333333333,2.606666666666667,966.6366666666668
2019-11-11 17:00:00,-5.2316666666666665,39.035,142.13333333333333,5.286666666666666,966.69
2019-11-11 18:00:00,-5.321666666666667,37.43833333333334,143.26666666666668,6.128333333333333,966.6916666666667
2019-11-11 19:00:00,-5.333333333333333,36.61,138.71666666666667,7.256666666666666,966.5466666666667
2019-11-11 20:00:00,-5.633333333333334,36.79666666666667,150.63333333333333,6.951666666666667,966.6233333333333
2019-11-11 21:00:00,-6.4350000000000005,43.25666666666667,157.61666666666667,5.53,966.85
2019-11-11 22:00:00,-8.308333333333334,54.995,183.68333333333334,9.354999999999999,967.0833333333334
2019-11-11 23:00:00,-8.863333333333333,52.505,183.9,10.293333333333333,967.1866666666666
2019-11-12 00:00:00,-9.318333333333333,55.693333333333335,230.16666666666666,5.8149999999999995,967.7633333333334
2019-11-12 01:00:00,-9.961666666666668,44.86666666666667,190.91666666666666,9.555,968.2616666666667
2019-11-12 02:00:00,-8.863333333333333,35.565000000000005,139.3,9.593333333333334,968.8
2019-11-12 03:00:00,-8.658333333333333,32.37833333333334,149.98333333333332,11.231666666666666,969.1366666666667
2019-11-12 04:00:00,-8.693333333333333,35.0,163.88333333333333,16.175,969.2583333333333
2019-11-12 05:00:00,-7.915,34.190000000000005,163.46666666666667,15.508333333333333,969.66
2019-11-12 06:00:00,-6.75,33.483333333333334,137.63333333333333,8.696666666666665,970.8216666666667
2019-11-12 07:00:00,-6.1483333333333325,39.05333333333333,115.88333333333334,11.196666666666665,971.4916666666667
2019-11-12 08:00:00,-5.593333333333333,35.04666666666667,103.88333333333334,15.295,972.0166666666667
2019-11-12 09:00:00,-5.488333333333333,31.365000000000002,93.85,16.951666666666668,972.3616666666666
2019-11-12 10:00:00,-5.793333333333334,33.97833333333333,89.9,17.066666666666666,973.0133333333332
2019-11-12 11:00:00,-5.7716666666666665,33.48166666666667,85.08333333333333,16.138333333333332,973.6383333333334
2019-11-12 12:00:00,-6.026666666666667,34.593333333333334,90.48333333333333,15.106666666666666,974.5466666666667
2019-11-12 13:00:00,-5.52,34.79333333333333,89.18333333333334,13.854999999999999,974.9883333333333
2019-11-12 14:00:00,-5.114999999999999,36.04,95.13333333333334,14.873333333333333,975.375
2019-11-12 15:00:00,-5.473333333333333,40.193333333333335,82.96666666666667,17.398333333333333,976.0066666666667
2019-11-12 16:00:00,-5.661666666666666,41.67833333333333,86.66666666666667,16.15,976.7216666666667
2019-11-12 17:00:00,-5.6466666666666665,41.00666666666667,93.1,15.586666666666668,977.3349999999999
2019-11-12 18:00:00,-5.53,38.76,109.2,13.291666666666666,977.98
2019-11-12 19:00:00,-5.411666666666666,35.595,115.45,15.55,978.215
2019-11-12 20:00:00,-5.335,34.375,119.38333333333334,16.49833333333333,978.9316666666667
2019-11-12 21:00:00,-5.293333333333334,34.891666666666666,121.23333333333333,16.91166666666667,979.5433333333333
2019-11-12 22:00:00,-5.245,34.855000000000004,125.45,17.573333333333334,980.11
2019-11-12 23:00:00,-5.2316666666666665,33.55833333333333,126.58333333333333,17.351666666666667,980.455
2019-11-13 00:00:00,-5.428333333333333,32.95333333333333,126.6,19.383333333333333,980.715
2019-11-13 01:00:00,-5.526666666666667,33.74666666666666,125.76666666666667,19.011666666666667,980.9533333333333
2019-11-13 02:00:00,-5.489999999999999,37.166666666666664,125.15,15.403333333333334,981.0616666666667
2019-11-13 03:00:00,-5.201666666666667,36.02333333333333,122.63333333333334,14.173333333333334,980.9
2019-11-13 04:00:00,-4.9816666666666665,33.355,128.58333333333334,18.14333333333333,980.7516666666667
2019-11-13 05:00:00,-4.943333333333333,36.855000000000004,125.43333333333334,15.44,980.9566666666667
2019-11-13 06:00:00,-4.611666666666666,36.66166666666666,115.08333333333333,15.146666666666667,981.3866666666667
2019-11-13 07:00:00,-4.235,37.525,110.0,14.54,981.6633333333334
2019-11-13 08:00:00,-3.618333333333333,34.47833333333333,109.88333333333334,16.825,981.5883333333334
2019-11-13 09:00:00,-3.3516666666666666,32.041666666666664,105.93333333333334,18.368333333333332,981.6783333333333
2019-11-13 10:00:00,-2.96,34.84,107.6,15.711666666666668,981.8516666666667
2019-11-13 11:00:00,-2.478333333333333,33.608333333333334,106.33333333333333,14.403333333333334,981.7233333333334
2019-11-13 12:00:00,-2.393333333333333,31.759999999999998,101.83333333333333,13.833333333333334,981.41
2019-11-13 13:00:00,-2.0733333333333333,33.190000000000005,96.43333333333334,11.805,981.3583333333333
2019-11-13 14:00:00,-1.6849999999999998,34.306666666666665,59.88333333333333,10.883333333333333,981.4133333333333
2019-11-13 15:00:00,-2.3699999999999997,36.61833333333333,51.6,8.415,981.3183333333333
2019-11-13 16:00:00,-2.9166666666666665,37.82,45.13333333333333,7.25,981.35
2019-11-13 17:00:00,-3.4699999999999998,41.38166666666667,39.55,4.795,981.3366666666666
2019-11-13 18:00:00,-3.503333333333333,43.041666666666664,74.56666666666666,4.2683333333333335,981.3083333333333
2019-11-13 19:00:00,-3.871666666666667,42.30833333333333,43.483333333333334,4.573333333333333,981.27
2019-11-13 20:00:00,-4.246666666666667,42.788333333333334,46.53333333333333,3.5566666666666666,981.1316666666667
2019-11-13 21:00:00,-4.54,39.769999999999996,71.0,3.545,981.205
2019-11-13 22:00:00,-5.346666666666667,43.365,36.8,3.6616666666666666,981.5366666666666
2019-11-13 23:00:00,-6.256666666666666,50.501666666666665,125.23333333333333,5.85,981.625
2019-11-14 00:00:00,-5.87,50.565000000000005,130.26666666666668,7.975,981.23
2019-11-14 01:00:00,-5.883333333333334,48.845,119.95,11.235000000000001,980.89
2019-11-14 02:00:00,-5.39,46.263333333333335,118.21666666666667,11.95,980.4316666666667
2019-11-14 03:00:00,-5.091666666666667,43.665,118.85,12.873333333333333,979.955
2019-11-14 04:00:00,-4.665,42.61,122.93333333333334,12.743333333333334,979.4783333333332
2019-11-14 05:00:00,-3.8066666666666666,39.03333333333333,118.0,12.808333333333334,978.9516666666666
2019-11-14 06:00:00,-2.81,37.843333333333334,114.0,13.073333333333332,978.5666666666667
2019-11-14 07:00:00,-2.235,36.986666666666665,116.38333333333334,12.283333333333333,978.0983333333334
2019-11-14 08:00:00,-1.175,36.78333333333333,114.01666666666667,11.360000000000001,977.38
2019-11-14 09:00:00,-0.41833333333333333,38.718333333333334,122.08333333333333,10.831666666666667,976.7283333333332
2019-11-14 10:00:00,0.7116666666666667,38.05166666666666,116.68333333333334,9.061666666666667,975.8199999999999
2019-11-14 11:00:00,1.525,37.401666666666664,111.36666666666666,11.07,974.67
2019-11-14 12:00:00,1.73,36.97,110.75,12.08,973.8183333333333
2019-11-14 13:00:00,1.7916666666666667,39.85,106.8,9.656666666666666,973.0783333333333
2019-11-14 14:00:00,2.0900000000000003,43.81333333333334,108.95,11.463333333333333,972.2033333333333
2019-11-14 15:00:00,1.8216666666666665,43.559999999999995,119.43333333333334,12.645000000000001,971.4833333333333
2019-11-14 16:00:00,1.6716666666666666,39.84166666666667,119.18333333333334,13.518333333333334,970.985
2019-11-14 17:00:00,1.4516666666666667,36.44166666666667,127.68333333333334,13.768333333333334,970.5316666666666
2019-11-14 18:00:00,0.77,41.85333333333333,112.25,13.92,970.8766666666667
2019-11-14 19:00:00,0.015000000000000001,40.55333333333333,117.81666666666666,9.721666666666666,970.81
2019-11-14 20:00:00,-0.8133333333333334,38.665,125.65,17.035,970.9816666666667
2019-11-14 21:00:00,-1.475,35.04,132.83333333333334,13.563333333333333,970.8083333333333
2019-11-14 22:00:00,-1.9583333333333333,37.245,129.4,14.995000000000001,970.8316666666667
2019-11-14 23:00:00,-2.1683333333333334,35.083333333333336,142.2,16.226666666666667,970.4599999999999
2019-11-15 00:00:00,-2.9033333333333333,39.22833333333333,136.95,15.146666666666667,970.5033333333333
2019-11-15 01:00:00,-3.0533333333333332,37.345,142.61666666666667,16.353333333333335,970.64
2019-11-15 02:00:00,-3.225,35.931666666666665,151.38333333333333,19.293333333333333,970.305
2019-11-15 03:00:00,-3.1533333333333333,37.00666666666667,126.86666666666666,14.168333333333333,970.2116666666667
2019-11-15 04:00:00,-3.3800000000000003,41.830000000000005,121.21666666666667,10.661666666666667,970.235
2019-11-15 05:00:00,-2.0349999999999997,33.973333333333336,103.85,11.218333333333334,970.1466666666668
2019-11-15 06:00:00,-0.9733333333333333,27.27,93.28333333333333,15.823333333333332,970.215
2019-11-15 07:00:00,-0.7683333333333333,29.066666666666666,93.6,17.846666666666668,970.2
2019-11-15 08:00:00,-0.6716666666666666,30.65,87.98333333333333,18.355,970.275
2019-11-15 09:00:00,0.0016666666666666668,32.485,66.21666666666667,15.078333333333335,970.2983333333333
2019-11-15 10:00:00,-0.035,34.16166666666666,60.31666666666667,12.278333333333334,970.2283333333334
2019-11-15 11:00:00,-0.26,34.13166666666667,71.0,17.616666666666667,970.0849999999999
2019-11-15 12:00:00,-0.5583333333333333,37.281666666666666,75.75,17.066666666666666,970.0833333333334
2019-11-15 13:00:00,-1.0683333333333331,35.50666666666667,86.25,17.57,969.8283333333333
2019-11-15 14:00:00,-1.38,37.84166666666667,84.7,16.176666666666666,969.7683333333333
2019-11-15 15:00:00,-1.595,38.69833333333334,82.15,17.596666666666668,969.95
2019-11-15 16:00:00,-1.9533333333333334,39.31333333333334,84.01666666666667,13.908333333333333,970.0683333333333
2019-11-15 17:00:00,-2.125,39.72,96.9,12.473333333333333,970.0316666666666
2019-11-15 18:00:00,-2.711666666666667,44.068333333333335,99.05,10.691666666666666,970.2233333333334
2019-11-15 19:00:00,-3.0166666666666666,44.906666666666666,103.91666666666667,11.321666666666665,970.4016666666666
2019-11-15 20:00:00,-3.6266666666666665,45.66833333333333,111.46666666666667,10.706666666666667,970.4766666666667
2019-11-15 21:00:00,-3.9966666666666666,43.97833333333333,123.0,13.706666666666667,970.435
2019-11-15 22:00:00,-4.208333333333333,40.413333333333334,121.95,16.413333333333334,970.52
2019-11-15 23:00:00,-5.075,39.22666666666667,129.0,19.46333333333333,970.4716666666667
2019-11-16 00:00:00,-5.676666666666667,35.035,127.71666666666667,24.683333333333334,970.44
2019-11-16 01:00:00,-6.23,35.57,130.9,25.46833333333333,970.6800000000001
2019-11-16 02:00:00,-6.611111111111111,36.86296296296296,63.15,25.04074074074074,971.0370370370371
2019-11-16 03:00:00,-7.073333333333333,36.166666666666664,151.26666666666668,27.035,971.14
2019-11-16 04:00:00,-7.001666666666667,36.30333333333333,149.25,27.46333333333333,971.2800000000001
2019-11-16 05:00:00,-5.796666666666667,34.86,132.85,23.483333333333334,971.685
2019-11-16 06:00:00,-4.62,34.49166666666667,118.33333333333333,20.066666666666666,972.2199999999999
2019-11-16 07:00:00,-3.71,34.434999999999995,117.81666666666666,19.423333333333336,972.4449999999999
2019-11-16 08:00:00,-3.496666666666667,36.775,122.25,17.061666666666667,972.74
2019-11-16 09:00:00,-3.2233333333333336,37.65333333333333,123.03333333333333,16.33,972.7
2019-11-16 10:00:00,-2.665,36.30166666666666,123.13333333333334,16.173333333333332,972.6566666666666
2019-11-16 11:00:00,-2.018333333333333,36.50833333333333,124.56666666666666,15.003333333333334,972.5883333333334
2019-11-16 12:00:00,-1.2216666666666667,36.501666666666665,103.05,14.633333333333333,972.535
2019-11-16 13:00:00,-0.8316666666666667,39.02166666666667,90.65,17.665000000000003,972.5849999999999
2019-11-16 14:00:00,-0.7716666666666667,41.333333333333336,96.36666666666666,20.368333333333332,972.4683333333334
2019-11-16 15:00:00,-0.9600000000000001,43.08166666666667,95.26666666666667,18.63,972.6633333333334
2019-11-16 16:00:00,-1.4216666666666666,46.848333333333336,96.75,17.691666666666666,972.9416666666667
2019-11-16 17:00:00,-1.4200000000000002,47.43666666666666,101.86666666666666,15.283333333333333,973.125
2019-11-16 18:00:00,-1.7066666666666668,47.961666666666666,107.98333333333333,14.711666666666668,973.2316666666667
2019-11-16 19:00:00,-2.0783333333333336,48.275,110.0,15.736666666666668,973.5633333333334
2019-11-16 20:00:00,-2.2666666666666666,47.24,115.8,16.568333333333335,973.6283333333334
2019-11-16 21:00:00,-2.4066666666666667,45.31666666666667,118.78333333333333,19.216666666666665,973.6550000000001
2019-11-16 22:00:00,-2.68,45.791666666666664,119.63333333333334,20.92,973.8050000000001
2019-11-16 23:00:00,-2.816666666666667,49.225,117.08333333333333,19.361666666666668,974.1533333333334
2019-11-17 00:00:00,-2.863333333333333,50.336666666666666,113.38333333333334,20.243333333333332,974.3133333333334
2019-11-17 01:00:00,-2.863333333333333,49.325,113.78333333333333,21.16,974.7099999999999
2019-11-17 02:00:00,-2.9183333333333334,48.355000000000004,119.33333333333333,22.053333333333335,974.9316666666667
2019-11-17 03:00:00,-2.8733333333333335,48.83833333333334,120.05,22.63,975.4633333333334
2019-11-17 04:00:00,-2.665,47.43833333333334,120.11666666666666,23.08,975.9966666666667
2019-11-17 05:00:00,-2.4949999999999997,47.11,119.8,23.605,976.3516666666667
2019-11-17 06:00:00,-2.3866666666666663,48.440000000000005,117.81666666666666,21.67,976.89
2019-11-17 07:00:00,-1.995,48.79333333333333,111.03333333333333,21.613333333333333,977.5416666666666
2019-11-17 08:00:00,-1.6900000000000002,49.55,109.81666666666666,19.951666666666664,978.0433333333333
2019-11-17 09:00:00,-1.4616666666666667,51.651666666666664,109.31666666666666,20.69,978.3533333333332
2019-11-17 10:00:00,-1.3816666666666668,52.10333333333333,110.43333333333334,19.475,978.4983333333333
2019-11-17 11:00:00,-0.99,50.88166666666667,103.6,20.82,978.6966666666667
2019-11-17 12:00:00,-1.15,51.916666666666664,98.63333333333334,22.381666666666668,979.1416666666667
2019-11-17 13:00:00,-1.8983333333333334,61.031666666666666,104.63333333333334,21.996666666666666,979.6066666666667
2019-11-17 14:00:00,-2.2583333333333333,67.66166666666666,110.93333333333334,19.58,980.2033333333333
2019-11-17 15:00:00,-2.0566666666666666,64.57833333333333,108.55,18.793333333333333,980.6366666666668
2019-11-17 16:00:00,-1.7183333333333333,59.29666666666667,107.95,17.441666666666666,980.695
2019-11-17 17:00:00,-1.6083333333333334,57.08833333333334,106.86666666666666,15.936666666666667,980.69
2019-11-17 18:00:00,-2.0733333333333333,56.23166666666667,113.08333333333333,14.203333333333335,981.0183333333333
2019-11-17 19:00:00,-2.5816666666666666,53.54333333333333,119.51666666666667,14.371666666666666,981.2933333333333
2019-11-17 20:00:00,-2.93,51.415,123.78333333333333,14.126666666666667,981.4416666666667
2019-11-17 21:00:00,-3.39,50.544999999999995,125.58333333333333,13.761666666666667,981.545
2019-11-17 22:00:00,-3.765,48.211666666666666,128.46666666666667,14.275,981.695
2019-11-17 23:00:00,-3.9833333333333334,46.89333333333333,136.66666666666666,16.063333333333333,981.8050000000001
2019-11-18 00:00:00,-4.251666666666667,45.519999999999996,140.48333333333332,16.58,982.01
2019-11-18 01:00:00,-4.753333333333333,43.73166666666667,153.06666666666666,21.976666666666667,982.2883333333334
2019-11-18 02:00:00,-4.418333333333334,39.940000000000005,153.2,21.868333333333332,982.59
2019-11-18 03:00:00,-4.5633333333333335,39.46666666666667,151.46666666666667,22.058333333333334,982.935
2019-11-18 04:00:00,-4.238333333333333,38.72,149.96666666666667,21.608333333333334,983.2683333333333
2019-11-18 05:00:00,-3.9266666666666667,39.586666666666666,148.96666666666667,20.956666666666667,983.6550000000001
2019-11-18 06:00:00,-3.368333333333333,40.78,147.98333333333332,18.08833333333333,984.0300000000001
2019-11-18 07:00:00,-1.8516666666666666,37.27166666666667,124.36666666666666,14.465,984.4616666666666
2019-11-18 08:00:00,-1.1016666666666666,34.458333333333336,109.41666666666667,14.331666666666667,984.7466666666667
2019-11-18 09:00:00,-0.49333333333333335,30.673333333333336,89.96666666666667,13.326666666666666,984.8766666666667
2019-11-18 10:00:00,0.7883333333333333,24.561666666666667,66.78333333333333,12.096666666666666,984.8883333333332
2019-11-18 11:00:00,1.1983333333333335,25.558333333333334,49.05,9.173333333333334,984.8316666666667
2019-11-18 12:00:00,0.6799999999999999,35.736666666666665,120.0,8.308333333333334,984.8183333333333
2019-11-18 13:00:00,-0.02333333333333333,37.388333333333335,262.55,8.12,984.8383333333333
2019-11-18 14:00:00,-0.4233333333333333,40.99666666666667,281.76666666666665,6.375,984.6266666666667
2019-11-18 15:00:00,-0.895,43.74,299.73333333333335,7.583333333333333,984.2633333333334
2019-11-18 16:00:00,-1.7516666666666665,45.49,321.5,7.358333333333333,984.2133333333334
2019-11-18 17:00:00,-2.1883333333333335,48.21666666666667,327.5833333333333,7.67,984.045
2019-11-18 18:00:00,-2.6633333333333336,50.43333333333333,312.21666666666664,8.565,983.8666666666667
2019-11-18 19:00:00,-2.5616666666666665,44.215,269.6166666666667,6.338333333333334,983.725
2019-11-18 20:00:00,-3.5716666666666668,44.483333333333334,286.9,6.658333333333333,983.6766666666667
2019-11-18 21:00:00,-4.046666666666667,46.68,263.1,5.095,983.5550000000001
2019-11-18 22:00:00,-5.198333333333333,56.13,165.73333333333332,9.528333333333334,983.4983333333333
2019-11-18 23:00:00,-5.423333333333333,54.015,154.9,11.858333333333333,983.44
2019-11-19 00:00:00,-5.111666666666666,41.36833333333333,154.4,14.666666666666666,983.1666666666666
2019-11-19 01:00:00,-5.168333333333334,33.715,160.05,16.533333333333335,982.8683333333333
2019-11-19 02:00:00,-5.278333333333333,34.141666666666666,162.56666666666666,18.976666666666667,982.4933333333333
2019-11-19 03:00:00,-4.878333333333333,33.70333333333333,154.23333333333332,22.976666666666667,982.2983333333334
2019-11-19 04:00:00,-4.511666666666667,32.27,150.63333333333333,22.401666666666664,982.3266666666666
2019-11-19 05:00:00,-4.285,33.69166666666667,147.38333333333333,21.496666666666666,982.3399999999999
2019-11-19 06:00:00,-3.51,37.08833333333334,137.16666666666666,19.503333333333334,982.7233333333334
2019-11-19 07:00:00,-2.5516666666666667,36.59,122.9,15.311666666666667,983.5383333333334
2019-11-19 08:00:00,-1.6666666666666667,36.12833333333333,104.83333333333333,11.676666666666668,984.0433333333333
2019-11-19 09:00:00,-0.23833333333333334,29.276666666666664,70.53333333333333,11.776666666666667,983.8916666666667
2019-11-19 10:00:00,0.24666666666666667,26.458333333333332,44.3,8.186666666666666,983.7316666666667
2019-11-19 11:00:00,-0.03333333333333333,29.81833333333333,181.98333333333332,7.693333333333333,983.5316666666666
2019-11-19 12:00:00,-0.2,30.651666666666664,295.9,7.956666666666666,983.385
2019-11-19 13:00:00,-0.675,33.391666666666666,323.68333333333334,8.051666666666668,983.5383333333334
2019-11-19 14:00:00,-1.3566666666666667,37.480000000000004,315.9,7.595,983.6066666666667
2019-11-19 15:00:00,-2.2133333333333334,42.45166666666667,294.8833333333333,9.879999999999999,983.7583333333333
2019-11-19 16:00:00,-2.9233333333333333,43.52833333333333,255.81666666666666,8.421666666666667,983.795
2019-11-19 17:00:00,-3.1233333333333335,45.155,273.25,6.258333333333334,983.6616666666667
2019-11-19 18:00:00,-3.0866666666666664,46.95666666666667,262.03333333333336,5.155,983.5083333333333
2019-11-19 19:00:00,-3.5366666666666666,49.151666666666664,272.35,4.760000000000001,983.5
2019-11-19 20:00:00,-3.9650000000000003,54.531666666666666,260.5,4.113333333333333,983.5366666666666
2019-11-19 21:00:00,-4.501666666666667,53.56333333333334,180.25,3.93,983.4
2019-11-19 22:00:00,-4.201666666666666,44.108333333333334,152.63333333333333,8.736666666666668,983.0849999999999
2019-11-19 23:00:00,-4.655,45.46666666666667,87.66666666666667,8.845,983.2016666666666
2019-11-20 00:00:00,-4.923333333333333,40.23166666666667,187.06666666666666,7.296666666666667,983.025
2019-11-20 01:00:00,-5.125,32.155,164.11666666666667,17.855,982.6283333333334
2019-11-20 02:00:00,-5.465,33.005,167.95,15.986666666666668,982.785
2019-11-20 03:00:00,-5.645,33.16,168.45,16.705,982.805
2019-11-20 04:00:00,-5.4783333333333335,33.90166666666667,164.86666666666667,17.626666666666665,982.755
2019-11-20 05:00:00,-4.423333333333333,34.913333333333334,163.56666666666666,15.391666666666667,982.8166666666667
2019-11-20 06:00:00,-3.533333333333333,35.83166666666667,163.13333333333333,14.325,982.7816666666666
2019-11-20 07:00:00,-2.4766666666666666,30.498333333333335,158.01666666666668,10.551666666666668,982.81
2019-11-20 08:00:00,-0.5116666666666667,31.813333333333333,218.6,4.101666666666667,983.0833333333334
2019-11-20 09:00:00,0.49,30.345000000000002,193.86666666666667,7.175,983.0316666666666
2019-11-20 10:00:00,0.625,30.878333333333334,213.28333333333333,9.201666666666666,982.7783333333333
2019-11-20 11:00:00,0.25666666666666665,33.82,300.76666666666665,7.366666666666666,982.6866666666667
2019-11-20 12:00:00,0.25,33.733333333333334,268.28333333333336,6.111666666666666,982.24
2019-11-20 13:00:00,0.14333333333333334,39.68333333333333,301.1333333333333,11.04,981.645
2019-11-20 14:00:00,-0.5716666666666667,45.245,308.4,12.878333333333334,981.2333333333333
2019-11-20 15:00:00,-0.7666666666666667,52.155,299.8333333333333,10.675,981.0233333333333
2019-11-20 16:00:00,0.16166666666666668,49.748333333333335,270.1666666666667,3.881666666666667,980.8149999999999
2019-11-20 17:00:00,-1.59,59.88,76.78333333333333,6.7716666666666665,981.0283333333333
2019-11-20 18:00:00,-2.8699999999999997,62.74,81.61666666666666,4.201666666666666,981.1283333333334
2019-11-20 19:00:00,-3.4066666666666667,64.26,91.55,3.805,981.3133333333334
2019-11-20 20:00:00,-4.045,64.64833333333334,62.65,4.441666666666666,981.6516666666666
2019-11-20 21:00:00,-4.928333333333333,66.80166666666666,67.61666666666666,3.455,982.005
2019-11-20 22:00:00,-5.361666666666666,64.43333333333334,149.01666666666668,2.1416666666666666,982.2516666666667
2019-11-20 23:00:00,-4.7316666666666665,41.818333333333335,135.51666666666668,5.465,982.25
2019-11-21 00:00:00,-4.819999999999999,37.485,133.13333333333333,6.873333333333333,982.4583333333334
2019-11-21 01:00:00,-5.175,30.721666666666668,164.85,16.485,982.075
2019-11-21 02:00:00,-5.331666666666666,29.68,165.76666666666668,15.59,982.4583333333334
2019-11-21 03:00:00,-6.558333333333334,37.54333333333333,170.65,12.185,982.8383333333333
2019-11-21 04:00:00,-4.946666666666667,32.88166666666667,200.58333333333334,9.79,983.1
2019-11-21 05:00:00,-4.868333333333334,41.06666666666667,289.45,3.9316666666666666,983.4283333333333
2019-11-21 06:00:00,-3.615,37.425,110.8,5.87,983.8516666666667
2019-11-21 07:00:00,-3.4766666666666666,34.68666666666666,80.91666666666667,14.905,984.3033333333333
2019-11-21 08:00:00,-3.246666666666667,37.10166666666667,65.85,13.658333333333333,984.6766666666666
2019-11-21 09:00:00,-3.0433333333333334,40.44166666666667,127.38333333333334,8.748333333333333,984.9683333333334
2019-11-21 10:00:00,-2.9633333333333334,43.745,299.9166666666667,6.536666666666666,985.1816666666667
2019-11-21 11:00:00,-2.7116666666666664,43.47833333333333,299.85,7.676666666666667,985.13
2019-11-21 12:00:00,-2.396666666666667,43.723333333333336,303.4166666666667,7.333333333333333,985.2333333333333
2019-11-21 13:00:00,-2.56,46.24666666666667,285.2,7.006666666666666,985.5033333333333
2019-11-21 14:00:00,-2.7983333333333333,45.22166666666667,120.01666666666667,5.59,985.715
2019-11-21 15:00:00,-2.86,45.41,35.916666666666664,3.893333333333333,985.6866666666667
2019-11-21 16:00:00,-3.3216666666666668,45.76166666666666,220.11666666666667,2.111666666666667,985.6733333333334
2019-11-21 17:00:00,-3.32,48.45,289.95,2.795,985.5516666666666
2019-11-21 18:00:00,-3.445,52.026666666666664,239.0,3.183333333333333,985.3633333333333
2019-11-21 19:00:00,-3.3699999999999997,51.95,185.95,3.621666666666667,985.2
2019-11-21 20:00:00,-4.2283333333333335,51.473333333333336,168.63333333333333,5.1850000000000005,985.0833333333334
2019-11-21 21:00:00,-5.508333333333334,54.36666666666667,185.21666666666667,6.21,984.825
2019-11-21 22:00:00,-6.406666666666666,54.998333333333335,187.15,8.653333333333334,984.48
2019-11-21 23:00:00,-6.236666666666666,45.41,168.66666666666666,10.639999999999999,984.3466666666666
2019-11-22 00:00:00,-5.493333333333334,38.74333333333333,148.8,12.108333333333333,984.285
2019-11-22 01:00:00,-6.951666666666667,39.65333333333333,157.55,9.205,984.1216666666667
2019-11-22 02:00:00,-7.196666666666667,38.358333333333334,169.9,12.481666666666666,983.5616666666666
2019-11-22 03:00:00,-5.676666666666667,33.098333333333336,162.38333333333333,9.706666666666667,983.5566666666667
2019-11-22 04:00:00,-5.801666666666667,37.266666666666666,158.56666666666666,13.443333333333333,983.55
2019-11-22 05:00:00,-5.058333333333334,36.33166666666667,141.16666666666666,13.911666666666667,983.6766666666666
2019-11-22 06:00:00,-4.125,34.86833333333333,123.06666666666666,16.71333333333333,983.5550000000001
2019-11-22 07:00:00,-3.555,34.22,120.86666666666666,17.84,983.5083333333333
2019-11-22 08:00:00,-2.9566666666666666,33.28333333333333,116.16666666666667,17.529999999999998,983.6766666666666
2019-11-22 09:00:00,-2.433333333333333,31.733333333333334,108.06666666666666,19.175,983.9233333333334
2019-11-22 10:00:00,-1.9916666666666667,31.65666666666667,103.68333333333334,17.076666666666664,984.1516666666666
2019-11-22 11:00:00,-1.585,35.365,89.8,14.023333333333333,984.4683333333334
2019-11-22 12:00:00,-0.9016666666666667,37.031666666666666,63.666666666666664,12.55,985.265
2019-11-22 13:00:00,-1.0933333333333333,37.02166666666667,52.583333333333336,9.308333333333334,985.7233333333334
2019-11-22 14:00:00,-1.6366666666666667,38.595,42.86666666666667,5.566666666666666,985.625
2019-11-22 15:00:00,-1.8083333333333333,34.983333333333334,198.96666666666667,3.1266666666666665,985.7783333333333
2019-11-22 16:00:00,-2.15,36.14833333333333,290.06666666666666,3.7416666666666667,985.9466666666667
2019-11-22 17:00:00,-2.73,40.61333333333334,290.01666666666665,4.975,986.4333333333333
2019-11-22 18:00:00,-3.2633333333333336,44.305,236.63333333333333,5.338333333333334,987.0966666666667
2019-11-22 19:00:00,-3.331666666666666,41.92166666666667,117.08333333333333,2.8116666666666665,987.76
2019-11-22 20:00:00,-4.038333333333333,56.080000000000005,154.81666666666666,6.733333333333333,988.02
2019-11-22 21:00:00,-5.026666666666667,55.223333333333336,176.56666666666666,11.431666666666667,987.935
2019-11-22 22:00:00,-6.444999999999999,54.144999999999996,176.25,14.643333333333334,987.905
2019-11-22 23:00:00,-6.8983333333333325,54.419999999999995,175.91666666666666,15.341666666666667,988.3883333333334
2019-11-23 00:00:00,-6.461666666666667,52.61,177.96666666666667,3.8400000000000003,989.3216666666667
2019-11-23 01:00:00,-6.16,43.765,132.56666666666666,13.263333333333332,989.4433333333333
2019-11-23 02:00:00,-6.026666666666667,35.43,163.18333333333334,20.638333333333332,989.1066666666667
2019-11-23 03:00:00,-5.843333333333334,33.913333333333334,157.71666666666667,23.98166666666667,989.4183333333333
2019-11-23 04:00:00,-5.4816666666666665,37.405,150.41666666666666,23.901666666666664,990.0266666666666
2019-11-23 05:00:00,-4.835,38.32833333333333,148.65,21.438333333333333,990.55
2019-11-23 06:00:00,-3.5483333333333333,35.75333333333333,131.9,17.578333333333333,991.17
2019-11-23 07:00:00,-3.0466666666666664,36.29666666666667,125.35,16.470000000000002,991.7216666666667
2019-11-23 08:00:00,-2.2733333333333334,28.48166666666667,102.48333333333333,18.501666666666665,992.1633333333334
2019-11-23 09:00:00,-2.075,31.541666666666668,89.81666666666666,15.91,992.2633333333334
2019-11-23 10:00:00,-0.9533333333333334,30.96333333333333,74.1,18.69333333333333,992.0516666666666
2019-11-23 11:00:00,-1.1833333333333333,34.26166666666666,77.16666666666667,13.681666666666667,992.1116666666668
2019-11-23 12:00:00,-0.19499999999999998,34.655,60.56666666666667,12.958333333333334,992.1583333333333
2019-11-23 13:00:00,-0.5333333333333333,38.065000000000005,53.13333333333333,10.99,991.9783333333332
2019-11-23 14:00:00,-0.605,38.2,49.71666666666667,9.653333333333334,991.9033333333333
2019-11-23 15:00:00,-1.0116666666666667,34.31666666666667,83.16666666666667,9.925,992.0466666666667
2019-11-23 16:00:00,-1.4483333333333335,33.208333333333336,113.9,10.19,991.7183333333334
2019-11-23 17:00:00,-1.4833333333333334,36.275,120.95,9.748333333333333,991.5916666666667
2019-11-23 18:00:00,-1.7650000000000001,38.93,126.76666666666667,7.738333333333333,991.5633333333334
2019-11-23 19:00:00,-2.466666666666667,42.24666666666667,156.0,10.04,991.5216666666668
2019-11-23 20:00:00,-3.175,42.105000000000004,167.05,12.156666666666666,991.175
2019-11-23 21:00:00,-3.091666666666667,38.55333333333333,156.61666666666667,14.925,991.0733333333334
2019-11-23 22:00:00,-3.5900000000000003,40.57666666666667,162.26666666666668,18.008333333333333,990.6716666666666
2019-11-23 23:00:00,-3.908333333333333,39.47666666666667,157.28333333333333,22.428333333333335,990.0283333333334
2019-11-24 00:00:00,-4.316666666666666,37.015,161.3,22.625,989.4150000000001
2019-11-24 01:00:00,-4.576666666666667,36.35666666666667,161.93333333333334,25.495,988.8333333333334
2019-11-24 02:00:00,-3.868333333333333,33.348333333333336,151.81666666666666,29.873333333333335,988.36
2019-11-24 03:00:00,-3.253333333333333,30.933333333333334,148.41666666666666,28.68,987.9316666666667
2019-11-24 04:00:00,-3.2816666666666667,32.51833333333333,147.56666666666666,25.10666666666667,987.8533333333332
2019-11-24 05:00:00,-3.5483333333333333,37.18333333333333,148.48333333333332,21.951666666666664,987.81
2019-11-24 06:00:00,-2.941666666666667,38.345,145.66666666666666,19.06,987.325
2019-11-24 07:00:00,-1.8216666666666665,40.99333333333333,137.41666666666666,15.01,986.61
2019-11-24 08:00:00,-0.20666666666666667,32.278333333333336,91.06666666666666,13.436666666666667,986.2283333333332
2019-11-24 09:00:00,0.11499999999999999,31.88,81.03333333333333,13.868333333333334,985.615
2019-11-24 10:00:00,0.975,30.875,68.33333333333333,9.671666666666665,985.1466666666668
2019-11-24 11:00:00,1.415,27.763333333333332,53.28333333333333,7.441666666666666,984.2666666666667
2019-11-24 12:00:00,0.94,33.785,313.81666666666666,8.421666666666667,983.5133333333334
2019-11-24 13:00:00,0.565,34.03666666666667,282.15,7.6899999999999995,982.6766666666666
2019-11-24 14:00:00,0.11666666666666667,32.92333333333333,269.98333333333335,6.378333333333333,982.1533333333333
2019-11-24 15:00:00,-0.12666666666666668,39.888333333333335,317.6333333333333,5.548333333333333,981.4266666666666
2019-11-24 16:00:00,-0.4533333333333333,43.03333333333333,247.08333333333334,3.746666666666667,980.685
2019-11-24 17:00:00,-0.81,44.638333333333335,222.71666666666667,3.408333333333333,980.025
2019-11-24 18:00:00,-1.0833333333333333,50.434999999999995,201.11666666666667,5.808333333333334,979.2683333333333
2019-11-24 19:00:00,-1.305,55.36,184.06666666666666,7.02,978.7466666666667
2019-11-24 20:00:00,-0.9933333333333334,50.345,169.68333333333334,4.87,978.3483333333334
2019-11-24 21:00:00,-1.3433333333333333,47.166666666666664,149.78333333333333,12.536666666666667,977.7666666666667
2019-11-24 22:00:00,-1.7883333333333333,43.745,147.76666666666668,19.93166666666667,977.4216666666666
2019-11-24 23:00:00,-2.3616666666666664,38.745,154.63333333333333,23.015,977.2983333333334
2019-11-25 00:00:00,-2.871666666666667,35.55833333333333,157.78333333333333,27.245,976.7033333333334
2019-11-25 01:00:00,-3.2083333333333335,35.39833333333333,154.86666666666667,28.470000000000002,976.6616666666667
2019-11-25 02:00:00,-3.3033333333333332,34.365,153.65,28.841666666666665,976.7833333333333
2019-11-25 03:00:00,-3.1683333333333334,32.96333333333333,149.21666666666667,30.478333333333335,976.7816666666666
2019-11-25 04:00:00,-3.396666666666667,35.905,148.76666666666668,29.115000000000002,976.7816666666666
2019-11-25 05:00:00,-2.915,38.46333333333334,138.51666666666668,22.06833333333333,977.1583333333333
2019-11-25 06:00:00,-1.5316666666666667,34.56666666666667,118.06666666666666,17.14333333333333,977.8050000000001
2019-11-25 07:00:00,-0.8783333333333334,32.61333333333333,102.68333333333334,18.10666666666667,978.245
2019-11-25 08:00:00,-0.6,30.855,90.56666666666666,18.46833333333333,978.48
2019-11-25 09:00:00,-0.245,30.696666666666665,84.16666666666667,16.856666666666666,978.3449999999999
2019-11-25 10:00:00,0.49333333333333335,30.56833333333333,73.75,16.681666666666665,978.205
2019-11-25 11:00:00,1.1433333333333333,31.41166666666667,67.38333333333334,14.45,978.1866666666667
2019-11-25 12:00:00,1.07,30.65,61.45,14.276666666666667,977.9166666666666
2019-11-25 13:00:00,1.095,32.02166666666667,58.18333333333333,10.979999999999999,977.6316666666667
2019-11-25 14:00:00,1.1266666666666665,31.923333333333336,66.4,9.616666666666667,977.2616666666667
2019-11-25 15:00:00,0.7383333333333333,32.89666666666667,80.81666666666666,9.523333333333333,976.8516666666667
2019-11-25 16:00:00,0.55,34.01833333333333,67.95,7.621666666666667,976.5400000000001
2019-11-25 17:00:00,-0.145,35.86333333333334,122.76666666666667,4.386666666666667,976.4066666666666
2019-11-25 18:00:00,-0.4533333333333333,39.79333333333333,171.36666666666667,2.0,976.2216666666667
2019-11-25 19:00:00,-0.9933333333333334,46.026666666666664,166.15,7.258333333333334,976.035
2019-11-25 20:00:00,-1.21,44.49166666666667,146.56666666666666,6.408333333333333,975.89
2019-11-25 21:00:00,-2.0283333333333333,46.025,170.73333333333332,8.225,975.6266666666667
2019-11-25 22:00:00,-3.39,51.03,180.18333333333334,9.173333333333334,975.5300000000001
2019-11-25 23:00:00,-3.85,49.11333333333334,178.18333333333334,9.42,975.5116666666667
2019-11-26 00:00:00,-4.02,47.85666666666667,149.46666666666667,6.678333333333333,975.7766666666666
2019-11-26 01:00:00,-4.3100000000000005,47.405,161.98333333333332,5.468333333333334,975.8333333333334
2019-11-26 02:00:00,-4.428333333333333,42.565000000000005,160.55,13.063333333333333,975.8016666666666
2019-11-26 03:00:00,-3.6633333333333336,46.615,191.81666666666666,5.743333333333334,976.1066666666667
2019-11-26 04:00:00,-4.618333333333334,55.13166666666667,256.8,3.9016666666666664,976.3283333333334
2019-11-26 05:00:00,-4.591666666666667,56.66,257.8333333333333,3.3433333333333333,976.73
2019-11-26 06:00:00,-3.963333333333333,55.123333333333335,223.36666666666667,4.885000000000001,977.0666666666667
2019-11-26 07:00:00,-3.0116666666666663,50.13666666666666,264.7,4.8933333333333335,977.44
2019-11-26 08:00:00,-1.8983333333333334,46.82166666666667,217.18333333333334,4.703333333333333,977.7633333333334
2019-11-26 09:00:00,-1.2883333333333333,44.24333333333333,76.8,7.836666666666667,978.0033333333333
2019-11-26 10:00:00,-0.2833333333333333,45.440000000000005,45.38333333333333,7.586666666666667,978.0733333333334
2019-11-26 11:00:00,-1.0316666666666667,51.965,162.33333333333334,7.003333333333333,978.365
2019-11-26 12:00:00,-1.2049999999999998,53.11833333333333,301.01666666666665,4.87,978.7816666666666
2019-11-26 13:00:00,-1.0266666666666666,51.818333333333335,202.43333333333334,4.943333333333333,979.1116666666666
2019-11-26 14:00:00,-1.5966666666666667,54.05333333333333,164.71666666666667,5.821666666666667,979.3666666666667
2019-11-26 15:00:00,-2.01,56.1,32.516666666666666,6.461666666666667,979.5483333333334
2019-11-26 16:00:00,-2.408333333333333,61.07666666666667,66.91666666666667,5.548333333333333,979.9016666666666
2019-11-26 17:00:00,-3.171666666666667,63.78333333333333,82.98333333333333,4.63,980.3083333333333
2019-11-26 18:00:00,-4.336666666666667,75.46000000000001,332.31666666666666,7.251666666666667,980.8316666666667
2019-11-26 19:00:00,-5.415,80.28333333333333,313.28333333333336,6.125,981.5116666666667
2019-11-26 20:00:00,-6.016666666666667,80.77833333333334,144.25,4.001666666666667,982.0916666666667
2019-11-26 21:00:00,-6.456666666666666,79.43333333333334,46.93333333333333,6.963333333333334,982.6550000000001
2019-11-26 22:00:00,-6.71,78.36833333333334,71.45,7.6433333333333335,983.05
2019-11-26 23:00:00,-6.7,77.49833333333332,99.75,6.243333333333334,983.3283333333333
2019-11-27 00:00:00,-6.783333333333333,76.48666666666666,109.05,6.0183333333333335,983.6866666666666
2019-11-27 01:00:00,-6.875,75.605,108.36666666666666,6.755,983.9866666666666
2019-11-27 02:00:00,-6.905,75.71666666666667,110.23333333333333,5.403333333333333,984.1700000000001
2019-11-27 03:00:00,-6.778333333333333,73.45666666666666,118.7,4.28,984.0883333333334
2019-11-27 04:00:00,-6.693333333333333,71.99499999999999,123.33333333333333,3.7483333333333335,984.0666666666667
2019-11-27 05:00:00,-6.391666666666667,71.05166666666668,180.36666666666667,2.118333333333333,984.1116666666668
2019-11-27 06:00:00,-5.55,69.25666666666666,284.05,3.525,984.0616666666667
2019-11-27 07:00:00,-4.930000000000001,67.795,265.1,4.638333333333334,983.815
2019-11-27 08:00:00,-3.9466666666666663,65.31166666666667,278.93333333333334,4.885000000000001,983.5400000000001
2019-11-27 09:00:00,-3.6199999999999997,63.64833333333333,318.1,8.568333333333333,983.3033333333333
2019-11-27 10:00:00,-3.021666666666667,62.144999999999996,318.25,9.828333333333335,982.9766666666667
2019-11-27 11:00:00,-2.518333333333333,61.75833333333333,314.5,9.631666666666666,982.6016666666667
2019-11-27 12:00:00,-2.8016666666666667,63.86333333333334,318.0833333333333,11.731666666666666,982.3449999999999
2019-11-27 13:00:00,-3.143333333333333,65.02,318.7,11.116666666666667,982.05
2019-11-27 14:00:00,-2.935,65.29666666666667,314.93333333333334,8.356666666666666,981.6966666666667
2019-11-27 15:00:00,-3.1700000000000004,65.845,313.6166666666667,8.088333333333333,981.245
2019-11-27 16:00:00,-3.89,68.36333333333333,271.0833333333333,7.3933333333333335,980.7583333333333
2019-11-27 17:00:00,-4.138333333333333,69.66666666666667,82.28333333333333,4.206666666666667,980.3449999999999
2019-11-27 18:00:00,-4.485,71.68333333333334,44.31666666666667,4.16,980.0433333333333
2019-11-27 19:00:00,-4.953333333333333,74.33833333333334,113.83333333333333,5.066666666666666,979.6683333333333
2019-11-27 20:00:00,-5.375,75.95,98.78333333333333,5.9383333333333335,979.0849999999999
2019-11-27 21:00:00,-5.733333333333333,78.40333333333334,84.5,7.198333333333333,978.73
2019-11-27 22:00:00,-6.5649999999999995,82.51,85.2,6.525,978.3033333333333
2019-11-27 23:00:00,-7.013333333333334,82.58666666666666,81.83333333333333,7.943333333333333,977.9566666666667
2019-11-28 00:00:00,-7.546666666666667,82.29666666666667,80.45,7.63,977.955
2019-11-28 01:00:00,-8.28,81.60833333333333,80.45,7.626666666666667,977.7816666666666
2019-11-28 02:00:00,-8.681666666666667,77.75666666666666,71.36666666666666,8.65,977.685
2019-11-28 03:00:00,-9.141666666666667,79.52333333333333,67.58333333333333,6.433333333333334,977.4466666666667
2019-11-28 04:00:00,-9.311666666666667,83.01666666666667,69.38333333333334,3.0883333333333334,977.3166666666667
2019-11-28 05:00:00,-8.636666666666667,80.67166666666667,164.23333333333332,2.0683333333333334,977.1416666666667
2019-11-28 06:00:00,-7.455,76.30666666666666,228.28333333333333,1.7883333333333333,976.9533333333333
2019-11-28 07:00:00,-6.21,70.39166666666667,268.8,4.9399999999999995,976.6016666666667
2019-11-28 08:00:00,-5.861666666666666,73.07666666666667,260.6333333333333,6.203333333333333,976.1533333333333
2019-11-28 09:00:00,-3.953333333333333,69.16833333333334,292.95,4.716666666666667,975.7283333333332
2019-11-28 10:00:00,-3.183333333333333,66.67,302.25,6.4399999999999995,975.38
2019-11-28 11:00:00,-2.735,66.07166666666667,295.5,7.1,975.005
2019-11-28 12:00:00,-3.2733333333333334,69.86666666666666,270.8333333333333,9.25,974.695
2019-11-28 13:00:00,-5.0233333333333325,74.605,265.5,8.936666666666667,974.4883333333333
2019-11-28 14:00:00,-5.696666666666667,77.05,234.33333333333334,5.715,974.3449999999999
2019-11-28 15:00:00,-6.2283333333333335,80.45333333333333,207.48333333333332,5.608333333333333,974.15
2019-11-28 16:00:00,-6.2283333333333335,79.67833333333333,118.88333333333334,4.045,973.955
2019-11-28 17:00:00,-6.645,81.34833333333333,46.833333333333336,4.191666666666666,973.6333333333333
2019-11-28 18:00:00,-6.376666666666667,79.71166666666666,103.08333333333333,2.978333333333333,973.3483333333334
2019-11-28 19:00:00,-6.61,78.52333333333333,38.06666666666667,3.915,973.1550000000001
2019-11-28 20:00:00,-6.891666666666667,78.07666666666667,66.78333333333333,3.7133333333333334,972.8683333333333
2019-11-28 21:00:00,-6.9383333333333335,79.41833333333334,250.83333333333334,3.881666666666667,972.5133333333334
2019-11-28 22:00:00,-7.256666666666666,82.48333333333333,230.38333333333333,5.488333333333333,972.2966666666666
2019-11-28 23:00:00,-7.558333333333334,83.76166666666667,228.65,4.803333333333333,972.1183333333333
2019-11-29 00:00:00,-7.5633333333333335,83.65666666666667,176.0,2.815,971.92
2019-11-29 01:00:00,-8.176666666666668,84.72333333333333,76.28333333333333,4.878333333333333,971.5916666666667
2019-11-29 02:00:00,-8.756666666666666,84.15333333333334,242.85,4.791666666666667,971.3799999999999
2019-11-29 03:00:00,-9.591666666666667,86.03166666666667,280.0,4.821666666666667,971.1233333333333
2019-11-29 04:00:00,-9.281666666666666,85.14666666666668,288.9166666666667,4.583333333333333,970.5116666666667
2019-11-29 05:00:00,-9.011666666666667,85.44,295.73333333333335,4.433333333333334,970.2416666666667
2019-11-29 06:00:00,-8.278333333333332,84.35,300.65,4.285,970.0733333333334
2019-11-29 07:00:00,-7.5600000000000005,81.25333333333333,250.18333333333334,2.4699999999999998,969.5516666666666
2019-11-29 08:00:00,-7.12,79.97666666666667,267.4,5.866666666666666,969.105
2019-11-29 09:00:00,-6.928333333333333,80.87166666666667,254.11666666666667,6.4783333333333335,968.8866666666667
2019-11-29 10:00:00,-6.698333333333333,81.36833333333334,234.36666666666667,7.133333333333334,968.6416666666667
2019-11-29 11:00:00,-6.658333333333333,81.14333333333335,230.01666666666668,6.406666666666666,968.3783333333333
2019-11-29 12:00:00,-6.821666666666667,82.10166666666667,279.25,5.296666666666667,968.13
2019-11-29 13:00:00,-6.48,81.69,232.01666666666668,4.488333333333333,967.975
2019-11-29 14:00:00,-6.11,80.41499999999999,205.86666666666667,3.9016666666666664,967.81
2019-11-29 15:00:00,-5.895,79.91833333333334,143.85,4.194999999999999,967.65
2019-11-29 16:00:00,-6.183333333333334,81.03333333333333,200.43333333333334,4.251666666666667,967.5783333333334
2019-11-29 17:00:00,-6.568333333333333,82.82333333333332,233.0,5.095,967.515
2019-11-29 18:00:00,-6.77,82.83500000000001,101.36666666666666,3.4866666666666664,967.4983333333333
2019-11-29 19:00:00,-6.828333333333333,83.11166666666666,32.516666666666666,3.455,967.795
2019-11-29 20:00:00,-6.975,83.93333333333334,71.7,2.8516666666666666,968.01
2019-11-29 21:00:00,-6.8933333333333335,83.85666666666665,71.41666666666667,2.7,968.105
2019-11-29 22:00:00,-6.858333333333333,83.735,99.25,2.066666666666667,968.3483333333334
2019-11-29 23:00:00,-6.701666666666667,83.40666666666667,119.21666666666667,1.5599999999999998,968.52
2019-11-30 00:00:00,-6.596666666666667,82.99666666666667,69.2,3.8616666666666664,968.7483333333333
2019-11-30 01:00:00,-7.093333333333334,83.72,31.266666666666666,3.0316666666666667,969.1133333333333
2019-11-30 02:00:00,-7.363333333333333,84.16666666666667,72.15,2.8866666666666663,969.5300000000001
2019-11-30 03:00:00,-7.776666666666667,84.44666666666667,130.85,3.246666666666667,969.9666666666667
2019-11-30 04:00:00,-7.808333333333334,83.95,167.76666666666668,3.7333333333333334,970.4166666666666
2019-11-30 05:00:00,-7.776666666666666,83.13000000000001,199.85,2.1866666666666665,970.8433333333334
2019-11-30 06:00:00,-6.428333333333333,76.89166666666667,197.23333333333332,3.7183333333333333,971.3483333333334
2019-11-30 07:00:00,-5.155,70.58333333333333,76.71666666666667,3.978333333333333,972.045
2019-11-30 08:00:00,-3.81,63.361666666666665,50.31666666666667,4.918333333333334,972.64
2019-11-30 09:00:00,-2.603333333333333,60.235,36.68333333333333,5.15,973.265
2019-11-30 10:00:00,-2.1983333333333333,57.98833333333334,32.71666666666667,6.238333333333333,973.9683333333334
2019-11-30 11:00:00,-1.6383333333333332,56.74666666666667,40.43333333333333,6.546666666666667,974.5516666666666
2019-11-30 12:00:00,-2.5616666666666665,57.85166666666667,98.6,4.998333333333333,975.005
2019-11-30 13:00:00,-1.495,53.64,76.26666666666667,7.5233333333333325,975.4033333333334
2019-11-30 14:00:00,-1.7833333333333334,51.748333333333335,59.43333333333333,8.401666666666667,976.0416666666666
2019-11-30 15:00:00,-2.895,58.37833333333333,29.566666666666666,7.635000000000001,976.4383333333334
2019-11-30 16:00:00,-3.7083333333333335,62.080000000000005,50.05,7.318333333333333,976.9300000000001
2019-11-30 17:00:00,-4.04,60.538333333333334,56.083333333333336,9.943333333333333,977.355
2019-11-30 18:00:00,-4.861666666666666,62.67333333333333,48.36666666666667,9.036666666666667,977.935
2019-11-30 19:00:00,-5.775,67.88666666666667,27.433333333333334,7.5216666666666665,978.7
2019-11-30 20:00:00,-6.003333333333333,65.49333333333333,59.38333333333333,8.311666666666666,979.3716666666667
2019-11-30 21:00:00,-6.075,66.08333333333333,78.35,9.075,979.7633333333334
2019-11-30 22:00:00,-6.266666666666667,63.19166666666667,66.16666666666667,14.45,980.1566666666666
2019-11-30 23:00:00,-6.683333333333334,62.74333333333333,83.26666666666667,14.18,980.5116666666667
2019-12-01 00:00:00,-6.4816666666666665,62.12,91.31666666666666,10.641666666666667,980.92
2019-12-01 01:00:00,-6.151666666666666,60.608333333333334,99.68333333333334,10.26,981.2616666666667
2019-12-01 02:00:00,-5.78,61.44833333333334,106.31666666666666,8.901666666666667,981.4783333333332
2019-12-01 03:00:00,-5.191666666666666,60.72,103.91666666666667,9.125,981.6833333333333
2019-12-01 04:00:00,-4.335,56.705000000000005,102.61666666666666,9.443333333333333,981.8883333333332
2019-12-01 05:00:00,-4.045,57.385,108.85,10.104999999999999,982.0400000000001
2019-12-01 06:00:00,-3.4566666666666666,59.015,96.96666666666667,9.273333333333333,982.4766666666667
2019-12-01 07:00:00,-2.7199999999999998,59.72,97.88333333333334,7.598333333333333,982.8616666666666
2019-12-01 08:00:00,-2.3800000000000003,62.02833333333333,43.71666666666667,7.15,983.4133333333334
2019-12-01 09:00:00,-2.1366666666666663,62.169999999999995,30.15,7.066666666666666,983.9050000000001
2019-12-01 10:00:00,-1.6466666666666667,60.41166666666666,34.8,7.2733333333333325,984.36
2019-12-01 11:00:00,-1.0,57.595,40.266666666666666,7.501666666666667,984.7433333333333
2019-12-01 12:00:00,-0.9866666666666667,58.13166666666667,41.86666666666667,7.173333333333333,984.9033333333333
2019-12-01 13:00:00,-1.195,59.723333333333336,28.7,6.335,985.1766666666667
2019-12-01 14:00:00,-1.1566666666666667,60.59666666666667,30.7,6.4383333333333335,985.43
2019-12-01 15:00:00,-1.375,61.32333333333334,20.683333333333334,6.23,985.6766666666666
2019-12-01 16:00:00,-1.4433333333333331,57.13,42.46666666666667,6.943333333333333,985.8299999999999
2019-12-01 17:00:00,-1.8599999999999999,57.04,31.0,6.536666666666666,986.0433333333333
2019-12-01 18:00:00,-2.43,57.70666666666667,24.616666666666667,5.59,986.3433333333334
2019-12-01 19:00:00,-2.895,57.44666666666667,28.666666666666668,4.763333333333334,986.615
2019-12-01 20:00:00,-3.2666666666666666,58.973333333333336,32.916666666666664,3.01,986.8616666666666
2019-12-01 21:00:00,-3.475,59.74666666666667,71.81666666666666,2.5633333333333335,987.05
2019-12-01 22:00:00,-3.703333333333333,64.32166666666667,246.36666666666667,2.4266666666666667,987.1650000000001
2019-12-01 23:00:00,-4.418333333333334,70.62166666666667,295.53333333333336,3.381666666666667,987.2083333333334
2019-12-02 00:00:00,-5.22,76.34833333333333,280.3666666666667,3.2800000000000002,987.3683333333333
2019-12-02 01:00:00,-5.403333333333333,76.48666666666666,251.4,2.6133333333333337,987.375
2019-12-02 02:00:00,-5.776666666666667,75.72833333333332,63.45,2.765,987.205
2019-12-02 03:00:00,-6.123333333333333,75.76333333333334,96.28333333333333,1.8299999999999998,987.1283333333334
2019-12-02 04:00:00,-5.996666666666667,75.15,77.91666666666667,4.42,987.3349999999999
2019-12-02 05:00:00,-6.3533333333333335,78.015,118.83333333333333,4.355,987.73
2019-12-02 06:00:00,-5.046666666666667,68.89,124.9,8.568333333333333,987.5083333333333
2019-12-02 07:00:00,-4.515,67.63333333333334,76.05,12.766666666666667,987.255
2019-12-02 08:00:00,-4.805000000000001,69.58166666666666,64.88333333333334,13.120000000000001,987.6800000000001
2019-12-02 09:00:00,-4.086666666666667,66.71666666666667,72.3,7.371666666666667,988.25
2019-12-02 10:00:00,-3.0983333333333336,65.03333333333333,93.76666666666667,5.0,988.2983333333333
2019-12-02 11:00:00,-2.0516666666666667,57.04,65.58333333333333,6.621666666666667,988.1933333333333
2019-12-02 12:00:00,-2.7233333333333336,58.91833333333333,152.28333333333333,5.033333333333333,988.1066666666667
2019-12-02 13:00:00,-2.506666666666667,58.515,158.13333333333333,3.425,987.8683333333333
2019-12-02 14:00:00,-1.1983333333333335,55.919999999999995,180.63333333333333,3.7483333333333335,987.6633333333334
2019-12-02 15:00:00,-1.0416666666666667,56.25,286.4,6.291666666666667,987.4316666666667
2019-12-02 16:00:00,-1.7733333333333332,59.225,286.96666666666664,5.8149999999999995,987.3016666666666
2019-12-02 17:00:00,-2.0933333333333333,62.93333333333333,223.03333333333333,6.930000000000001,987.075
2019-12-02 18:00:00,-2.455,66.09666666666666,310.51666666666665,5.513333333333334,987.1783333333334
2019-12-02 19:00:00,-2.8866666666666663,69.64833333333333,318.15,5.456666666666666,987.4716666666666
2019-12-02 20:00:00,-3.115,70.23333333333333,321.8,4.918333333333334,988.0883333333334
2019-12-02 21:00:00,-3.1599999999999997,70.24666666666667,307.65,3.091666666666667,988.4133333333334
2019-12-02 22:00:00,-3.2383333333333337,71.94333333333334,263.9166666666667,3.81,988.8983333333333
2019-12-02 23:00:00,-3.981666666666667,77.37833333333333,257.53333333333336,5.321666666666667,989.3666666666667
2019-12-03 00:00:00,-4.27,73.76833333333335,312.6166666666667,3.256666666666667,989.6450000000001
2019-12-03 01:00:00,-3.9799999999999995,72.35333333333332,216.66666666666666,1.3166666666666667,989.9216666666666
2019-12-03 02:00:00,-3.783333333333333,73.76333333333334,132.2,2.4366666666666665,990.175
2019-12-03 03:00:00,-3.7016666666666667,72.61999999999999,259.68333333333334,2.325,990.4783333333332
2019-12-03 04:00:00,-3.316666666666667,71.02333333333333,188.93333333333334,1.375,990.7583333333333
2019-12-03 05:00:00,-2.9466666666666668,67.4,212.21666666666667,2.615,991.115
2019-12-03 06:00:00,-2.9983333333333335,69.095,143.71666666666667,3.2233333333333336,991.4083333333333
2019-12-03 07:00:00,-2.5016666666666665,67.62333333333333,141.63333333333333,5.681666666666667,991.4433333333333
2019-12-03 08:00:00,-1.8283333333333334,67.075,130.81666666666666,5.996666666666667,991.535
2019-12-03 09:00:00,-1.3733333333333335,67.05833333333334,143.2,5.2266666666666675,991.635
2019-12-03 10:00:00,0.35333333333333333,60.05833333333333,57.03333333333333,5.6850000000000005,991.7116666666666
2019-12-03 11:00:00,1.1333333333333333,55.20666666666667,117.95,5.661666666666666,991.8233333333334
2019-12-03 12:00:00,1.5183333333333333,54.34,260.05,5.073333333333333,991.8233333333333
2019-12-03 13:00:00,1.5683333333333331,55.01,248.81666666666666,5.036666666666666,991.59
2019-12-03 14:00:00,1.2366666666666668,57.598333333333336,285.28333333333336,6.055000000000001,991.265
2019-12-03 15:00:00,0.7116666666666666,60.76166666666666,293.2,5.319999999999999,990.9633333333334
2019-12-03 16:00:00,0.06166666666666667,62.87166666666667,275.4,5.766666666666667,990.6166666666667
2019-12-03 17:00:00,-0.48666666666666664,66.61,286.48333333333335,5.8100000000000005,990.4933333333333
2019-12-03 18:00:00,-0.75,66.77,213.36666666666667,4.783333333333333,990.27
2019-12-03 19:00:00,-0.9233333333333333,66.825,258.03333333333336,3.05,990.0066666666667
2019-12-03 20:00:00,-1.2016666666666667,70.05333333333333,189.78333333333333,2.8033333333333332,989.7883333333333
2019-12-03 21:00:00,-0.745,69.24,76.05,3.566666666666667,989.2166666666667
2019-12-03 22:00:00,-0.9633333333333333,70.125,111.6,3.185,989.1683333333334
2019-12-03 23:00:00,-0.7733333333333333,57.544999999999995,142.26666666666668,12.8,988.8183333333333
2019-12-04 00:00:00,-0.8366666666666667,51.394999999999996,147.8,15.673333333333334,988.3016666666666
2019-12-04 01:00:00,-0.6716666666666666,48.108333333333334,153.01666666666668,15.05,987.925
2019-12-04 02:00:00,-0.6433333333333333,45.968333333333334,145.6,17.396666666666665,987.4216666666667
2019-12-04 03:00:00,-0.6533333333333334,45.54,150.71666666666667,20.815,986.9433333333333
2019-12-04 04:00:00,-0.38833333333333336,45.97,143.73333333333332,20.108333333333334,986.7983333333334
2019-12-04 05:00:00,0.7333333333333333,44.513333333333335,116.21666666666667,15.706666666666667,986.9166666666666
2019-12-04 06:00:00,1.0916666666666666,46.544999999999995,107.96666666666667,16.76,987.0383333333334
2019-12-04 07:00:00,1.725,43.01833333333333,101.53333333333333,17.621666666666666,987.0683333333333
2019-12-04 08:00:00,2.1083333333333334,40.70166666666667,99.18333333333334,18.826666666666664,987.09
2019-12-04 09:00:00,2.256666666666667,40.291666666666664,98.55,19.225,987.2116666666667
2019-12-04 10:00:00,2.533333333333333,41.22833333333333,95.63333333333334,18.205,987.1600000000001
2019-12-04 11:00:00,2.8266666666666667,40.975,88.08333333333333,19.248333333333335,987.02
2019-12-04 12:00:00,2.835,41.888333333333335,86.91666666666667,20.66166666666667,986.8983333333333
2019-12-04 13:00:00,2.3866666666666663,45.84166666666667,82.88333333333334,20.321666666666665,986.7033333333334
2019-12-04 14:00:00,2.0533333333333332,49.695,83.86666666666666,18.038333333333334,986.42
2019-12-04 15:00:00,1.845,52.335,81.13333333333334,17.583333333333332,986.2166666666667
2019-12-04 16:00:00,1.5266666666666666,54.69166666666667,78.26666666666667,17.398333333333333,986.1949999999999
2019-12-04 17:00:00,0.8166666666666667,63.26833333333333,59.21666666666667,11.778333333333334,986.5833333333334
2019-12-04 18:00:00,0.20833333333333334,65.80333333333333,62.63333333333333,10.098333333333333,986.86
2019-12-04 19:00:00,0.1716666666666667,61.60333333333333,81.15,11.346666666666666,987.105
2019-12-04 20:00:00,-0.9116666666666667,68.85666666666665,37.25,5.680000000000001,987.2433333333333
2019-12-04 21:00:00,-0.43,60.656666666666666,100.5,9.620000000000001,987.1700000000001
2019-12-04 22:00:00,-0.8316666666666667,58.891666666666666,106.95,8.995000000000001,987.3633333333332
2019-12-04 23:00:00,-1.1366666666666667,57.473333333333336,107.31666666666666,11.213333333333333,987.4866666666666
2019-12-05 00:00:00,-1.3783333333333334,56.376666666666665,109.46666666666667,12.283333333333333,987.4666666666667
2019-12-05 01:00:00,-1.5166666666666666,56.513333333333335,110.61666666666666,12.581666666666667,987.405
2019-12-05 02:00:00,-1.3933333333333333,57.123333333333335,103.01666666666667,12.54,987.5
2019-12-05 03:00:00,-1.95,56.608333333333334,102.75,11.553333333333335,987.475
2019-12-05 04:00:00,-1.6783333333333335,56.33833333333334,102.61666666666666,16.315,987.5116666666667
2019-12-05 05:00:00,-1.1983333333333335,56.8,107.78333333333333,13.951666666666666,987.7783333333333
2019-12-05 06:00:00,-0.5333333333333333,58.09666666666667,103.26666666666667,14.903333333333334,987.7833333333333
2019-12-05 07:00:00,0.11000000000000001,56.585,94.23333333333333,16.053333333333335,988.23
2019-12-05 08:00:00,0.85,55.22833333333333,92.46666666666667,18.945,988.1516666666666
2019-12-05 09:00:00,0.9983333333333333,55.625,82.95,20.653333333333332,988.425
2019-12-05 10:00:00,0.6833333333333333,60.09166666666667,80.11666666666666,17.508333333333333,988.6
2019-12-05 11:00:00,1.34,56.86,79.4,17.146666666666665,988.3083333333333
2019-12-05 12:00:00,2.105,53.06333333333334,79.98333333333333,17.625,987.7033333333333
2019-12-05 13:00:00,2.3383333333333334,53.431666666666665,82.5,17.198333333333334,987.1366666666667
2019-12-05 14:00:00,2.256666666666667,55.218333333333334,78.28333333333333,15.479999999999999,986.7483333333333
2019-12-05 15:00:00,2.2866666666666666,56.82333333333334,74.21666666666667,16.483333333333334,986.58
2019-12-05 16:00:00,1.7333333333333334,58.765,78.71666666666667,15.268333333333334,986.6266666666667
2019-12-05 17:00:00,1.595,58.13166666666667,82.05,17.581666666666667,986.6266666666667
2019-12-05 18:00:00,1.4866666666666668,58.151666666666664,89.03333333333333,16.015,986.5583333333333
2019-12-05 19:00:00,0.9866666666666666,58.955000000000005,98.4,14.691666666666666,986.4466666666667
2019-12-05 20:00:00,0.28,62.19166666666667,108.68333333333334,12.628333333333334,986.34
2019-12-05 21:00:00,0.3716666666666667,60.84166666666667,111.78333333333333,11.638333333333332,986.0583333333333
2019-12-05 22:00:00,0.4116666666666667,61.62166666666667,108.68333333333334,10.093333333333334,985.7683333333333
2019-12-05 23:00:00,0.7183333333333334,58.44833333333334,115.25,13.706666666666667,985.1666666666666
2019-12-06 00:00:00,0.7516666666666667,59.165,114.03333333333333,13.271666666666667,984.8533333333332
2019-12-06 01:00:00,0.49333333333333335,61.27333333333333,107.68333333333334,13.911666666666667,984.3483333333334
2019-12-06 02:00:00,0.25666666666666665,64.38000000000001,109.93333333333334,13.75,984.1550000000001
2019-12-06 03:00:00,0.13333333333333333,66.78166666666667,104.5,13.551666666666668,984.0666666666667
2019-12-06 04:00:00,0.2916666666666667,65.815,108.55,12.871666666666666,983.785
2019-12-06 05:00:00,0.6549999999999999,63.71,103.73333333333333,13.378333333333334,983.7183333333334
2019-12-06 06:00:00,0.7783333333333334,64.985,106.48333333333333,15.571666666666665,983.55
2019-12-06 07:00:00,1.0616666666666668,64.89333333333333,106.76666666666667,14.128333333333334,983.3866666666667
2019-12-06 08:00:00,1.5616666666666668,61.041666666666664,95.91666666666667,20.323333333333334,982.9266666666666
2019-12-06 09:00:00,1.4666666666666666,62.56166666666666,101.25,19.131666666666668,982.7616666666667
2019-12-06 10:00:00,1.8900000000000001,62.555,100.16666666666667,20.573333333333334,982.6666666666666
2019-12-06 11:00:00,1.4483333333333335,70.16499999999999,102.21666666666667,21.09333333333333,982.5666666666667
2019-12-06 12:00:00,1.4816666666666667,69.64666666666668,95.55,22.751666666666665,982.4933333333333
2019-12-06 13:00:00,1.93,66.45,90.71666666666667,21.53666666666667,982.2233333333334
2019-12-06 14:00:00,1.4333333333333333,73.94666666666667,86.91666666666667,22.688333333333333,982.285
2019-12-06 15:00:00,1.2416666666666667,72.81166666666667,90.28333333333333,19.956666666666667,982.41
2019-12-06 16:00:00,1.1433333333333333,78.14333333333335,89.06666666666666,18.245,982.305
2019-12-06 17:00:00,0.7066666666666667,76.655,97.3,23.216666666666665,982.5366666666666
2019-12-06 18:00:00,0.5016666666666666,72.305,104.75,21.63,982.8016666666666
2019-12-06 19:00:00,0.8066666666666666,70.87166666666667,109.08333333333333,17.279999999999998,983.0266666666666
2019-12-06 20:00:00,1.3916666666666666,69.845,107.81666666666666,16.596666666666668,982.8333333333334
2019-12-06 21:00:00,2.0,63.05166666666666,108.45,17.0,982.8516666666667
2019-12-06 22:00:00,2.7233333333333336,58.3,116.41666666666667,17.245,982.4566666666667
2019-12-06 23:00:00,3.006666666666667,59.92333333333333,114.13333333333334,16.816666666666666,982.2016666666666
2019-12-07 00:00:00,2.555,63.89333333333333,104.35,14.805,982.36
2019-12-07 01:00:00,2.3833333333333333,63.78333333333333,101.55,12.463333333333333,982.5033333333333
2019-12-07 02:00:00,1.9016666666666666,65.475,88.01666666666667,12.646666666666667,983.0583333333333
2019-12-07 03:00:00,0.9766666666666667,59.115,109.68333333333334,13.21,983.5566666666667
2019-12-07 04:00:00,1.0233333333333332,57.97166666666667,108.58333333333333,10.743333333333334,984.075
2019-12-07 05:00:00,1.6816666666666669,57.13333333333333,97.16666666666667,12.655,984.3266666666666
2019-12-07 06:00:00,2.3983333333333334,58.913333333333334,82.65,9.51,984.3366666666666
2019-12-07 07:00:00,3.643333333333333,58.51166666666666,102.33333333333333,12.246666666666666,984.2416666666667
2019-12-07 08:00:00,4.233333333333333,54.809999999999995,109.6,15.823333333333332,984.4133333333333
2019-12-07 09:00:00,4.705,51.9,109.46666666666667,15.205,984.5716666666667
2019-12-07 10:00:00,5.1,50.598333333333336,97.1,15.856666666666666,984.6416666666667
2019-12-07 11:00:00,5.343333333333334,49.72166666666667,103.26666666666667,14.955,984.6716666666667
2019-12-07 12:00:00,5.3566666666666665,50.07333333333334,99.36666666666666,15.208333333333334,984.7099999999999
2019-12-07 13:00:00,5.364999999999999,49.37833333333333,99.43333333333334,14.868333333333334,984.72
2019-12-07 14:00:00,5.2283333333333335,52.35333333333333,111.11666666666666,10.666666666666666,984.5866666666667
2019-12-07 15:00:00,5.1,52.60333333333333,105.46666666666667,11.03,984.6233333333333
2019-12-07 16:00:00,4.694999999999999,53.68666666666666,112.41666666666667,10.306666666666667,984.545
2019-12-07 17:00:00,4.5616666666666665,54.413333333333334,100.26666666666667,10.998333333333333,984.475
2019-12-07 18:00:00,4.131666666666667,54.32666666666667,104.6,12.541666666666666,984.55
2019-12-07 19:00:00,3.6333333333333333,56.656666666666666,109.83333333333333,9.885,984.5400000000001
2019-12-07 20:00:00,3.1666666666666665,59.285,98.1,9.21,984.43
2019-12-07 21:00:00,2.896666666666667,59.663333333333334,75.63333333333334,9.475,984.395
2019-12-07 22:00:00,2.26,64.65333333333334,111.18333333333334,7.673333333333333,984.4316666666667
2019-12-07 23:00:00,2.0883333333333334,64.75166666666667,96.55,7.151666666666667,984.4216666666666
2019-12-08 00:00:00,2.0466666666666664,63.54833333333333,76.28333333333333,7.081666666666666,984.3016666666666
2019-12-08 01:00:00,1.8566666666666667,67.35333333333332,110.25,2.753333333333333,984.4383333333333
2019-12-08 02:00:00,2.396666666666667,57.84166666666667,88.53333333333333,11.72,984.4833333333333
2019-12-08 03:00:00,2.355,57.52333333333333,91.15,10.748333333333333,984.63
2019-12-08 04:00:00,2.31,60.94833333333334,77.85,10.371666666666666,984.985
2019-12-08 05:00:00,2.2233333333333336,58.09,70.35,10.653333333333334,985.2516666666667
2019-12-08 06:00:00,2.935,51.47166666666667,82.76666666666667,13.16,985.3816666666667
2019-12-08 07:00:00,3.7550000000000003,44.04333333333333,100.56666666666666,15.94,985.3266666666666
2019-12-08 08:00:00,3.8033333333333332,41.580000000000005,96.98333333333333,18.865000000000002,985.2466666666667
2019-12-08 09:00:00,4.083333333333333,41.62833333333333,92.16666666666667,18.688333333333333,985.215
2019-12-08 10:00:00,4.798333333333333,40.74666666666667,79.36666666666666,18.265,985.2166666666667
2019-12-08 11:00:00,4.614999999999999,42.291666666666664,78.08333333333333,19.595000000000002,985.065
2019-12-08 12:00:00,4.283333333333333,42.88166666666667,80.41666666666667,19.948333333333334,984.965
2019-12-08 13:00:00,4.191666666666666,44.02166666666667,81.98333333333333,19.6,984.7666666666667
2019-12-08 14:00:00,4.35,45.35666666666667,80.56666666666666,19.226666666666667,984.5533333333333
2019-12-08 15:00:00,3.94,50.266666666666666,76.11666666666666,16.328333333333333,984.4333333333333
2019-12-08 16:00:00,3.1666666666666665,53.526666666666664,74.16666666666667,15.92,984.43
2019-12-08 17:00:00,2.9883333333333337,54.30166666666666,89.25,14.146666666666667,984.2533333333333
2019-12-08 18:00:00,2.9316666666666666,55.32666666666667,100.45,13.979999999999999,984.0066666666667
2019-12-08 19:00:00,2.6550000000000002,57.305,89.18333333333334,15.653333333333334,984.0483333333334
2019-12-08 20:00:00,2.1700000000000004,60.485,90.51666666666667,13.706666666666667,984.1266666666667
2019-12-08 21:00:00,1.8566666666666665,61.33833333333334,97.33333333333333,14.273333333333333,984.2683333333333
2019-12-08 22:00:00,1.605,61.98166666666667,97.5,14.391666666666667,984.4283333333333
2019-12-08 23:00:00,1.2650000000000001,63.91833333333333,103.88333333333334,14.648333333333333,984.6383333333334
2019-12-09 00:00:00,0.9816666666666667,63.51833333333333,100.95,15.696666666666665,984.8116666666666
2019-12-09 01:00:00,0.98,62.875,97.23333333333333,16.105,985.0416666666666
2019-12-09 02:00:00,0.9766666666666667,60.684999999999995,99.6,17.44333333333333,985.2066666666667
2019-12-09 03:00:00,0.7766666666666667,59.294999999999995,102.38333333333334,18.436666666666667,985.2583333333333
2019-12-09 04:00:00,0.48166666666666663,56.651666666666664,106.43333333333334,20.811666666666667,985.0816666666667
2019-12-09 05:00:00,0.25333333333333335,54.105000000000004,109.2,21.703333333333333,985.135
2019-12-09 06:00:00,0.2,52.81333333333334,107.73333333333333,21.936666666666667,985.4016666666666
2019-12-09 07:00:00,0.12000000000000001,53.82,108.05,20.396666666666665,985.5983333333334
2019-12-09 08:00:00,0.23833333333333334,53.42666666666666,108.98333333333333,21.21333333333333,985.7833333333333
2019-12-09 09:00:00,0.36500000000000005,53.03333333333333,110.43333333333334,20.403333333333332,985.9150000000001
2019-12-09 10:00:00,0.46166666666666667,52.58833333333334,108.75,20.378333333333334,985.8833333333333
2019-12-09 11:00:00,0.5916666666666667,51.00333333333333,107.75,22.298333333333336,985.7333333333333
2019-12-09 12:00:00,1.0550000000000002,50.25333333333333,104.93333333333334,21.766666666666666,985.74
2019-12-09 13:00:00,1.2066666666666668,50.23166666666667,101.6,20.93,985.9233333333334
2019-12-09 14:00:00,1.4349999999999998,51.443333333333335,100.25,20.759999999999998,985.8933333333333
2019-12-09 15:00:00,1.5466666666666666,52.38333333333333,98.48333333333333,20.003333333333334,985.7116666666666
2019-12-09 16:00:00,1.5166666666666666,52.78,95.75,20.540000000000003,985.6033333333334
2019-12-09 17:00:00,1.3883333333333332,54.04333333333333,99.9,19.503333333333334,985.6366666666668
2019-12-09 18:00:00,1.3966666666666667,52.513333333333335,101.73333333333333,21.134999999999998,985.4433333333333
2019-12-09 19:00:00,1.0783333333333334,55.76166666666666,107.36666666666666,19.91,985.4416666666667
2019-12-09 20:00:00,0.9583333333333334,57.001666666666665,103.06666666666666,16.888333333333335,985.5683333333333
2019-12-09 21:00:00,0.8633333333333334,55.669999999999995,102.53333333333333,16.375,985.5016666666667
2019-12-09 22:00:00,0.9083333333333333,53.26166666666666,102.56666666666666,18.023333333333333,985.505
2019-12-09 23:00:00,0.9216666666666667,51.833333333333336,104.4,17.87,985.6816666666667
2019-12-10 00:00:00,0.7166666666666667,54.27333333333333,108.41666666666667,16.805,985.6883333333334
2019-12-10 01:00:00,0.8866666666666667,51.49666666666667,105.43333333333334,17.18,985.52
2019-12-10 02:00:00,1.1733333333333333,47.93333333333333,107.1,18.388333333333332,985.1700000000001
2019-12-10 03:00:00,1.2883333333333333,43.91166666666666,110.18333333333334,19.783333333333335,984.8833333333333
2019-12-10 04:00:00,1.5450000000000002,39.29666666666667,113.15,21.59333333333333,984.5983333333334
2019-12-10 05:00:00,1.8616666666666668,37.468333333333334,111.26666666666667,21.71833333333333,984.8366666666666
2019-12-10 06:00:00,1.9866666666666668,35.68833333333334,106.33333333333333,22.245,985.285
2019-12-10 07:00:00,2.2550000000000003,35.56333333333334,100.63333333333334,21.001666666666665,985.5849999999999
2019-12-10 08:00:00,2.9099999999999997,35.82,96.06666666666666,21.486666666666668,985.6333333333333
2019-12-10 09:00:00,3.36,35.14666666666667,94.98333333333333,22.511666666666667,985.4616666666666
2019-12-10 10:00:00,3.6566666666666667,36.82666666666667,94.91666666666667,22.71833333333333,984.8916666666667
2019-12-10 11:00:00,4.016666666666667,37.46,96.31666666666666,23.916666666666668,984.5616666666667
2019-12-10 12:00:00,3.9566666666666666,38.108333333333334,95.23333333333333,25.195,984.3883333333332
2019-12-10 13:00:00,4.225,37.05,88.73333333333333,26.08833333333333,984.2516666666667
2019-12-10 14:00:00,4.126666666666667,37.74,89.35,26.245,983.925
2019-12-10 15:00:00,3.975,36.175,89.55,27.361666666666668,983.55
2019-12-10 16:00:00,3.881666666666667,40.111666666666665,101.65,22.32,983.3933333333333
2019-12-10 17:00:00,3.4716666666666667,43.71333333333334,105.86666666666666,19.535,983.2900000000001
2019-12-10 18:00:00,3.0083333333333333,47.309999999999995,105.83333333333333,16.733333333333334,983.3883333333332
2019-12-10 19:00:00,2.5133333333333336,49.50833333333333,106.83333333333333,15.586666666666668,983.465
2019-12-10 20:00:00,2.2116666666666664,47.693333333333335,110.88333333333334,14.201666666666666,983.515
2019-12-10 21:00:00,1.8133333333333332,46.94833333333334,118.65,12.228333333333333,983.5216666666668
2019-12-10 22:00:00,1.2766666666666666,48.54666666666667,106.35,12.473333333333333,983.4300000000001
2019-12-10 23:00:00,1.6916666666666667,40.055,115.56666666666666,15.71,983.0066666666667
2019-12-11 00:00:00,1.57,37.755,119.13333333333334,16.363333333333333,982.7933333333333
2019-12-11 01:00:00,1.7783333333333333,35.86,119.76666666666667,15.91,982.8066666666667
2019-12-11 02:00:00,1.7866666666666666,37.598333333333336,97.26666666666667,14.243333333333334,982.9333333333333
2019-12-11 03:00:00,1.9616666666666667,38.91166666666666,88.23333333333333,14.261666666666667,982.9083333333333
2019-12-11 04:00:00,2.4066666666666667,36.644999999999996,107.66666666666667,14.516666666666667,982.5966666666667
2019-12-11 05:00:00,2.993333333333333,34.86,103.38333333333334,14.986666666666668,982.4216666666666
2019-12-11 06:00:00,3.5433333333333334,34.10666666666666,110.58333333333333,15.131666666666666,982.2316666666667
2019-12-11 07:00:00,3.2550000000000003,41.791666666666664,107.21666666666667,15.058333333333334,982.5550000000001
2019-12-11 08:00:00,3.3183333333333334,38.24166666666667,106.15,17.970000000000002,982.7183333333334
2019-12-11 09:00:00,3.415,34.431666666666665,104.21666666666667,18.373333333333335,982.8166666666667
2019-12-11 10:00:00,3.545,34.836666666666666,101.38333333333334,19.918333333333333,982.6716666666667
2019-12-11 11:00:00,3.32,35.531666666666666,97.8,21.933333333333334,982.6233333333333
2019-12-11 12:00:00,3.6233333333333335,35.87833333333333,84.65,21.428333333333335,982.595
2019-12-11 13:00:00,3.7383333333333337,36.63666666666666,82.51666666666667,20.258333333333333,982.5166666666667
2019-12-11 14:00:00,3.6616666666666666,37.583333333333336,84.45,18.983333333333334,982.2483333333333
2019-12-11 15:00:00,3.3583333333333334,38.03,89.66666666666667,18.948333333333334,981.8583333333333
2019-12-11 16:00:00,3.0300000000000002,41.501666666666665,98.91666666666667,17.720000000000002,981.4699999999999
2019-12-11 17:00:00,2.658333333333333,44.61333333333334,102.68333333333334,15.856666666666666,981.0866666666666
2019-12-11 18:00:00,2.07,47.626666666666665,109.48333333333333,14.808333333333334,980.795
2019-12-11 19:00:00,1.5766666666666669,49.57166666666667,110.45,13.103333333333333,980.6016666666667
2019-12-11 20:00:00,1.49,45.001666666666665,118.45,15.19,980.1983333333334
2019-12-11 21:00:00,1.2183333333333333,43.24666666666666,118.13333333333334,15.055,979.965
2019-12-11 22:00:00,0.6466666666666666,46.30166666666666,108.63333333333334,13.688333333333333,979.65
2019-12-11 23:00:00,0.5183333333333333,44.958333333333336,109.03333333333333,13.58,979.2516666666667
2019-12-12 00:00:00,1.0183333333333333,39.830000000000005,126.05,19.83,978.7616666666667
2019-12-12 01:00:00,1.3433333333333333,37.43333333333333,125.7,19.368333333333332,978.44
2019-12-12 02:00:00,0.8766666666666667,37.669999999999995,142.98333333333332,21.346666666666668,977.8833333333333
2019-12-12 03:00:00,0.4716666666666667,38.82166666666667,147.35,24.59333333333333,977.285
2019-12-12 04:00:00,1.4733333333333334,35.07833333333333,131.73333333333332,20.59,977.1466666666668
2019-12-12 05:00:00,1.6866666666666668,34.82333333333334,126.35,20.925,976.975
2019-12-12 06:00:00,2.27,32.541666666666664,124.41666666666667,19.278333333333332,976.7683333333333
2019-12-12 07:00:00,2.23,36.60166666666667,113.83333333333333,16.85,976.9933333333333
2019-12-12 08:00:00,2.2616666666666663,34.79,110.23333333333333,19.035,976.88
2019-12-12 09:00:00,2.716666666666667,33.17,102.41666666666667,20.4,976.6483333333333
2019-12-12 10:00:00,2.98,32.89333333333333,95.13333333333334,20.166666666666668,976.38
2019-12-12 11:00:00,3.64,32.906666666666666,79.63333333333334,18.553333333333335,975.825
2019-12-12 12:00:00,4.63,34.10166666666667,74.88333333333334,17.238333333333333,974.8283333333334
2019-12-12 13:00:00,4.931666666666667,35.526666666666664,75.63333333333334,17.46333333333333,974.385
2019-12-12 14:00:00,4.113333333333333,37.36333333333334,92.43333333333334,17.833333333333332,973.865
2019-12-12 15:00:00,3.966666666666667,41.475,92.8,17.503333333333334,973.3916666666667
2019-12-12 16:00:00,3.646666666666667,39.62166666666667,96.28333333333333,18.44,973.2416666666667
2019-12-12 17:00:00,2.9183333333333334,45.41,99.63333333333334,15.581666666666667,973.1683333333333
2019-12-12 18:00:00,2.3216666666666668,55.30833333333333,111.0,10.676666666666668,972.9733333333334
2019-12-12 19:00:00,2.0633333333333335,56.87,108.38333333333334,10.581666666666667,973.1633333333334
2019-12-12 20:00:00,1.7783333333333333,52.45166666666667,101.71666666666667,10.773333333333333,973.5166666666667
2019-12-12 21:00:00,1.6966666666666665,47.77833333333333,93.26666666666667,11.976666666666667,973.5866666666667
2019-12-12 22:00:00,0.975,48.47,74.26666666666667,10.705,973.92
2019-12-12 23:00:00,0.24666666666666667,51.776666666666664,84.63333333333334,7.973333333333333,974.0966666666667
2019-12-13 00:00:00,-1.0216666666666667,57.73833333333334,136.6,4.45,974.195
2019-12-13 01:00:00,-2.64,69.01666666666667,261.7,5.47,974.3866666666667
2019-12-13 02:00:00,-3.5433333333333334,67.26333333333334,282.03333333333336,7.348333333333333,974.5266666666666
2019-12-13 03:00:00,-3.9516666666666667,67.36833333333333,275.96666666666664,7.916666666666667,974.69
2019-12-13 04:00:00,-4.128333333333333,68.815,280.8,7.02,974.7933333333333
2019-12-13 05:00:00,-3.643333333333333,68.225,281.1,7.0233333333333325,974.9983333333333
2019-12-13 06:00:00,-2.8033333333333337,66.39,290.55,7.318333333333333,975.2616666666667
2019-12-13 07:00:00,-2.3333333333333335,66.27666666666667,307.55,8.983333333333333,975.6016666666667
2019-12-13 08:00:00,-2.0100000000000002,65.62833333333333,292.0833333333333,7.753333333333333,976.0816666666667
2019-12-13 09:00:00,-1.215,63.725,283.9166666666667,7.956666666666666,976.2083333333334
2019-12-13 10:00:00,-0.10333333333333333,59.718333333333334,282.1666666666667,7.503333333333333,976.2166666666667
2019-12-13 11:00:00,0.5466666666666666,57.325,282.0,6.923333333333333,976.1466666666668
2019-12-13 12:00:00,-0.075,62.501666666666665,239.58333333333334,4.591666666666667,976.0400000000001
2019-12-13 13:00:00,1.6416666666666666,56.19833333333334,277.78333333333336,4.241666666666666,976.045
2019-12-13 14:00:00,2.1683333333333334,47.97666666666667,136.85,4.38,976.2033333333334
2019-12-13 15:00:00,1.1083333333333334,51.39833333333333,148.85,5.9383333333333335,976.1883333333334
2019-12-13 16:00:00,1.7783333333333333,45.416666666666664,134.31666666666666,7.33,976.0849999999999
2019-12-13 17:00:00,2.1666666666666665,43.68333333333333,112.15,7.168333333333334,976.2183333333334
2019-12-13 18:00:00,1.6966666666666665,46.651666666666664,140.36666666666667,6.39,976.6166666666667
2019-12-13 19:00:00,1.7266666666666666,47.30833333333333,131.26666666666668,7.705,977.0083333333333
2019-12-13 20:00:00,1.45,49.25333333333333,150.01666666666668,8.816666666666666,977.2433333333333
2019-12-13 21:00:00,1.1316666666666668,46.82833333333333,165.28333333333333,10.523333333333333,977.3
2019-12-13 22:00:00,0.7116666666666667,47.82333333333334,168.81666666666666,9.966666666666667,977.3633333333333
2019-12-13 23:00:00,0.08833333333333333,49.79,174.33333333333334,10.55,977.7033333333333
2019-12-14 00:00:00,-0.24166666666666667,48.431666666666665,174.51666666666668,10.721666666666666,977.8149999999999
2019-12-14 01:00:00,-1.0016666666666667,49.483333333333334,173.25,12.715,977.8299999999999
2019-12-14 02:00:00,-0.43333333333333335,46.166666666666664,170.51666666666668,13.086666666666668,978.08
2019-12-14 03:00:00,-0.08,38.68666666666666,161.0,17.351666666666667,978.1616666666666
2019-12-14 04:00:00,0.3766666666666667,38.46,154.36666666666667,22.673333333333336,977.9666666666667
2019-12-14 05:00:00,0.7566666666666666,37.46,152.91666666666666,25.073333333333334,978.3333333333334
2019-12-14 06:00:00,1.29,39.845,157.61666666666667,21.11,978.7616666666667
2019-12-14 07:00:00,1.73,40.861666666666665,155.21666666666667,19.555,979.0216666666668
2019-12-14 08:00:00,2.4650000000000003,42.585,146.58333333333334,15.885,979.4583333333334
2019-12-14 09:00:00,3.378333333333333,40.90833333333333,134.96666666666667,11.631666666666666,979.8199999999999
2019-12-14 10:00:00,4.58,35.025,84.05,10.218333333333334,980.1583333333333
2019-12-14 11:00:00,5.548333333333333,31.73166666666667,69.85,10.06,980.1933333333333
2019-12-14 12:00:00,6.045,28.92,81.08333333333333,6.260000000000001,980.0433333333333
2019-12-14 13:00:00,5.413333333333333,29.011666666666667,296.8,7.825,979.7983333333334
2019-12-14 14:00:00,5.136666666666667,29.683333333333334,289.26666666666665,5.328333333333333,979.5383333333334
2019-12-14 15:00:00,4.713333333333334,34.67166666666667,229.36666666666667,4.908333333333333,979.205
2019-12-14 16:00:00,4.7283333333333335,35.725,245.55,4.966666666666667,979.0466666666667
2019-12-14 17:00:00,4.663333333333333,39.211666666666666,261.3333333333333,5.5216666666666665,978.77
2019-12-14 18:00:00,4.161666666666666,40.04,218.23333333333332,3.2983333333333333,978.8366666666666
2019-12-14 19:00:00,2.73,53.11,112.98333333333333,6.864999999999999,979.0233333333333
2019-12-14 20:00:00,1.3783333333333334,51.84166666666667,154.85,5.911666666666666,979.3433333333334
2019-12-14 21:00:00,1.2033333333333334,55.309999999999995,176.76666666666668,8.0,979.045
2019-12-14 22:00:00,-0.15833333333333333,59.39666666666667,180.41666666666666,12.163333333333332,978.725
2019-12-14 23:00:00,-0.04333333333333333,47.123333333333335,173.93333333333334,14.01,978.435
2019-12-15 00:00:00,-0.6333333333333333,41.245,174.33333333333334,14.629999999999999,978.1533333333333
2019-12-15 01:00:00,-1.3983333333333334,39.80166666666666,171.4,17.288333333333334,977.7199999999999
2019-12-15 02:00:00,-1.3433333333333333,38.38666666666666,165.68333333333334,19.543333333333333,977.5466666666667
2019-12-15 03:00:00,-0.65,38.72833333333333,157.8,24.841666666666665,977.3166666666667
2019-12-15 04:00:00,-0.24666666666666665,40.638333333333335,152.46666666666667,25.908333333333335,977.3966666666668
2019-12-15 05:00:00,0.023333333333333334,41.666666666666664,154.05,23.43166666666667,977.5916666666667
2019-12-15 06:00:00,0.4766666666666667,41.34,153.36666666666667,23.723333333333336,977.7133333333334
2019-12-15 07:00:00,1.43,41.035,151.41666666666666,19.765,977.9533333333333
2019-12-15 08:00:00,2.5266666666666664,42.32166666666667,142.75,14.021666666666667,978.0666666666667
2019-12-15 09:00:00,3.2150000000000003,44.23166666666667,143.68333333333334,12.658333333333333,977.95
2019-12-15 10:00:00,4.3966666666666665,40.345,130.68333333333334,12.381666666666666,977.2266666666667
2019-12-15 11:00:00,4.8983333333333325,38.894999999999996,115.88333333333334,13.108333333333333,976.76
2019-12-15 12:00:00,4.883333333333334,42.16,116.68333333333334,11.313333333333333,976.3933333333333
2019-12-15 13:00:00,5.7,37.845,85.71666666666667,15.268333333333334,976.1133333333333
2019-12-15 14:00:00,4.739999999999999,46.135,111.68333333333334,11.961666666666668,975.8416666666667
2019-12-15 15:00:00,4.176666666666667,50.41833333333333,126.38333333333334,9.865,975.3116666666666
2019-12-15 16:00:00,4.21,48.725,113.31666666666666,9.754999999999999,975.02
2019-12-15 17:00:00,3.716666666666667,46.995,102.91666666666667,10.036666666666667,974.6533333333334
2019-12-15 18:00:00,2.9099999999999997,54.81333333333334,125.98333333333333,4.0216666666666665,974.4133333333333
2019-12-15 19:00:00,2.2983333333333333,58.85666666666667,225.93333333333334,3.893333333333333,974.1083333333333
2019-12-15 20:00:00,2.191666666666667,55.086666666666666,118.23333333333333,3.8916666666666666,973.9216666666666
2019-12-15 21:00:00,1.7616666666666667,57.52833333333333,153.45,6.3133333333333335,973.5466666666667
2019-12-15 22:00:00,2.1866666666666665,53.61833333333333,113.91666666666667,7.451666666666667,972.9383333333333
2019-12-15 23:00:00,2.183333333333333,50.434999999999995,95.9,8.65,972.7183333333334
2019-12-16 00:00:00,1.7850000000000001,54.66,125.98333333333333,5.701666666666667,972.325
2019-12-16 01:00:00,1.5083333333333333,49.07333333333334,147.21666666666667,9.356666666666666,971.8633333333333
2019-12-16 02:00:00,1.0033333333333334,43.38666666666666,156.71666666666667,19.09333333333333,971.2433333333333
2019-12-16 03:00:00,0.4766666666666667,39.998333333333335,159.93333333333334,18.865000000000002,970.625
2019-12-16 04:00:00,1.0983333333333334,35.135,159.15,18.663333333333334,970.3799999999999
2019-12-16 05:00:00,1.2466666666666666,38.50666666666667,152.78333333333333,19.798333333333336,970.0833333333334
2019-12-16 06:00:00,1.74,42.638333333333335,142.01666666666668,14.556666666666667,969.95
2019-12-16 07:00:00,2.395,42.733333333333334,126.36666666666666,10.095,970.0016666666667
2019-12-16 08:00:00,3.01,41.38,111.65,10.001666666666667,969.995
2019-12-16 09:00:00,3.5016666666666665,39.45,92.03333333333333,11.25,970.06
2019-12-16 10:00:00,4.52,39.30333333333333,83.61666666666666,7.911666666666666,969.9216666666666
2019-12-16 11:00:00,4.24,43.38,48.75,10.75,970.11
2019-12-16 12:00:00,4.626666666666667,43.66166666666666,55.38333333333333,9.615,970.0550000000001
2019-12-16 13:00:00,4.614999999999999,43.82666666666667,62.483333333333334,12.145000000000001,970.0166666666667
2019-12-16 14:00:00,4.3566666666666665,44.96,63.78333333333333,11.795,970.0083333333333
2019-12-16 15:00:00,3.525,49.18,62.266666666666666,10.508333333333333,970.115
2019-12-16 16:00:00,3.0050000000000003,50.20666666666667,69.45,10.653333333333334,970.0666666666667
2019-12-16 17:00:00,2.3033333333333332,52.45166666666667,65.56666666666666,9.953333333333335,970.095
2019-12-16 18:00:00,1.9966666666666666,53.29833333333333,65.58333333333333,7.895,970.2533333333333
2019-12-16 19:00:00,1.7116666666666667,53.51833333333333,69.16666666666667,6.616666666666666,970.4166666666666
2019-12-16 20:00:00,1.4166666666666667,56.775,124.66666666666667,4.141666666666667,970.7266666666667
2019-12-16 21:00:00,1.3166666666666667,57.20666666666667,132.56666666666666,5.08,970.9683333333334
2019-12-16 22:00:00,0.545,59.42333333333333,125.01666666666667,4.741666666666666,971.2549999999999
2019-12-16 23:00:00,0.5883333333333333,58.218333333333334,102.5,3.996666666666667,971.5666666666667
2019-12-17 00:00:00,0.48000000000000004,59.66,107.86666666666666,5.806666666666667,971.78
2019-12-17 01:00:00,-0.24666666666666667,63.208333333333336,133.11666666666667,4.555000000000001,972.1083333333333
2019-12-17 02:00:00,0.16,56.598333333333336,108.46666666666667,6.97,972.515
2019-12-17 03:00:00,0.35333333333333333,57.376666666666665,108.76666666666667,6.3,972.8716666666666
2019-12-17 04:00:00,0.7033333333333334,55.416666666666664,94.81666666666666,9.35,973.0433333333333
2019-12-17 05:00:00,1.12,52.40833333333333,88.75,9.856666666666666,973.4566666666667
2019-12-17 06:00:00,1.5466666666666666,52.86,86.78333333333333,12.778333333333334,973.8383333333334
2019-12-17 07:00:00,2.1566666666666667,51.89833333333333,94.38333333333334,14.403333333333334,974.3716666666667
2019-12-17 08:00:00,1.5083333333333333,58.01833333333333,104.15,12.958333333333334,975.0233333333333
2019-12-17 09:00:00,1.9966666666666666,58.06666666666667,88.55,13.24,975.6233333333333
2019-12-17 10:00:00,1.8766666666666665,61.135,71.1,13.903333333333334,976.49
2019-12-17 11:00:00,1.6649999999999998,62.04,65.13333333333334,11.661666666666667,977.2433333333333
2019-12-17 12:00:00,1.4116666666666666,61.98833333333334,71.11666666666666,11.853333333333333,977.86
2019-12-17 13:00:00,1.735,55.915,74.35,16.528333333333332,978.3616666666668
2019-12-17 14:00:00,0.9166666666666666,60.875,76.13333333333334,16.461666666666666,979.0716666666667
2019-12-17 15:00:00,0.16,64.135,88.83333333333333,13.770000000000001,979.6616666666666
2019-12-17 16:00:00,-0.02666666666666667,65.065,70.16666666666667,9.696666666666665,980.1733333333334
2019-12-17 17:00:00,-0.04666666666666667,65.68833333333333,66.75,9.520000000000001,980.7433333333333
2019-12-17 18:00:00,-0.19666666666666668,68.86666666666666,96.46666666666667,8.639999999999999,981.3033333333333
2019-12-17 19:00:00,-0.36833333333333335,68.44666666666667,102.88333333333334,9.088333333333333,981.8183333333333
2019-12-17 20:00:00,-0.39666666666666667,65.58333333333333,106.65,11.093333333333334,982.2466666666667
2019-12-17 21:00:00,-0.9266666666666666,69.05166666666668,111.53333333333333,13.408333333333333,982.7316666666667
2019-12-17 22:00:00,-1.03,65.64833333333334,108.51666666666667,13.135,983.0283333333333
2019-12-17 23:00:00,-1.3,64.205,114.03333333333333,13.735000000000001,983.3566666666667
2019-12-18 00:00:00,-1.46,66.09,113.5,12.495000000000001,983.7800000000001
2019-12-18 01:00:00,-1.3916666666666666,66.08,113.61666666666666,12.613333333333333,983.9216666666666
2019-12-18 02:00:00,-1.37,67.21833333333333,108.88333333333334,13.791666666666666,984.2366666666666
2019-12-18 03:00:00,-1.4183333333333332,65.85333333333332,108.25,14.065,984.605
2019-12-18 04:00:00,-1.23,64.45166666666667,104.73333333333333,14.243333333333334,984.9266666666666
2019-12-18 05:00:00,-1.0666666666666667,63.175,102.15,15.086666666666668,985.2900000000001
2019-12-18 06:00:00,-0.7283333333333334,61.95,102.58333333333333,15.113333333333333,985.6633333333334
2019-12-18 07:00:00,-0.6466666666666666,63.89833333333333,101.26666666666667,16.21,986.1333333333333
2019-12-18 08:00:00,-0.26,61.809999999999995,93.3,15.801666666666668,986.4933333333333
2019-12-18 09:00:00,0.21333333333333335,59.20666666666667,86.93333333333334,15.711666666666668,986.7299999999999
2019-12-18 10:00:00,0.6333333333333333,58.875,85.0,16.404999999999998,986.6483333333333
2019-12-18 11:00:00,0.85,60.583333333333336,85.6,16.25166666666667,986.6933333333333
2019-12-18 12:00:00,0.8883333333333333,63.805,83.21666666666667,14.741666666666667,986.8199999999999
2019-12-18 13:00:00,1.0133333333333334,63.22666666666667,82.66666666666667,15.708333333333334,986.7966666666666
2019-12-18 14:00:00,0.7083333333333334,69.35833333333333,84.46666666666667,17.01,986.8716666666666
2019-12-18 15:00:00,0.25,74.72333333333333,85.95,16.243333333333332,987.0416666666666
2019-12-18 16:00:00,0.185,76.315,87.25,13.893333333333334,986.8633333333332
2019-12-18 17:00:00,0.23833333333333334,80.98166666666665,89.23333333333333,11.431666666666667,986.6483333333333
2019-12-18 18:00:00,0.7899999999999999,72.62166666666667,98.21666666666667,12.29,986.4766666666667
2019-12-18 19:00:00,1.0366666666666666,65.13333333333334,97.61666666666666,13.423333333333334,986.56
2019-12-18 20:00:00,1.145,62.22666666666667,101.96666666666667,10.09,986.4833333333333
2019-12-18 21:00:00,1.0133333333333334,58.70666666666667,89.6,10.753333333333334,986.39
2019-12-18 22:00:00,0.4966666666666667,56.485,78.2,12.889999999999999,986.5633333333334
2019-12-18 23:00:00,-0.043333333333333335,56.06666666666667,83.75,11.961666666666668,986.6133333333333
2019-12-19 00:00:00,-0.275,53.65333333333333,92.11666666666666,14.405,986.3799999999999
2019-12-19 01:00:00,-0.22666666666666666,52.891666666666666,98.93333333333334,13.315,986.0916666666667
2019-12-19 02:00:00,0.32,48.655,107.35,12.979999999999999,985.775
2019-12-19 03:00:00,0.5766666666666667,49.515,106.15,12.645000000000001,985.5416666666666
2019-12-19 04:00:00,1.24,46.93666666666666,106.76666666666667,13.905,985.2416666666667
2019-12-19 05:00:00,1.4933333333333332,45.72833333333333,102.83333333333333,15.171666666666665,985.1666666666666
2019-12-19 06:00:00,1.945,44.498333333333335,99.8,15.606666666666666,985.3116666666666
2019-12-19 07:00:00,2.86,40.781666666666666,89.2,16.82,985.445
2019-12-19 08:00:00,3.1883333333333335,41.21666666666667,101.51666666666667,17.791666666666668,985.3433333333334
2019-12-19 09:00:00,3.185,40.980000000000004,102.45,16.573333333333334,985.2183333333334
2019-12-19 10:00:00,3.6300000000000003,40.17333333333333,84.96666666666667,15.276666666666667,984.9366666666666
2019-12-19 11:00:00,5.1,39.126666666666665,66.71666666666667,13.203333333333335,984.605
2019-12-19 12:00:00,5.265,39.565000000000005,63.916666666666664,13.975,984.2816666666666
2019-12-19 13:00:00,5.001666666666667,40.56666666666667,74.88333333333334,15.620000000000001,984.14
2019-12-19 14:00:00,4.83,40.473333333333336,68.01666666666667,16.141666666666666,983.9916666666667
2019-12-19 15:00:00,4.158333333333333,41.47166666666667,83.05,15.728333333333333,983.4616666666666
2019-12-19 16:00:00,3.8366666666666664,42.068333333333335,82.33333333333333,15.639999999999999,983.08
2019-12-19 17:00:00,3.7150000000000003,43.375,81.5,14.175,982.8966666666666
2019-12-19 18:00:00,3.1233333333333335,46.24666666666667,103.96666666666667,12.928333333333335,982.6266666666667
2019-12-19 19:00:00,2.4650000000000003,48.04333333333333,108.5,13.523333333333333,982.455
2019-12-19 20:00:00,2.4583333333333335,45.33166666666667,114.7,11.821666666666665,982.1949999999999
2019-12-19 21:00:00,2.2916666666666665,43.97666666666667,112.28333333333333,12.231666666666666,981.8583333333333
2019-12-19 22:00:00,2.045,43.22833333333333,125.66666666666667,16.853333333333335,981.3333333333334
2019-12-19 23:00:00,1.5716666666666665,42.53333333333333,134.88333333333333,18.485,980.9883333333333
2019-12-20 00:00:00,0.8883333333333333,40.443333333333335,146.58333333333334,23.09,980.5033333333333
2019-12-20 01:00:00,0.4483333333333333,38.608333333333334,149.46666666666667,26.605,979.975
2019-12-20 02:00:00,0.44666666666666666,37.693333333333335,151.86666666666667,26.738333333333333,979.41
2019-12-20 03:00:00,0.04000000000000001,40.43666666666666,156.16666666666666,26.983333333333334,978.9283333333333
2019-12-20 04:00:00,0.22666666666666666,39.495,154.28333333333333,28.865000000000002,978.4833333333333
2019-12-20 05:00:00,0.056666666666666664,43.035,151.55,29.23166666666667,978.3766666666667
2019-12-20 06:00:00,0.4683333333333334,44.098333333333336,151.65,27.235,978.3449999999999
2019-12-20 07:00:00,1.3033333333333335,43.623333333333335,148.88333333333333,21.641666666666666,978.3666666666667
2019-12-20 08:00:00,2.935,40.76,125.38333333333334,12.401666666666667,978.5316666666666
2019-12-20 09:00:00,3.768333333333333,41.13,115.0,10.431666666666667,978.4133333333333
2019-12-20 10:00:00,5.703333333333333,33.32333333333334,56.95,12.188333333333333,978.1133333333333
2019-12-20 11:00:00,4.946666666666667,34.92166666666667,40.7,8.514999999999999,977.7633333333334
2019-12-20 12:00:00,5.4383333333333335,29.805,54.06666666666667,8.228333333333333,977.425
2019-12-20 13:00:00,5.203333333333333,32.836666666666666,69.83333333333333,7.5,977.4066666666666
2019-12-20 14:00:00,3.815,38.215,116.9,6.694999999999999,977.08
2019-12-20 15:00:00,3.618333333333333,40.58833333333334,138.65,4.108333333333333,976.6383333333334
2019-12-20 16:00:00,4.013333333333333,38.019999999999996,218.9,3.4483333333333333,976.16
2019-12-20 17:00:00,3.7516666666666665,40.62833333333333,212.78333333333333,2.8016666666666667,975.9883333333333
2019-12-20 18:00:00,3.6300000000000003,40.06666666666667,208.25,4.0633333333333335,975.825
2019-12-20 19:00:00,3.2449999999999997,40.23833333333334,140.95,5.92,975.6483333333333
2019-12-20 20:00:00,2.8699999999999997,42.105000000000004,141.41666666666666,7.125,975.495
2019-12-20 21:00:00,2.36,39.46666666666667,137.68333333333334,6.7266666666666675,975.2883333333334
2019-12-20 22:00:00,1.2083333333333333,46.485,104.26666666666667,1.8333333333333333,975.195
2019-12-20 23:00:00,0.5366666666666667,49.855000000000004,165.75,1.8666666666666667,975.0316666666666
2019-12-21 00:00:00,-0.4216666666666667,54.93833333333334,151.66666666666666,2.385,974.7483333333333
2019-12-21 01:00:00,-0.7883333333333333,47.83166666666667,145.21666666666667,7.386666666666667,974.65
2019-12-21 02:00:00,-0.5950000000000001,41.17833333333333,146.23333333333332,13.043333333333333,974.5233333333333
2019-12-21 03:00:00,0.23833333333333334,35.48166666666667,128.7,11.038333333333332,974.605
2019-12-21 04:00:00,0.4116666666666667,36.25,118.53333333333333,10.2,974.7316666666667
2019-12-21 05:00:00,0.46,41.401666666666664,123.76666666666667,11.91,974.8
2019-12-21 06:00:00,0.7633333333333333,43.63666666666666,132.31666666666666,14.775,975.0183333333333
2019-12-21 07:00:00,1.2483333333333335,45.135,144.51666666666668,14.183333333333334,975.635
2019-12-21 08:00:00,2.308333333333333,45.29666666666667,129.2,9.456666666666667,975.91
2019-12-21 09:00:00,3.493333333333333,42.82333333333334,108.91666666666667,7.288333333333333,976.0533333333333
2019-12-21 10:00:00,4.011666666666667,39.35666666666667,53.36666666666667,6.443333333333333,976.225
2019-12-21 11:00:00,3.896666666666667,41.763333333333335,91.73333333333333,7.755,976.3783333333333
2019-12-21 12:00:00,3.955,37.766666666666666,49.833333333333336,10.668333333333333,976.63
2019-12-21 13:00:00,4.194999999999999,34.65833333333333,77.7,7.088333333333334,976.6216666666667
2019-12-21 14:00:00,3.925,39.18,244.41666666666666,5.036666666666666,976.5
2019-12-21 15:00:00,3.5533333333333332,40.79833333333333,269.55,3.7733333333333334,976.3983333333333
2019-12-21 16:00:00,3.4183333333333334,42.07666666666667,292.3666666666667,4.29,976.2733333333333
2019-12-21 17:00:00,2.885,44.075,202.0,4.016666666666667,976.0583333333333
2019-12-21 18:00:00,2.7233333333333336,44.575,185.66666666666666,4.623333333333333,975.865
2019-12-21 19:00:00,1.5366666666666666,55.315000000000005,178.33333333333334,8.735000000000001,975.9583333333334
2019-12-21 20:00:00,1.3216666666666665,52.038333333333334,175.83333333333334,7.361666666666666,976.1600000000001
2019-12-21 21:00:00,0.25666666666666665,54.46666666666667,180.38333333333333,7.588333333333334,976.2
2019-12-21 22:00:00,-0.28,53.358333333333334,172.7,5.566666666666666,976.3283333333333
2019-12-21 23:00:00,-1.4716666666666667,51.92166666666667,182.98333333333332,9.916666666666666,976.4
2019-12-22 00:00:00,-2.2583333333333333,58.015,183.93333333333334,9.433333333333334,976.3616666666666
2019-12-22 01:00:00,-1.45,54.18833333333334,173.26666666666668,9.84,976.4
2019-12-22 02:00:00,-1.095,44.690000000000005,170.08333333333334,11.013333333333332,976.3216666666666
2019-12-22 03:00:00,-1.5083333333333333,40.723333333333336,170.98333333333332,13.696666666666665,976.48
2019-12-22 04:00:00,-2.0233333333333334,41.195,164.81666666666666,18.223333333333336,976.6416666666667
2019-12-22 05:00:00,-1.2316666666666667,44.041666666666664,161.11666666666667,17.259999999999998,976.6816666666667
2019-12-22 06:00:00,-0.4966666666666667,42.405,157.5,15.31,977.2533333333333
2019-12-22 07:00:00,0.6016666666666667,41.66,142.66666666666666,11.161666666666667,977.7183333333334
2019-12-22 08:00:00,1.4616666666666667,43.11333333333334,128.75,6.391666666666667,978.0166666666667
2019-12-22 09:00:00,1.965,45.794999999999995,138.98333333333332,11.641666666666667,978.0866666666667
2019-12-22 10:00:00,2.768333333333333,42.03333333333333,124.78333333333333,7.23,978.1916666666667
2019-12-22 11:00:00,4.475,35.62166666666667,58.983333333333334,6.4399999999999995,978.1166666666667
2019-12-22 12:00:00,2.8483333333333336,38.175,150.61666666666667,6.341666666666667,977.9699999999999
2019-12-22 13:00:00,3.078333333333333,36.13333333333333,176.88333333333333,4.38,977.91
2019-12-22 14:00:00,4.611666666666666,35.11333333333334,249.98333333333332,2.7666666666666666,977.8483333333334
2019-12-22 15:00:00,5.086666666666667,34.39333333333333,279.68333333333334,3.0683333333333334,977.7466666666667
2019-12-22 16:00:00,3.73,35.275,200.0,3.7449999999999997,977.57
2019-12-22 17:00:00,3.5083333333333333,37.285,185.26666666666668,4.286666666666666,977.5216666666668
2019-12-22 18:00:00,3.365,41.64666666666667,93.26666666666667,3.11,977.6766666666666
2019-12-22 19:00:00,3.128333333333333,49.735,185.51666666666668,4.53,977.7166666666667
2019-12-22 20:00:00,3.0050000000000003,49.96333333333334,159.2,5.6466666666666665,977.5033333333333
2019-12-22 21:00:00,2.671666666666667,53.22666666666667,112.91666666666667,3.605,977.4316666666667
2019-12-22 22:00:00,1.6183333333333332,57.71666666666667,173.05,6.4816666666666665,977.2666666666667
2019-12-22 23:00:00,1.4383333333333332,56.34666666666667,173.8,5.788333333333333,977.1583333333333
2019-12-23 00:00:00,1.6466666666666667,51.82333333333334,147.73333333333332,7.915,977.0566666666667
2019-12-23 01:00:00,1.6766666666666667,52.25666666666667,121.76666666666667,4.333333333333333,976.99
2019-12-23 02:00:00,1.5116666666666667,54.99,165.65,2.3833333333333333,976.7133333333334
2019-12-23 03:00:00,1.6116666666666668,53.166666666666664,269.48333333333335,3.853333333333333,976.595
2019-12-23 04:00:00,1.5016666666666665,54.85666666666667,269.6,4.083333333333333,976.5
2019-12-23 05:00:00,1.3983333333333334,51.57666666666667,309.18333333333334,7.743333333333334,976.455
2019-12-23 06:00:00,1.5516666666666665,51.498333333333335,286.6333333333333,6.006666666666666,976.4783333333332
2019-12-23 07:00:00,2.4883333333333337,51.281666666666666,256.98333333333335,3.731666666666667,976.3349999999999
2019-12-23 08:00:00,3.025,48.681666666666665,264.18333333333334,4.3516666666666675,976.3816666666667
2019-12-23 09:00:00,3.368333333333333,46.934999999999995,150.93333333333334,4.263333333333334,976.325
2019-12-23 10:00:00,3.203333333333333,49.27166666666667,96.88333333333334,5.4766666666666675,976.1666666666666
2019-12-23 11:00:00,2.72,53.00333333333333,149.73333333333332,5.47,975.9283333333333
2019-12-23 12:00:00,3.033333333333333,52.61666666666667,151.51666666666668,6.118333333333334,975.675
2019-12-23 13:00:00,3.2333333333333334,53.635,131.91666666666666,6.213333333333334,975.465
2019-12-23 14:00:00,4.739999999999999,50.58166666666667,71.31666666666666,8.066666666666666,975.34
2019-12-23 15:00:00,4.13,54.526666666666664,192.03333333333333,3.9650000000000003,975.0466666666667
2019-12-23 16:00:00,3.603333333333333,55.248333333333335,181.11666666666667,3.665,974.76
2019-12-23 17:00:00,3.7150000000000003,55.8,149.6,7.3,974.495
2019-12-23 18:00:00,3.6633333333333336,58.79666666666667,122.58333333333333,8.495,974.305
2019-12-23 19:00:00,2.808333333333333,67.89666666666668,131.81666666666666,8.346666666666668,974.3533333333332
2019-12-23 20:00:00,2.478333333333333,70.24166666666666,109.76666666666667,9.306666666666667,974.4566666666667
2019-12-23 21:00:00,1.9883333333333333,74.61333333333333,115.46666666666667,8.216666666666667,974.5766666666666
2019-12-23 22:00:00,1.9366666666666668,71.71666666666667,108.28333333333333,8.615,974.4433333333333
2019-12-23 23:00:00,1.5933333333333333,71.21833333333333,112.8,9.778333333333334,974.5666666666667
2019-12-24 00:00:00,1.46,71.94833333333332,106.26666666666667,11.495000000000001,974.4133333333333
2019-12-24 01:00:00,1.255,71.58333333333333,110.86666666666666,12.513333333333332,974.3333333333334
2019-12-24 02:00:00,1.2083333333333333,71.11666666666666,108.3,12.108333333333333,974.2866666666666
2019-12-24 03:00:00,1.2433333333333332,70.05333333333333,111.13333333333334,11.881666666666666,974.28
2019-12-24 04:00:00,1.53,66.13666666666667,104.68333333333334,13.485000000000001,974.0766666666666
2019-12-24 05:00:00,1.7333333333333334,64.59666666666666,106.46666666666667,13.585,974.075
2019-12-24 06:00:00,2.075,63.67333333333333,109.55,12.263333333333332,974.0733333333334
2019-12-24 07:00:00,2.685,57.42833333333333,102.08333333333333,14.116666666666667,974.1133333333333
2019-12-24 08:00:00,3.3916666666666666,54.266666666666666,94.45,14.316666666666666,974.0366666666666
2019-12-24 09:00:00,3.5366666666666666,54.48166666666667,94.96666666666667,14.976666666666667,974.08
2019-12-24 10:00:00,3.6516666666666664,56.39,98.05,15.516666666666667,973.905
2019-12-24 11:00:00,3.6599999999999997,58.59,91.05,15.773333333333333,973.9449999999999
2019-12-24 12:00:00,3.475,60.63333333333333,91.78333333333333,15.631666666666666,974.1
2019-12-24 13:00:00,3.7016666666666667,62.38666666666666,71.48333333333333,13.05,974.35
2019-12-24 14:00:00,2.9316666666666666,62.230000000000004,92.91666666666667,13.9,974.4416666666667
2019-12-24 15:00:00,3.2866666666666666,59.575,83.93333333333334,12.225,974.2283333333334
2019-12-24 16:00:00,3.4516666666666667,58.391666666666666,67.1,11.435,974.2883333333333
2019-12-24 17:00:00,2.5300000000000002,61.86666666666667,60.483333333333334,8.235000000000001,974.4449999999999
2019-12-24 18:00:00,2.15,64.17833333333333,106.51666666666667,4.623333333333333,974.5566666666667
2019-12-24 19:00:00,2.135,63.943333333333335,197.76666666666668,2.0016666666666665,974.56
2019-12-24 20:00:00,2.0033333333333334,65.53333333333333,211.53333333333333,2.71,974.3233333333334
2019-12-24 21:00:00,0.5533333333333333,66.25833333333334,179.68333333333334,5.403333333333333,973.92
2019-12-24 22:00:00,-0.04833333333333333,65.33833333333334,179.0,4.501666666666667,973.6450000000001
2019-12-24 23:00:00,-0.335,62.89,172.6,4.41,973.4
2019-12-25 00:00:00,-0.21,62.434999999999995,198.03333333333333,4.29,973.1666666666666
2019-12-25 01:00:00,0.29,54.39833333333333,199.41666666666666,5.301666666666667,972.86
2019-12-25 02:00:00,-0.6866666666666668,55.983333333333334,171.3,6.319999999999999,972.49
2019-12-25 03:00:00,-0.19166666666666668,59.13333333333333,135.25,4.233333333333333,972.4183333333333
2019-12-25 04:00:00,0.325,61.36,95.26666666666667,5.361666666666666,972.3316666666666
2019-12-25 05:00:00,1.1483333333333334,54.74333333333333,120.1,5.194999999999999,972.1700000000001
2019-12-25 06:00:00,1.8383333333333334,55.32333333333334,86.03333333333333,5.471666666666667,972.0983333333334
2019-12-25 07:00:00,1.615,62.031666666666666,60.63333333333333,6.303333333333333,972.0849999999999
2019-12-25 08:00:00,2.3433333333333333,58.87833333333333,63.11666666666667,4.431666666666667,971.9066666666666
2019-12-25 09:00:00,2.6983333333333333,59.09166666666667,218.43333333333334,3.7416666666666667,971.7683333333333
2019-12-25 10:00:00,2.6883333333333335,60.78666666666666,275.9,5.948333333333333,971.7016666666667
2019-12-25 11:00:00,2.871666666666667,58.095,328.18333333333334,5.693333333333333,971.6483333333333
2019-12-25 12:00:00,3.61,53.91166666666666,249.0,5.8566666666666665,971.5833333333334
2019-12-25 13:00:00,2.7,61.82,318.96666666666664,6.27,971.8566666666667
2019-12-25 14:00:00,2.4433333333333334,67.39833333333334,247.95,4.746666666666667,971.9016666666666
2019-12-25 15:00:00,2.485,67.27666666666667,50.733333333333334,3.0433333333333334,971.8299999999999
2019-12-25 16:00:00,1.7133333333333334,74.26333333333334,137.73333333333332,4.583333333333333,971.7766666666666
2019-12-25 17:00:00,1.66,73.40833333333333,44.733333333333334,5.069999999999999,971.7983333333333
2019-12-25 18:00:00,0.8416666666666667,74.91333333333334,33.15,4.065,971.9566666666667
2019-12-25 19:00:00,0.11000000000000001,80.82666666666667,56.81666666666667,3.7800000000000002,972.1716666666667
2019-12-25 20:00:00,-0.4266666666666667,84.15,100.26666666666667,4.051666666666667,972.35
2019-12-25 21:00:00,-1.0316666666666667,87.13833333333334,170.81666666666666,3.0683333333333334,972.6433333333333
2019-12-25 22:00:00,-1.3383333333333334,88.94,257.96666666666664,3.0816666666666666,972.85
2019-12-25 23:00:00,-1.8233333333333335,91.0,103.56666666666666,1.865,972.8916666666667
2019-12-26 00:00:00,-2.035,91.31166666666667,78.26666666666667,1.8266666666666667,972.9433333333333
2019-12-26 01:00:00,-2.4733333333333336,91.28500000000001,110.71666666666667,1.74,973.1033333333334
2019-12-26 02:00:00,-3.14,91.89,208.88333333333333,2.493333333333333,973.4316666666667
2019-12-26 03:00:00,-3.42,91.86166666666666,126.03333333333333,1.0933333333333333,973.5983333333334
2019-12-26 04:00:00,-3.0949999999999998,88.45833333333333,92.76666666666667,1.9983333333333335,973.8266666666666
2019-12-26 05:00:00,-1.9366666666666668,79.33666666666666,204.28333333333333,2.7933333333333334,973.955
2019-12-26 06:00:00,-2.435,73.18833333333333,274.45,4.296666666666667,974.315
2019-12-26 07:00:00,-1.93,68.65,212.26666666666668,4.451666666666667,974.6949999999999
2019-12-26 08:00:00,-0.7466666666666666,66.13000000000001,236.96666666666667,4.213333333333334,975.1
2019-12-26 09:00:00,0.8166666666666667,61.14833333333333,275.48333333333335,3.7083333333333335,975.2433333333333
2019-12-26 10:00:00,2.315,57.343333333333334,116.88333333333334,5.225,975.3583333333333
2019-12-26 11:00:00,3.356666666666667,49.125,53.766666666666666,8.735000000000001,975.5133333333334
2019-12-26 12:00:00,2.6366666666666663,53.144999999999996,28.066666666666666,6.191666666666666,975.715
2019-12-26 13:00:00,2.5233333333333334,55.965,24.616666666666667,5.251666666666667,975.7966666666666
2019-12-26 14:00:00,3.49,54.57833333333333,56.11666666666667,6.415,975.84
2019-12-26 15:00:00,3.2366666666666664,56.1,70.86666666666666,8.378333333333334,975.9599999999999
2019-12-26 16:00:00,2.0633333333333335,62.73833333333334,132.41666666666666,6.705,975.8449999999999
2019-12-26 17:00:00,1.7333333333333334,61.42666666666666,33.95,6.8983333333333325,976.025
2019-12-26 18:00:00,0.7366666666666667,67.975,36.93333333333333,8.493333333333334,976.4133333333333
2019-12-26 19:00:00,0.765,68.86,101.91666666666667,7.753333333333333,976.435
2019-12-26 20:00:00,1.0516666666666667,68.545,90.25,9.666666666666666,976.4583333333334
2019-12-26 21:00:00,0.5033333333333333,71.34333333333333,75.48333333333333,14.491666666666667,976.55
2019-12-26 22:00:00,-0.15333333333333332,72.44,83.08333333333333,17.3,976.6983333333334
2019-12-26 23:00:00,-0.57,72.63166666666666,83.58333333333333,15.536666666666667,976.875
2019-12-27 00:00:00,-0.5016666666666667,73.91166666666666,83.08333333333333,15.131666666666666,976.545
2019-12-27 01:00:00,-0.41500000000000004,74.66000000000001,73.73333333333333,14.116666666666667,976.4733333333334
2019-12-27 02:00:00,-0.57,76.22666666666667,69.95,13.131666666666666,976.5
2019-12-27 03:00:00,-0.575,74.6,82.73333333333333,15.221666666666666,976.1283333333334
2019-12-27 04:00:00,-0.56,72.10166666666667,82.93333333333334,15.870000000000001,976.0816666666667
2019-12-27 05:00:00,-0.64,73.07666666666667,81.73333333333333,14.254999999999999,975.975
2019-12-27 06:00:00,-0.4716666666666667,70.445,92.76666666666667,14.418333333333333,975.7266666666667
2019-12-27 07:00:00,-0.10833333333333334,70.15166666666667,101.5,14.479999999999999,975.255
2019-12-27 08:00:00,0.27166666666666667,69.84666666666666,83.55,17.048333333333332,974.9566666666667
2019-12-27 09:00:00,0.9766666666666667,66.545,83.9,18.71833333333333,974.4616666666666
2019-12-27 10:00:00,1.3783333333333334,64.02,83.05,20.773333333333333,974.1200000000001
2019-12-27 11:00:00,1.6933333333333331,62.44833333333334,80.15,19.56,973.8449999999999
2019-12-27 12:00:00,2.603333333333333,61.248333333333335,68.31666666666666,17.828333333333333,973.575
2019-12-27 13:00:00,2.853333333333333,57.605000000000004,80.73333333333333,21.448333333333334,973.0383333333334
2019-12-27 14:00:00,2.725,55.748333333333335,83.93333333333334,23.871666666666666,972.7533333333333
2019-12-27 15:00:00,2.3183333333333334,54.35666666666667,95.3,21.896666666666665,972.31
2019-12-27 16:00:00,2.175,54.74,100.3,20.02,971.91
2019-12-27 17:00:00,1.5416666666666667,58.84,98.13333333333334,19.32,971.7983333333334
2019-12-27 18:00:00,0.9716666666666666,59.63,88.76666666666667,22.55,971.9083333333333
2019-12-27 19:00:00,0.24666666666666667,64.05333333333333,85.11666666666666,20.015,972.0683333333333
2019-12-27 20:00:00,-0.25166666666666665,64.93833333333333,77.38333333333334,20.758333333333333,972.3050000000001
2019-12-27 21:00:00,-0.9183333333333333,65.375,72.91666666666667,18.058333333333334,972.6716666666667
2019-12-27 22:00:00,-1.7066666666666668,67.46166666666666,71.31666666666666,15.753333333333334,972.6833333333333
2019-12-27 23:00:00,-2.131666666666667,68.59833333333333,77.06666666666666,19.381666666666668,972.3199999999999
2019-12-28 00:00:00,-2.631666666666667,66.57333333333334,89.2,18.796666666666667,972.06
2019-12-28 01:00:00,-2.8733333333333335,65.29833333333333,92.15,12.476666666666667,971.9383333333333
2019-12-28 02:00:00,-2.94,62.63,86.05,12.32,971.8683333333333
2019-12-28 03:00:00,-3.1016666666666666,62.108333333333334,94.28333333333333,11.458333333333334,971.8016666666666
2019-12-28 04:00:00,-2.825,60.23833333333334,75.01666666666667,13.773333333333333,971.6550000000001
2019-12-28 05:00:00,-2.3283333333333336,59.105000000000004,80.48333333333333,15.258333333333333,971.9733333333334
2019-12-28 06:00:00,-2.0416666666666665,59.925,85.11666666666666,17.228333333333335,972.3549999999999
2019-12-28 07:00:00,-1.1983333333333335,57.468333333333334,80.25,15.258333333333333,972.395
2019-12-28 08:00:00,0.3266666666666667,54.34166666666667,98.76666666666667,10.593333333333334,972.0333333333333
2019-12-28 09:00:00,2.6416666666666666,44.5,75.41666666666667,17.296666666666667,971.76
2019-12-28 10:00:00,2.341666666666667,47.20666666666667,83.36666666666666,19.561666666666667,971.8733333333333
2019-12-28 11:00:00,1.6183333333333332,48.943333333333335,93.8,17.626666666666665,971.8333333333334
2019-12-28 12:00:00,2.381666666666667,49.733333333333334,79.76666666666667,19.493333333333332,971.735
2019-12-28 13:00:00,2.0966666666666667,50.45,84.71666666666667,19.888333333333332,971.5400000000001
2019-12-28 14:00:00,2.111666666666667,50.61,81.2,18.796666666666667,971.6016666666667
2019-12-28 15:00:00,1.27,51.805,80.43333333333334,21.93,971.7783333333333
2019-12-28 16:00:00,0.89,53.02833333333333,84.75,20.90666666666667,971.6533333333333
2019-12-28 17:00:00,0.67,52.24,95.26666666666667,20.745,971.6650000000001
2019-12-28 18:00:00,0.505,53.18,97.11666666666666,17.404999999999998,971.7783333333333
2019-12-28 19:00:00,0.2866666666666667,55.35166666666667,106.36666666666666,12.766666666666667,971.7483333333333
2019-12-28 20:00:00,-0.28833333333333333,57.958333333333336,109.06666666666666,12.043333333333333,971.9683333333334
2019-12-28 21:00:00,-0.39166666666666666,53.5,121.38333333333334,13.665,971.89
2019-12-28 22:00:00,-0.25333333333333335,50.75666666666667,121.58333333333333,14.306666666666667,971.9150000000001
2019-12-28 23:00:00,-0.335,49.809999999999995,117.6,14.526666666666667,971.9466666666667
2019-12-29 00:00:00,-0.7633333333333333,52.07333333333334,108.23333333333333,14.596666666666666,972.3083333333333
2019-12-29 01:00:00,-1.085,58.236666666666665,107.61666666666666,11.406666666666666,972.5
2019-12-29 02:00:00,-0.45,53.72,108.15,15.686666666666667,972.3866666666667
2019-12-29 03:00:00,-0.27166666666666667,51.663333333333334,110.31666666666666,16.95,972.5916666666667
2019-12-29 04:00:00,0.02666666666666667,52.501666666666665,105.41666666666667,18.423333333333336,972.8466666666666
2019-12-29 05:00:00,0.265,51.184999999999995,107.08333333333333,17.516666666666666,973.135
2019-12-29 06:00:00,0.75,50.88166666666667,118.63333333333334,15.568333333333333,973.2116666666667
2019-12-29 07:00:00,1.5033333333333334,49.513333333333335,112.91666666666667,17.36,973.5016666666667
2019-12-29 08:00:00,2.115,49.49333333333333,106.05,18.226666666666667,974.0133333333334
2019-12-29 09:00:00,2.6783333333333332,50.23166666666667,103.21666666666667,16.7,974.3516666666667
2019-12-29 10:00:00,3.091666666666667,47.99166666666667,97.33333333333333,16.773333333333333,974.37
2019-12-29 11:00:00,3.4016666666666664,47.919999999999995,85.08333333333333,17.290000000000003,974.4266666666666
2019-12-29 12:00:00,4.53,47.72166666666667,84.23333333333333,14.273333333333333,974.31
2019-12-29 13:00:00,4.783333333333333,46.40333333333333,77.43333333333334,13.401666666666667,974.315
2019-12-29 14:00:00,5.163333333333333,46.11666666666667,72.03333333333333,11.356666666666666,974.4150000000001
2019-12-29 15:00:00,5.0183333333333335,45.03333333333333,71.93333333333334,11.308333333333334,974.25
2019-12-29 16:00:00,3.7383333333333337,50.32166666666667,52.95,9.676666666666668,974.5483333333334
2019-12-29 17:00:00,2.4099999999999997,59.23166666666667,35.583333333333336,5.28,975.0466666666667
2019-12-29 18:00:00,2.06,60.84,35.56666666666667,3.3983333333333334,975.3633333333333
2019-12-29 19:00:00,1.7833333333333334,61.275,26.15,3.445,975.6066666666667
2019-12-29 20:00:00,1.2633333333333332,62.825,29.266666666666666,2.83,975.87
2019-12-29 21:00:00,0.8066666666666666,65.95166666666667,167.43333333333334,2.7233333333333336,976.195
2019-12-29 22:00:00,0.16666666666666666,65.25333333333333,168.98333333333332,4.605,976.4033333333333
2019-12-29 23:00:00,0.93,56.62833333333333,133.23333333333332,7.175,976.595
2019-12-30 00:00:00,1.0683333333333331,52.44166666666667,113.1,5.92,976.6650000000001
2019-12-30 01:00:00,0.8933333333333333,52.58166666666667,79.53333333333333,5.405,976.815
2019-12-30 02:00:00,0.69,50.376666666666665,55.31666666666667,6.141666666666667,977.1433333333333
2019-12-30 03:00:00,0.31666666666666665,49.35666666666667,115.03333333333333,7.135000000000001,977.26
2019-12-30 04:00:00,0.49,51.09,124.96666666666667,9.328333333333335,977.2683333333333
2019-12-30 05:00:00,1.1400000000000001,50.519999999999996,121.05,9.088333333333333,977.2383333333333
2019-12-30 06:00:00,1.525,46.36,116.08333333333333,9.085,977.315
2019-12-30 07:00:00,2.5283333333333333,42.894999999999996,104.76666666666667,11.348333333333333,977.3916666666667
2019-12-30 08:00:00,2.7083333333333335,44.583333333333336,102.26666666666667,10.271666666666667,977.2566666666667
2019-12-30 09:00:00,2.8583333333333334,46.76166666666666,114.2,12.911666666666667,977.0316666666666
2019-12-30 10:00:00,3.5716666666666663,46.65,105.85,12.135,976.9566666666667
2019-12-30 11:00:00,3.7849999999999997,45.91833333333333,114.81666666666666,10.68,976.5550000000001
2019-12-30 12:00:00,4.795,40.275,80.26666666666667,13.043333333333333,976.2533333333333
2019-12-30 13:00:00,4.371666666666667,45.72666666666667,59.9,11.233333333333333,976.2233333333334
2019-12-30 14:00:00,3.9633333333333334,49.766666666666666,60.483333333333334,9.456666666666667,976.1716666666667
2019-12-30 15:00:00,2.7533333333333334,55.556666666666665,35.1,5.348333333333333,975.9633333333334
2019-12-30 16:00:00,3.0,53.47,73.98333333333333,4.043333333333333,975.5633333333334
2019-12-30 17:00:00,3.0933333333333333,52.3,156.15,4.831666666666666,975.2266666666667
2019-12-30 18:00:00,3.058333333333333,53.04833333333333,136.48333333333332,5.0633333333333335,975.0066666666667
2019-12-30 19:00:00,2.7766666666666664,54.818333333333335,132.28333333333333,6.3,974.9916666666667
2019-12-30 20:00:00,2.0816666666666666,54.96666666666667,131.73333333333332,6.84,975.1466666666668
2019-12-30 21:00:00,1.4383333333333332,53.64333333333333,136.28333333333333,5.930000000000001,975.1650000000001
2019-12-30 22:00:00,1.0116666666666665,47.556666666666665,152.56666666666666,8.113333333333333,975.0216666666668
2019-12-30 23:00:00,0.6433333333333333,46.70333333333333,151.98333333333332,12.06,974.7866666666666
2019-12-31 00:00:00,-0.14,47.38166666666667,162.13333333333333,11.766666666666667,974.7
2019-12-31 01:00:00,0.22000000000000003,43.836666666666666,150.28333333333333,13.638333333333332,974.625
2019-12-31 02:00:00,0.009999999999999998,45.123333333333335,158.23333333333332,11.42,974.5166666666667
2019-12-31 03:00:00,-0.7216666666666666,45.64666666666667,165.26666666666668,14.91,974.0699999999999
2019-12-31 04:00:00,0.2366666666666667,49.33833333333334,143.13333333333333,16.12666666666667,973.775
2019-12-31 05:00:00,1.2333333333333334,47.84666666666667,136.36666666666667,15.423333333333334,973.505
2019-12-31 06:00:00,1.77,45.63666666666666,126.1,13.575,973.4683333333334
2019-12-31 07:00:00,2.445,43.480000000000004,121.13333333333334,13.633333333333333,973.2316666666667
2019-12-31 08:00:00,2.5983333333333336,44.62,106.7,13.425,973.285
2019-12-31 09:00:00,2.9033333333333333,42.29833333333333,97.16666666666667,13.603333333333333,973.0550000000001
2019-12-31 10:00:00,2.9466666666666668,44.07166666666667,100.91666666666667,11.825,972.5783333333333
2019-12-31 11:00:00,3.7066666666666666,39.62166666666667,95.55,17.615000000000002,971.9866666666666
2019-12-31 12:00:00,4.125,37.769999999999996,86.78333333333333,18.384999999999998,971.8016666666666
2019-12-31 13:00:00,4.08,37.255,93.3,18.208333333333332,971.5383333333334
2019-12-31 14:00:00,3.9683333333333333,41.18,104.16666666666667,14.018333333333334,971.0633333333334
2019-12-31 15:00:00,4.073333333333333,37.215,100.55,15.428333333333335,970.6033333333332
2019-12-31 16:00:00,3.658333333333333,42.2,107.56666666666666,11.889999999999999,970.1616666666666
2019-12-31 17:00:00,3.1483333333333334,42.78333333333333,103.18333333333334,14.398333333333333,969.9833333333333
2019-12-31 18:00:00,2.555,45.47666666666667,101.58333333333333,13.94,969.8866666666667
2019-12-31 19:00:00,1.75,54.18666666666666,116.98333333333333,11.001666666666667,969.92
2019-12-31 20:00:00,1.7516666666666665,51.03666666666666,86.25,16.483333333333334,970.0550000000001
2019-12-31 21:00:00,1.1216666666666666,57.919999999999995,95.21666666666667,12.201666666666666,970.1166666666667
2019-12-31 22:00:00,0.9166666666666666,57.626666666666665,105.23333333333333,8.898333333333333,969.81
2019-12-31 23:00:00,1.13,51.79833333333333,86.18333333333334,14.94,969.6833333333333
