timestamp,wind_speed_ms,modeled_wind_power_kw,is_cut_out,is_below_cut_in
2019-01-01 00:00:00,5.6,0.6786,False,False
2019-01-01 01:00:00,5.7367,0.8199,False,False
2019-01-01 02:00:00,7.905,6.2632,False,False
2019-01-01 03:00:00,9.445,15.3961,False,False
2019-01-01 04:00:00,9.85,18.7619,False,False
2019-01-01 05:00:00,11.0433,31.4518,False,False
2019-01-01 06:00:00,9.49,15.7484,False,False
2019-01-01 07:00:00,8.885,11.4423,False,False
2019-01-01 08:00:00,6.9167,2.9226,False,False
2019-01-01 09:00:00,6.38,1.7504,False,False
2019-01-01 10:00:00,6.325,1.652,False,False
2019-01-01 11:00:00,3.8433,0.003,False,False
2019-01-01 12:00:00,2.9183,0.0,False,True
2019-01-01 13:00:00,5.4883,0.576,False,False
2019-01-01 14:00:00,5.0667,0.2818,False,False
2019-01-01 15:00:00,4.7833,0.1549,False,False
2019-01-01 16:00:00,4.415,0.0561,False,False
2019-01-01 17:00:00,3.19,0.0,False,True
2019-01-01 18:00:00,3.6183,0.0001,False,False
2019-01-01 19:00:00,2.4633,0.0,False,True
2019-01-01 20:00:00,2.3483,0.0,False,True
2019-01-01 21:00:00,2.61,0.0,False,True
2019-01-01 22:00:00,5.1,0.3001,False,False
2019-01-01 23:00:00,4.0583,0.0128,False,False
2019-01-02 00:00:00,3.78,0.0016,False,False
2019-01-02 01:00:00,1.8133,0.0,False,True
2019-01-02 02:00:00,1.4067,0.0,False,True
2019-01-02 03:00:00,3.9533,0.0068,False,False
2019-01-02 04:00:00,9.4333,15.3057,False,False
2019-01-02 05:00:00,6.64,2.2685,False,False
2019-01-02 06:00:00,7.58,4.9766,False,False
2019-01-02 07:00:00,6.2833,1.58,False,False
2019-01-02 08:00:00,5.645,0.7232,False,False
2019-01-02 09:00:00,5.0233,0.259,False,False
2019-01-02 10:00:00,5.59,0.669,False,False
2019-01-02 11:00:00,3.7817,0.0016,False,False
2019-01-02 12:00:00,6.0733,1.2487,False,False
2019-01-02 13:00:00,4.6533,0.1124,False,False
2019-01-02 14:00:00,3.9967,0.009,False,False
2019-01-02 15:00:00,3.5767,0.0,False,False
2019-01-02 16:00:00,4.415,0.0561,False,False
2019-01-02 17:00:00,5.4433,0.5378,False,False
2019-01-02 18:00:00,2.9883,0.0,False,True
2019-01-02 19:00:00,3.515,0.0,False,False
2019-01-02 20:00:00,4.4783,0.0686,False,False
2019-01-02 21:00:00,3.66,0.0003,False,False
2019-01-02 22:00:00,1.9933,0.0,False,True
2019-01-02 23:00:00,3.125,0.0,False,True
2019-01-03 00:00:00,2.395,0.0,False,True
2019-01-03 01:00:00,4.5167,0.077,False,False
2019-01-03 02:00:00,4.7617,0.1472,False,False
2019-01-03 03:00:00,3.1083,0.0,False,True
2019-01-03 04:00:00,11.7483,41.1201,False,False
2019-01-03 05:00:00,11.765,41.3699,False,False
2019-01-03 06:00:00,9.4883,15.7352,False,False
2019-01-03 07:00:00,7.82,5.9075,False,False
2019-01-03 08:00:00,13.0817,45.0,False,False
2019-01-03 09:00:00,15.6567,45.0,False,False
2019-01-03 10:00:00,14.4333,45.0,False,False
2019-01-03 11:00:00,11.8317,42.3791,False,False
2019-01-03 12:00:00,10.4017,24.0889,False,False
2019-01-03 13:00:00,9.9483,19.6471,False,False
2019-01-03 14:00:00,10.6217,26.4668,False,False
2019-01-03 15:00:00,10.6067,26.2999,False,False
2019-01-03 16:00:00,12.3233,45.0,False,False
2019-01-03 17:00:00,11.59,38.7973,False,False
2019-01-03 18:00:00,10.5933,26.1521,False,False
2019-01-03 19:00:00,11.2433,34.0204,False,False
2019-01-03 20:00:00,11.2633,34.2847,False,False
2019-01-03 21:00:00,9.5317,16.0793,False,False
2019-01-03 22:00:00,10.5583,25.7669,False,False
2019-01-03 23:00:00,12.8483,45.0,False,False
2019-01-04 00:00:00,13.0083,45.0,False,False
2019-01-04 01:00:00,12.6317,45.0,False,False
2019-01-04 02:00:00,13.995,45.0,False,False
2019-01-04 03:00:00,13.205,45.0,False,False
2019-01-04 04:00:00,12.5733,45.0,False,False
2019-01-04 05:00:00,14.42,45.0,False,False
2019-01-04 06:00:00,11.6,38.9413,False,False
2019-01-04 07:00:00,9.2417,13.8698,False,False
2019-01-04 08:00:00,11.06,31.6607,False,False
2019-01-04 09:00:00,9.4667,15.5651,False,False
2019-01-04 10:00:00,10.0,20.1231,False,False
2019-01-04 11:00:00,8.4233,8.7445,False,False
2019-01-04 12:00:00,9.4217,15.2155,False,False
2019-01-04 13:00:00,9.5283,16.0527,False,False
2019-01-04 14:00:00,9.5817,16.4825,False,False
2019-01-04 15:00:00,10.24,22.4355,False,False
2019-01-04 16:00:00,9.54,16.1461,False,False
2019-01-04 17:00:00,6.7417,2.4961,False,False
2019-01-04 18:00:00,8.9333,11.7532,False,False
2019-01-04 19:00:00,9.9483,19.6471,False,False
2019-01-04 20:00:00,11.1717,33.0845,False,False
2019-01-04 21:00:00,9.0067,12.2355,False,False
2019-01-04 22:00:00,7.575,4.9584,False,False
2019-01-04 23:00:00,7.2383,3.8282,False,False
2019-01-05 00:00:00,6.4133,1.8119,False,False
2019-01-05 01:00:00,7.1333,3.5146,False,False
2019-01-05 02:00:00,5.5867,0.6658,False,False
2019-01-05 03:00:00,9.8833,19.0589,False,False
2019-01-05 04:00:00,14.24,45.0,False,False
2019-01-05 05:00:00,14.0267,45.0,False,False
2019-01-05 06:00:00,13.9667,45.0,False,False
2019-01-05 07:00:00,13.8667,45.0,False,False
2019-01-05 08:00:00,12.5583,45.0,False,False
2019-01-05 09:00:00,12.44,45.0,False,False
2019-01-05 10:00:00,13.9483,45.0,False,False
2019-01-05 11:00:00,14.515,45.0,False,False
2019-01-05 12:00:00,16.0183,45.0,False,False
2019-01-05 13:00:00,15.7933,45.0,False,False
2019-01-05 14:00:00,15.5067,45.0,False,False
2019-01-05 15:00:00,13.525,45.0,False,False
2019-01-05 16:00:00,13.13,45.0,False,False
2019-01-05 17:00:00,12.5567,45.0,False,False
2019-01-05 18:00:00,8.7467,10.5829,False,False
2019-01-05 19:00:00,7.9733,6.5592,False,False
2019-01-05 20:00:00,7.9383,6.4064,False,False
2019-01-05 21:00:00,8.5417,9.3903,False,False
2019-01-05 22:00:00,8.0317,6.8191,False,False
2019-01-05 23:00:00,7.0683,3.3293,False,False
2019-01-06 00:00:00,7.83,5.9487,False,False
2019-01-06 01:00:00,11.0267,31.2438,False,False
2019-01-06 02:00:00,11.85,42.6594,False,False
2019-01-06 03:00:00,10.9567,30.3802,False,False
2019-01-06 04:00:00,8.225,7.7297,False,False
2019-01-06 05:00:00,8.9717,12.0037,False,False
2019-01-06 06:00:00,9.6967,17.4353,False,False
2019-01-06 07:00:00,11.3383,35.288,False,False
2019-01-06 08:00:00,11.08,31.9127,False,False
2019-01-06 09:00:00,10.0217,20.325,False,False
2019-01-06 10:00:00,12.2767,45.0,False,False
2019-01-06 11:00:00,10.3167,23.2098,False,False
2019-01-06 12:00:00,10.2017,22.0549,False,False
2019-01-06 13:00:00,10.1933,21.9727,False,False
2019-01-06 14:00:00,8.71,10.3626,False,False
2019-01-06 15:00:00,6.4033,1.7933,False,False
2019-01-06 16:00:00,4.8267,0.1711,False,False
2019-01-06 17:00:00,4.8117,0.1654,False,False
2019-01-06 18:00:00,6.96,3.0352,False,False
2019-01-06 19:00:00,7.22,3.7721,False,False
2019-01-06 20:00:00,7.6967,5.4159,False,False
2019-01-06 21:00:00,8.6183,9.8252,False,False
2019-01-06 22:00:00,7.9267,6.356,False,False
2019-01-06 23:00:00,8.285,8.0279,False,False
2019-01-07 00:00:00,10.32,23.2439,False,False
2019-01-07 01:00:00,9.045,12.4928,False,False
2019-01-07 02:00:00,8.4133,8.6913,False,False
2019-01-07 03:00:00,7.9883,6.6254,False,False
2019-01-07 04:00:00,9.6833,17.323,False,False
2019-01-07 05:00:00,10.0367,20.4656,False,False
2019-01-07 06:00:00,10.6767,27.0847,False,False
2019-01-07 07:00:00,16.7367,45.0,False,False
2019-01-07 08:00:00,18.66,45.0,False,False
2019-01-07 09:00:00,18.1633,45.0,False,False
2019-01-07 10:00:00,17.755,45.0,False,False
2019-01-07 11:00:00,17.93,45.0,False,False
2019-01-07 12:00:00,17.0483,45.0,False,False
2019-01-07 13:00:00,16.3317,45.0,False,False
2019-01-07 14:00:00,12.5483,45.0,False,False
2019-01-07 15:00:00,11.64,39.5211,False,False
2019-01-07 16:00:00,11.5833,38.7014,False,False
2019-01-07 17:00:00,9.3917,14.9855,False,False
2019-01-07 18:00:00,6.1367,1.3431,False,False
2019-01-07 19:00:00,7.64,5.1994,False,False
2019-01-07 20:00:00,6.935,2.9699,False,False
2019-01-07 21:00:00,8.4483,8.8784,False,False
2019-01-07 22:00:00,10.285,22.8879,False,False
2019-01-07 23:00:00,12.5733,45.0,False,False
2019-01-08 00:00:00,11.7283,40.8217,False,False
2019-01-08 01:00:00,10.955,30.3598,False,False
2019-01-08 02:00:00,9.7217,17.6472,False,False
2019-01-08 03:00:00,11.1467,32.7621,False,False
2019-01-08 04:00:00,11.8083,42.024,False,False
2019-01-08 05:00:00,13.695,45.0,False,False
2019-01-08 06:00:00,14.4133,45.0,False,False
2019-01-08 07:00:00,13.5067,45.0,False,False
2019-01-08 08:00:00,16.7717,45.0,False,False
2019-01-08 09:00:00,14.6433,45.0,False,False
2019-01-08 10:00:00,13.3667,45.0,False,False
2019-01-08 11:00:00,11.82,42.2013,False,False
2019-01-08 12:00:00,11.335,35.243,False,False
2019-01-08 13:00:00,14.02,45.0,False,False
2019-01-08 14:00:00,16.34,45.0,False,False
2019-01-08 15:00:00,15.8283,45.0,False,False
2019-01-08 16:00:00,15.1,45.0,False,False
2019-01-08 17:00:00,14.9967,45.0,False,False
2019-01-08 18:00:00,12.3517,45.0,False,False
2019-01-08 19:00:00,12.815,45.0,False,False
2019-01-08 20:00:00,11.2683,34.351,False,False
2019-01-08 21:00:00,13.7233,45.0,False,False
2019-01-08 22:00:00,13.05,45.0,False,False
2019-01-08 23:00:00,12.6117,45.0,False,False
2019-01-09 00:00:00,15.5217,45.0,False,False
2019-01-09 01:00:00,15.1117,45.0,False,False
2019-01-09 02:00:00,15.2033,45.0,False,False
2019-01-09 03:00:00,15.12,45.0,False,False
2019-01-09 04:00:00,13.945,45.0,False,False
2019-01-09 05:00:00,15.8717,45.0,False,False
2019-01-09 06:00:00,17.0883,45.0,False,False
2019-01-09 07:00:00,19.6417,45.0,False,False
2019-01-09 08:00:00,18.2567,45.0,False,False
2019-01-09 09:00:00,18.5583,45.0,False,False
2019-01-09 10:00:00,20.7183,45.0,False,False
2019-01-09 11:00:00,20.26,45.0,False,False
2019-01-09 12:00:00,20.5667,45.0,False,False
2019-01-09 13:00:00,17.365,45.0,False,False
2019-01-09 14:00:00,16.485,45.0,False,False
2019-01-09 15:00:00,16.21,45.0,False,False
2019-01-09 16:00:00,17.585,45.0,False,False
2019-01-09 17:00:00,15.235,45.0,False,False
2019-01-09 18:00:00,15.995,45.0,False,False
2019-01-09 19:00:00,14.1567,45.0,False,False
2019-01-09 20:00:00,14.9083,45.0,False,False
2019-01-09 21:00:00,15.1983,45.0,False,False
2019-01-09 22:00:00,15.0033,45.0,False,False
2019-01-09 23:00:00,14.9117,45.0,False,False
2019-01-10 00:00:00,15.34,45.0,False,False
2019-01-10 01:00:00,13.5983,45.0,False,False
2019-01-10 02:00:00,12.2967,45.0,False,False
2019-01-10 03:00:00,12.845,45.0,False,False
2019-01-10 04:00:00,11.765,41.3699,False,False
2019-01-10 05:00:00,11.3317,35.198,False,False
2019-01-10 06:00:00,13.74,45.0,False,False
2019-01-10 07:00:00,14.8817,45.0,False,False
2019-01-10 08:00:00,15.21,45.0,False,False
2019-01-10 09:00:00,16.2367,45.0,False,False
2019-01-10 10:00:00,15.3167,45.0,False,False
2019-01-10 11:00:00,14.7567,45.0,False,False
2019-01-10 12:00:00,17.5083,45.0,False,False
2019-01-10 13:00:00,16.3417,45.0,False,False
2019-01-10 14:00:00,16.4167,45.0,False,False
2019-01-10 15:00:00,14.895,45.0,False,False
2019-01-10 16:00:00,15.0467,45.0,False,False
2019-01-10 17:00:00,16.4333,45.0,False,False
2019-01-10 18:00:00,17.7306,45.0,False,False
2019-01-10 19:00:00,17.1183,45.0,False,False
2019-01-10 20:00:00,15.8467,45.0,False,False
2019-01-10 21:00:00,15.5617,45.0,False,False
2019-01-10 22:00:00,16.6717,45.0,False,False
2019-01-10 23:00:00,17.2933,45.0,False,False
2019-01-11 00:00:00,14.8983,45.0,False,False
2019-01-11 01:00:00,13.04,45.0,False,False
2019-01-11 02:00:00,12.6583,45.0,False,False
2019-01-11 03:00:00,12.075,45.0,False,False
2019-01-11 04:00:00,12.7033,45.0,False,False
2019-01-11 05:00:00,11.0033,30.9541,False,False
2019-01-11 06:00:00,10.135,21.4032,False,False
2019-01-11 07:00:00,14.2067,45.0,False,False
2019-01-11 08:00:00,15.3883,45.0,False,False
2019-01-11 09:00:00,16.01,45.0,False,False
2019-01-11 10:00:00,14.395,45.0,False,False
2019-01-11 11:00:00,12.6833,45.0,False,False
2019-01-11 12:00:00,15.63,45.0,False,False
2019-01-11 13:00:00,13.5067,45.0,False,False
2019-01-11 14:00:00,16.35,45.0,False,False
2019-01-11 15:00:00,17.5117,45.0,False,False
2019-01-11 16:00:00,14.3883,45.0,False,False
2019-01-11 17:00:00,10.7633,28.0778,False,False
2019-01-11 18:00:00,10.8533,29.1346,False,False
2019-01-11 19:00:00,8.1733,7.4789,False,False
2019-01-11 20:00:00,6.4117,1.8088,False,False
2019-01-11 21:00:00,7.515,4.7426,False,False
2019-01-11 22:00:00,11.2683,34.351,False,False
2019-01-11 23:00:00,12.97,45.0,False,False
2019-01-12 00:00:00,13.23,45.0,False,False
2019-01-12 01:00:00,19.2667,45.0,False,False
2019-01-12 02:00:00,22.3633,45.0,False,False
2019-01-12 03:00:00,20.7233,45.0,False,False
2019-01-12 04:00:00,20.225,45.0,False,False
2019-01-12 05:00:00,22.465,45.0,False,False
2019-01-12 06:00:00,20.8283,45.0,False,False
2019-01-12 07:00:00,23.7133,45.0,False,False
2019-01-12 08:00:00,22.92,45.0,False,False
2019-01-12 09:00:00,22.1017,45.0,False,False
2019-01-12 10:00:00,20.6583,45.0,False,False
2019-01-12 11:00:00,20.4417,45.0,False,False
2019-01-12 12:00:00,20.1033,45.0,False,False
2019-01-12 13:00:00,20.375,45.0,False,False
2019-01-12 14:00:00,19.78,45.0,False,False
2019-01-12 15:00:00,19.1067,45.0,False,False
2019-01-12 16:00:00,18.5067,45.0,False,False
2019-01-12 17:00:00,17.035,45.0,False,False
2019-01-12 18:00:00,15.9183,45.0,False,False
2019-01-12 19:00:00,18.3833,45.0,False,False
2019-01-12 20:00:00,19.3817,45.0,False,False
2019-01-12 21:00:00,16.1217,45.0,False,False
2019-01-12 22:00:00,16.6883,45.0,False,False
2019-01-12 23:00:00,15.66,45.0,False,False
2019-01-13 00:00:00,15.1383,45.0,False,False
2019-01-13 01:00:00,14.4817,45.0,False,False
2019-01-13 02:00:00,15.65,45.0,False,False
2019-01-13 03:00:00,15.3383,45.0,False,False
2019-01-13 04:00:00,15.2467,45.0,False,False
2019-01-13 05:00:00,14.9217,45.0,False,False
2019-01-13 06:00:00,14.1767,45.0,False,False
2019-01-13 07:00:00,14.1367,45.0,False,False
2019-01-13 08:00:00,12.5933,45.0,False,False
2019-01-13 09:00:00,12.2433,45.0,False,False
2019-01-13 10:00:00,12.45,45.0,False,False
2019-01-13 11:00:00,13.1317,45.0,False,False
2019-01-13 12:00:00,10.18,21.8416,False,False
2019-01-13 13:00:00,7.645,5.2183,False,False
2019-01-13 14:00:00,6.4283,1.84,False,False
2019-01-13 15:00:00,7.7817,5.7517,False,False
2019-01-13 16:00:00,6.7,2.4011,False,False
2019-01-13 17:00:00,5.86,0.9631,False,False
2019-01-13 18:00:00,6.0417,1.2031,False,False
2019-01-13 19:00:00,5.46,0.5517,False,False
2019-01-13 20:00:00,5.3767,0.4843,False,False
2019-01-13 21:00:00,4.8533,0.1816,False,False
2019-01-13 22:00:00,3.92,0.0054,False,False
2019-01-13 23:00:00,4.3717,0.0485,False,False
2019-01-14 00:00:00,4.015,0.01,False,False
2019-01-14 01:00:00,3.8233,0.0025,False,False
2019-01-14 02:00:00,3.5283,0.0,False,False
2019-01-14 03:00:00,2.725,0.0,False,True
2019-01-14 04:00:00,2.8783,0.0,False,True
2019-01-14 05:00:00,2.83,0.0,False,True
2019-01-14 06:00:00,5.1217,0.3125,False,False
2019-01-14 07:00:00,3.225,0.0,False,True
2019-01-14 08:00:00,1.525,0.0,False,True
2019-01-14 09:00:00,2.8633,0.0,False,True
2019-01-14 10:00:00,3.2517,0.0,False,True
2019-01-14 11:00:00,3.095,0.0,False,True
2019-01-14 12:00:00,4.0817,0.0144,False,False
2019-01-14 13:00:00,3.6567,0.0003,False,False
2019-01-14 14:00:00,5.3983,0.5013,False,False
2019-01-14 15:00:00,9.5567,16.2801,False,False
2019-01-14 16:00:00,7.2167,3.762,False,False
2019-01-14 17:00:00,5.8917,1.0024,False,False
2019-01-14 18:00:00,4.7983,0.1604,False,False
2019-01-14 19:00:00,4.2183,0.0272,False,False
2019-01-14 20:00:00,4.3067,0.0385,False,False
2019-01-14 21:00:00,3.8333,0.0027,False,False
2019-01-14 22:00:00,3.4633,0.0,False,True
2019-01-14 23:00:00,3.7717,0.0015,False,False
2019-01-15 00:00:00,3.725,0.0008,False,False
2019-01-15 01:00:00,4.565,0.0885,False,False
2019-01-15 02:00:00,6.5933,2.1689,False,False
2019-01-15 03:00:00,8.3217,8.2139,False,False
2019-01-15 04:00:00,10.2417,22.4521,False,False
2019-01-15 05:00:00,9.2433,13.8819,False,False
2019-01-15 06:00:00,9.495,15.7879,False,False
2019-01-15 07:00:00,9.64,16.9614,False,False
2019-01-15 08:00:00,8.485,9.0772,False,False
2019-01-15 09:00:00,8.37,8.4634,False,False
2019-01-15 10:00:00,7.7417,5.592,False,False
2019-01-15 11:00:00,12.5933,45.0,False,False
2019-01-15 12:00:00,10.6583,26.8777,False,False
2019-01-15 13:00:00,13.175,45.0,False,False
2019-01-15 14:00:00,11.9,43.4304,False,False
2019-01-15 15:00:00,11.9633,44.4202,False,False
2019-01-15 16:00:00,10.6583,26.8777,False,False
2019-01-15 17:00:00,7.93,6.3704,False,False
2019-01-15 18:00:00,7.2033,3.7216,False,False
2019-01-15 19:00:00,8.4233,8.7445,False,False
2019-01-15 20:00:00,8.91,11.6024,False,False
2019-01-15 21:00:00,7.4267,4.4364,False,False
2019-01-15 22:00:00,7.155,3.5778,False,False
2019-01-15 23:00:00,8.1767,7.4949,False,False
2019-01-16 00:00:00,10.2267,22.3026,False,False
2019-01-16 01:00:00,14.1017,45.0,False,False
2019-01-16 02:00:00,15.015,45.0,False,False
2019-01-16 03:00:00,13.0533,45.0,False,False
2019-01-16 04:00:00,12.1833,45.0,False,False
2019-01-16 05:00:00,13.0283,45.0,False,False
2019-01-16 06:00:00,14.8583,45.0,False,False
2019-01-16 07:00:00,14.4933,45.0,False,False
2019-01-16 08:00:00,13.3333,45.0,False,False
2019-01-16 09:00:00,14.42,45.0,False,False
2019-01-16 10:00:00,12.7283,45.0,False,False
2019-01-16 11:00:00,13.0833,45.0,False,False
2019-01-16 12:00:00,13.35,45.0,False,False
2019-01-16 13:00:00,17.3767,45.0,False,False
2019-01-16 14:00:00,14.86,45.0,False,False
2019-01-16 15:00:00,13.3817,45.0,False,False
2019-01-16 16:00:00,13.1517,45.0,False,False
2019-01-16 17:00:00,14.4467,45.0,False,False
2019-01-16 18:00:00,12.9883,45.0,False,False
2019-01-16 19:00:00,13.7533,45.0,False,False
2019-01-16 20:00:00,16.2567,45.0,False,False
2019-01-16 21:00:00,15.7967,45.0,False,False
2019-01-16 22:00:00,15.725,45.0,False,False
2019-01-16 23:00:00,16.415,45.0,False,False
2019-01-17 00:00:00,17.6,45.0,False,False
2019-01-17 01:00:00,17.3983,45.0,False,False
2019-01-17 02:00:00,15.5967,45.0,False,False
2019-01-17 03:00:00,15.3233,45.0,False,False
2019-01-17 04:00:00,14.6717,45.0,False,False
2019-01-17 05:00:00,12.865,45.0,False,False
2019-01-17 06:00:00,10.8817,29.4726,False,False
2019-01-17 07:00:00,10.285,22.8879,False,False
2019-01-17 08:00:00,10.1833,21.8743,False,False
2019-01-17 09:00:00,11.35,35.4458,False,False
2019-01-17 10:00:00,11.5183,37.7753,False,False
2019-01-17 11:00:00,11.445,36.7483,False,False
2019-01-17 12:00:00,11.2817,34.5282,False,False
2019-01-17 13:00:00,9.2917,14.2353,False,False
2019-01-17 14:00:00,9.795,18.2786,False,False
2019-01-17 15:00:00,9.0783,12.7195,False,False
2019-01-17 16:00:00,9.23,13.7854,False,False
2019-01-17 17:00:00,7.4583,4.5446,False,False
2019-01-17 18:00:00,6.68,2.3563,False,False
2019-01-17 19:00:00,5.7067,0.7873,False,False
2019-01-17 20:00:00,4.685,0.1219,False,False
2019-01-17 21:00:00,7.2583,3.8899,False,False
2019-01-17 22:00:00,7.1033,3.4282,False,False
2019-01-17 23:00:00,6.5533,2.0858,False,False
2019-01-18 00:00:00,9.1567,13.2629,False,False
2019-01-18 01:00:00,11.885,43.1981,False,False
2019-01-18 02:00:00,9.3583,14.7326,False,False
2019-01-18 03:00:00,7.99,6.6328,False,False
2019-01-18 04:00:00,6.7867,2.6015,False,False
2019-01-18 05:00:00,5.1833,0.3495,False,False
2019-01-18 06:00:00,6.9933,3.1237,False,False
2019-01-18 07:00:00,6.225,1.4827,False,False
2019-01-18 08:00:00,5.9,1.013,False,False
2019-01-18 09:00:00,4.9817,0.2383,False,False
2019-01-18 10:00:00,3.7667,0.0014,False,False
2019-01-18 11:00:00,2.8217,0.0,False,True
2019-01-18 12:00:00,4.6817,0.1209,False,False
2019-01-18 13:00:00,5.95,1.0776,False,False
2019-01-18 14:00:00,5.345,0.4602,False,False
2019-01-18 15:00:00,6.7617,2.5426,False,False
2019-01-18 16:00:00,6.5083,1.995,False,False
2019-01-18 17:00:00,3.8933,0.0045,False,False
2019-01-18 18:00:00,5.085,0.2918,False,False
2019-01-18 19:00:00,4.6417,0.109,False,False
2019-01-18 20:00:00,2.2767,0.0,False,True
2019-01-18 21:00:00,4.0083,0.0096,False,False
2019-01-18 22:00:00,5.26,0.3995,False,False
2019-01-18 23:00:00,3.9783,0.008,False,False
2019-01-19 00:00:00,4.055,0.0125,False,False
2019-01-19 01:00:00,4.68,0.1204,False,False
2019-01-19 02:00:00,4.9583,0.2273,False,False
2019-01-19 03:00:00,5.4083,0.5092,False,False
2019-01-19 04:00:00,2.3683,0.0,False,True
2019-01-19 05:00:00,2.2533,0.0,False,True
2019-01-19 06:00:00,3.7617,0.0013,False,False
2019-01-19 07:00:00,5.2583,0.3983,False,False
2019-01-19 08:00:00,5.2683,0.4052,False,False
2019-01-19 09:00:00,4.575,0.091,False,False
2019-01-19 10:00:00,3.3017,0.0,False,True
2019-01-19 11:00:00,5.1967,0.3579,False,False
2019-01-19 12:00:00,4.1233,0.0177,False,False
2019-01-19 13:00:00,3.7683,0.0014,False,False
2019-01-19 14:00:00,5.0717,0.2845,False,False
2019-01-19 15:00:00,6.11,1.3028,False,False
2019-01-19 16:00:00,5.815,0.9091,False,False
2019-01-19 17:00:00,6.6067,2.197,False,False
2019-01-19 18:00:00,3.8183,0.0024,False,False
2019-01-19 19:00:00,2.28,0.0,False,True
2019-01-19 20:00:00,3.1167,0.0,False,True
2019-01-19 21:00:00,15.335,45.0,False,False
2019-01-19 22:00:00,12.0117,45.0,False,False
2019-01-19 23:00:00,9.74,17.8037,False,False
2019-01-20 00:00:00,10.3733,23.7935,False,False
2019-01-20 01:00:00,12.935,45.0,False,False
2019-01-20 02:00:00,14.315,45.0,False,False
2019-01-20 03:00:00,14.2333,45.0,False,False
2019-01-20 04:00:00,14.35,45.0,False,False
2019-01-20 05:00:00,12.69,45.0,False,False
2019-01-20 06:00:00,14.135,45.0,False,False
2019-01-20 07:00:00,13.3633,45.0,False,False
2019-01-20 08:00:00,13.585,45.0,False,False
2019-01-20 09:00:00,10.5033,25.1692,False,False
2019-01-20 10:00:00,6.9633,3.044,False,False
2019-01-20 11:00:00,3.2167,0.0,False,True
2019-01-20 12:00:00,4.1383,0.0191,False,False
2019-01-20 13:00:00,4.4033,0.054,False,False
2019-01-20 14:00:00,5.2483,0.3916,False,False
2019-01-20 15:00:00,6.765,2.5504,False,False
2019-01-20 16:00:00,5.405,0.5066,False,False
2019-01-20 17:00:00,8.925,11.6992,False,False
2019-01-20 18:00:00,10.4583,24.6872,False,False
2019-01-20 19:00:00,14.5467,45.0,False,False
2019-01-20 20:00:00,16.4267,45.0,False,False
2019-01-20 21:00:00,19.4933,45.0,False,False
2019-01-20 22:00:00,20.325,45.0,False,False
2019-01-20 23:00:00,18.48,45.0,False,False
2019-01-21 00:00:00,17.5867,45.0,False,False
2019-01-21 01:00:00,19.3283,45.0,False,False
2019-01-21 02:00:00,20.81,45.0,False,False
2019-01-21 03:00:00,22.9283,45.0,False,False
2019-01-21 04:00:00,20.58,45.0,False,False
2019-01-21 05:00:00,16.18,45.0,False,False
2019-01-21 06:00:00,12.3533,45.0,False,False
2019-01-21 07:00:00,10.5333,25.4941,False,False
2019-01-21 08:00:00,9.0467,12.5041,False,False
2019-01-21 09:00:00,6.9217,2.9354,False,False
2019-01-21 10:00:00,5.05,0.2729,False,False
2019-01-21 11:00:00,11.7733,41.4951,False,False
2019-01-21 12:00:00,9.8717,18.9546,False,False
2019-01-21 13:00:00,5.14,0.3232,False,False
2019-01-21 14:00:00,6.0717,1.2462,False,False
2019-01-21 15:00:00,10.6267,26.5225,False,False
2019-01-21 16:00:00,12.86,45.0,False,False
2019-01-21 17:00:00,16.66,45.0,False,False
2019-01-21 18:00:00,13.945,45.0,False,False
2019-01-21 19:00:00,14.7183,45.0,False,False
2019-01-21 20:00:00,16.3033,45.0,False,False
2019-01-21 21:00:00,17.775,45.0,False,False
2019-01-21 22:00:00,15.3233,45.0,False,False
2019-01-21 23:00:00,16.6117,45.0,False,False
2019-01-22 00:00:00,19.3417,45.0,False,False
2019-01-22 01:00:00,20.1983,45.0,False,False
2019-01-22 02:00:00,21.205,45.0,False,False
2019-01-22 03:00:00,18.0783,45.0,False,False
2019-01-22 04:00:00,19.4433,45.0,False,False
2019-01-22 05:00:00,22.0483,45.0,False,False
2019-01-22 06:00:00,24.6417,45.0,False,False
2019-01-22 07:00:00,24.155,45.0,False,False
2019-01-22 08:00:00,22.17,45.0,False,False
2019-01-22 09:00:00,25.4817,0.0,True,False
2019-01-22 10:00:00,24.895,45.0,False,False
2019-01-22 11:00:00,23.85,45.0,False,False
2019-01-22 12:00:00,25.2817,0.0,True,False
2019-01-22 13:00:00,23.8083,45.0,False,False
2019-01-22 14:00:00,22.2533,45.0,False,False
2019-01-22 15:00:00,18.47,45.0,False,False
2019-01-22 16:00:00,18.3033,45.0,False,False
2019-01-22 17:00:00,18.57,45.0,False,False
2019-01-22 18:00:00,18.3417,45.0,False,False
2019-01-22 19:00:00,15.0717,45.0,False,False
2019-01-22 20:00:00,13.2317,45.0,False,False
2019-01-22 21:00:00,10.5417,25.5848,False,False
2019-01-22 22:00:00,10.8933,29.6126,False,False
2019-01-22 23:00:00,10.0517,20.6068,False,False
2019-01-23 00:00:00,9.4567,15.4869,False,False
2019-01-23 01:00:00,9.085,12.7651,False,False
2019-01-23 02:00:00,7.875,6.1361,False,False
2019-01-23 03:00:00,8.3767,8.4982,False,False
2019-01-23 04:00:00,7.8183,5.9007,False,False
2019-01-23 05:00:00,8.3383,8.2993,False,False
2019-01-23 06:00:00,9.11,12.9373,False,False
2019-01-23 07:00:00,10.7733,28.194,False,False
2019-01-23 08:00:00,12.97,45.0,False,False
2019-01-23 09:00:00,12.5817,45.0,False,False
2019-01-23 10:00:00,10.0417,20.5126,False,False
2019-01-23 11:00:00,12.3167,45.0,False,False
2019-01-23 12:00:00,11.5383,38.0587,False,False
2019-01-23 13:00:00,8.6617,10.0769,False,False
2019-01-23 14:00:00,6.1983,1.4396,False,False
2019-01-23 15:00:00,3.94,0.0062,False,False
2019-01-23 16:00:00,3.48,0.0,False,True
2019-01-23 17:00:00,4.1083,0.0165,False,False
2019-01-23 18:00:00,4.995,0.2448,False,False
2019-01-23 19:00:00,7.5017,4.6955,False,False
2019-01-23 20:00:00,6.9767,3.0792,False,False
2019-01-23 21:00:00,6.7517,2.5193,False,False
2019-01-23 22:00:00,6.2183,1.4719,False,False
2019-01-23 23:00:00,9.7867,18.2061,False,False
2019-01-24 00:00:00,13.7817,45.0,False,False
2019-01-24 01:00:00,14.8117,45.0,False,False
2019-01-24 02:00:00,12.505,45.0,False,False
2019-01-24 03:00:00,9.335,14.5572,False,False
2019-01-24 04:00:00,8.425,8.7534,False,False
2019-01-24 05:00:00,10.2233,22.2695,False,False
2019-01-24 06:00:00,10.8717,29.353,False,False
2019-01-24 07:00:00,10.6883,27.217,False,False
2019-01-24 08:00:00,9.62,16.7962,False,False
2019-01-24 09:00:00,12.7183,45.0,False,False
2019-01-24 10:00:00,13.0,45.0,False,False
2019-01-24 11:00:00,12.1517,45.0,False,False
2019-01-24 12:00:00,9.4583,15.4999,False,False
2019-01-24 13:00:00,7.6267,5.1494,False,False
2019-01-24 14:00:00,7.145,3.5485,False,False
2019-01-24 15:00:00,7.23,3.8026,False,False
2019-01-24 16:00:00,6.2033,1.4476,False,False
2019-01-24 17:00:00,3.645,0.0002,False,False
2019-01-24 18:00:00,4.005,0.0094,False,False
2019-01-24 19:00:00,3.25,0.0,False,True
2019-01-24 20:00:00,5.8817,0.9899,False,False
2019-01-24 21:00:00,8.155,7.3912,False,False
2019-01-24 22:00:00,10.2633,22.6693,False,False
2019-01-24 23:00:00,12.4433,45.0,False,False
2019-01-25 00:00:00,12.8783,45.0,False,False
2019-01-25 01:00:00,11.285,34.5726,False,False
2019-01-25 02:00:00,11.8483,42.6339,False,False
2019-01-25 03:00:00,15.8467,45.0,False,False
2019-01-25 04:00:00,17.4933,45.0,False,False
2019-01-25 05:00:00,19.1433,45.0,False,False
2019-01-25 06:00:00,20.4083,45.0,False,False
2019-01-25 07:00:00,13.315,45.0,False,False
2019-01-25 08:00:00,14.85,45.0,False,False
2019-01-25 09:00:00,14.2283,45.0,False,False
2019-01-25 10:00:00,13.89,45.0,False,False
2019-01-25 11:00:00,13.4617,45.0,False,False
2019-01-25 12:00:00,14.7283,45.0,False,False
2019-01-25 13:00:00,14.41,45.0,False,False
2019-01-25 14:00:00,15.3783,45.0,False,False
2019-01-25 15:00:00,14.615,45.0,False,False
2019-01-25 16:00:00,13.9833,45.0,False,False
2019-01-25 17:00:00,13.4033,45.0,False,False
2019-01-25 18:00:00,12.8817,45.0,False,False
2019-01-25 19:00:00,13.0783,45.0,False,False
2019-01-25 20:00:00,15.17,45.0,False,False
2019-01-25 21:00:00,15.0967,45.0,False,False
2019-01-25 22:00:00,17.575,45.0,False,False
2019-01-25 23:00:00,21.4,45.0,False,False
2019-01-26 00:00:00,23.6467,45.0,False,False
2019-01-26 01:00:00,26.1,0.0,True,False
2019-01-26 02:00:00,25.2767,0.0,True,False
2019-01-26 03:00:00,24.705,45.0,False,False
2019-01-26 04:00:00,23.3867,45.0,False,False
2019-01-26 05:00:00,24.555,45.0,False,False
2019-01-26 06:00:00,25.9283,0.0,True,False
2019-01-26 07:00:00,26.215,0.0,True,False
2019-01-26 08:00:00,25.7133,0.0,True,False
2019-01-26 09:00:00,23.7967,45.0,False,False
2019-01-26 10:00:00,28.0817,0.0,True,False
2019-01-26 11:00:00,25.7233,0.0,True,False
2019-01-26 12:00:00,23.8433,45.0,False,False
2019-01-26 13:00:00,23.9817,45.0,False,False
2019-01-26 14:00:00,22.9417,45.0,False,False
2019-01-26 15:00:00,22.375,45.0,False,False
2019-01-26 16:00:00,24.3533,45.0,False,False
2019-01-26 17:00:00,25.135,0.0,True,False
2019-01-26 18:00:00,24.3583,45.0,False,False
2019-01-26 19:00:00,23.205,45.0,False,False
2019-01-26 20:00:00,24.035,45.0,False,False
2019-01-26 21:00:00,26.42,0.0,True,False
2019-01-26 22:00:00,32.5833,0.0,True,False
2019-01-26 23:00:00,31.355,0.0,True,False
2019-01-27 00:00:00,27.0433,0.0,True,False
2019-01-27 01:00:00,26.1283,0.0,True,False
2019-01-27 02:00:00,27.8367,0.0,True,False
2019-01-27 03:00:00,26.3917,0.0,True,False
2019-01-27 04:00:00,25.7683,0.0,True,False
2019-01-27 05:00:00,28.4583,0.0,True,False
2019-01-27 06:00:00,24.9433,45.0,False,False
2019-01-27 07:00:00,23.5367,45.0,False,False
2019-01-27 08:00:00,21.2633,45.0,False,False
2019-01-27 09:00:00,20.02,45.0,False,False
2019-01-27 10:00:00,22.1017,45.0,False,False
2019-01-27 11:00:00,22.685,45.0,False,False
2019-01-27 12:00:00,22.8883,45.0,False,False
2019-01-27 13:00:00,21.0783,45.0,False,False
2019-01-27 14:00:00,27.725,0.0,True,False
2019-01-27 15:00:00,26.7483,0.0,True,False
2019-01-27 16:00:00,24.2333,45.0,False,False
2019-01-27 17:00:00,24.2383,45.0,False,False
2019-01-27 18:00:00,22.2933,45.0,False,False
2019-01-27 19:00:00,21.3,45.0,False,False
2019-01-27 20:00:00,25.115,0.0,True,False
2019-01-27 21:00:00,26.8417,0.0,True,False
2019-01-27 22:00:00,29.7367,0.0,True,False
2019-01-27 23:00:00,30.2683,0.0,True,False
2019-01-28 00:00:00,32.1267,0.0,True,False
2019-01-28 01:00:00,28.7067,0.0,True,False
2019-01-28 02:00:00,28.5667,0.0,True,False
2019-01-28 03:00:00,28.1233,0.0,True,False
2019-01-28 04:00:00,26.36,0.0,True,False
2019-01-28 05:00:00,27.3217,0.0,True,False
2019-01-28 06:00:00,26.7767,0.0,True,False
2019-01-28 07:00:00,25.645,0.0,True,False
2019-01-28 08:00:00,24.865,45.0,False,False
2019-01-28 09:00:00,25.245,0.0,True,False
2019-01-28 10:00:00,26.4267,0.0,True,False
2019-01-28 11:00:00,24.5483,45.0,False,False
2019-01-28 12:00:00,23.0733,45.0,False,False
2019-01-28 13:00:00,19.145,45.0,False,False
2019-01-28 14:00:00,17.9033,45.0,False,False
2019-01-28 15:00:00,17.0,45.0,False,False
2019-01-28 16:00:00,17.6167,45.0,False,False
2019-01-28 17:00:00,18.29,45.0,False,False
2019-01-28 18:00:00,15.3667,45.0,False,False
2019-01-28 19:00:00,11.6617,39.8375,False,False
2019-01-28 20:00:00,8.3033,8.1205,False,False
2019-01-28 21:00:00,10.075,20.8278,False,False
2019-01-28 22:00:00,12.8633,45.0,False,False
2019-01-28 23:00:00,11.29,34.6392,False,False
2019-01-29 00:00:00,12.2333,45.0,False,False
2019-01-29 01:00:00,16.9433,45.0,False,False
2019-01-29 02:00:00,15.3433,45.0,False,False
2019-01-29 03:00:00,11.2033,33.4959,False,False
2019-01-29 04:00:00,17.07,45.0,False,False
2019-01-29 05:00:00,22.2767,45.0,False,False
2019-01-29 06:00:00,21.2767,45.0,False,False
2019-01-29 07:00:00,16.8717,45.0,False,False
2019-01-29 08:00:00,16.9417,45.0,False,False
2019-01-29 09:00:00,18.8267,45.0,False,False
2019-01-29 10:00:00,19.4833,45.0,False,False
2019-01-29 11:00:00,17.595,45.0,False,False
2019-01-29 12:00:00,17.9833,45.0,False,False
2019-01-29 13:00:00,16.3,45.0,False,False
2019-01-29 14:00:00,15.2917,45.0,False,False
2019-01-29 15:00:00,14.5667,45.0,False,False
2019-01-29 16:00:00,10.6933,27.2738,False,False
2019-01-29 17:00:00,13.46,45.0,False,False
2019-01-29 18:00:00,15.4083,45.0,False,False
2019-01-29 19:00:00,15.5367,45.0,False,False
2019-01-29 20:00:00,12.5817,45.0,False,False
2019-01-29 21:00:00,16.6233,45.0,False,False
2019-01-29 22:00:00,19.3967,45.0,False,False
2019-01-29 23:00:00,18.2017,45.0,False,False
2019-01-30 00:00:00,17.99,45.0,False,False
2019-01-30 01:00:00,17.7483,45.0,False,False
2019-01-30 02:00:00,18.6017,45.0,False,False
2019-01-30 03:00:00,19.375,45.0,False,False
2019-01-30 04:00:00,19.24,45.0,False,False
2019-01-30 05:00:00,20.6017,45.0,False,False
2019-01-30 06:00:00,20.4183,45.0,False,False
2019-01-30 07:00:00,21.1983,45.0,False,False
2019-01-30 08:00:00,19.0567,45.0,False,False
2019-01-30 09:00:00,19.8267,45.0,False,False
2019-01-30 10:00:00,19.2917,45.0,False,False
2019-01-30 11:00:00,16.1967,45.0,False,False
2019-01-30 12:00:00,14.9467,45.0,False,False
2019-01-30 13:00:00,13.9117,45.0,False,False
2019-01-30 14:00:00,13.7817,45.0,False,False
2019-01-30 15:00:00,12.5817,45.0,False,False
2019-01-30 16:00:00,12.25,45.0,False,False
2019-01-30 17:00:00,9.5217,15.9995,False,False
2019-01-30 18:00:00,8.9117,11.6131,False,False
2019-01-30 19:00:00,6.4733,1.9261,False,False
2019-01-30 20:00:00,6.1767,1.4052,False,False
2019-01-30 21:00:00,3.175,0.0,False,True
2019-01-30 22:00:00,4.41,0.0552,False,False
2019-01-30 23:00:00,4.4183,0.0567,False,False
2019-01-31 00:00:00,6.9483,3.0046,False,False
2019-01-31 01:00:00,19.3367,45.0,False,False
2019-01-31 02:00:00,21.395,45.0,False,False
2019-01-31 03:00:00,23.625,45.0,False,False
2019-01-31 04:00:00,21.3467,45.0,False,False
2019-01-31 05:00:00,18.0117,45.0,False,False
2019-01-31 06:00:00,12.99,45.0,False,False
2019-01-31 07:00:00,11.6517,39.6913,False,False
2019-01-31 08:00:00,11.9733,44.5778,False,False
2019-01-31 09:00:00,15.4433,45.0,False,False
2019-01-31 10:00:00,9.43,15.2799,False,False
2019-01-31 11:00:00,10.1017,21.0822,False,False
2019-01-31 12:00:00,9.9867,19.9996,False,False
2019-01-31 13:00:00,7.4683,4.5791,False,False
2019-01-31 14:00:00,3.4317,0.0,False,True
2019-01-31 15:00:00,5.68,0.7591,False,False
2019-01-31 16:00:00,5.89,1.0003,False,False
2019-01-31 17:00:00,5.0567,0.2764,False,False
2019-01-31 18:00:00,8.5367,9.3624,False,False
2019-01-31 19:00:00,10.175,21.7926,False,False
2019-01-31 20:00:00,9.9183,19.3741,False,False
2019-01-31 21:00:00,12.88,45.0,False,False
2019-01-31 22:00:00,9.2467,13.906,False,False
2019-01-31 23:00:00,2.945,0.0,False,True
2019-02-01 00:00:00,12.0117,45.0,False,False
2019-02-01 01:00:00,5.4783,0.5674,False,False
2019-02-01 02:00:00,21.1533,45.0,False,False
2019-02-01 03:00:00,13.5417,45.0,False,False
2019-02-01 04:00:00,13.7617,45.0,False,False
2019-02-01 05:00:00,19.8,45.0,False,False
2019-02-01 06:00:00,21.92,45.0,False,False
2019-02-01 07:00:00,21.6283,45.0,False,False
2019-02-01 08:00:00,17.8067,45.0,False,False
2019-02-01 09:00:00,17.1717,45.0,False,False
2019-02-01 10:00:00,19.355,45.0,False,False
2019-02-01 11:00:00,18.5267,45.0,False,False
2019-02-01 12:00:00,16.4783,45.0,False,False
2019-02-01 13:00:00,16.79,45.0,False,False
2019-02-01 14:00:00,11.3783,35.831,False,False
2019-02-01 15:00:00,10.445,24.5455,False,False
2019-02-01 16:00:00,9.5467,16.1996,False,False
2019-02-01 17:00:00,9.11,12.9373,False,False
2019-02-01 18:00:00,7.4417,4.4874,False,False
2019-02-01 19:00:00,9.15,13.216,False,False
2019-02-01 20:00:00,10.32,23.2439,False,False
2019-02-01 21:00:00,10.295,22.9892,False,False
2019-02-01 22:00:00,9.6633,17.1555,False,False
2019-02-01 23:00:00,9.7567,17.9467,False,False
2019-02-02 00:00:00,9.98,19.938,False,False
2019-02-02 01:00:00,10.2483,22.5188,False,False
2019-02-02 02:00:00,13.1667,45.0,False,False
2019-02-02 03:00:00,13.9617,45.0,False,False
2019-02-02 04:00:00,15.1267,45.0,False,False
2019-02-02 05:00:00,16.3017,45.0,False,False
2019-02-02 06:00:00,17.7,45.0,False,False
2019-02-02 07:00:00,16.3133,45.0,False,False
2019-02-02 08:00:00,14.5917,45.0,False,False
2019-02-02 09:00:00,14.1833,45.0,False,False
2019-02-02 10:00:00,13.5033,45.0,False,False
2019-02-02 11:00:00,13.9383,45.0,False,False
2019-02-02 12:00:00,13.1767,45.0,False,False
2019-02-02 13:00:00,15.11,45.0,False,False
2019-02-02 14:00:00,14.895,45.0,False,False
2019-02-02 15:00:00,10.9817,30.6867,False,False
2019-02-02 16:00:00,13.5933,45.0,False,False
2019-02-02 17:00:00,11.2617,34.2626,False,False
2019-02-02 18:00:00,10.8667,29.2933,False,False
2019-02-02 19:00:00,10.425,24.3341,False,False
2019-02-02 20:00:00,8.715,10.3925,False,False
2019-02-02 21:00:00,11.285,34.5726,False,False
2019-02-02 22:00:00,10.2533,22.5689,False,False
2019-02-02 23:00:00,10.2283,22.3192,False,False
2019-02-03 00:00:00,11.4233,36.4485,False,False
2019-02-03 01:00:00,15.0267,45.0,False,False
2019-02-03 02:00:00,20.1533,45.0,False,False
2019-02-03 03:00:00,21.7183,45.0,False,False
2019-02-03 04:00:00,23.1617,45.0,False,False
2019-02-03 05:00:00,24.5417,45.0,False,False
2019-02-03 06:00:00,21.52,45.0,False,False
2019-02-03 07:00:00,21.7817,45.0,False,False
2019-02-03 08:00:00,19.72,45.0,False,False
2019-02-03 09:00:00,13.1167,45.0,False,False
2019-02-03 10:00:00,14.2146,45.0,False,False
2019-02-03 11:00:00,12.3867,45.0,False,False
2019-02-03 12:00:00,10.1683,21.7274,False,False
2019-02-03 13:00:00,9.9583,19.7386,False,False
2019-02-03 14:00:00,6.75,2.5154,False,False
2019-02-03 15:00:00,3.0733,0.0,False,True
2019-02-03 16:00:00,3.985,0.0084,False,False
2019-02-03 17:00:00,4.4467,0.0622,False,False
2019-02-03 18:00:00,5.585,0.6642,False,False
2019-02-03 19:00:00,4.0367,0.0113,False,False
2019-02-03 20:00:00,5.5417,0.6236,False,False
2019-02-03 21:00:00,7.1233,3.4856,False,False
2019-02-03 22:00:00,9.465,15.552,False,False
2019-02-03 23:00:00,11.725,40.7721,False,False
2019-02-04 00:00:00,12.4267,45.0,False,False
2019-02-04 01:00:00,12.98,45.0,False,False
2019-02-04 02:00:00,13.15,45.0,False,False
2019-02-04 03:00:00,11.8033,41.9482,False,False
2019-02-04 04:00:00,12.3367,45.0,False,False
2019-02-04 05:00:00,14.3483,45.0,False,False
2019-02-04 06:00:00,12.1883,45.0,False,False
2019-02-04 07:00:00,4.3533,0.0455,False,False
2019-02-04 08:00:00,4.1917,0.0242,False,False
2019-02-04 09:00:00,4.4523,0.0633,False,False
2019-02-04 10:00:00,6.16,1.3791,False,False
2019-02-04 11:00:00,8.0133,6.7367,False,False
2019-02-04 12:00:00,7.1917,3.6866,False,False
2019-02-04 13:00:00,6.9017,2.8842,False,False
2019-02-04 14:00:00,7.3233,4.0953,False,False
2019-02-04 15:00:00,7.585,4.995,False,False
2019-02-04 16:00:00,8.4467,8.8694,False,False
2019-02-04 17:00:00,7.6767,5.3388,False,False
2019-02-04 18:00:00,5.2033,0.3621,False,False
2019-02-04 19:00:00,3.5167,0.0,False,False
2019-02-04 20:00:00,2.33,0.0,False,True
2019-02-04 21:00:00,3.3917,0.0,False,True
2019-02-04 22:00:00,4.0267,0.0107,False,False
2019-02-04 23:00:00,5.1533,0.3312,False,False
2019-02-05 00:00:00,7.4833,4.6312,False,False
2019-02-05 01:00:00,12.7,45.0,False,False
2019-02-05 02:00:00,11.0467,31.4935,False,False
2019-02-05 03:00:00,11.1933,33.3656,False,False
2019-02-05 04:00:00,11.1833,33.2357,False,False
2019-02-05 05:00:00,11.4867,37.3295,False,False
2019-02-05 06:00:00,9.115,12.9719,False,False
2019-02-05 07:00:00,6.345,1.6873,False,False
2019-02-05 08:00:00,3.7067,0.0006,False,False
2019-02-05 09:00:00,3.7833,0.0017,False,False
2019-02-05 10:00:00,3.915,0.0052,False,False
2019-02-05 11:00:00,5.6833,0.7626,False,False
2019-02-05 12:00:00,6.585,2.1514,False,False
2019-02-05 13:00:00,6.4267,1.8369,False,False
2019-02-05 14:00:00,6.4283,1.84,False,False
2019-02-05 15:00:00,7.045,3.2644,False,False
2019-02-05 16:00:00,6.3517,1.6992,False,False
2019-02-05 17:00:00,5.57,0.6499,False,False
2019-02-05 18:00:00,5.0817,0.2899,False,False
2019-02-05 19:00:00,3.4117,0.0,False,True
2019-02-05 20:00:00,2.7367,0.0,False,True
2019-02-05 21:00:00,5.785,0.8742,False,False
2019-02-05 22:00:00,7.0833,3.3715,False,False
2019-02-05 23:00:00,9.61,16.714,False,False
2019-02-06 00:00:00,10.2983,23.0231,False,False
2019-02-06 01:00:00,7.9133,6.2988,False,False
2019-02-06 02:00:00,9.7333,17.7467,False,False
2019-02-06 03:00:00,9.8617,18.8655,False,False
2019-02-06 04:00:00,7.325,4.1006,False,False
2019-02-06 05:00:00,5.0583,0.2773,False,False
2019-02-06 06:00:00,10.2283,22.3192,False,False
2019-02-06 07:00:00,7.695,5.4094,False,False
2019-02-06 08:00:00,8.395,8.5944,False,False
2019-02-06 09:00:00,10.4167,24.2463,False,False
2019-02-06 10:00:00,13.5533,45.0,False,False
2019-02-06 11:00:00,12.7417,45.0,False,False
2019-02-06 12:00:00,11.0883,32.0181,False,False
2019-02-06 13:00:00,8.4217,8.7356,False,False
2019-02-06 14:00:00,6.3167,1.6374,False,False
2019-02-06 15:00:00,5.2883,0.4191,False,False
2019-02-06 16:00:00,4.8033,0.1622,False,False
2019-02-06 17:00:00,5.1217,0.3125,False,False
2019-02-06 18:00:00,5.1533,0.3312,False,False
2019-02-06 19:00:00,5.565,0.6452,False,False
2019-02-06 20:00:00,3.605,0.0001,False,False
2019-02-06 21:00:00,2.23,0.0,False,True
2019-02-06 22:00:00,5.6767,0.7557,False,False
2019-02-06 23:00:00,11.7317,40.8714,False,False
2019-02-07 00:00:00,9.7283,17.704,False,False
2019-02-07 01:00:00,15.9783,45.0,False,False
2019-02-07 02:00:00,18.79,45.0,False,False
2019-02-07 03:00:00,19.9233,45.0,False,False
2019-02-07 04:00:00,19.425,45.0,False,False
2019-02-07 05:00:00,19.5917,45.0,False,False
2019-02-07 06:00:00,19.8317,45.0,False,False
2019-02-07 07:00:00,14.7983,45.0,False,False
2019-02-07 08:00:00,12.6267,45.0,False,False
2019-02-07 09:00:00,14.1,45.0,False,False
2019-02-07 10:00:00,13.1233,45.0,False,False
2019-02-07 11:00:00,14.55,45.0,False,False
2019-02-07 12:00:00,14.5783,45.0,False,False
2019-02-07 13:00:00,15.5467,45.0,False,False
2019-02-07 14:00:00,17.1467,45.0,False,False
2019-02-07 15:00:00,20.875,45.0,False,False
2019-02-07 16:00:00,18.98,45.0,False,False
2019-02-07 17:00:00,19.635,45.0,False,False
2019-02-07 18:00:00,19.0283,45.0,False,False
2019-02-07 19:00:00,17.9133,45.0,False,False
2019-02-07 20:00:00,17.1633,45.0,False,False
2019-02-07 21:00:00,19.2367,45.0,False,False
2019-02-07 22:00:00,24.435,45.0,False,False
2019-02-07 23:00:00,25.02,0.0,True,False
2019-02-08 00:00:00,25.5517,0.0,True,False
2019-02-08 01:00:00,29.0933,0.0,True,False
2019-02-08 02:00:00,31.6283,0.0,True,False
2019-02-08 03:00:00,32.3817,0.0,True,False
2019-02-08 04:00:00,28.5533,0.0,True,False
2019-02-08 05:00:00,32.84,0.0,True,False
2019-02-08 06:00:00,32.8767,0.0,True,False
2019-02-08 07:00:00,28.4783,0.0,True,False
2019-02-08 08:00:00,28.0317,0.0,True,False
2019-02-08 09:00:00,24.2907,45.0,False,False
2019-02-08 10:00:00,22.735,45.0,False,False
2019-02-08 11:00:00,22.4117,45.0,False,False
2019-02-08 12:00:00,22.9367,45.0,False,False
2019-02-08 13:00:00,26.6067,0.0,True,False
2019-02-08 14:00:00,28.8783,0.0,True,False
2019-02-08 15:00:00,29.1633,0.0,True,False
2019-02-08 16:00:00,24.9233,45.0,False,False
2019-02-08 17:00:00,25.5517,0.0,True,False
2019-02-08 18:00:00,24.8867,45.0,False,False
2019-02-08 19:00:00,27.9383,0.0,True,False
2019-02-08 20:00:00,26.8067,0.0,True,False
2019-02-08 21:00:00,25.6417,0.0,True,False
2019-02-08 22:00:00,24.4083,45.0,False,False
2019-02-08 23:00:00,25.0033,0.0,True,False
2019-02-09 00:00:00,25.915,0.0,True,False
2019-02-09 01:00:00,23.2917,45.0,False,False
2019-02-09 02:00:00,23.4767,45.0,False,False
2019-02-09 03:00:00,21.6783,45.0,False,False
2019-02-09 04:00:00,21.5117,45.0,False,False
2019-02-09 05:00:00,22.35,45.0,False,False
2019-02-09 06:00:00,24.9717,45.0,False,False
2019-02-09 07:00:00,26.1783,0.0,True,False
2019-02-09 08:00:00,23.365,45.0,False,False
2019-02-09 09:00:00,23.49,45.0,False,False
2019-02-09 10:00:00,25.515,0.0,True,False
2019-02-09 11:00:00,28.445,0.0,True,False
2019-02-09 12:00:00,27.875,0.0,True,False
2019-02-09 13:00:00,25.9717,0.0,True,False
2019-02-09 14:00:00,23.21,45.0,False,False
2019-02-09 15:00:00,23.585,45.0,False,False
2019-02-09 16:00:00,21.015,45.0,False,False
2019-02-09 17:00:00,19.71,45.0,False,False
2019-02-09 18:00:00,22.0067,45.0,False,False
2019-02-09 19:00:00,22.7183,45.0,False,False
2019-02-09 20:00:00,25.7817,0.0,True,False
2019-02-09 21:00:00,28.2367,0.0,True,False
2019-02-09 22:00:00,27.5183,0.0,True,False
2019-02-09 23:00:00,29.6433,0.0,True,False
2019-02-10 00:00:00,29.4333,0.0,True,False
2019-02-10 01:00:00,30.5417,0.0,True,False
2019-02-10 02:00:00,32.5167,0.0,True,False
2019-02-10 03:00:00,30.61,0.0,True,False
2019-02-10 04:00:00,34.0933,0.0,True,False
2019-02-10 05:00:00,32.6183,0.0,True,False
2019-02-10 06:00:00,29.27,0.0,True,False
2019-02-10 07:00:00,29.6683,0.0,True,False
2019-02-10 08:00:00,30.9283,0.0,True,False
2019-02-10 09:00:00,30.1933,0.0,True,False
2019-02-10 10:00:00,26.8733,0.0,True,False
2019-02-10 11:00:00,22.82,45.0,False,False
2019-02-10 12:00:00,24.4033,45.0,False,False
2019-02-10 13:00:00,25.7233,0.0,True,False
2019-02-10 14:00:00,25.2867,0.0,True,False
2019-02-10 15:00:00,25.8283,0.0,True,False
2019-02-10 16:00:00,25.7717,0.0,True,False
2019-02-10 17:00:00,26.63,0.0,True,False
2019-02-10 18:00:00,27.1133,0.0,True,False
2019-02-10 19:00:00,26.195,0.0,True,False
2019-02-10 20:00:00,26.0467,0.0,True,False
2019-02-10 21:00:00,25.14,0.0,True,False
2019-02-10 22:00:00,23.0633,45.0,False,False
2019-02-10 23:00:00,25.25,0.0,True,False
2019-02-11 00:00:00,23.8667,45.0,False,False
2019-02-11 01:00:00,25.22,0.0,True,False
2019-02-11 02:00:00,25.4133,0.0,True,False
2019-02-11 03:00:00,25.75,0.0,True,False
2019-02-11 04:00:00,24.7283,45.0,False,False
2019-02-11 05:00:00,26.5917,0.0,True,False
2019-02-11 06:00:00,26.5183,0.0,True,False
2019-02-11 07:00:00,25.6517,0.0,True,False
2019-02-11 08:00:00,27.3383,0.0,True,False
2019-02-11 09:00:00,25.48,0.0,True,False
2019-02-11 10:00:00,26.17,0.0,True,False
2019-02-11 11:00:00,25.6033,0.0,True,False
2019-02-11 12:00:00,24.7433,45.0,False,False
2019-02-11 13:00:00,27.485,0.0,True,False
2019-02-11 14:00:00,27.375,0.0,True,False
2019-02-11 15:00:00,25.4167,0.0,True,False
2019-02-11 16:00:00,22.755,45.0,False,False
2019-02-11 17:00:00,21.4083,45.0,False,False
2019-02-11 18:00:00,19.455,45.0,False,False
2019-02-11 19:00:00,19.4117,45.0,False,False
2019-02-11 20:00:00,21.6,45.0,False,False
2019-02-11 21:00:00,21.06,45.0,False,False
2019-02-11 22:00:00,25.4483,0.0,True,False
2019-02-11 23:00:00,27.5733,0.0,True,False
2019-02-12 00:00:00,26.7417,0.0,True,False
2019-02-12 01:00:00,23.325,45.0,False,False
2019-02-12 02:00:00,22.875,45.0,False,False
2019-02-12 03:00:00,21.7,45.0,False,False
2019-02-12 04:00:00,23.2083,45.0,False,False
2019-02-12 05:00:00,22.215,45.0,False,False
2019-02-12 06:00:00,23.975,45.0,False,False
2019-02-12 07:00:00,19.8433,45.0,False,False
2019-02-12 08:00:00,19.16,45.0,False,False
2019-02-12 09:00:00,19.785,45.0,False,False
2019-02-12 10:00:00,17.7267,45.0,False,False
2019-02-12 11:00:00,16.935,45.0,False,False
2019-02-12 12:00:00,16.8117,45.0,False,False
2019-02-12 13:00:00,20.8033,45.0,False,False
2019-02-12 14:00:00,18.6133,45.0,False,False
2019-02-12 15:00:00,15.7467,45.0,False,False
2019-02-12 16:00:00,17.86,45.0,False,False
2019-02-12 17:00:00,16.9,45.0,False,False
2019-02-12 18:00:00,13.15,45.0,False,False
2019-02-12 19:00:00,12.3083,45.0,False,False
2019-02-12 20:00:00,14.065,45.0,False,False
2019-02-12 21:00:00,16.3517,45.0,False,False
2019-02-12 22:00:00,12.6883,45.0,False,False
2019-02-12 23:00:00,15.3767,45.0,False,False
2019-02-13 00:00:00,15.1517,45.0,False,False
2019-02-13 01:00:00,15.575,45.0,False,False
2019-02-13 02:00:00,15.9417,45.0,False,False
2019-02-13 03:00:00,18.0083,45.0,False,False
2019-02-13 04:00:00,19.135,45.0,False,False
2019-02-13 05:00:00,21.7483,45.0,False,False
2019-02-13 06:00:00,21.125,45.0,False,False
2019-02-13 07:00:00,22.2683,45.0,False,False
2019-02-13 08:00:00,21.1983,45.0,False,False
2019-02-13 09:00:00,17.7469,45.0,False,False
2019-02-13 10:00:00,16.1667,45.0,False,False
2019-02-13 11:00:00,16.03,45.0,False,False
2019-02-13 12:00:00,17.2683,45.0,False,False
2019-02-13 13:00:00,14.895,45.0,False,False
2019-02-13 14:00:00,15.6533,45.0,False,False
2019-02-13 15:00:00,10.455,24.6517,False,False
2019-02-13 16:00:00,10.3833,23.8975,False,False
2019-02-13 17:00:00,9.0933,12.8224,False,False
2019-02-13 18:00:00,8.65,10.0087,False,False
2019-02-13 19:00:00,6.135,1.3406,False,False
2019-02-13 20:00:00,9.2417,13.8698,False,False
2019-02-13 21:00:00,10.5783,25.9866,False,False
2019-02-13 22:00:00,13.3367,45.0,False,False
2019-02-13 23:00:00,13.715,45.0,False,False
2019-02-14 00:00:00,13.7783,45.0,False,False
2019-02-14 01:00:00,16.5633,45.0,False,False
2019-02-14 02:00:00,14.965,45.0,False,False
2019-02-14 03:00:00,17.4217,45.0,False,False
2019-02-14 04:00:00,13.8167,45.0,False,False
2019-02-14 05:00:00,16.26,45.0,False,False
2019-02-14 06:00:00,18.955,45.0,False,False
2019-02-14 07:00:00,18.8117,45.0,False,False
2019-02-14 08:00:00,15.5383,45.0,False,False
2019-02-14 09:00:00,16.725,45.0,False,False
2019-02-14 10:00:00,20.0117,45.0,False,False
2019-02-14 11:00:00,15.5867,45.0,False,False
2019-02-14 12:00:00,13.3333,45.0,False,False
2019-02-14 13:00:00,12.7183,45.0,False,False
2019-02-14 14:00:00,13.36,45.0,False,False
2019-02-14 15:00:00,14.8167,45.0,False,False
2019-02-14 16:00:00,11.845,42.5829,False,False
2019-02-14 17:00:00,14.11,45.0,False,False
2019-02-14 18:00:00,15.7933,45.0,False,False
2019-02-14 19:00:00,20.1883,45.0,False,False
2019-02-14 20:00:00,20.135,45.0,False,False
2019-02-14 21:00:00,20.28,45.0,False,False
2019-02-14 22:00:00,16.3517,45.0,False,False
2019-02-14 23:00:00,17.4267,45.0,False,False
2019-02-15 00:00:00,14.8683,45.0,False,False
2019-02-15 01:00:00,15.28,45.0,False,False
2019-02-15 02:00:00,12.7267,45.0,False,False
2019-02-15 03:00:00,16.34,45.0,False,False
2019-02-15 04:00:00,14.305,45.0,False,False
2019-02-15 05:00:00,11.375,35.7855,False,False
2019-02-15 06:00:00,7.2483,3.859,False,False
2019-02-15 07:00:00,7.9967,6.6624,False,False
2019-02-15 08:00:00,8.8133,10.9915,False,False
2019-02-15 09:00:00,9.165,13.3216,False,False
2019-02-15 10:00:00,10.35,23.552,False,False
2019-02-15 11:00:00,7.365,4.2306,False,False
2019-02-15 12:00:00,7.8833,6.1712,False,False
2019-02-15 13:00:00,6.6317,2.2505,False,False
2019-02-15 14:00:00,8.4783,9.0408,False,False
2019-02-15 15:00:00,8.2017,7.6157,False,False
2019-02-15 16:00:00,8.6717,10.1355,False,False
2019-02-15 17:00:00,11.2717,34.3952,False,False
2019-02-15 18:00:00,12.7067,45.0,False,False
2019-02-15 19:00:00,18.0683,45.0,False,False
2019-02-15 20:00:00,15.1433,45.0,False,False
2019-02-15 21:00:00,10.79,28.3882,False,False
2019-02-15 22:00:00,13.56,45.0,False,False
2019-02-15 23:00:00,14.4033,45.0,False,False
2019-02-16 00:00:00,19.125,45.0,False,False
2019-02-16 01:00:00,19.1067,45.0,False,False
2019-02-16 02:00:00,22.34,45.0,False,False
2019-02-16 03:00:00,24.7767,45.0,False,False
2019-02-16 04:00:00,25.9083,0.0,True,False
2019-02-16 05:00:00,20.9433,45.0,False,False
2019-02-16 06:00:00,20.1717,45.0,False,False
2019-02-16 07:00:00,17.3433,45.0,False,False
2019-02-16 08:00:00,13.5433,45.0,False,False
2019-02-16 09:00:00,12.0917,45.0,False,False
2019-02-16 10:00:00,14.8667,45.0,False,False
2019-02-16 11:00:00,15.685,45.0,False,False
2019-02-16 12:00:00,12.2333,45.0,False,False
2019-02-16 13:00:00,8.6983,10.2931,False,False
2019-02-16 14:00:00,6.3483,1.6933,False,False
2019-02-16 15:00:00,10.5067,25.2052,False,False
2019-02-16 16:00:00,12.1883,45.0,False,False
2019-02-16 17:00:00,12.2967,45.0,False,False
2019-02-16 18:00:00,15.7017,45.0,False,False
2019-02-16 19:00:00,16.2167,45.0,False,False
2019-02-16 20:00:00,18.1933,45.0,False,False
2019-02-16 21:00:00,21.205,45.0,False,False
2019-02-16 22:00:00,19.0217,45.0,False,False
2019-02-16 23:00:00,21.0917,45.0,False,False
2019-02-17 00:00:00,20.7883,45.0,False,False
2019-02-17 01:00:00,17.29,45.0,False,False
2019-02-17 02:00:00,20.245,45.0,False,False
2019-02-17 03:00:00,22.3283,45.0,False,False
2019-02-17 04:00:00,21.0633,45.0,False,False
2019-02-17 05:00:00,22.2683,45.0,False,False
2019-02-17 06:00:00,22.535,45.0,False,False
2019-02-17 07:00:00,20.7167,45.0,False,False
2019-02-17 08:00:00,18.1817,45.0,False,False
2019-02-17 09:00:00,17.27,45.0,False,False
2019-02-17 10:00:00,16.0283,45.0,False,False
2019-02-17 11:00:00,19.6017,45.0,False,False
2019-02-17 12:00:00,19.3783,45.0,False,False
2019-02-17 13:00:00,19.1633,45.0,False,False
2019-02-17 14:00:00,18.1867,45.0,False,False
2019-02-17 15:00:00,17.3183,45.0,False,False
2019-02-17 16:00:00,16.7667,45.0,False,False
2019-02-17 17:00:00,13.0183,45.0,False,False
2019-02-17 18:00:00,14.4667,45.0,False,False
2019-02-17 19:00:00,18.965,45.0,False,False
2019-02-17 20:00:00,17.0183,45.0,False,False
2019-02-17 21:00:00,18.7617,45.0,False,False
2019-02-17 22:00:00,20.2667,45.0,False,False
2019-02-17 23:00:00,21.1067,45.0,False,False
2019-02-18 00:00:00,21.2217,45.0,False,False
2019-02-18 01:00:00,21.2333,45.0,False,False
2019-02-18 02:00:00,19.7083,45.0,False,False
2019-02-18 03:00:00,27.5967,0.0,True,False
2019-02-18 04:00:00,29.1167,0.0,True,False
2019-02-18 05:00:00,26.4017,0.0,True,False
2019-02-18 06:00:00,20.83,45.0,False,False
2019-02-18 07:00:00,19.775,45.0,False,False
2019-02-18 08:00:00,14.9,45.0,False,False
2019-02-18 09:00:00,13.8864,45.0,False,False
2019-02-18 10:00:00,14.855,45.0,False,False
2019-02-18 11:00:00,14.6467,45.0,False,False
2019-02-18 12:00:00,14.3283,45.0,False,False
2019-02-18 13:00:00,14.1183,45.0,False,False
2019-02-18 14:00:00,14.215,45.0,False,False
2019-02-18 15:00:00,12.1933,45.0,False,False
2019-02-18 16:00:00,11.335,35.243,False,False
2019-02-18 17:00:00,11.0333,31.3269,False,False
2019-02-18 18:00:00,16.1717,45.0,False,False
2019-02-18 19:00:00,20.5283,45.0,False,False
2019-02-18 20:00:00,19.8,45.0,False,False
2019-02-18 21:00:00,21.4667,45.0,False,False
2019-02-18 22:00:00,24.0233,45.0,False,False
2019-02-18 23:00:00,24.06,45.0,False,False
2019-02-19 00:00:00,23.455,45.0,False,False
2019-02-19 01:00:00,25.7167,0.0,True,False
2019-02-19 02:00:00,25.715,0.0,True,False
2019-02-19 03:00:00,23.3183,45.0,False,False
2019-02-19 04:00:00,24.025,45.0,False,False
2019-02-19 05:00:00,26.1,0.0,True,False
2019-02-19 06:00:00,23.5617,45.0,False,False
2019-02-19 07:00:00,25.3083,0.0,True,False
2019-02-19 08:00:00,22.5867,45.0,False,False
2019-02-19 09:00:00,16.7617,45.0,False,False
2019-02-19 10:00:00,16.7067,45.0,False,False
2019-02-19 11:00:00,17.8583,45.0,False,False
2019-02-19 12:00:00,13.4167,45.0,False,False
2019-02-19 13:00:00,14.0567,45.0,False,False
2019-02-19 14:00:00,16.345,45.0,False,False
2019-02-19 15:00:00,16.1267,45.0,False,False
2019-02-19 16:00:00,13.7,45.0,False,False
2019-02-19 17:00:00,11.03,31.2853,False,False
2019-02-19 18:00:00,11.28,34.506,False,False
2019-02-19 19:00:00,12.47,45.0,False,False
2019-02-19 20:00:00,11.9367,44.0016,False,False
2019-02-19 21:00:00,13.0467,45.0,False,False
2019-02-19 22:00:00,10.5633,25.8217,False,False
2019-02-19 23:00:00,10.9533,30.3394,False,False
2019-02-20 00:00:00,10.9967,30.8717,False,False
2019-02-20 01:00:00,10.445,24.5455,False,False
2019-02-20 02:00:00,12.605,45.0,False,False
2019-02-20 03:00:00,12.745,45.0,False,False
2019-02-20 04:00:00,19.1767,45.0,False,False
2019-02-20 05:00:00,19.2733,45.0,False,False
2019-02-20 06:00:00,17.72,45.0,False,False
2019-02-20 07:00:00,15.5883,45.0,False,False
2019-02-20 08:00:00,14.0333,45.0,False,False
2019-02-20 09:00:00,17.7367,45.0,False,False
2019-02-20 10:00:00,19.42,45.0,False,False
2019-02-20 11:00:00,18.825,45.0,False,False
2019-02-20 12:00:00,20.49,45.0,False,False
2019-02-20 13:00:00,18.9467,45.0,False,False
2019-02-20 14:00:00,16.98,45.0,False,False
2019-02-20 15:00:00,15.8883,45.0,False,False
2019-02-20 16:00:00,14.4067,45.0,False,False
2019-02-20 17:00:00,13.2683,45.0,False,False
2019-02-20 18:00:00,11.1517,32.8264,False,False
2019-02-20 19:00:00,15.8483,45.0,False,False
2019-02-20 20:00:00,18.345,45.0,False,False
2019-02-20 21:00:00,18.1567,45.0,False,False
2019-02-20 22:00:00,14.57,45.0,False,False
2019-02-20 23:00:00,12.8267,45.0,False,False
2019-02-21 00:00:00,13.695,45.0,False,False
2019-02-21 01:00:00,12.9067,45.0,False,False
2019-02-21 02:00:00,13.085,45.0,False,False
2019-02-21 03:00:00,19.9483,45.0,False,False
2019-02-21 04:00:00,26.8767,0.0,True,False
2019-02-21 05:00:00,21.46,45.0,False,False
2019-02-21 06:00:00,18.9933,45.0,False,False
2019-02-21 07:00:00,22.26,45.0,False,False
2019-02-21 08:00:00,22.7533,45.0,False,False
2019-02-21 09:00:00,20.515,45.0,False,False
2019-02-21 10:00:00,20.665,45.0,False,False
2019-02-21 11:00:00,22.215,45.0,False,False
2019-02-21 12:00:00,19.3667,45.0,False,False
2019-02-21 13:00:00,20.4217,45.0,False,False
2019-02-21 14:00:00,20.26,45.0,False,False
2019-02-21 15:00:00,21.46,45.0,False,False
2019-02-21 16:00:00,21.3267,45.0,False,False
2019-02-21 17:00:00,20.5367,45.0,False,False
2019-02-21 18:00:00,18.4217,45.0,False,False
2019-02-21 19:00:00,16.6983,45.0,False,False
2019-02-21 20:00:00,17.745,45.0,False,False
2019-02-21 21:00:00,17.27,45.0,False,False
2019-02-21 22:00:00,19.205,45.0,False,False
2019-02-21 23:00:00,19.5067,45.0,False,False
2019-02-22 00:00:00,20.82,45.0,False,False
2019-02-22 01:00:00,18.9417,45.0,False,False
2019-02-22 02:00:00,18.43,45.0,False,False
2019-02-22 03:00:00,19.6033,45.0,False,False
2019-02-22 04:00:00,22.4217,45.0,False,False
2019-02-22 05:00:00,17.1967,45.0,False,False
2019-02-22 06:00:00,19.8567,45.0,False,False
2019-02-22 07:00:00,20.7267,45.0,False,False
2019-02-22 08:00:00,15.9417,45.0,False,False
2019-02-22 09:00:00,13.4262,45.0,False,False
2019-02-22 10:00:00,18.7283,45.0,False,False
2019-02-22 11:00:00,19.8083,45.0,False,False
2019-02-22 12:00:00,20.4617,45.0,False,False
2019-02-22 13:00:00,21.3617,45.0,False,False
2019-02-22 14:00:00,21.5283,45.0,False,False
2019-02-22 15:00:00,24.1267,45.0,False,False
2019-02-22 16:00:00,21.585,45.0,False,False
2019-02-22 17:00:00,20.8767,45.0,False,False
2019-02-22 18:00:00,24.4967,45.0,False,False
2019-02-22 19:00:00,23.14,45.0,False,False
2019-02-22 20:00:00,23.6533,45.0,False,False
2019-02-22 21:00:00,20.8617,45.0,False,False
2019-02-22 22:00:00,15.5117,45.0,False,False
2019-02-22 23:00:00,13.6083,45.0,False,False
2019-02-23 00:00:00,14.8167,45.0,False,False
2019-02-23 01:00:00,16.1383,45.0,False,False
2019-02-23 02:00:00,17.85,45.0,False,False
2019-02-23 03:00:00,16.4967,45.0,False,False
2019-02-23 04:00:00,17.1583,45.0,False,False
2019-02-23 05:00:00,18.3633,45.0,False,False
2019-02-23 06:00:00,15.8333,45.0,False,False
2019-02-23 07:00:00,16.6633,45.0,False,False
2019-02-23 08:00:00,15.6167,45.0,False,False
2019-02-23 09:00:00,14.415,45.0,False,False
2019-02-23 10:00:00,16.7417,45.0,False,False
2019-02-23 11:00:00,17.2017,45.0,False,False
2019-02-23 12:00:00,17.15,45.0,False,False
2019-02-23 13:00:00,15.685,45.0,False,False
2019-02-23 14:00:00,14.6017,45.0,False,False
2019-02-23 15:00:00,13.475,45.0,False,False
2019-02-23 16:00:00,11.8567,42.7617,False,False
2019-02-23 17:00:00,8.8833,11.4317,False,False
2019-02-23 18:00:00,5.9817,1.1199,False,False
2019-02-23 19:00:00,3.1867,0.0,False,True
2019-02-23 20:00:00,4.4917,0.0715,False,False
2019-02-23 21:00:00,3.555,0.0,False,False
2019-02-23 22:00:00,5.9933,1.1358,False,False
2019-02-23 23:00:00,6.11,1.3028,False,False
2019-02-24 00:00:00,19.0683,45.0,False,False
2019-02-24 01:00:00,20.945,45.0,False,False
2019-02-24 02:00:00,21.0617,45.0,False,False
2019-02-24 03:00:00,21.1433,45.0,False,False
2019-02-24 04:00:00,19.3233,45.0,False,False
2019-02-24 05:00:00,15.3567,45.0,False,False
2019-02-24 06:00:00,15.7317,45.0,False,False
2019-02-24 07:00:00,14.785,45.0,False,False
2019-02-24 08:00:00,13.2167,45.0,False,False
2019-02-24 09:00:00,12.905,45.0,False,False
2019-02-24 10:00:00,11.825,42.2774,False,False
2019-02-24 11:00:00,10.9833,30.7073,False,False
2019-02-24 12:00:00,10.5233,25.3855,False,False
2019-02-24 13:00:00,9.1267,13.053,False,False
2019-02-24 14:00:00,6.4933,1.9653,False,False
2019-02-24 15:00:00,4.96,0.228,False,False
2019-02-24 16:00:00,3.8633,0.0035,False,False
2019-02-24 17:00:00,4.175,0.0225,False,False
2019-02-24 18:00:00,8.1017,7.14,False,False
2019-02-24 19:00:00,7.1217,3.4808,False,False
2019-02-24 20:00:00,3.6383,0.0002,False,False
2019-02-24 21:00:00,7.9117,6.2916,False,False
2019-02-24 22:00:00,8.7467,10.5829,False,False
2019-02-24 23:00:00,7.9567,6.4861,False,False
2019-02-25 00:00:00,10.19,21.9399,False,False
2019-02-25 01:00:00,13.2433,45.0,False,False
2019-02-25 02:00:00,13.5133,45.0,False,False
2019-02-25 03:00:00,11.3333,35.2205,False,False
2019-02-25 04:00:00,12.0117,45.0,False,False
2019-02-25 05:00:00,10.8133,28.6617,False,False
2019-02-25 06:00:00,10.295,22.9892,False,False
2019-02-25 07:00:00,11.2433,34.0204,False,False
2019-02-25 08:00:00,12.06,45.0,False,False
2019-02-25 09:00:00,10.5183,25.3313,False,False
2019-02-25 10:00:00,9.2683,14.0639,False,False
2019-02-25 11:00:00,10.2267,22.3026,False,False
2019-02-25 12:00:00,10.995,30.8511,False,False
2019-02-25 13:00:00,10.9917,30.81,False,False
2019-02-25 14:00:00,9.5917,16.564,False,False
2019-02-25 15:00:00,8.185,7.535,False,False
2019-02-25 16:00:00,4.7167,0.132,False,False
2019-02-25 17:00:00,1.8683,0.0,False,True
2019-02-25 18:00:00,2.005,0.0,False,True
2019-02-25 19:00:00,3.71,0.0007,False,False
2019-02-25 20:00:00,7.8933,6.2135,False,False
2019-02-25 21:00:00,7.7167,5.4937,False,False
2019-02-25 22:00:00,3.58,0.0,False,False
2019-02-25 23:00:00,1.4367,0.0,False,True
2019-02-26 00:00:00,2.9133,0.0,False,True
2019-02-26 01:00:00,2.8983,0.0,False,True
2019-02-26 02:00:00,2.3217,0.0,False,True
2019-02-26 03:00:00,2.2117,0.0,False,True
2019-02-26 04:00:00,8.0717,7.0013,False,False
2019-02-26 05:00:00,7.2233,3.7823,False,False
2019-02-26 06:00:00,7.9717,6.5519,False,False
2019-02-26 07:00:00,9.3083,14.3585,False,False
2019-02-26 08:00:00,6.9867,3.1059,False,False
2019-02-26 09:00:00,5.3517,0.4652,False,False
2019-02-26 10:00:00,4.32,0.0404,False,False
2019-02-26 11:00:00,4.1067,0.0164,False,False
2019-02-26 12:00:00,4.3933,0.0522,False,False
2019-02-26 13:00:00,5.5017,0.5877,False,False
2019-02-26 14:00:00,5.135,0.3203,False,False
2019-02-26 15:00:00,4.7833,0.1549,False,False
2019-02-26 16:00:00,4.3367,0.0429,False,False
2019-02-26 17:00:00,4.075,0.0139,False,False
2019-02-26 18:00:00,2.6,0.0,False,True
2019-02-26 19:00:00,1.76,0.0,False,True
2019-02-26 20:00:00,2.0567,0.0,False,True
2019-02-26 21:00:00,2.7767,0.0,False,True
2019-02-26 22:00:00,11.2533,34.1524,False,False
2019-02-26 23:00:00,12.3867,45.0,False,False
2019-02-27 00:00:00,11.2967,34.7282,False,False
2019-02-27 01:00:00,11.6267,39.3272,False,False
2019-02-27 02:00:00,10.97,30.5434,False,False
2019-02-27 03:00:00,16.7167,45.0,False,False
2019-02-27 04:00:00,14.9,45.0,False,False
2019-02-27 05:00:00,10.5033,25.1692,False,False
2019-02-27 06:00:00,4.575,0.091,False,False
2019-02-27 07:00:00,4.9433,0.2203,False,False
2019-02-27 08:00:00,5.66,0.7384,False,False
2019-02-27 09:00:00,12.475,45.0,False,False
2019-02-27 10:00:00,13.6383,45.0,False,False
2019-02-27 11:00:00,13.7817,45.0,False,False
2019-02-27 12:00:00,12.9733,45.0,False,False
2019-02-27 13:00:00,14.0167,45.0,False,False
2019-02-27 14:00:00,10.82,28.7401,False,False
2019-02-27 15:00:00,11.3567,35.5362,False,False
2019-02-27 16:00:00,12.1283,45.0,False,False
2019-02-27 17:00:00,7.7883,5.7786,False,False
2019-02-27 18:00:00,7.47,4.5849,False,False
2019-02-27 19:00:00,9.725,17.6756,False,False
2019-02-27 20:00:00,9.7517,17.9037,False,False
2019-02-27 21:00:00,10.7017,27.3687,False,False
2019-02-27 22:00:00,10.8917,29.5926,False,False
2019-02-27 23:00:00,15.33,45.0,False,False
2019-02-28 00:00:00,16.2633,45.0,False,False
2019-02-28 01:00:00,16.995,45.0,False,False
2019-02-28 02:00:00,15.7017,45.0,False,False
2019-02-28 03:00:00,16.02,45.0,False,False
2019-02-28 04:00:00,15.655,45.0,False,False
2019-02-28 05:00:00,16.735,45.0,False,False
2019-02-28 06:00:00,17.9117,45.0,False,False
2019-02-28 07:00:00,17.1167,45.0,False,False
2019-02-28 08:00:00,18.1317,45.0,False,False
2019-02-28 09:00:00,18.9067,45.0,False,False
2019-02-28 10:00:00,18.2933,45.0,False,False
2019-02-28 11:00:00,20.3917,45.0,False,False
2019-02-28 12:00:00,21.0983,45.0,False,False
2019-02-28 13:00:00,16.5783,45.0,False,False
2019-02-28 14:00:00,11.555,38.2959,False,False
2019-02-28 15:00:00,11.225,33.7793,False,False
2019-02-28 16:00:00,11.8567,42.7617,False,False
2019-02-28 17:00:00,12.49,45.0,False,False
2019-02-28 18:00:00,12.0633,45.0,False,False
2019-02-28 19:00:00,17.4667,45.0,False,False
2019-02-28 20:00:00,13.92,45.0,False,False
2019-02-28 21:00:00,8.3883,8.5593,False,False
2019-02-28 22:00:00,9.2017,13.5819,False,False
2019-02-28 23:00:00,9.075,12.6967,False,False
2019-03-01 00:00:00,2.2133,0.0,False,True
2019-03-01 01:00:00,3.0133,0.0,False,True
2019-03-01 02:00:00,5.2333,0.3816,False,False
2019-03-01 03:00:00,7.9683,6.5372,False,False
2019-03-01 04:00:00,11.245,34.0424,False,False
2019-03-01 05:00:00,12.6333,45.0,False,False
2019-03-01 06:00:00,13.6567,45.0,False,False
2019-03-01 07:00:00,15.7033,45.0,False,False
2019-03-01 08:00:00,13.8333,45.0,False,False
2019-03-01 09:00:00,17.1267,45.0,False,False
2019-03-01 10:00:00,18.26,45.0,False,False
2019-03-01 11:00:00,17.94,45.0,False,False
2019-03-01 12:00:00,19.5583,45.0,False,False
2019-03-01 13:00:00,17.6467,45.0,False,False
2019-03-01 14:00:00,15.4333,45.0,False,False
2019-03-01 15:00:00,14.6517,45.0,False,False
2019-03-01 16:00:00,13.7117,45.0,False,False
2019-03-01 17:00:00,12.7317,45.0,False,False
2019-03-01 18:00:00,12.08,45.0,False,False
2019-03-01 19:00:00,13.2583,45.0,False,False
2019-03-01 20:00:00,14.775,45.0,False,False
2019-03-01 21:00:00,13.695,45.0,False,False
2019-03-01 22:00:00,14.0467,45.0,False,False
2019-03-01 23:00:00,14.4067,45.0,False,False
2019-03-02 00:00:00,13.7433,45.0,False,False
2019-03-02 01:00:00,15.99,45.0,False,False
2019-03-02 02:00:00,14.6683,45.0,False,False
2019-03-02 03:00:00,15.2283,45.0,False,False
2019-03-02 04:00:00,13.1667,45.0,False,False
2019-03-02 05:00:00,12.6667,45.0,False,False
2019-03-02 06:00:00,14.9767,45.0,False,False
2019-03-02 07:00:00,17.3117,45.0,False,False
2019-03-02 08:00:00,17.6017,45.0,False,False
2019-03-02 09:00:00,17.7233,45.0,False,False
2019-03-02 10:00:00,18.5033,45.0,False,False
2019-03-02 11:00:00,17.9217,45.0,False,False
2019-03-02 12:00:00,17.0767,45.0,False,False
2019-03-02 13:00:00,14.4183,45.0,False,False
2019-03-02 14:00:00,10.1017,21.0822,False,False
2019-03-02 15:00:00,11.2817,34.5282,False,False
2019-03-02 16:00:00,10.9067,29.7731,False,False
2019-03-02 17:00:00,9.9233,19.4195,False,False
2019-03-02 18:00:00,8.5867,9.644,False,False
2019-03-02 19:00:00,9.905,19.2537,False,False
2019-03-02 20:00:00,13.34,45.0,False,False
2019-03-02 21:00:00,13.43,45.0,False,False
2019-03-02 22:00:00,12.94,45.0,False,False
2019-03-02 23:00:00,14.3067,45.0,False,False
2019-03-03 00:00:00,17.7217,45.0,False,False
2019-03-03 01:00:00,20.0217,45.0,False,False
2019-03-03 02:00:00,19.05,45.0,False,False
2019-03-03 03:00:00,19.4033,45.0,False,False
2019-03-03 04:00:00,18.45,45.0,False,False
2019-03-03 05:00:00,18.4383,45.0,False,False
2019-03-03 06:00:00,20.14,45.0,False,False
2019-03-03 07:00:00,19.9467,45.0,False,False
2019-03-03 08:00:00,18.155,45.0,False,False
2019-03-03 09:00:00,15.7133,45.0,False,False
2019-03-03 10:00:00,17.815,45.0,False,False
2019-03-03 11:00:00,19.6483,45.0,False,False
2019-03-03 12:00:00,17.8183,45.0,False,False
2019-03-03 13:00:00,16.08,45.0,False,False
2019-03-03 14:00:00,14.96,45.0,False,False
2019-03-03 15:00:00,13.7867,45.0,False,False
2019-03-03 16:00:00,12.285,45.0,False,False
2019-03-03 17:00:00,11.1717,33.0845,False,False
2019-03-03 18:00:00,12.1283,45.0,False,False
2019-03-03 19:00:00,16.6833,45.0,False,False
2019-03-03 20:00:00,19.09,45.0,False,False
2019-03-03 21:00:00,18.69,45.0,False,False
2019-03-03 22:00:00,19.075,45.0,False,False
2019-03-03 23:00:00,19.1883,45.0,False,False
2019-03-04 00:00:00,19.4233,45.0,False,False
2019-03-04 01:00:00,18.71,45.0,False,False
2019-03-04 02:00:00,17.8483,45.0,False,False
2019-03-04 03:00:00,16.4583,45.0,False,False
2019-03-04 04:00:00,17.5983,45.0,False,False
2019-03-04 05:00:00,15.9783,45.0,False,False
2019-03-04 06:00:00,16.62,45.0,False,False
2019-03-04 07:00:00,21.1767,45.0,False,False
2019-03-04 08:00:00,21.485,45.0,False,False
2019-03-04 09:00:00,19.7183,45.0,False,False
2019-03-04 10:00:00,16.3917,45.0,False,False
2019-03-04 11:00:00,16.385,45.0,False,False
2019-03-04 12:00:00,14.54,45.0,False,False
2019-03-04 13:00:00,14.235,45.0,False,False
2019-03-04 14:00:00,15.24,45.0,False,False
2019-03-04 15:00:00,15.1983,45.0,False,False
2019-03-04 16:00:00,15.3567,45.0,False,False
2019-03-04 17:00:00,16.5517,45.0,False,False
2019-03-04 18:00:00,15.3217,45.0,False,False
2019-03-04 19:00:00,18.895,45.0,False,False
2019-03-04 20:00:00,19.4367,45.0,False,False
2019-03-04 21:00:00,20.3533,45.0,False,False
2019-03-04 22:00:00,21.5367,45.0,False,False
2019-03-04 23:00:00,19.505,45.0,False,False
2019-03-05 00:00:00,20.8417,45.0,False,False
2019-03-05 01:00:00,20.2667,45.0,False,False
2019-03-05 02:00:00,24.08,45.0,False,False
2019-03-05 03:00:00,18.72,45.0,False,False
2019-03-05 04:00:00,17.5733,45.0,False,False
2019-03-05 05:00:00,17.1767,45.0,False,False
2019-03-05 06:00:00,18.2917,45.0,False,False
2019-03-05 07:00:00,18.8617,45.0,False,False
2019-03-05 08:00:00,14.4583,45.0,False,False
2019-03-05 09:00:00,12.6773,45.0,False,False
2019-03-05 10:00:00,6.7967,2.6253,False,False
2019-03-05 11:00:00,5.6467,0.7249,False,False
2019-03-05 12:00:00,7.5717,4.9462,False,False
2019-03-05 13:00:00,11.6167,39.1822,False,False
2019-03-05 14:00:00,13.1817,45.0,False,False
2019-03-05 15:00:00,11.935,43.9755,False,False
2019-03-05 16:00:00,13.3533,45.0,False,False
2019-03-05 17:00:00,15.0,45.0,False,False
2019-03-05 18:00:00,12.3533,45.0,False,False
2019-03-05 19:00:00,13.8417,45.0,False,False
2019-03-05 20:00:00,14.055,45.0,False,False
2019-03-05 21:00:00,13.44,45.0,False,False
2019-03-05 22:00:00,14.3017,45.0,False,False
2019-03-05 23:00:00,7.44,4.4817,False,False
2019-03-06 00:00:00,8.7883,10.8371,False,False
2019-03-06 01:00:00,2.7633,0.0,False,True
2019-03-06 02:00:00,7.365,4.2306,False,False
2019-03-06 03:00:00,5.505,0.5906,False,False
2019-03-06 04:00:00,11.59,38.7973,False,False
2019-03-06 05:00:00,13.3117,45.0,False,False
2019-03-06 06:00:00,15.2967,45.0,False,False
2019-03-06 07:00:00,18.96,45.0,False,False
2019-03-06 08:00:00,15.1917,45.0,False,False
2019-03-06 09:00:00,15.5383,45.0,False,False
2019-03-06 10:00:00,16.1267,45.0,False,False
2019-03-06 11:00:00,14.0417,45.0,False,False
2019-03-06 12:00:00,11.84,42.5064,False,False
2019-03-06 13:00:00,13.155,45.0,False,False
2019-03-06 14:00:00,14.73,45.0,False,False
2019-03-06 15:00:00,13.175,45.0,False,False
2019-03-06 16:00:00,13.8217,45.0,False,False
2019-03-06 17:00:00,13.6217,45.0,False,False
2019-03-06 18:00:00,14.02,45.0,False,False
2019-03-06 19:00:00,13.0067,45.0,False,False
2019-03-06 20:00:00,12.5017,45.0,False,False
2019-03-06 21:00:00,16.8017,45.0,False,False
2019-03-06 22:00:00,11.08,31.9127,False,False
2019-03-06 23:00:00,8.68,10.1846,False,False
2019-03-07 00:00:00,14.1667,45.0,False,False
2019-03-07 01:00:00,15.5767,45.0,False,False
2019-03-07 02:00:00,15.605,45.0,False,False
2019-03-07 03:00:00,13.73,45.0,False,False
2019-03-07 04:00:00,10.055,20.6383,False,False
2019-03-07 05:00:00,10.65,26.7839,False,False
2019-03-07 06:00:00,14.6033,45.0,False,False
2019-03-07 07:00:00,13.9583,45.0,False,False
2019-03-07 08:00:00,14.29,45.0,False,False
2019-03-07 09:00:00,10.2733,22.77,False,False
2019-03-07 10:00:00,10.1217,21.2744,False,False
2019-03-07 11:00:00,9.4183,15.1899,False,False
2019-03-07 12:00:00,4.5917,0.0953,False,False
2019-03-07 13:00:00,8.0383,6.8493,False,False
2019-03-07 14:00:00,5.405,0.5066,False,False
2019-03-07 15:00:00,3.075,0.0,False,True
2019-03-07 16:00:00,8.8517,11.2311,False,False
2019-03-07 17:00:00,10.0683,20.7645,False,False
2019-03-07 18:00:00,15.1183,45.0,False,False
2019-03-07 19:00:00,19.8683,45.0,False,False
2019-03-07 20:00:00,21.7933,45.0,False,False
2019-03-07 21:00:00,21.3817,45.0,False,False
2019-03-07 22:00:00,24.5017,45.0,False,False
2019-03-07 23:00:00,16.9083,45.0,False,False
2019-03-08 00:00:00,14.7167,45.0,False,False
2019-03-08 01:00:00,14.7283,45.0,False,False
2019-03-08 02:00:00,17.3417,45.0,False,False
2019-03-08 03:00:00,18.6183,45.0,False,False
2019-03-08 04:00:00,13.4483,45.0,False,False
2019-03-08 05:00:00,16.835,45.0,False,False
2019-03-08 06:00:00,6.78,2.5857,False,False
2019-03-08 07:00:00,5.6883,0.7679,False,False
2019-03-08 08:00:00,8.9933,12.1468,False,False
2019-03-08 09:00:00,10.0017,20.1386,False,False
2019-03-08 10:00:00,8.3033,8.1205,False,False
2019-03-08 11:00:00,9.145,13.181,False,False
2019-03-08 12:00:00,6.195,1.4343,False,False
2019-03-08 13:00:00,9.9083,19.2837,False,False
2019-03-08 14:00:00,6.6933,2.3861,False,False
2019-03-08 15:00:00,5.6383,0.7164,False,False
2019-03-08 16:00:00,6.545,2.0688,False,False
2019-03-08 17:00:00,5.06,0.2782,False,False
2019-03-08 18:00:00,3.8233,0.0025,False,False
2019-03-08 19:00:00,8.1983,7.5995,False,False
2019-03-08 20:00:00,6.06,1.2294,False,False
2019-03-08 21:00:00,10.31,23.1418,False,False
2019-03-08 22:00:00,14.6317,45.0,False,False
2019-03-08 23:00:00,13.5933,45.0,False,False
2019-03-09 00:00:00,13.4983,45.0,False,False
2019-03-09 01:00:00,11.76,41.2948,False,False
2019-03-09 02:00:00,18.36,45.0,False,False
2019-03-09 03:00:00,20.6583,45.0,False,False
2019-03-09 04:00:00,19.7717,45.0,False,False
2019-03-09 05:00:00,21.4233,45.0,False,False
2019-03-09 06:00:00,21.0317,45.0,False,False
2019-03-09 07:00:00,23.4317,45.0,False,False
2019-03-09 08:00:00,25.305,0.0,True,False
2019-03-09 09:00:00,19.4717,45.0,False,False
2019-03-09 10:00:00,20.3817,45.0,False,False
2019-03-09 11:00:00,20.5633,45.0,False,False
2019-03-09 12:00:00,18.7683,45.0,False,False
2019-03-09 13:00:00,19.22,45.0,False,False
2019-03-09 14:00:00,18.3667,45.0,False,False
2019-03-09 15:00:00,17.7217,45.0,False,False
2019-03-09 16:00:00,26.0883,0.0,True,False
2019-03-09 17:00:00,26.1667,0.0,True,False
2019-03-09 18:00:00,25.475,0.0,True,False
2019-03-09 19:00:00,26.125,0.0,True,False
2019-03-09 20:00:00,25.59,0.0,True,False
2019-03-09 21:00:00,24.8683,45.0,False,False
2019-03-09 22:00:00,28.5567,0.0,True,False
2019-03-09 23:00:00,26.7433,0.0,True,False
2019-03-10 00:00:00,27.1783,0.0,True,False
2019-03-10 01:00:00,27.75,0.0,True,False
2019-03-10 02:00:00,29.0167,0.0,True,False
2019-03-10 03:00:00,27.585,0.0,True,False
2019-03-10 04:00:00,28.5967,0.0,True,False
2019-03-10 05:00:00,26.7333,0.0,True,False
2019-03-10 06:00:00,29.4283,0.0,True,False
2019-03-10 07:00:00,32.15,0.0,True,False
2019-03-10 08:00:00,31.47,0.0,True,False
2019-03-10 09:00:00,28.2733,0.0,True,False
2019-03-10 10:00:00,29.2283,0.0,True,False
2019-03-10 11:00:00,27.7533,0.0,True,False
2019-03-10 12:00:00,33.915,0.0,True,False
2019-03-10 13:00:00,29.0533,0.0,True,False
2019-03-10 14:00:00,28.3217,0.0,True,False
2019-03-10 15:00:00,26.6067,0.0,True,False
2019-03-10 16:00:00,25.9717,0.0,True,False
2019-03-10 17:00:00,24.4383,45.0,False,False
2019-03-10 18:00:00,24.5833,45.0,False,False
2019-03-10 19:00:00,29.745,0.0,True,False
2019-03-10 20:00:00,31.145,0.0,True,False
2019-03-10 21:00:00,27.5017,0.0,True,False
2019-03-10 22:00:00,22.3517,45.0,False,False
2019-03-10 23:00:00,20.0917,45.0,False,False
2019-03-11 00:00:00,18.2683,45.0,False,False
2019-03-11 01:00:00,16.775,45.0,False,False
2019-03-11 02:00:00,7.61,5.0872,False,False
2019-03-11 03:00:00,2.2917,0.0,False,True
2019-03-11 04:00:00,5.7417,0.8254,False,False
2019-03-11 05:00:00,6.4483,1.878,False,False
2019-03-11 06:00:00,8.1667,7.4469,False,False
2019-03-11 07:00:00,9.755,17.9324,False,False
2019-03-11 08:00:00,6.5983,2.1794,False,False
2019-03-11 09:00:00,7.4315,4.4527,False,False
2019-03-11 10:00:00,7.7306,5.5484,False,False
2019-03-11 11:00:00,8.7133,10.3825,False,False
2019-03-11 12:00:00,9.4367,15.3315,False,False
2019-03-11 13:00:00,9.5867,16.5232,False,False
2019-03-11 14:00:00,8.615,9.806,False,False
2019-03-11 15:00:00,7.7667,5.6914,False,False
2019-03-11 16:00:00,8.8267,11.0745,False,False
2019-03-11 17:00:00,8.755,10.6334,False,False
2019-03-11 18:00:00,7.465,4.5676,False,False
2019-03-11 19:00:00,5.5617,0.6421,False,False
2019-03-11 20:00:00,3.2833,0.0,False,True
2019-03-11 21:00:00,8.82,11.0329,False,False
2019-03-11 22:00:00,7.9783,6.5812,False,False
2019-03-11 23:00:00,7.195,3.6966,False,False
2019-03-12 00:00:00,8.9683,11.9818,False,False
2019-03-12 01:00:00,5.5433,0.6251,False,False
2019-03-12 02:00:00,2.4667,0.0,False,True
2019-03-12 03:00:00,2.205,0.0,False,True
2019-03-12 04:00:00,1.18,0.0,False,True
2019-03-12 05:00:00,2.85,0.0,False,True
2019-03-12 06:00:00,3.1367,0.0,False,True
2019-03-12 07:00:00,7.17,3.622,False,False
2019-03-12 08:00:00,5.77,0.8571,False,False
2019-03-12 09:00:00,2.84,0.0,False,True
2019-03-12 10:00:00,2.26,0.0,False,True
2019-03-12 11:00:00,3.5483,0.0,False,False
2019-03-12 12:00:00,3.6567,0.0003,False,False
2019-03-12 13:00:00,4.4817,0.0693,False,False
2019-03-12 14:00:00,6.0467,1.2102,False,False
2019-03-12 15:00:00,8.7517,10.6132,False,False
2019-03-12 16:00:00,11.4717,37.1196,False,False
2019-03-12 17:00:00,9.9033,19.2386,False,False
2019-03-12 18:00:00,9.29,14.223,False,False
2019-03-12 19:00:00,6.5617,2.103,False,False
2019-03-12 20:00:00,4.2717,0.0337,False,False
2019-03-12 21:00:00,11.51,37.6577,False,False
2019-03-12 22:00:00,14.7483,45.0,False,False
2019-03-12 23:00:00,12.02,45.0,False,False
2019-03-13 00:00:00,10.9683,30.523,False,False
2019-03-13 01:00:00,15.31,45.0,False,False
2019-03-13 02:00:00,15.885,45.0,False,False
2019-03-13 03:00:00,14.0717,45.0,False,False
2019-03-13 04:00:00,18.06,45.0,False,False
2019-03-13 05:00:00,15.2283,45.0,False,False
2019-03-13 06:00:00,14.0167,45.0,False,False
2019-03-13 07:00:00,13.1783,45.0,False,False
2019-03-13 08:00:00,13.6467,45.0,False,False
2019-03-13 09:00:00,14.35,45.0,False,False
2019-03-13 10:00:00,17.855,45.0,False,False
2019-03-13 11:00:00,20.465,45.0,False,False
2019-03-13 12:00:00,18.455,45.0,False,False
2019-03-13 13:00:00,17.3233,45.0,False,False
2019-03-13 14:00:00,16.2667,45.0,False,False
2019-03-13 15:00:00,14.735,45.0,False,False
2019-03-13 16:00:00,15.2383,45.0,False,False
2019-03-13 17:00:00,15.19,45.0,False,False
2019-03-13 18:00:00,16.69,45.0,False,False
2019-03-13 19:00:00,15.3467,45.0,False,False
2019-03-13 20:00:00,15.2667,45.0,False,False
2019-03-13 21:00:00,15.3117,45.0,False,False
2019-03-13 22:00:00,14.7317,45.0,False,False
2019-03-13 23:00:00,15.06,45.0,False,False
2019-03-14 00:00:00,15.53,45.0,False,False
2019-03-14 01:00:00,15.61,45.0,False,False
2019-03-14 02:00:00,14.5317,45.0,False,False
2019-03-14 03:00:00,13.9633,45.0,False,False
2019-03-14 04:00:00,14.585,45.0,False,False
2019-03-14 05:00:00,15.185,45.0,False,False
2019-03-14 06:00:00,13.1467,45.0,False,False
2019-03-14 07:00:00,13.7033,45.0,False,False
2019-03-14 08:00:00,14.985,45.0,False,False
2019-03-14 09:00:00,13.01,45.0,False,False
2019-03-14 10:00:00,13.09,45.0,False,False
2019-03-14 11:00:00,15.3167,45.0,False,False
2019-03-14 12:00:00,13.5367,45.0,False,False
2019-03-14 13:00:00,14.095,45.0,False,False
2019-03-14 14:00:00,13.9617,45.0,False,False
2019-03-14 15:00:00,14.8783,45.0,False,False
2019-03-14 16:00:00,12.1383,45.0,False,False
2019-03-14 17:00:00,14.68,45.0,False,False
2019-03-14 18:00:00,16.4767,45.0,False,False
2019-03-14 19:00:00,14.04,45.0,False,False
2019-03-14 20:00:00,15.5883,45.0,False,False
2019-03-14 21:00:00,16.1117,45.0,False,False
2019-03-14 22:00:00,17.545,45.0,False,False
2019-03-14 23:00:00,17.9867,45.0,False,False
2019-03-15 00:00:00,14.6183,45.0,False,False
2019-03-15 01:00:00,14.4267,45.0,False,False
2019-03-15 02:00:00,15.51,45.0,False,False
2019-03-15 03:00:00,16.6117,45.0,False,False
2019-03-15 04:00:00,16.1167,45.0,False,False
2019-03-15 05:00:00,14.9133,45.0,False,False
2019-03-15 06:00:00,14.3567,45.0,False,False
2019-03-15 07:00:00,13.65,45.0,False,False
2019-03-15 08:00:00,15.5,45.0,False,False
2019-03-15 09:00:00,15.9567,45.0,False,False
2019-03-15 10:00:00,12.8433,45.0,False,False
2019-03-15 11:00:00,18.92,45.0,False,False
2019-03-15 12:00:00,19.415,45.0,False,False
2019-03-15 13:00:00,19.7233,45.0,False,False
2019-03-15 14:00:00,18.8217,45.0,False,False
2019-03-15 15:00:00,18.2117,45.0,False,False
2019-03-15 16:00:00,12.4717,45.0,False,False
2019-03-15 17:00:00,8.7583,10.6537,False,False
2019-03-15 18:00:00,11.4317,36.5636,False,False
2019-03-15 19:00:00,10.6667,26.9716,False,False
2019-03-15 20:00:00,12.5833,45.0,False,False
2019-03-15 21:00:00,11.2967,34.7282,False,False
2019-03-15 22:00:00,13.715,45.0,False,False
2019-03-15 23:00:00,11.515,37.7282,False,False
2019-03-16 00:00:00,11.435,36.6097,False,False
2019-03-16 01:00:00,11.88,43.1209,False,False
2019-03-16 02:00:00,11.19,33.3223,False,False
2019-03-16 03:00:00,7.785,5.7651,False,False
2019-03-16 04:00:00,11.3383,35.288,False,False
2019-03-16 05:00:00,13.765,45.0,False,False
2019-03-16 06:00:00,9.75,17.8894,False,False
2019-03-16 07:00:00,10.5483,25.6575,False,False
2019-03-16 08:00:00,6.6867,2.3712,False,False
2019-03-16 09:00:00,9.1017,12.8798,False,False
2019-03-16 10:00:00,8.685,10.2141,False,False
2019-03-16 11:00:00,11.4133,36.3107,False,False
2019-03-16 12:00:00,10.47,24.8116,False,False
2019-03-16 13:00:00,5.6617,0.7402,False,False
2019-03-16 14:00:00,5.2633,0.4018,False,False
2019-03-16 15:00:00,5.58,0.6594,False,False
2019-03-16 16:00:00,5.805,0.8974,False,False
2019-03-16 17:00:00,7.4717,4.5906,False,False
2019-03-16 18:00:00,5.4183,0.5173,False,False
2019-03-16 19:00:00,4.585,0.0936,False,False
2019-03-16 20:00:00,5.4067,0.5079,False,False
2019-03-16 21:00:00,7.755,5.6449,False,False
2019-03-16 22:00:00,13.4017,45.0,False,False
2019-03-16 23:00:00,14.5917,45.0,False,False
2019-03-17 00:00:00,12.0783,45.0,False,False
2019-03-17 01:00:00,14.9133,45.0,False,False
2019-03-17 02:00:00,16.1383,45.0,False,False
2019-03-17 03:00:00,17.3933,45.0,False,False
2019-03-17 04:00:00,17.515,45.0,False,False
2019-03-17 05:00:00,17.495,45.0,False,False
2019-03-17 06:00:00,18.0083,45.0,False,False
2019-03-17 07:00:00,19.6217,45.0,False,False
2019-03-17 08:00:00,19.0917,45.0,False,False
2019-03-17 09:00:00,19.3352,45.0,False,False
2019-03-17 10:00:00,16.0755,45.0,False,False
2019-03-17 11:00:00,6.1783,1.4078,False,False
2019-03-17 12:00:00,4.985,0.24,False,False
2019-03-17 13:00:00,5.8583,0.9611,False,False
2019-03-17 14:00:00,7.2194,3.7703,False,False
2019-03-17 15:00:00,8.5805,9.6087,False,False
2019-03-17 16:00:00,9.9415,19.5848,False,False
2019-03-17 17:00:00,11.3026,34.8073,False,False
2019-03-17 18:00:00,12.6636,45.0,False,False
2019-03-17 19:00:00,14.0247,45.0,False,False
2019-03-17 20:00:00,15.3858,45.0,False,False
2019-03-17 21:00:00,16.7468,45.0,False,False
2019-03-17 22:00:00,18.1079,45.0,False,False
2019-03-17 23:00:00,19.4689,45.0,False,False
2019-03-18 00:00:00,20.83,45.0,False,False
2019-03-18 01:00:00,21.0833,45.0,False,False
2019-03-18 02:00:00,20.995,45.0,False,False
2019-03-18 03:00:00,21.775,45.0,False,False
2019-03-18 04:00:00,21.675,45.0,False,False
2019-03-18 05:00:00,20.3067,45.0,False,False
2019-03-18 06:00:00,23.11,45.0,False,False
2019-03-18 07:00:00,23.215,45.0,False,False
2019-03-18 08:00:00,24.2467,45.0,False,False
2019-03-18 09:00:00,22.755,45.0,False,False
2019-03-18 10:00:00,18.1683,45.0,False,False
2019-03-18 11:00:00,13.745,45.0,False,False
2019-03-18 12:00:00,14.71,45.0,False,False
2019-03-18 13:00:00,16.56,45.0,False,False
2019-03-18 14:00:00,12.5217,45.0,False,False
2019-03-18 15:00:00,13.345,45.0,False,False
2019-03-18 16:00:00,13.995,45.0,False,False
2019-03-18 17:00:00,16.8267,45.0,False,False
2019-03-18 18:00:00,13.2883,45.0,False,False
2019-03-18 19:00:00,19.54,45.0,False,False
2019-03-18 20:00:00,21.6767,45.0,False,False
2019-03-18 21:00:00,15.5683,45.0,False,False
2019-03-18 22:00:00,18.6933,45.0,False,False
2019-03-18 23:00:00,16.1483,45.0,False,False
2019-03-19 00:00:00,14.9417,45.0,False,False
2019-03-19 01:00:00,17.7483,45.0,False,False
2019-03-19 02:00:00,19.28,45.0,False,False
2019-03-19 03:00:00,21.8733,45.0,False,False
2019-03-19 04:00:00,21.2833,45.0,False,False
2019-03-19 05:00:00,22.3383,45.0,False,False
2019-03-19 06:00:00,23.9,45.0,False,False
2019-03-19 07:00:00,22.1883,45.0,False,False
2019-03-19 08:00:00,24.4083,45.0,False,False
2019-03-19 09:00:00,24.2833,45.0,False,False
2019-03-19 10:00:00,23.8383,45.0,False,False
2019-03-19 11:00:00,24.2967,45.0,False,False
2019-03-19 12:00:00,22.34,45.0,False,False
2019-03-19 13:00:00,19.4583,45.0,False,False
2019-03-19 14:00:00,18.475,45.0,False,False
2019-03-19 15:00:00,16.83,45.0,False,False
2019-03-19 16:00:00,15.3533,45.0,False,False
2019-03-19 17:00:00,13.9983,45.0,False,False
2019-03-19 18:00:00,14.865,45.0,False,False
2019-03-19 19:00:00,15.27,45.0,False,False
2019-03-19 20:00:00,15.8733,45.0,False,False
2019-03-19 21:00:00,16.565,45.0,False,False
2019-03-19 22:00:00,18.3983,45.0,False,False
2019-03-19 23:00:00,21.9133,45.0,False,False
2019-03-20 00:00:00,23.855,45.0,False,False
2019-03-20 01:00:00,26.02,0.0,True,False
2019-03-20 02:00:00,26.6017,0.0,True,False
2019-03-20 03:00:00,27.49,0.0,True,False
2019-03-20 04:00:00,29.1833,0.0,True,False
2019-03-20 05:00:00,28.5783,0.0,True,False
2019-03-20 06:00:00,30.225,0.0,True,False
2019-03-20 07:00:00,30.1167,0.0,True,False
2019-03-20 08:00:00,28.8867,0.0,True,False
2019-03-20 09:00:00,28.6,0.0,True,False
2019-03-20 10:00:00,29.335,0.0,True,False
2019-03-20 11:00:00,28.375,0.0,True,False
2019-03-20 12:00:00,25.695,0.0,True,False
2019-03-20 13:00:00,18.8933,45.0,False,False
2019-03-20 14:00:00,19.1617,45.0,False,False
2019-03-20 15:00:00,20.1767,45.0,False,False
2019-03-20 16:00:00,20.7817,45.0,False,False
2019-03-20 17:00:00,20.555,45.0,False,False
2019-03-20 18:00:00,22.0033,45.0,False,False
2019-03-20 19:00:00,22.205,45.0,False,False
2019-03-20 20:00:00,22.0683,45.0,False,False
2019-03-20 21:00:00,20.8683,45.0,False,False
2019-03-20 22:00:00,18.8183,45.0,False,False
2019-03-20 23:00:00,17.85,45.0,False,False
2019-03-21 00:00:00,18.9217,45.0,False,False
2019-03-21 01:00:00,14.84,45.0,False,False
2019-03-21 02:00:00,16.5267,45.0,False,False
2019-03-21 03:00:00,17.515,45.0,False,False
2019-03-21 04:00:00,17.475,45.0,False,False
2019-03-21 05:00:00,16.725,45.0,False,False
2019-03-21 06:00:00,18.5883,45.0,False,False
2019-03-21 07:00:00,20.305,45.0,False,False
2019-03-21 08:00:00,18.765,45.0,False,False
2019-03-21 09:00:00,16.7883,45.0,False,False
2019-03-21 10:00:00,15.685,45.0,False,False
2019-03-21 11:00:00,17.8383,45.0,False,False
2019-03-21 12:00:00,19.6383,45.0,False,False
2019-03-21 13:00:00,18.7767,45.0,False,False
2019-03-21 14:00:00,14.3717,45.0,False,False
2019-03-21 15:00:00,12.7417,45.0,False,False
2019-03-21 16:00:00,12.7717,45.0,False,False
2019-03-21 17:00:00,16.5783,45.0,False,False
2019-03-21 18:00:00,13.9217,45.0,False,False
2019-03-21 19:00:00,16.2117,45.0,False,False
2019-03-21 20:00:00,17.6433,45.0,False,False
2019-03-21 21:00:00,18.0267,45.0,False,False
2019-03-21 22:00:00,18.825,45.0,False,False
2019-03-21 23:00:00,16.4033,45.0,False,False
2019-03-22 00:00:00,19.3433,45.0,False,False
2019-03-22 01:00:00,23.075,45.0,False,False
2019-03-22 02:00:00,22.27,45.0,False,False
2019-03-22 03:00:00,25.6433,0.0,True,False
2019-03-22 04:00:00,25.6017,0.0,True,False
2019-03-22 05:00:00,28.8533,0.0,True,False
2019-03-22 06:00:00,30.08,0.0,True,False
2019-03-22 07:00:00,28.8433,0.0,True,False
2019-03-22 08:00:00,27.2317,0.0,True,False
2019-03-22 09:00:00,25.475,0.0,True,False
2019-03-22 10:00:00,24.5033,45.0,False,False
2019-03-22 11:00:00,20.4367,45.0,False,False
2019-03-22 12:00:00,22.13,45.0,False,False
2019-03-22 13:00:00,21.095,45.0,False,False
2019-03-22 14:00:00,22.075,45.0,False,False
2019-03-22 15:00:00,20.835,45.0,False,False
2019-03-22 16:00:00,19.8467,45.0,False,False
2019-03-22 17:00:00,18.0267,45.0,False,False
2019-03-22 18:00:00,16.5667,45.0,False,False
2019-03-22 19:00:00,16.205,45.0,False,False
2019-03-22 20:00:00,17.3383,45.0,False,False
2019-03-22 21:00:00,11.115,32.3568,False,False
2019-03-22 22:00:00,11.335,35.243,False,False
2019-03-22 23:00:00,14.4117,45.0,False,False
2019-03-23 00:00:00,19.185,45.0,False,False
2019-03-23 01:00:00,17.1733,45.0,False,False
2019-03-23 02:00:00,16.9767,45.0,False,False
2019-03-23 03:00:00,18.9083,45.0,False,False
2019-03-23 04:00:00,19.4733,45.0,False,False
2019-03-23 05:00:00,21.9567,45.0,False,False
2019-03-23 06:00:00,20.85,45.0,False,False
2019-03-23 07:00:00,19.3717,45.0,False,False
2019-03-23 08:00:00,25.115,0.0,True,False
2019-03-23 09:00:00,25.3,0.0,True,False
2019-03-23 10:00:00,25.4056,0.0,True,False
2019-03-23 11:00:00,22.0183,45.0,False,False
2019-03-23 12:00:00,18.2067,45.0,False,False
2019-03-23 13:00:00,17.2,45.0,False,False
2019-03-23 14:00:00,15.635,45.0,False,False
2019-03-23 15:00:00,15.165,45.0,False,False
2019-03-23 16:00:00,16.705,45.0,False,False
2019-03-23 17:00:00,17.0883,45.0,False,False
2019-03-23 18:00:00,15.1733,45.0,False,False
2019-03-23 19:00:00,18.0783,45.0,False,False
2019-03-23 20:00:00,19.57,45.0,False,False
2019-03-23 21:00:00,18.98,45.0,False,False
2019-03-23 22:00:00,19.0683,45.0,False,False
2019-03-23 23:00:00,16.3467,45.0,False,False
2019-03-24 00:00:00,16.7433,45.0,False,False
2019-03-24 01:00:00,20.55,45.0,False,False
2019-03-24 02:00:00,20.755,45.0,False,False
2019-03-24 03:00:00,16.7183,45.0,False,False
2019-03-24 04:00:00,12.385,45.0,False,False
2019-03-24 05:00:00,14.8,45.0,False,False
2019-03-24 06:00:00,12.7083,45.0,False,False
2019-03-24 07:00:00,11.11,32.2931,False,False
2019-03-24 08:00:00,13.7617,45.0,False,False
2019-03-24 09:00:00,19.8933,45.0,False,False
2019-03-24 10:00:00,18.5883,45.0,False,False
2019-03-24 11:00:00,20.95,45.0,False,False
2019-03-24 12:00:00,21.295,45.0,False,False
2019-03-24 13:00:00,22.57,45.0,False,False
2019-03-24 14:00:00,20.6367,45.0,False,False
2019-03-24 15:00:00,18.4933,45.0,False,False
2019-03-24 16:00:00,21.0167,45.0,False,False
2019-03-24 17:00:00,22.225,45.0,False,False
2019-03-24 18:00:00,21.65,45.0,False,False
2019-03-24 19:00:00,22.7167,45.0,False,False
2019-03-24 20:00:00,23.715,45.0,False,False
2019-03-24 21:00:00,23.0517,45.0,False,False
2019-03-24 22:00:00,24.575,45.0,False,False
2019-03-24 23:00:00,28.5883,0.0,True,False
2019-03-25 00:00:00,28.1217,0.0,True,False
2019-03-25 01:00:00,27.0767,0.0,True,False
2019-03-25 02:00:00,27.5267,0.0,True,False
2019-03-25 03:00:00,26.5367,0.0,True,False
2019-03-25 04:00:00,22.74,45.0,False,False
2019-03-25 05:00:00,22.6367,45.0,False,False
2019-03-25 06:00:00,19.4667,45.0,False,False
2019-03-25 07:00:00,14.715,45.0,False,False
2019-03-25 08:00:00,15.4767,45.0,False,False
2019-03-25 09:00:00,13.4433,45.0,False,False
2019-03-25 10:00:00,12.6433,45.0,False,False
2019-03-25 11:00:00,14.3317,45.0,False,False
2019-03-25 12:00:00,14.31,45.0,False,False
2019-03-25 13:00:00,13.945,45.0,False,False
2019-03-25 14:00:00,13.79,45.0,False,False
2019-03-25 15:00:00,12.9533,45.0,False,False
2019-03-25 16:00:00,12.1333,45.0,False,False
2019-03-25 17:00:00,13.385,45.0,False,False
2019-03-25 18:00:00,11.5183,37.7753,False,False
2019-03-25 19:00:00,12.2333,45.0,False,False
2019-03-25 20:00:00,12.2283,45.0,False,False
2019-03-25 21:00:00,11.6667,39.9108,False,False
2019-03-25 22:00:00,11.74,40.9956,False,False
2019-03-25 23:00:00,11.4617,36.9801,False,False
2019-03-26 00:00:00,14.1783,45.0,False,False
2019-03-26 01:00:00,16.4783,45.0,False,False
2019-03-26 02:00:00,15.7383,45.0,False,False
2019-03-26 03:00:00,15.2067,45.0,False,False
2019-03-26 04:00:00,15.3483,45.0,False,False
2019-03-26 05:00:00,14.6933,45.0,False,False
2019-03-26 06:00:00,16.645,45.0,False,False
2019-03-26 07:00:00,14.5567,45.0,False,False
2019-03-26 08:00:00,13.54,45.0,False,False
2019-03-26 09:00:00,13.7683,45.0,False,False
2019-03-26 10:00:00,11.435,36.6097,False,False
2019-03-26 11:00:00,10.6433,26.7091,False,False
2019-03-26 12:00:00,5.8017,0.8935,False,False
2019-03-26 13:00:00,8.55,9.4369,False,False
2019-03-26 14:00:00,8.255,7.8778,False,False
2019-03-26 15:00:00,7.855,6.0523,False,False
2019-03-26 16:00:00,4.1,0.0158,False,False
2019-03-26 17:00:00,4.9783,0.2367,False,False
2019-03-26 18:00:00,4.3367,0.0429,False,False
2019-03-26 19:00:00,11.61,39.0857,False,False
2019-03-26 20:00:00,14.0017,45.0,False,False
2019-03-26 21:00:00,10.5233,25.3855,False,False
2019-03-26 22:00:00,3.4683,0.0,False,True
2019-03-26 23:00:00,11.4033,36.1732,False,False
2019-03-27 00:00:00,16.7183,45.0,False,False
2019-03-27 01:00:00,15.415,45.0,False,False
2019-03-27 02:00:00,14.6783,45.0,False,False
2019-03-27 03:00:00,14.925,45.0,False,False
2019-03-27 04:00:00,14.205,45.0,False,False
2019-03-27 05:00:00,10.025,20.3562,False,False
2019-03-27 06:00:00,14.9383,45.0,False,False
2019-03-27 07:00:00,11.3417,35.333,False,False
2019-03-27 08:00:00,12.2767,45.0,False,False
2019-03-27 09:00:00,8.6867,10.224,False,False
2019-03-27 10:00:00,7.485,4.637,False,False
2019-03-27 11:00:00,12.1367,45.0,False,False
2019-03-27 12:00:00,14.1567,45.0,False,False
2019-03-27 13:00:00,5.5633,0.6437,False,False
2019-03-27 14:00:00,10.8567,29.1742,False,False
2019-03-27 15:00:00,20.7467,45.0,False,False
2019-03-27 16:00:00,22.01,45.0,False,False
2019-03-27 17:00:00,21.1083,45.0,False,False
2019-03-27 18:00:00,21.205,45.0,False,False
2019-03-27 19:00:00,21.0967,45.0,False,False
2019-03-27 20:00:00,25.13,0.0,True,False
2019-03-27 21:00:00,28.31,0.0,True,False
2019-03-27 22:00:00,27.6117,0.0,True,False
2019-03-27 23:00:00,25.81,0.0,True,False
2019-03-28 00:00:00,28.3567,0.0,True,False
2019-03-28 01:00:00,27.2883,0.0,True,False
2019-03-28 02:00:00,28.375,0.0,True,False
2019-03-28 03:00:00,29.0717,0.0,True,False
2019-03-28 04:00:00,30.85,0.0,True,False
2019-03-28 05:00:00,33.4167,0.0,True,False
2019-03-28 06:00:00,33.7517,0.0,True,False
2019-03-28 07:00:00,32.2667,0.0,True,False
2019-03-28 08:00:00,30.255,0.0,True,False
2019-03-28 09:00:00,31.685,0.0,True,False
2019-03-28 10:00:00,31.6817,0.0,True,False
2019-03-28 11:00:00,28.9283,0.0,True,False
2019-03-28 12:00:00,25.05,0.0,True,False
2019-03-28 13:00:00,24.3533,45.0,False,False
2019-03-28 14:00:00,21.7933,45.0,False,False
2019-03-28 15:00:00,20.5667,45.0,False,False
2019-03-28 16:00:00,19.5783,45.0,False,False
2019-03-28 17:00:00,20.0267,45.0,False,False
2019-03-28 18:00:00,20.54,45.0,False,False
2019-03-28 19:00:00,19.3033,45.0,False,False
2019-03-28 20:00:00,17.705,45.0,False,False
2019-03-28 21:00:00,17.505,45.0,False,False
2019-03-28 22:00:00,19.5933,45.0,False,False
2019-03-28 23:00:00,21.2383,45.0,False,False
2019-03-29 00:00:00,21.0033,45.0,False,False
2019-03-29 01:00:00,27.4483,0.0,True,False
2019-03-29 02:00:00,28.9567,0.0,True,False
2019-03-29 03:00:00,27.74,0.0,True,False
2019-03-29 04:00:00,25.3483,0.0,True,False
2019-03-29 05:00:00,26.1167,0.0,True,False
2019-03-29 06:00:00,20.8533,45.0,False,False
2019-03-29 07:00:00,24.3683,45.0,False,False
2019-03-29 08:00:00,32.1267,0.0,True,False
2019-03-29 09:00:00,30.06,0.0,True,False
2019-03-29 10:00:00,20.545,45.0,False,False
2019-03-29 11:00:00,18.515,45.0,False,False
2019-03-29 12:00:00,17.2067,45.0,False,False
2019-03-29 13:00:00,13.305,45.0,False,False
2019-03-29 14:00:00,18.1667,45.0,False,False
2019-03-29 15:00:00,9.6967,17.4353,False,False
2019-03-29 16:00:00,21.1033,45.0,False,False
2019-03-29 17:00:00,24.8233,45.0,False,False
2019-03-29 18:00:00,25.2583,0.0,True,False
2019-03-29 19:00:00,20.6867,45.0,False,False
2019-03-29 20:00:00,16.71,45.0,False,False
2019-03-29 21:00:00,19.78,45.0,False,False
2019-03-29 22:00:00,22.2783,45.0,False,False
2019-03-29 23:00:00,20.845,45.0,False,False
2019-03-30 00:00:00,21.7183,45.0,False,False
2019-03-30 01:00:00,21.13,45.0,False,False
2019-03-30 02:00:00,22.5467,45.0,False,False
2019-03-30 03:00:00,24.965,45.0,False,False
2019-03-30 04:00:00,26.945,0.0,True,False
2019-03-30 05:00:00,24.835,45.0,False,False
2019-03-30 06:00:00,26.2283,0.0,True,False
2019-03-30 07:00:00,26.4917,0.0,True,False
2019-03-30 08:00:00,25.1967,0.0,True,False
2019-03-30 09:00:00,25.32,0.0,True,False
2019-03-30 10:00:00,23.4083,45.0,False,False
2019-03-30 11:00:00,18.6483,45.0,False,False
2019-03-30 12:00:00,17.96,45.0,False,False
2019-03-30 13:00:00,18.35,45.0,False,False
2019-03-30 14:00:00,19.1267,45.0,False,False
2019-03-30 15:00:00,18.6583,45.0,False,False
2019-03-30 16:00:00,18.0117,45.0,False,False
2019-03-30 17:00:00,20.0567,45.0,False,False
2019-03-30 18:00:00,21.9383,45.0,False,False
2019-03-30 19:00:00,20.8633,45.0,False,False
2019-03-30 20:00:00,21.1117,45.0,False,False
2019-03-30 21:00:00,26.3267,0.0,True,False
2019-03-30 22:00:00,27.3183,0.0,True,False
2019-03-30 23:00:00,26.3167,0.0,True,False
2019-03-31 00:00:00,26.525,0.0,True,False
2019-03-31 01:00:00,24.9167,45.0,False,False
2019-03-31 02:00:00,24.6533,45.0,False,False
2019-03-31 03:00:00,22.8683,45.0,False,False
2019-03-31 04:00:00,21.6567,45.0,False,False
2019-03-31 05:00:00,22.205,45.0,False,False
2019-03-31 06:00:00,22.5617,45.0,False,False
2019-03-31 07:00:00,25.2033,0.0,True,False
2019-03-31 08:00:00,24.14,45.0,False,False
2019-03-31 09:00:00,23.505,45.0,False,False
2019-03-31 10:00:00,23.4167,45.0,False,False
2019-03-31 11:00:00,21.2017,45.0,False,False
2019-03-31 12:00:00,19.3283,45.0,False,False
2019-03-31 13:00:00,19.0283,45.0,False,False
2019-03-31 14:00:00,18.9817,45.0,False,False
2019-03-31 15:00:00,16.4217,45.0,False,False
2019-03-31 16:00:00,18.255,45.0,False,False
2019-03-31 17:00:00,15.295,45.0,False,False
2019-03-31 18:00:00,18.665,45.0,False,False
2019-03-31 19:00:00,20.1967,45.0,False,False
2019-03-31 20:00:00,22.1117,45.0,False,False
2019-03-31 21:00:00,18.9867,45.0,False,False
2019-03-31 22:00:00,18.4533,45.0,False,False
2019-03-31 23:00:00,18.905,45.0,False,False
2019-04-01 00:00:00,21.2517,45.0,False,False
2019-04-01 01:00:00,20.745,45.0,False,False
2019-04-01 02:00:00,21.9467,45.0,False,False
2019-04-01 03:00:00,21.6183,45.0,False,False
2019-04-01 04:00:00,16.945,45.0,False,False
2019-04-01 05:00:00,21.8433,45.0,False,False
2019-04-01 06:00:00,21.8667,45.0,False,False
2019-04-01 07:00:00,23.2783,45.0,False,False
2019-04-01 08:00:00,25.3817,0.0,True,False
2019-04-01 09:00:00,26.17,0.0,True,False
2019-04-01 10:00:00,22.8167,45.0,False,False
2019-04-01 11:00:00,23.9667,45.0,False,False
2019-04-01 12:00:00,25.5367,0.0,True,False
2019-04-01 13:00:00,27.6217,0.0,True,False
2019-04-01 14:00:00,27.5117,0.0,True,False
2019-04-01 15:00:00,27.5,0.0,True,False
2019-04-01 16:00:00,25.82,0.0,True,False
2019-04-01 17:00:00,26.745,0.0,True,False
2019-04-01 18:00:00,26.1167,0.0,True,False
2019-04-01 19:00:00,29.1567,0.0,True,False
2019-04-01 20:00:00,30.9817,0.0,True,False
2019-04-01 21:00:00,26.9467,0.0,True,False
2019-04-01 22:00:00,27.9,0.0,True,False
2019-04-01 23:00:00,28.1833,0.0,True,False
2019-04-02 00:00:00,26.16,0.0,True,False
2019-04-02 01:00:00,29.1767,0.0,True,False
2019-04-02 02:00:00,27.225,0.0,True,False
2019-04-02 03:00:00,24.3433,45.0,False,False
2019-04-02 04:00:00,24.395,45.0,False,False
2019-04-02 05:00:00,22.195,45.0,False,False
2019-04-02 06:00:00,24.8533,45.0,False,False
2019-04-02 07:00:00,26.1317,0.0,True,False
2019-04-02 08:00:00,25.3383,0.0,True,False
2019-04-02 09:00:00,23.6183,45.0,False,False
2019-04-02 10:00:00,21.5517,45.0,False,False
2019-04-02 11:00:00,20.335,45.0,False,False
2019-04-02 12:00:00,19.3183,45.0,False,False
2019-04-02 13:00:00,20.0783,45.0,False,False
2019-04-02 14:00:00,17.9817,45.0,False,False
2019-04-02 15:00:00,19.915,45.0,False,False
2019-04-02 16:00:00,21.0367,45.0,False,False
2019-04-02 17:00:00,21.8967,45.0,False,False
2019-04-02 18:00:00,24.5083,45.0,False,False
2019-04-02 19:00:00,25.7167,0.0,True,False
2019-04-02 20:00:00,21.1883,45.0,False,False
2019-04-02 21:00:00,23.4917,45.0,False,False
2019-04-02 22:00:00,27.1182,0.0,True,False
2019-04-02 23:00:00,27.2576,0.0,True,False
2019-04-03 00:00:00,25.1583,0.0,True,False
2019-04-03 01:00:00,24.445,45.0,False,False
2019-04-03 02:00:00,26.1467,0.0,True,False
2019-04-03 03:00:00,28.6917,0.0,True,False
2019-04-03 04:00:00,30.1433,0.0,True,False
2019-04-03 05:00:00,27.6167,0.0,True,False
2019-04-03 06:00:00,26.8267,0.0,True,False
2019-04-03 07:00:00,27.6417,0.0,True,False
2019-04-03 08:00:00,23.7583,45.0,False,False
2019-04-03 09:00:00,20.8867,45.0,False,False
2019-04-03 10:00:00,23.3067,45.0,False,False
2019-04-03 11:00:00,19.9733,45.0,False,False
2019-04-03 12:00:00,18.8,45.0,False,False
2019-04-03 13:00:00,20.7317,45.0,False,False
2019-04-03 14:00:00,22.9167,45.0,False,False
2019-04-03 15:00:00,23.5517,45.0,False,False
2019-04-03 16:00:00,24.6433,45.0,False,False
2019-04-03 17:00:00,22.81,45.0,False,False
2019-04-03 18:00:00,26.575,0.0,True,False
2019-04-03 19:00:00,27.155,0.0,True,False
2019-04-03 20:00:00,28.425,0.0,True,False
2019-04-03 21:00:00,27.545,0.0,True,False
2019-04-03 22:00:00,28.1283,0.0,True,False
2019-04-03 23:00:00,28.0183,0.0,True,False
2019-04-04 00:00:00,25.8383,0.0,True,False
2019-04-04 01:00:00,25.5167,0.0,True,False
2019-04-04 02:00:00,27.0883,0.0,True,False
2019-04-04 03:00:00,25.7483,0.0,True,False
2019-04-04 04:00:00,23.9317,45.0,False,False
2019-04-04 05:00:00,23.5367,45.0,False,False
2019-04-04 06:00:00,22.3017,45.0,False,False
2019-04-04 07:00:00,20.1067,45.0,False,False
2019-04-04 08:00:00,16.5,45.0,False,False
2019-04-04 09:00:00,6.99,3.1148,False,False
2019-04-04 10:00:00,4.2267,0.0281,False,False
2019-04-04 11:00:00,10.0733,20.8119,False,False
2019-04-04 12:00:00,7.4617,4.5561,False,False
2019-04-04 13:00:00,4.9617,0.2288,False,False
2019-04-04 14:00:00,8.7383,10.5326,False,False
2019-04-04 15:00:00,7.3167,4.0739,False,False
2019-04-04 16:00:00,7.0817,3.3668,False,False
2019-04-04 17:00:00,13.2367,45.0,False,False
2019-04-04 18:00:00,19.55,45.0,False,False
2019-04-04 19:00:00,20.565,45.0,False,False
2019-04-04 20:00:00,21.205,45.0,False,False
2019-04-04 21:00:00,21.5867,45.0,False,False
2019-04-04 22:00:00,22.81,45.0,False,False
2019-04-04 23:00:00,22.8383,45.0,False,False
2019-04-05 00:00:00,21.5,45.0,False,False
2019-04-05 01:00:00,23.7417,45.0,False,False
2019-04-05 02:00:00,25.43,0.0,True,False
2019-04-05 03:00:00,24.5883,45.0,False,False
2019-04-05 04:00:00,23.4183,45.0,False,False
2019-04-05 05:00:00,17.5317,45.0,False,False
2019-04-05 06:00:00,18.715,45.0,False,False
2019-04-05 07:00:00,19.07,45.0,False,False
2019-04-05 08:00:00,22.3467,45.0,False,False
2019-04-05 09:00:00,18.8583,45.0,False,False
2019-04-05 10:00:00,17.9667,45.0,False,False
2019-04-05 11:00:00,18.5017,45.0,False,False
2019-04-05 12:00:00,16.13,45.0,False,False
2019-04-05 13:00:00,17.435,45.0,False,False
2019-04-05 14:00:00,16.0017,45.0,False,False
2019-04-05 15:00:00,18.1967,45.0,False,False
2019-04-05 16:00:00,19.0517,45.0,False,False
2019-04-05 17:00:00,19.46,45.0,False,False
2019-04-05 18:00:00,18.4567,45.0,False,False
2019-04-05 19:00:00,16.7467,45.0,False,False
2019-04-05 20:00:00,16.9167,45.0,False,False
2019-04-05 21:00:00,17.3117,45.0,False,False
2019-04-05 22:00:00,17.0617,45.0,False,False
2019-04-05 23:00:00,17.7117,45.0,False,False
2019-04-06 00:00:00,18.69,45.0,False,False
2019-04-06 01:00:00,19.41,45.0,False,False
2019-04-06 02:00:00,21.81,45.0,False,False
2019-04-06 03:00:00,21.7917,45.0,False,False
2019-04-06 04:00:00,19.6917,45.0,False,False
2019-04-06 05:00:00,19.8283,45.0,False,False
2019-04-06 06:00:00,19.8117,45.0,False,False
2019-04-06 07:00:00,19.5117,45.0,False,False
2019-04-06 08:00:00,21.7033,45.0,False,False
2019-04-06 09:00:00,20.42,45.0,False,False
2019-04-06 10:00:00,17.5283,45.0,False,False
2019-04-06 11:00:00,14.6967,45.0,False,False
2019-04-06 12:00:00,18.3817,45.0,False,False
2019-04-06 13:00:00,11.975,44.6041,False,False
2019-04-06 14:00:00,9.7033,17.4917,False,False
2019-04-06 15:00:00,10.7029,27.3833,False,False
2019-04-06 16:00:00,9.4517,15.448,False,False
2019-04-06 17:00:00,2.05,0.0,False,True
2019-04-06 18:00:00,4.5783,0.0919,False,False
2019-04-06 19:00:00,10.9533,30.3394,False,False
2019-04-06 20:00:00,16.21,45.0,False,False
2019-04-06 21:00:00,16.9383,45.0,False,False
2019-04-06 22:00:00,18.38,45.0,False,False
2019-04-06 23:00:00,19.965,45.0,False,False
2019-04-07 00:00:00,20.4367,45.0,False,False
2019-04-07 01:00:00,20.6833,45.0,False,False
2019-04-07 02:00:00,20.7483,45.0,False,False
2019-04-07 03:00:00,20.7683,45.0,False,False
2019-04-07 04:00:00,18.875,45.0,False,False
2019-04-07 05:00:00,20.2233,45.0,False,False
2019-04-07 06:00:00,20.0267,45.0,False,False
2019-04-07 07:00:00,18.7283,45.0,False,False
2019-04-07 08:00:00,18.1267,45.0,False,False
2019-04-07 09:00:00,20.255,45.0,False,False
2019-04-07 10:00:00,14.515,45.0,False,False
2019-04-07 11:00:00,13.925,45.0,False,False
2019-04-07 12:00:00,15.4333,45.0,False,False
2019-04-07 13:00:00,18.0017,45.0,False,False
2019-04-07 14:00:00,16.0117,45.0,False,False
2019-04-07 15:00:00,18.5167,45.0,False,False
2019-04-07 16:00:00,17.0383,45.0,False,False
2019-04-07 17:00:00,13.71,45.0,False,False
2019-04-07 18:00:00,14.1883,45.0,False,False
2019-04-07 19:00:00,19.1733,45.0,False,False
2019-04-07 20:00:00,20.1417,45.0,False,False
2019-04-07 21:00:00,23.3367,45.0,False,False
2019-04-07 22:00:00,20.3983,45.0,False,False
2019-04-07 23:00:00,15.0333,45.0,False,False
2019-04-08 00:00:00,16.9183,45.0,False,False
2019-04-08 01:00:00,20.6517,45.0,False,False
2019-04-08 02:00:00,24.1267,45.0,False,False
2019-04-08 03:00:00,26.1583,0.0,True,False
2019-04-08 04:00:00,27.1033,0.0,True,False
2019-04-08 05:00:00,24.8167,45.0,False,False
2019-04-08 06:00:00,22.41,45.0,False,False
2019-04-08 07:00:00,24.7883,45.0,False,False
2019-04-08 08:00:00,26.5133,0.0,True,False
2019-04-08 09:00:00,28.17,0.0,True,False
2019-04-08 10:00:00,28.3933,0.0,True,False
2019-04-08 11:00:00,27.4567,0.0,True,False
2019-04-08 12:00:00,23.6117,45.0,False,False
2019-04-08 13:00:00,25.3517,0.0,True,False
2019-04-08 14:00:00,27.66,0.0,True,False
2019-04-08 15:00:00,27.4767,0.0,True,False
2019-04-08 16:00:00,27.885,0.0,True,False
2019-04-08 17:00:00,25.46,0.0,True,False
2019-04-08 18:00:00,23.27,45.0,False,False
2019-04-08 19:00:00,25.0417,0.0,True,False
2019-04-08 20:00:00,24.4367,45.0,False,False
2019-04-08 21:00:00,23.195,45.0,False,False
2019-04-08 22:00:00,23.7683,45.0,False,False
2019-04-08 23:00:00,24.6233,45.0,False,False
2019-04-09 00:00:00,23.9467,45.0,False,False
2019-04-09 01:00:00,23.5533,45.0,False,False
2019-04-09 02:00:00,19.2833,45.0,False,False
2019-04-09 03:00:00,17.0933,45.0,False,False
2019-04-09 04:00:00,13.395,45.0,False,False
2019-04-09 05:00:00,5.1433,0.3252,False,False
2019-04-09 06:00:00,3.4367,0.0,False,True
2019-04-09 07:00:00,2.3367,0.0,False,True
2019-04-09 08:00:00,2.8483,0.0,False,True
2019-04-09 09:00:00,7.9467,6.4426,False,False
2019-04-09 10:00:00,10.93,30.0554,False,False
2019-04-09 11:00:00,14.55,45.0,False,False
2019-04-09 12:00:00,17.8817,45.0,False,False
2019-04-09 13:00:00,17.5967,45.0,False,False
2019-04-09 14:00:00,16.8383,45.0,False,False
2019-04-09 15:00:00,15.9983,45.0,False,False
2019-04-09 16:00:00,12.7333,45.0,False,False
2019-04-09 17:00:00,14.8083,45.0,False,False
2019-04-09 18:00:00,9.375,14.8586,False,False
2019-04-09 19:00:00,2.3017,0.0,False,True
2019-04-09 20:00:00,8.5117,9.2236,False,False
2019-04-09 21:00:00,13.005,45.0,False,False
2019-04-09 22:00:00,14.8317,45.0,False,False
2019-04-09 23:00:00,12.9467,45.0,False,False
2019-04-10 00:00:00,14.1483,45.0,False,False
2019-04-10 01:00:00,15.9133,45.0,False,False
2019-04-10 02:00:00,18.82,45.0,False,False
2019-04-10 03:00:00,18.8017,45.0,False,False
2019-04-10 04:00:00,19.0567,45.0,False,False
2019-04-10 05:00:00,20.9183,45.0,False,False
2019-04-10 06:00:00,21.995,45.0,False,False
2019-04-10 07:00:00,22.4833,45.0,False,False
2019-04-10 08:00:00,24.4133,45.0,False,False
2019-04-10 09:00:00,24.375,45.0,False,False
2019-04-10 10:00:00,23.0633,45.0,False,False
2019-04-10 11:00:00,20.285,45.0,False,False
2019-04-10 12:00:00,19.1567,45.0,False,False
2019-04-10 13:00:00,17.3683,45.0,False,False
2019-04-10 14:00:00,16.6383,45.0,False,False
2019-04-10 15:00:00,16.5183,45.0,False,False
2019-04-10 16:00:00,18.1383,45.0,False,False
2019-04-10 17:00:00,20.7817,45.0,False,False
2019-04-10 18:00:00,21.8067,45.0,False,False
2019-04-10 19:00:00,23.2583,45.0,False,False
2019-04-10 20:00:00,25.515,0.0,True,False
2019-04-10 21:00:00,25.7817,0.0,True,False
2019-04-10 22:00:00,24.2983,45.0,False,False
2019-04-10 23:00:00,28.2733,0.0,True,False
2019-04-11 00:00:00,30.6833,0.0,True,False
2019-04-11 01:00:00,32.67,0.0,True,False
2019-04-11 02:00:00,35.205,0.0,True,False
2019-04-11 03:00:00,36.855,0.0,True,False
2019-04-11 04:00:00,39.5667,0.0,True,False
2019-04-11 05:00:00,34.595,0.0,True,False
2019-04-11 06:00:00,35.3517,0.0,True,False
2019-04-11 07:00:00,39.4617,0.0,True,False
2019-04-11 08:00:00,40.3117,0.0,True,False
2019-04-11 09:00:00,40.4583,0.0,True,False
2019-04-11 10:00:00,41.535,0.0,True,False
2019-04-11 11:00:00,41.065,0.0,True,False
2019-04-11 12:00:00,40.0183,0.0,True,False
2019-04-11 13:00:00,40.4,0.0,True,False
2019-04-11 14:00:00,39.41,0.0,True,False
2019-04-11 15:00:00,36.2467,0.0,True,False
2019-04-11 16:00:00,36.0633,0.0,True,False
2019-04-11 17:00:00,35.645,0.0,True,False
2019-04-11 18:00:00,38.1433,0.0,True,False
2019-04-11 19:00:00,36.3933,0.0,True,False
2019-04-11 20:00:00,34.335,0.0,True,False
2019-04-11 21:00:00,32.9983,0.0,True,False
2019-04-11 22:00:00,30.8883,0.0,True,False
2019-04-11 23:00:00,29.9917,0.0,True,False
2019-04-12 00:00:00,31.19,0.0,True,False
2019-04-12 01:00:00,31.4217,0.0,True,False
2019-04-12 02:00:00,30.255,0.0,True,False
2019-04-12 03:00:00,30.4633,0.0,True,False
2019-04-12 04:00:00,31.1783,0.0,True,False
2019-04-12 05:00:00,29.275,0.0,True,False
2019-04-12 06:00:00,31.235,0.0,True,False
2019-04-12 07:00:00,30.51,0.0,True,False
2019-04-12 08:00:00,28.255,0.0,True,False
2019-04-12 09:00:00,27.5019,0.0,True,False
2019-04-12 10:00:00,30.1061,0.0,True,False
2019-04-12 11:00:00,31.4433,0.0,True,False
2019-04-12 12:00:00,30.1683,0.0,True,False
2019-04-12 13:00:00,27.75,0.0,True,False
2019-04-12 14:00:00,25.6733,0.0,True,False
2019-04-12 15:00:00,25.0733,0.0,True,False
2019-04-12 16:00:00,27.2783,0.0,True,False
2019-04-12 17:00:00,30.45,0.0,True,False
2019-04-12 18:00:00,29.9967,0.0,True,False
2019-04-12 19:00:00,29.9633,0.0,True,False
2019-04-12 20:00:00,30.43,0.0,True,False
2019-04-12 21:00:00,30.3583,0.0,True,False
2019-04-12 22:00:00,28.3967,0.0,True,False
2019-04-12 23:00:00,23.6817,45.0,False,False
2019-04-13 00:00:00,21.25,45.0,False,False
2019-04-13 01:00:00,17.9667,45.0,False,False
2019-04-13 02:00:00,22.075,45.0,False,False
2019-04-13 03:00:00,19.8217,45.0,False,False
2019-04-13 04:00:00,19.8467,45.0,False,False
2019-04-13 05:00:00,18.2917,45.0,False,False
2019-04-13 06:00:00,22.2733,45.0,False,False
2019-04-13 07:00:00,24.7967,45.0,False,False
2019-04-13 08:00:00,24.555,45.0,False,False
2019-04-13 09:00:00,23.9083,45.0,False,False
2019-04-13 10:00:00,21.98,45.0,False,False
2019-04-13 11:00:00,24.4267,45.0,False,False
2019-04-13 12:00:00,21.6267,45.0,False,False
2019-04-13 13:00:00,19.2217,45.0,False,False
2019-04-13 14:00:00,21.135,45.0,False,False
2019-04-13 15:00:00,22.6083,45.0,False,False
2019-04-13 16:00:00,24.295,45.0,False,False
2019-04-13 17:00:00,23.6883,45.0,False,False
2019-04-13 18:00:00,22.86,45.0,False,False
2019-04-13 19:00:00,22.5333,45.0,False,False
2019-04-13 20:00:00,19.9167,45.0,False,False
2019-04-13 21:00:00,18.9833,45.0,False,False
2019-04-13 22:00:00,18.4867,45.0,False,False
2019-04-13 23:00:00,19.0733,45.0,False,False
2019-04-14 00:00:00,20.055,45.0,False,False
2019-04-14 01:00:00,21.485,45.0,False,False
2019-04-14 02:00:00,20.4583,45.0,False,False
2019-04-14 03:00:00,16.215,45.0,False,False
2019-04-14 04:00:00,16.3467,45.0,False,False
2019-04-14 05:00:00,17.935,45.0,False,False
2019-04-14 06:00:00,17.5267,45.0,False,False
2019-04-14 07:00:00,17.2467,45.0,False,False
2019-04-14 08:00:00,12.1167,45.0,False,False
2019-04-14 09:00:00,14.4317,45.0,False,False
2019-04-14 10:00:00,10.9267,30.0149,False,False
2019-04-14 11:00:00,8.4183,8.7179,False,False
2019-04-14 12:00:00,4.1783,0.0229,False,False
2019-04-14 13:00:00,1.5283,0.0,False,True
2019-04-14 14:00:00,2.6217,0.0,False,True
2019-04-14 15:00:00,10.31,23.1418,False,False
2019-04-14 16:00:00,4.6517,0.1119,False,False
2019-04-14 17:00:00,2.5833,0.0,False,True
2019-04-14 18:00:00,5.0967,0.2983,False,False
2019-04-14 19:00:00,11.0617,31.6817,False,False
2019-04-14 20:00:00,11.2983,34.7505,False,False
2019-04-14 21:00:00,15.4717,45.0,False,False
2019-04-14 22:00:00,17.5733,45.0,False,False
2019-04-14 23:00:00,18.595,45.0,False,False
2019-04-15 00:00:00,19.89,45.0,False,False
2019-04-15 01:00:00,20.7567,45.0,False,False
2019-04-15 02:00:00,19.5067,45.0,False,False
2019-04-15 03:00:00,21.3083,45.0,False,False
2019-04-15 04:00:00,21.755,45.0,False,False
2019-04-15 05:00:00,21.5933,45.0,False,False
2019-04-15 06:00:00,21.8333,45.0,False,False
2019-04-15 07:00:00,22.8283,45.0,False,False
2019-04-15 08:00:00,25.2983,0.0,True,False
2019-04-15 09:00:00,22.1783,45.0,False,False
2019-04-15 10:00:00,20.955,45.0,False,False
2019-04-15 11:00:00,18.245,45.0,False,False
2019-04-15 12:00:00,16.3933,45.0,False,False
2019-04-15 13:00:00,10.8083,28.6029,False,False
2019-04-15 14:00:00,10.6983,27.3308,False,False
2019-04-15 15:00:00,9.4983,15.8142,False,False
2019-04-15 16:00:00,8.1183,7.2179,False,False
2019-04-15 17:00:00,9.0717,12.6739,False,False
2019-04-15 18:00:00,8.2783,7.9944,False,False
2019-04-15 19:00:00,10.085,20.923,False,False
2019-04-15 20:00:00,7.8283,5.9418,False,False
2019-04-15 21:00:00,6.7033,2.4086,False,False
2019-04-15 22:00:00,7.6183,5.1182,False,False
2019-04-15 23:00:00,6.6767,2.3489,False,False
2019-04-16 00:00:00,6.2767,1.5687,False,False
2019-04-16 01:00:00,7.8133,5.8802,False,False
2019-04-16 02:00:00,2.67,0.0,False,True
2019-04-16 03:00:00,4.2433,0.0301,False,False
2019-04-16 04:00:00,5.055,0.2755,False,False
2019-04-16 05:00:00,4.7767,0.1525,False,False
2019-04-16 06:00:00,3.55,0.0,False,False
2019-04-16 07:00:00,9.1767,13.404,False,False
2019-04-16 08:00:00,19.0883,45.0,False,False
2019-04-16 09:00:00,24.0117,45.0,False,False
2019-04-16 10:00:00,22.04,45.0,False,False
2019-04-16 11:00:00,20.89,45.0,False,False
2019-04-16 12:00:00,21.3333,45.0,False,False
2019-04-16 13:00:00,20.8883,45.0,False,False
2019-04-16 14:00:00,19.2667,45.0,False,False
2019-04-16 15:00:00,21.5117,45.0,False,False
2019-04-16 16:00:00,21.09,45.0,False,False
2019-04-16 17:00:00,21.1333,45.0,False,False
2019-04-16 18:00:00,19.8117,45.0,False,False
2019-04-16 19:00:00,17.0117,45.0,False,False
2019-04-16 20:00:00,18.2567,45.0,False,False
2019-04-16 21:00:00,13.3833,45.0,False,False
2019-04-16 22:00:00,8.7933,10.8678,False,False
2019-04-16 23:00:00,13.06,45.0,False,False
2019-04-17 00:00:00,16.12,45.0,False,False
2019-04-17 01:00:00,15.895,45.0,False,False
2019-04-17 02:00:00,16.4583,45.0,False,False
2019-04-17 03:00:00,14.5783,45.0,False,False
2019-04-17 04:00:00,15.5133,45.0,False,False
2019-04-17 05:00:00,13.5367,45.0,False,False
2019-04-17 06:00:00,12.9567,45.0,False,False
2019-04-17 07:00:00,11.1333,32.5911,False,False
2019-04-17 08:00:00,11.91,43.5857,False,False
2019-04-17 09:00:00,12.2633,45.0,False,False
2019-04-17 10:00:00,14.14,45.0,False,False
2019-04-17 11:00:00,13.2367,45.0,False,False
2019-04-17 12:00:00,13.7533,45.0,False,False
2019-04-17 13:00:00,9.7283,17.704,False,False
2019-04-17 14:00:00,6.27,1.5574,False,False
2019-04-17 15:00:00,6.5617,2.103,False,False
2019-04-17 16:00:00,2.1233,0.0,False,True
2019-04-17 17:00:00,2.4367,0.0,False,True
2019-04-17 18:00:00,1.9817,0.0,False,True
2019-04-17 19:00:00,2.9367,0.0,False,True
2019-04-17 20:00:00,3.4017,0.0,False,True
2019-04-17 21:00:00,4.0367,0.0113,False,False
2019-04-17 22:00:00,4.895,0.1989,False,False
2019-04-17 23:00:00,7.605,5.0687,False,False
2019-04-18 00:00:00,13.47,45.0,False,False
2019-04-18 01:00:00,11.545,38.1535,False,False
2019-04-18 02:00:00,11.6683,39.9352,False,False
2019-04-18 03:00:00,17.0217,45.0,False,False
2019-04-18 04:00:00,12.57,45.0,False,False
2019-04-18 05:00:00,9.3233,14.4701,False,False
2019-04-18 06:00:00,4.9317,0.215,False,False
2019-04-18 07:00:00,16.545,45.0,False,False
2019-04-18 08:00:00,10.2717,22.7532,False,False
2019-04-18 09:00:00,10.65,26.7839,False,False
2019-04-18 10:00:00,4.4367,0.0602,False,False
2019-04-18 11:00:00,2.445,0.0,False,True
2019-04-18 12:00:00,2.5183,0.0,False,True
2019-04-18 13:00:00,2.5617,0.0,False,True
2019-04-18 14:00:00,2.545,0.0,False,True
2019-04-18 15:00:00,1.785,0.0,False,True
2019-04-18 16:00:00,2.91,0.0,False,True
2019-04-18 17:00:00,13.025,45.0,False,False
2019-04-18 18:00:00,11.3517,35.4684,False,False
2019-04-18 19:00:00,4.425,0.058,False,False
2019-04-18 20:00:00,2.5,0.0,False,True
2019-04-18 21:00:00,9.0467,12.5041,False,False
2019-04-18 22:00:00,2.4883,0.0,False,True
2019-04-18 23:00:00,2.85,0.0,False,True
2019-04-19 00:00:00,2.205,0.0,False,True
2019-04-19 01:00:00,2.165,0.0,False,True
2019-04-19 02:00:00,2.76,0.0,False,True
2019-04-19 03:00:00,2.5633,0.0,False,True
2019-04-19 04:00:00,1.365,0.0,False,True
2019-04-19 05:00:00,2.06,0.0,False,True
2019-04-19 06:00:00,2.9117,0.0,False,True
2019-04-19 07:00:00,1.9333,0.0,False,True
2019-04-19 08:00:00,1.955,0.0,False,True
2019-04-19 09:00:00,2.205,0.0,False,True
2019-04-19 10:00:00,2.9483,0.0,False,True
2019-04-19 11:00:00,14.2817,45.0,False,False
2019-04-19 12:00:00,12.1233,45.0,False,False
2019-04-19 13:00:00,11.555,38.2959,False,False
2019-04-19 14:00:00,10.9667,30.5025,False,False
2019-04-19 15:00:00,17.7483,45.0,False,False
2019-04-19 16:00:00,11.3517,35.4684,False,False
2019-04-19 17:00:00,15.965,45.0,False,False
2019-04-19 18:00:00,15.5467,45.0,False,False
2019-04-19 19:00:00,15.8567,45.0,False,False
2019-04-19 20:00:00,17.5083,45.0,False,False
2019-04-19 21:00:00,17.6467,45.0,False,False
2019-04-19 22:00:00,15.9133,45.0,False,False
2019-04-19 23:00:00,15.1017,45.0,False,False
2019-04-20 00:00:00,13.5983,45.0,False,False
2019-04-20 01:00:00,15.2217,45.0,False,False
2019-04-20 02:00:00,14.51,45.0,False,False
2019-04-20 03:00:00,15.6417,45.0,False,False
2019-04-20 04:00:00,14.0717,45.0,False,False
2019-04-20 05:00:00,11.9933,44.8942,False,False
2019-04-20 06:00:00,12.575,45.0,False,False
2019-04-20 07:00:00,10.145,21.5001,False,False
2019-04-20 08:00:00,8.5217,9.279,False,False
2019-04-20 09:00:00,7.17,3.622,False,False
2019-04-20 10:00:00,4.69,0.1235,False,False
2019-04-20 11:00:00,4.67,0.1174,False,False
2019-04-20 12:00:00,2.955,0.0,False,True
2019-04-20 13:00:00,3.01,0.0,False,True
2019-04-20 14:00:00,4.6283,0.1053,False,False
2019-04-20 15:00:00,6.765,2.5504,False,False
2019-04-20 16:00:00,5.6167,0.6949,False,False
2019-04-20 17:00:00,12.2117,45.0,False,False
2019-04-20 18:00:00,14.6733,45.0,False,False
2019-04-20 19:00:00,12.9567,45.0,False,False
2019-04-20 20:00:00,13.7517,45.0,False,False
2019-04-20 21:00:00,14.09,45.0,False,False
2019-04-20 22:00:00,15.015,45.0,False,False
2019-04-20 23:00:00,18.36,45.0,False,False
2019-04-21 00:00:00,16.6533,45.0,False,False
2019-04-21 01:00:00,17.0533,45.0,False,False
2019-04-21 02:00:00,18.2467,45.0,False,False
2019-04-21 03:00:00,18.5717,45.0,False,False
2019-04-21 04:00:00,18.8317,45.0,False,False
2019-04-21 05:00:00,18.47,45.0,False,False
2019-04-21 06:00:00,17.655,45.0,False,False
2019-04-21 07:00:00,20.53,45.0,False,False
2019-04-21 08:00:00,18.4833,45.0,False,False
2019-04-21 09:00:00,17.4817,45.0,False,False
2019-04-21 10:00:00,16.7467,45.0,False,False
2019-04-21 11:00:00,18.79,45.0,False,False
2019-04-21 12:00:00,21.5233,45.0,False,False
2019-04-21 13:00:00,19.0767,45.0,False,False
2019-04-21 14:00:00,18.485,45.0,False,False
2019-04-21 15:00:00,20.8517,45.0,False,False
2019-04-21 16:00:00,17.1283,45.0,False,False
2019-04-21 17:00:00,20.3083,45.0,False,False
2019-04-21 18:00:00,15.4783,45.0,False,False
2019-04-21 19:00:00,18.08,45.0,False,False
2019-04-21 20:00:00,17.5533,45.0,False,False
2019-04-21 21:00:00,19.365,45.0,False,False
2019-04-21 22:00:00,19.5433,45.0,False,False
2019-04-21 23:00:00,15.53,45.0,False,False
2019-04-22 00:00:00,17.78,45.0,False,False
2019-04-22 01:00:00,17.12,45.0,False,False
2019-04-22 02:00:00,14.0833,45.0,False,False
2019-04-22 03:00:00,12.0683,45.0,False,False
2019-04-22 04:00:00,10.035,20.45,False,False
2019-04-22 05:00:00,11.1917,33.344,False,False
2019-04-22 06:00:00,15.5133,45.0,False,False
2019-04-22 07:00:00,14.795,45.0,False,False
2019-04-22 08:00:00,13.445,45.0,False,False
2019-04-22 09:00:00,12.87,45.0,False,False
2019-04-22 10:00:00,8.5283,9.316,False,False
2019-04-22 11:00:00,3.6917,0.0005,False,False
2019-04-22 12:00:00,5.0167,0.2556,False,False
2019-04-22 13:00:00,6.31,1.6258,False,False
2019-04-22 14:00:00,2.6317,0.0,False,True
2019-04-22 15:00:00,4.6867,0.1224,False,False
2019-04-22 16:00:00,4.4517,0.0632,False,False
2019-04-22 17:00:00,6.8133,2.6653,False,False
2019-04-22 18:00:00,4.8667,0.187,False,False
2019-04-22 19:00:00,2.0467,0.0,False,True
2019-04-22 20:00:00,5.8083,0.9013,False,False
2019-04-22 21:00:00,4.7533,0.1443,False,False
2019-04-22 22:00:00,4.0733,0.0138,False,False
2019-04-22 23:00:00,4.7183,0.1325,False,False
2019-04-23 00:00:00,5.0017,0.2481,False,False
2019-04-23 01:00:00,5.5333,0.616,False,False
2019-04-23 02:00:00,6.0467,1.2102,False,False
2019-04-23 03:00:00,9.6217,16.8099,False,False
2019-04-23 04:00:00,5.115,0.3087,False,False
2019-04-23 05:00:00,3.2283,0.0,False,True
2019-04-23 06:00:00,6.075,1.2511,False,False
2019-04-23 07:00:00,5.0217,0.2582,False,False
2019-04-23 08:00:00,4.1083,0.0165,False,False
2019-04-23 09:00:00,1.9717,0.0,False,True
2019-04-23 10:00:00,1.9767,0.0,False,True
2019-04-23 11:00:00,3.9267,0.0057,False,False
2019-04-23 12:00:00,4.0417,0.0116,False,False
2019-04-23 13:00:00,2.725,0.0,False,True
2019-04-23 14:00:00,2.58,0.0,False,True
2019-04-23 15:00:00,3.8967,0.0046,False,False
2019-04-23 16:00:00,4.3733,0.0488,False,False
2019-04-23 17:00:00,6.0367,1.196,False,False
2019-04-23 18:00:00,4.5217,0.0781,False,False
2019-04-23 19:00:00,5.5083,0.5936,False,False
2019-04-23 20:00:00,3.1017,0.0,False,True
2019-04-23 21:00:00,10.3567,23.6208,False,False
2019-04-23 22:00:00,12.25,45.0,False,False
2019-04-23 23:00:00,9.895,19.1636,False,False
2019-04-24 00:00:00,12.0317,45.0,False,False
2019-04-24 01:00:00,11.16,32.9338,False,False
2019-04-24 02:00:00,12.2567,45.0,False,False
2019-04-24 03:00:00,10.13,21.3548,False,False
2019-04-24 04:00:00,7.56,4.9038,False,False
2019-04-24 05:00:00,6.045,1.2079,False,False
2019-04-24 06:00:00,1.88,0.0,False,True
2019-04-24 07:00:00,3.2333,0.0,False,True
2019-04-24 08:00:00,3.6067,0.0001,False,False
2019-04-24 09:00:00,3.4617,0.0,False,True
2019-04-24 10:00:00,7.49,4.6545,False,False
2019-04-24 11:00:00,4.075,0.0139,False,False
2019-04-24 12:00:00,3.0333,0.0,False,True
2019-04-24 13:00:00,4.7733,0.1513,False,False
2019-04-24 14:00:00,4.465,0.0658,False,False
2019-04-24 15:00:00,5.4717,0.5616,False,False
2019-04-24 16:00:00,4.77,0.1501,False,False
2019-04-24 17:00:00,9.3233,14.4701,False,False
2019-04-24 18:00:00,3.5417,0.0,False,False
2019-04-24 19:00:00,7.9067,6.2703,False,False
2019-04-24 20:00:00,3.4217,0.0,False,True
2019-04-24 21:00:00,7.6117,5.0934,False,False
2019-04-24 22:00:00,4.5717,0.0902,False,False
2019-04-24 23:00:00,3.7433,0.0011,False,False
2019-04-25 00:00:00,7.2417,3.8384,False,False
2019-04-25 01:00:00,6.9767,3.0792,False,False
2019-04-25 02:00:00,3.1083,0.0,False,True
2019-04-25 03:00:00,3.2833,0.0,False,True
2019-04-25 04:00:00,4.5467,0.084,False,False
2019-04-25 05:00:00,4.1233,0.0177,False,False
2019-04-25 06:00:00,10.1367,21.4193,False,False
2019-04-25 07:00:00,10.5533,25.7122,False,False
2019-04-25 08:00:00,13.125,45.0,False,False
2019-04-25 09:00:00,12.835,45.0,False,False
2019-04-25 10:00:00,13.495,45.0,False,False
2019-04-25 11:00:00,13.5167,45.0,False,False
2019-04-25 12:00:00,14.695,45.0,False,False
2019-04-25 13:00:00,18.2517,45.0,False,False
2019-04-25 14:00:00,16.6483,45.0,False,False
2019-04-25 15:00:00,16.1617,45.0,False,False
2019-04-25 16:00:00,14.3917,45.0,False,False
2019-04-25 17:00:00,15.8333,45.0,False,False
2019-04-25 18:00:00,16.7667,45.0,False,False
2019-04-25 19:00:00,16.54,45.0,False,False
2019-04-25 20:00:00,17.08,45.0,False,False
2019-04-25 21:00:00,16.08,45.0,False,False
2019-04-25 22:00:00,15.2733,45.0,False,False
2019-04-25 23:00:00,15.6667,45.0,False,False
2019-04-26 00:00:00,16.5867,45.0,False,False
2019-04-26 01:00:00,19.2433,45.0,False,False
2019-04-26 02:00:00,19.1467,45.0,False,False
2019-04-26 03:00:00,19.69,45.0,False,False
2019-04-26 04:00:00,19.0033,45.0,False,False
2019-04-26 05:00:00,19.4,45.0,False,False
2019-04-26 06:00:00,17.4767,45.0,False,False
2019-04-26 07:00:00,18.5917,45.0,False,False
2019-04-26 08:00:00,18.5383,45.0,False,False
2019-04-26 09:00:00,20.1233,45.0,False,False
2019-04-26 10:00:00,17.01,45.0,False,False
2019-04-26 11:00:00,16.22,45.0,False,False
2019-04-26 12:00:00,17.31,45.0,False,False
2019-04-26 13:00:00,19.0167,45.0,False,False
2019-04-26 14:00:00,20.355,45.0,False,False
2019-04-26 15:00:00,20.49,45.0,False,False
2019-04-26 16:00:00,15.3233,45.0,False,False
2019-04-26 17:00:00,11.7783,41.5704,False,False
2019-04-26 18:00:00,12.07,45.0,False,False
2019-04-26 19:00:00,10.295,22.9892,False,False
2019-04-26 20:00:00,7.0617,3.3107,False,False
2019-04-26 21:00:00,9.8467,18.7324,False,False
2019-04-26 22:00:00,11.3267,35.1307,False,False
2019-04-26 23:00:00,11.0683,31.7656,False,False
2019-04-27 00:00:00,9.4133,15.1514,False,False
2019-04-27 01:00:00,9.3467,14.6447,False,False
2019-04-27 02:00:00,9.315,14.408,False,False
2019-04-27 03:00:00,8.5533,9.4556,False,False
2019-04-27 04:00:00,14.5333,45.0,False,False
2019-04-27 05:00:00,6.9133,2.914,False,False
2019-04-27 06:00:00,1.615,0.0,False,True
2019-04-27 07:00:00,2.9617,0.0,False,True
2019-04-27 08:00:00,3.7683,0.0014,False,False
2019-04-27 09:00:00,3.46,0.0,False,True
2019-04-27 10:00:00,1.88,0.0,False,True
2019-04-27 11:00:00,4.1667,0.0217,False,False
2019-04-27 12:00:00,1.74,0.0,False,True
2019-04-27 13:00:00,3.115,0.0,False,True
2019-04-27 14:00:00,11.4967,37.4699,False,False
2019-04-27 15:00:00,15.84,45.0,False,False
2019-04-27 16:00:00,17.8717,45.0,False,False
2019-04-27 17:00:00,17.8767,45.0,False,False
2019-04-27 18:00:00,17.8717,45.0,False,False
2019-04-27 19:00:00,18.6117,45.0,False,False
2019-04-27 20:00:00,17.8317,45.0,False,False
2019-04-27 21:00:00,18.455,45.0,False,False
2019-04-27 22:00:00,21.0383,45.0,False,False
2019-04-27 23:00:00,20.07,45.0,False,False
2019-04-28 00:00:00,20.7533,45.0,False,False
2019-04-28 01:00:00,23.5533,45.0,False,False
2019-04-28 02:00:00,22.5833,45.0,False,False
2019-04-28 03:00:00,14.4283,45.0,False,False
2019-04-28 04:00:00,19.74,45.0,False,False
2019-04-28 05:00:00,17.4267,45.0,False,False
2019-04-28 06:00:00,17.54,45.0,False,False
2019-04-28 07:00:00,18.7533,45.0,False,False
2019-04-28 08:00:00,17.425,45.0,False,False
2019-04-28 09:00:00,15.3267,45.0,False,False
2019-04-28 10:00:00,12.0383,45.0,False,False
2019-04-28 11:00:00,18.2167,45.0,False,False
2019-04-28 12:00:00,19.7233,45.0,False,False
2019-04-28 13:00:00,20.7633,45.0,False,False
2019-04-28 14:00:00,19.4167,45.0,False,False
2019-04-28 15:00:00,20.23,45.0,False,False
2019-04-28 16:00:00,21.2867,45.0,False,False
2019-04-28 17:00:00,19.885,45.0,False,False
2019-04-28 18:00:00,16.4867,45.0,False,False
2019-04-28 19:00:00,3.0017,0.0,False,True
2019-04-28 20:00:00,2.0583,0.0,False,True
2019-04-28 21:00:00,4.7533,0.1443,False,False
2019-04-28 22:00:00,1.9233,0.0,False,True
2019-04-28 23:00:00,1.7517,0.0,False,True
2019-04-29 00:00:00,2.1133,0.0,False,True
2019-04-29 01:00:00,3.6433,0.0002,False,False
2019-04-29 02:00:00,6.75,2.5154,False,False
2019-04-29 03:00:00,6.8767,2.8211,False,False
2019-04-29 04:00:00,2.9067,0.0,False,True
2019-04-29 05:00:00,2.4017,0.0,False,True
2019-04-29 06:00:00,4.7667,0.1489,False,False
2019-04-29 07:00:00,12.0733,45.0,False,False
2019-04-29 08:00:00,11.4683,37.073,False,False
2019-04-29 09:00:00,11.3133,34.9514,False,False
2019-04-29 10:00:00,2.6,0.0,False,True
2019-04-29 11:00:00,7.5783,4.9705,False,False
2019-04-29 12:00:00,2.2367,0.0,False,True
2019-04-29 13:00:00,3.3417,0.0,False,True
2019-04-29 14:00:00,3.455,0.0,False,True
2019-04-29 15:00:00,3.2333,0.0,False,True
2019-04-29 16:00:00,2.4267,0.0,False,True
2019-04-29 17:00:00,1.9667,0.0,False,True
2019-04-29 18:00:00,1.0667,0.0,False,True
2019-04-29 19:00:00,2.0583,0.0,False,True
2019-04-29 20:00:00,3.965,0.0074,False,False
2019-04-29 21:00:00,3.0167,0.0,False,True
2019-04-29 22:00:00,1.325,0.0,False,True
2019-04-29 23:00:00,0.9983,0.0,False,True
2019-04-30 00:00:00,0.8833,0.0,False,True
2019-04-30 01:00:00,1.725,0.0,False,True
2019-04-30 02:00:00,3.875,0.0039,False,False
2019-04-30 03:00:00,3.4317,0.0,False,True
2019-04-30 04:00:00,4.5017,0.0736,False,False
2019-04-30 05:00:00,1.79,0.0,False,True
2019-04-30 06:00:00,7.88,6.1571,False,False
2019-04-30 07:00:00,7.4183,4.4082,False,False
2019-04-30 08:00:00,6.105,1.2953,False,False
2019-04-30 09:00:00,6.4767,1.9326,False,False
2019-04-30 10:00:00,2.0967,0.0,False,True
2019-04-30 11:00:00,5.92,1.0385,False,False
2019-04-30 12:00:00,3.85,0.0031,False,False
2019-04-30 13:00:00,9.8583,18.8359,False,False
2019-04-30 14:00:00,7.525,4.7781,False,False
2019-04-30 15:00:00,10.92,29.9342,False,False
2019-04-30 16:00:00,12.11,45.0,False,False
2019-04-30 17:00:00,14.19,45.0,False,False
2019-04-30 18:00:00,12.8083,45.0,False,False
2019-04-30 19:00:00,9.6333,16.9062,False,False
2019-04-30 20:00:00,9.69,17.3791,False,False
2019-04-30 21:00:00,8.9883,12.1137,False,False
2019-04-30 22:00:00,8.95,11.8617,False,False
2019-04-30 23:00:00,8.0083,6.7143,False,False
2019-05-01 00:00:00,4.6817,0.1209,False,False
2019-05-01 01:00:00,2.3,0.0,False,True
2019-05-01 02:00:00,2.955,0.0,False,True
2019-05-01 03:00:00,2.3083,0.0,False,True
2019-05-01 04:00:00,3.145,0.0,False,True
2019-05-01 05:00:00,3.1033,0.0,False,True
2019-05-01 06:00:00,3.5883,0.0001,False,False
2019-05-01 07:00:00,3.0933,0.0,False,True
2019-05-01 08:00:00,7.165,3.6073,False,False
2019-05-01 09:00:00,11.5917,38.8213,False,False
2019-05-01 10:00:00,3.1733,0.0,False,True
2019-05-01 11:00:00,3.2117,0.0,False,True
2019-05-01 12:00:00,4.7367,0.1386,False,False
2019-05-01 13:00:00,3.6383,0.0002,False,False
2019-05-01 14:00:00,3.45,0.0,False,True
2019-05-01 15:00:00,2.7667,0.0,False,True
2019-05-01 16:00:00,2.37,0.0,False,True
2019-05-01 17:00:00,7.41,4.3801,False,False
2019-05-01 18:00:00,8.095,7.1091,False,False
2019-05-01 19:00:00,8.07,6.9937,False,False
2019-05-01 20:00:00,5.415,0.5146,False,False
2019-05-01 21:00:00,12.1733,45.0,False,False
2019-05-01 22:00:00,5.5317,0.6145,False,False
2019-05-01 23:00:00,6.5667,2.1133,False,False
2019-05-02 00:00:00,6.8267,2.6976,False,False
2019-05-02 01:00:00,11.6117,39.1098,False,False
2019-05-02 02:00:00,6.2383,1.5046,False,False
2019-05-02 03:00:00,7.1183,3.4712,False,False
2019-05-02 04:00:00,7.2667,3.9159,False,False
2019-05-02 05:00:00,5.065,0.2809,False,False
2019-05-02 06:00:00,2.5617,0.0,False,True
2019-05-02 07:00:00,3.6433,0.0002,False,False
2019-05-02 08:00:00,2.705,0.0,False,True
2019-05-02 09:00:00,4.7217,0.1336,False,False
2019-05-02 10:00:00,4.53,0.0801,False,False
2019-05-02 11:00:00,6.6267,2.2398,False,False
2019-05-02 12:00:00,8.955,11.8943,False,False
2019-05-02 13:00:00,3.0417,0.0,False,True
2019-05-02 14:00:00,3.045,0.0,False,True
2019-05-02 15:00:00,5.6233,0.7015,False,False
2019-05-02 16:00:00,3.6217,0.0001,False,False
2019-05-02 17:00:00,2.8817,0.0,False,True
2019-05-02 18:00:00,5.1033,0.302,False,False
2019-05-02 19:00:00,5.245,0.3894,False,False
2019-05-02 20:00:00,3.5117,0.0,False,False
2019-05-02 21:00:00,2.285,0.0,False,True
2019-05-02 22:00:00,3.29,0.0,False,True
2019-05-02 23:00:00,4.9133,0.2069,False,False
2019-05-03 00:00:00,3.5933,0.0001,False,False
2019-05-03 01:00:00,2.33,0.0,False,True
2019-05-03 02:00:00,1.685,0.0,False,True
2019-05-03 03:00:00,3.9867,0.0084,False,False
2019-05-03 04:00:00,3.3617,0.0,False,True
2019-05-03 05:00:00,2.3533,0.0,False,True
2019-05-03 06:00:00,8.5317,9.3345,False,False
2019-05-03 07:00:00,4.46,0.0648,False,False
2019-05-03 08:00:00,3.1383,0.0,False,True
2019-05-03 09:00:00,6.2383,1.5046,False,False
2019-05-03 10:00:00,3.955,0.0069,False,False
2019-05-03 11:00:00,1.715,0.0,False,True
2019-05-03 12:00:00,1.4283,0.0,False,True
2019-05-03 13:00:00,1.545,0.0,False,True
2019-05-03 14:00:00,2.265,0.0,False,True
2019-05-03 15:00:00,2.71,0.0,False,True
2019-05-03 16:00:00,2.6817,0.0,False,True
2019-05-03 17:00:00,1.2333,0.0,False,True
2019-05-03 18:00:00,2.4767,0.0,False,True
2019-05-03 19:00:00,3.88,0.004,False,False
2019-05-03 20:00:00,2.01,0.0,False,True
2019-05-03 21:00:00,2.6167,0.0,False,True
2019-05-03 22:00:00,2.6517,0.0,False,True
2019-05-03 23:00:00,1.28,0.0,False,True
2019-05-04 00:00:00,2.0217,0.0,False,True
2019-05-04 01:00:00,3.0983,0.0,False,True
2019-05-04 02:00:00,2.8583,0.0,False,True
2019-05-04 03:00:00,1.9267,0.0,False,True
2019-05-04 04:00:00,2.5717,0.0,False,True
2019-05-04 05:00:00,2.2917,0.0,False,True
2019-05-04 06:00:00,2.0517,0.0,False,True
2019-05-04 07:00:00,2.4633,0.0,False,True
2019-05-04 08:00:00,2.6983,0.0,False,True
2019-05-04 09:00:00,4.2233,0.0277,False,False
2019-05-04 10:00:00,6.99,3.1148,False,False
2019-05-04 11:00:00,6.975,3.0748,False,False
2019-05-04 12:00:00,11.78,41.5955,False,False
2019-05-04 13:00:00,6.7817,2.5896,False,False
2019-05-04 14:00:00,5.7883,0.878,False,False
2019-05-04 15:00:00,6.305,1.6172,False,False
2019-05-04 16:00:00,3.9583,0.0071,False,False
2019-05-04 17:00:00,5.8983,1.0108,False,False
2019-05-04 18:00:00,28.6717,0.0,True,False
2019-05-04 19:00:00,28.675,0.0,True,False
2019-05-04 20:00:00,12.545,45.0,False,False
2019-05-04 21:00:00,22.0933,45.0,False,False
2019-05-04 22:00:00,24.575,45.0,False,False
2019-05-04 23:00:00,9.5433,16.1728,False,False
2019-05-05 00:00:00,13.505,45.0,False,False
2019-05-05 01:00:00,13.6,45.0,False,False
2019-05-05 02:00:00,9.2017,13.5819,False,False
2019-05-05 03:00:00,11.675,40.0331,False,False
2019-05-05 04:00:00,11.1017,32.1871,False,False
2019-05-05 05:00:00,12.345,45.0,False,False
2019-05-05 06:00:00,7.2567,3.8848,False,False
2019-05-05 07:00:00,10.6067,26.2999,False,False
2019-05-05 08:00:00,17.31,45.0,False,False
2019-05-05 09:00:00,14.9833,45.0,False,False
2019-05-05 10:00:00,17.765,45.0,False,False
2019-05-05 11:00:00,24.36,45.0,False,False
2019-05-05 12:00:00,23.2383,45.0,False,False
2019-05-05 13:00:00,30.2983,0.0,True,False
2019-05-05 14:00:00,28.6433,0.0,True,False
2019-05-05 15:00:00,27.185,0.0,True,False
2019-05-05 16:00:00,25.975,0.0,True,False
2019-05-05 17:00:00,26.11,0.0,True,False
2019-05-05 18:00:00,22.5017,45.0,False,False
2019-05-05 19:00:00,22.0867,45.0,False,False
2019-05-05 20:00:00,25.305,0.0,True,False
2019-05-05 21:00:00,24.6817,45.0,False,False
2019-05-05 22:00:00,25.6517,0.0,True,False
2019-05-05 23:00:00,26.8483,0.0,True,False
2019-05-06 00:00:00,26.2717,0.0,True,False
2019-05-06 01:00:00,24.84,45.0,False,False
2019-05-06 02:00:00,24.1,45.0,False,False
2019-05-06 03:00:00,24.8717,45.0,False,False
2019-05-06 04:00:00,21.0233,45.0,False,False
2019-05-06 05:00:00,26.7533,0.0,True,False
2019-05-06 06:00:00,24.4133,45.0,False,False
2019-05-06 07:00:00,25.3867,0.0,True,False
2019-05-06 08:00:00,23.5633,45.0,False,False
2019-05-06 09:00:00,26.4133,0.0,True,False
2019-05-06 10:00:00,28.87,0.0,True,False
2019-05-06 11:00:00,25.57,0.0,True,False
2019-05-06 12:00:00,26.32,0.0,True,False
2019-05-06 13:00:00,27.3917,0.0,True,False
2019-05-06 14:00:00,26.4583,0.0,True,False
2019-05-06 15:00:00,25.6917,0.0,True,False
2019-05-06 16:00:00,28.195,0.0,True,False
2019-05-06 17:00:00,27.235,0.0,True,False
2019-05-06 18:00:00,24.52,45.0,False,False
2019-05-06 19:00:00,27.2433,0.0,True,False
2019-05-06 20:00:00,23.735,45.0,False,False
2019-05-06 21:00:00,22.4817,45.0,False,False
2019-05-06 22:00:00,19.42,45.0,False,False
2019-05-06 23:00:00,20.15,45.0,False,False
2019-05-07 00:00:00,19.4583,45.0,False,False
2019-05-07 01:00:00,20.1733,45.0,False,False
2019-05-07 02:00:00,19.6817,45.0,False,False
2019-05-07 03:00:00,21.3033,45.0,False,False
2019-05-07 04:00:00,20.4383,45.0,False,False
2019-05-07 05:00:00,19.6267,45.0,False,False
2019-05-07 06:00:00,18.115,45.0,False,False
2019-05-07 07:00:00,18.7433,45.0,False,False
2019-05-07 08:00:00,19.655,45.0,False,False
2019-05-07 09:00:00,19.1867,45.0,False,False
2019-05-07 10:00:00,19.82,45.0,False,False
2019-05-07 11:00:00,21.3717,45.0,False,False
2019-05-07 12:00:00,22.5383,45.0,False,False
2019-05-07 13:00:00,21.8933,45.0,False,False
2019-05-07 14:00:00,20.325,45.0,False,False
2019-05-07 15:00:00,19.4717,45.0,False,False
2019-05-07 16:00:00,20.43,45.0,False,False
2019-05-07 17:00:00,22.3633,45.0,False,False
2019-05-07 18:00:00,21.18,45.0,False,False
2019-05-07 19:00:00,19.66,45.0,False,False
2019-05-07 20:00:00,21.895,45.0,False,False
2019-05-07 21:00:00,22.1567,45.0,False,False
2019-05-07 22:00:00,23.445,45.0,False,False
2019-05-07 23:00:00,21.7033,45.0,False,False
2019-05-08 00:00:00,21.3967,45.0,False,False
2019-05-08 01:00:00,22.2117,45.0,False,False
2019-05-08 02:00:00,22.995,45.0,False,False
2019-05-08 03:00:00,20.77,45.0,False,False
2019-05-08 04:00:00,20.2317,45.0,False,False
2019-05-08 05:00:00,22.0917,45.0,False,False
2019-05-08 06:00:00,21.975,45.0,False,False
2019-05-08 07:00:00,21.0967,45.0,False,False
2019-05-08 08:00:00,12.8517,45.0,False,False
2019-05-08 09:00:00,11.2217,33.7356,False,False
2019-05-08 10:00:00,13.0167,45.0,False,False
2019-05-08 11:00:00,14.275,45.0,False,False
2019-05-08 12:00:00,17.5717,45.0,False,False
2019-05-08 13:00:00,16.64,45.0,False,False
2019-05-08 14:00:00,17.6633,45.0,False,False
2019-05-08 15:00:00,21.3133,45.0,False,False
2019-05-08 16:00:00,23.8267,45.0,False,False
2019-05-08 17:00:00,24.7867,45.0,False,False
2019-05-08 18:00:00,26.555,0.0,True,False
2019-05-08 19:00:00,23.36,45.0,False,False
2019-05-08 20:00:00,24.9767,45.0,False,False
2019-05-08 21:00:00,23.1233,45.0,False,False
2019-05-08 22:00:00,22.425,45.0,False,False
2019-05-08 23:00:00,24.1683,45.0,False,False
2019-05-09 00:00:00,25.625,0.0,True,False
2019-05-09 01:00:00,23.1783,45.0,False,False
2019-05-09 02:00:00,23.745,45.0,False,False
2019-05-09 03:00:00,24.1283,45.0,False,False
2019-05-09 04:00:00,21.785,45.0,False,False
2019-05-09 05:00:00,24.6333,45.0,False,False
2019-05-09 06:00:00,25.8983,0.0,True,False
2019-05-09 07:00:00,21.5567,45.0,False,False
2019-05-09 08:00:00,20.985,45.0,False,False
2019-05-09 09:00:00,20.69,45.0,False,False
2019-05-09 10:00:00,21.5217,45.0,False,False
2019-05-09 11:00:00,22.505,45.0,False,False
2019-05-09 12:00:00,22.51,45.0,False,False
2019-05-09 13:00:00,23.9333,45.0,False,False
2019-05-09 14:00:00,22.36,45.0,False,False
2019-05-09 15:00:00,21.31,45.0,False,False
2019-05-09 16:00:00,18.5567,45.0,False,False
2019-05-09 17:00:00,19.4417,45.0,False,False
2019-05-09 18:00:00,19.295,45.0,False,False
2019-05-09 19:00:00,19.23,45.0,False,False
2019-05-09 20:00:00,19.9117,45.0,False,False
2019-05-09 21:00:00,21.195,45.0,False,False
2019-05-09 22:00:00,19.91,45.0,False,False
2019-05-09 23:00:00,19.5817,45.0,False,False
2019-05-10 00:00:00,19.0683,45.0,False,False
2019-05-10 01:00:00,18.5983,45.0,False,False
2019-05-10 02:00:00,18.7683,45.0,False,False
2019-05-10 03:00:00,19.065,45.0,False,False
2019-05-10 04:00:00,19.3233,45.0,False,False
2019-05-10 05:00:00,20.2517,45.0,False,False
2019-05-10 06:00:00,19.8983,45.0,False,False
2019-05-10 07:00:00,20.4083,45.0,False,False
2019-05-10 08:00:00,20.6617,45.0,False,False
2019-05-10 09:00:00,19.5767,45.0,False,False
2019-05-10 10:00:00,19.1383,45.0,False,False
2019-05-10 11:00:00,19.1067,45.0,False,False
2019-05-10 12:00:00,19.4533,45.0,False,False
2019-05-10 13:00:00,17.8883,45.0,False,False
2019-05-10 14:00:00,16.7067,45.0,False,False
2019-05-10 15:00:00,10.8033,28.5443,False,False
2019-05-10 16:00:00,9.9467,19.6319,False,False
2019-05-10 17:00:00,11.28,34.506,False,False
2019-05-10 18:00:00,9.755,17.9324,False,False
2019-05-10 19:00:00,10.8217,28.7598,False,False
2019-05-10 20:00:00,9.0683,12.6512,False,False
2019-05-10 21:00:00,7.485,4.637,False,False
2019-05-10 22:00:00,6.63,2.2469,False,False
2019-05-10 23:00:00,8.6333,9.9118,False,False
2019-05-11 00:00:00,9.9067,19.2687,False,False
2019-05-11 01:00:00,10.84,28.9764,False,False
2019-05-11 02:00:00,9.7683,18.0473,False,False
2019-05-11 03:00:00,5.5867,0.6658,False,False
2019-05-11 04:00:00,4.6,0.0975,False,False
2019-05-11 05:00:00,2.3017,0.0,False,True
2019-05-11 06:00:00,1.5833,0.0,False,True
2019-05-11 07:00:00,1.6117,0.0,False,True
2019-05-11 08:00:00,8.2967,8.0868,False,False
2019-05-11 09:00:00,10.645,26.7278,False,False
2019-05-11 10:00:00,5.3683,0.4779,False,False
2019-05-11 11:00:00,6.8883,2.8505,False,False
2019-05-11 12:00:00,10.5233,25.3855,False,False
2019-05-11 13:00:00,12.1683,45.0,False,False
2019-05-11 14:00:00,11.4833,37.2828,False,False
2019-05-11 15:00:00,4.2233,0.0277,False,False
2019-05-11 16:00:00,18.045,45.0,False,False
2019-05-11 17:00:00,17.4233,45.0,False,False
2019-05-11 18:00:00,13.645,45.0,False,False
2019-05-11 19:00:00,16.2717,45.0,False,False
2019-05-11 20:00:00,16.53,45.0,False,False
2019-05-11 21:00:00,14.2033,45.0,False,False
2019-05-11 22:00:00,17.1567,45.0,False,False
2019-05-11 23:00:00,15.925,45.0,False,False
2019-05-12 00:00:00,16.2517,45.0,False,False
2019-05-12 01:00:00,16.375,45.0,False,False
2019-05-12 02:00:00,13.8317,45.0,False,False
2019-05-12 03:00:00,13.9,45.0,False,False
2019-05-12 04:00:00,19.4117,45.0,False,False
2019-05-12 05:00:00,25.52,0.0,True,False
2019-05-12 06:00:00,23.6967,45.0,False,False
2019-05-12 07:00:00,26.595,0.0,True,False
2019-05-12 08:00:00,27.5033,0.0,True,False
2019-05-12 09:00:00,23.5117,45.0,False,False
2019-05-12 10:00:00,19.74,45.0,False,False
2019-05-12 11:00:00,6.445,1.8716,False,False
2019-05-12 12:00:00,5.5717,0.6515,False,False
2019-05-12 13:00:00,7.3217,4.0899,False,False
2019-05-12 14:00:00,6.5667,2.1133,False,False
2019-05-12 15:00:00,6.6083,2.2006,False,False
2019-05-12 16:00:00,9.9317,19.4951,False,False
2019-05-12 17:00:00,4.36,0.0466,False,False
2019-05-12 18:00:00,4.9717,0.2336,False,False
2019-05-12 19:00:00,3.765,0.0014,False,False
2019-05-12 20:00:00,10.2517,22.5522,False,False
2019-05-12 21:00:00,11.885,43.1981,False,False
2019-05-12 22:00:00,9.42,15.2027,False,False
2019-05-12 23:00:00,5.44,0.535,False,False
2019-05-13 00:00:00,3.5417,0.0,False,False
2019-05-13 01:00:00,3.485,0.0,False,True
2019-05-13 02:00:00,3.8417,0.0029,False,False
2019-05-13 03:00:00,7.0633,3.3153,False,False
2019-05-13 04:00:00,4.5467,0.084,False,False
2019-05-13 05:00:00,4.785,0.1555,False,False
2019-05-13 06:00:00,4.1317,0.0185,False,False
2019-05-13 07:00:00,6.6867,2.3712,False,False
2019-05-13 08:00:00,4.995,0.2448,False,False
2019-05-13 09:00:00,5.8767,0.9837,False,False
2019-05-13 10:00:00,6.4617,1.9035,False,False
2019-05-13 11:00:00,2.4933,0.0,False,True
2019-05-13 12:00:00,18.1767,45.0,False,False
2019-05-13 13:00:00,19.1683,45.0,False,False
2019-05-13 14:00:00,15.7217,45.0,False,False
2019-05-13 15:00:00,12.3867,45.0,False,False
2019-05-13 16:00:00,10.185,21.8907,False,False
2019-05-13 17:00:00,10.53,25.4578,False,False
2019-05-13 18:00:00,21.0083,45.0,False,False
2019-05-13 19:00:00,24.3583,45.0,False,False
2019-05-13 20:00:00,26.775,0.0,True,False
2019-05-13 21:00:00,26.4433,0.0,True,False
2019-05-13 22:00:00,28.1867,0.0,True,False
2019-05-13 23:00:00,29.1667,0.0,True,False
2019-05-14 00:00:00,28.905,0.0,True,False
2019-05-14 01:00:00,27.1083,0.0,True,False
2019-05-14 02:00:00,27.8117,0.0,True,False
2019-05-14 03:00:00,26.1967,0.0,True,False
2019-05-14 04:00:00,26.0533,0.0,True,False
2019-05-14 05:00:00,24.2833,45.0,False,False
2019-05-14 06:00:00,23.2367,45.0,False,False
2019-05-14 07:00:00,22.43,45.0,False,False
2019-05-14 08:00:00,22.96,45.0,False,False
2019-05-14 09:00:00,21.1717,45.0,False,False
2019-05-14 10:00:00,21.0067,45.0,False,False
2019-05-14 11:00:00,19.7417,45.0,False,False
2019-05-14 12:00:00,18.2533,45.0,False,False
2019-05-14 13:00:00,17.29,45.0,False,False
2019-05-14 14:00:00,12.8067,45.0,False,False
2019-05-14 15:00:00,9.235,13.8215,False,False
2019-05-14 16:00:00,13.855,45.0,False,False
2019-05-14 17:00:00,15.055,45.0,False,False
2019-05-14 18:00:00,15.415,45.0,False,False
2019-05-14 19:00:00,14.3433,45.0,False,False
2019-05-14 20:00:00,12.815,45.0,False,False
2019-05-14 21:00:00,12.2704,45.0,False,False
2019-05-14 22:00:00,11.71,40.5495,False,False
2019-05-14 23:00:00,13.1367,45.0,False,False
2019-05-15 00:00:00,15.5883,45.0,False,False
2019-05-15 01:00:00,17.2133,45.0,False,False
2019-05-15 02:00:00,20.0467,45.0,False,False
2019-05-15 03:00:00,23.4383,45.0,False,False
2019-05-15 04:00:00,26.85,0.0,True,False
2019-05-15 05:00:00,26.7317,0.0,True,False
2019-05-15 06:00:00,24.8833,45.0,False,False
2019-05-15 07:00:00,27.1633,0.0,True,False
2019-05-15 08:00:00,27.7383,0.0,True,False
2019-05-15 09:00:00,27.8567,0.0,True,False
2019-05-15 10:00:00,27.22,0.0,True,False
2019-05-15 11:00:00,27.6767,0.0,True,False
2019-05-15 12:00:00,28.2033,0.0,True,False
2019-05-15 13:00:00,27.6733,0.0,True,False
2019-05-15 14:00:00,27.99,0.0,True,False
2019-05-15 15:00:00,27.0883,0.0,True,False
2019-05-15 16:00:00,28.155,0.0,True,False
2019-05-15 17:00:00,26.215,0.0,True,False
2019-05-15 18:00:00,26.2617,0.0,True,False
2019-05-15 19:00:00,23.2,45.0,False,False
2019-05-15 20:00:00,23.8833,45.0,False,False
2019-05-15 21:00:00,24.695,45.0,False,False
2019-05-15 22:00:00,24.13,45.0,False,False
2019-05-15 23:00:00,24.8133,45.0,False,False
2019-05-16 00:00:00,24.1883,45.0,False,False
2019-05-16 01:00:00,27.8567,0.0,True,False
2019-05-16 02:00:00,22.28,45.0,False,False
2019-05-16 03:00:00,20.2417,45.0,False,False
2019-05-16 04:00:00,17.8667,45.0,False,False
2019-05-16 05:00:00,20.795,45.0,False,False
2019-05-16 06:00:00,18.035,45.0,False,False
2019-05-16 07:00:00,18.415,45.0,False,False
2019-05-16 08:00:00,19.81,45.0,False,False
2019-05-16 09:00:00,18.0333,45.0,False,False
2019-05-16 10:00:00,17.0283,45.0,False,False
2019-05-16 11:00:00,14.83,45.0,False,False
2019-05-16 12:00:00,15.7183,45.0,False,False
2019-05-16 13:00:00,16.8617,45.0,False,False
2019-05-16 14:00:00,18.6683,45.0,False,False
2019-05-16 15:00:00,24.85,45.0,False,False
2019-05-16 16:00:00,22.59,45.0,False,False
2019-05-16 17:00:00,20.235,45.0,False,False
2019-05-16 18:00:00,20.69,45.0,False,False
2019-05-16 19:00:00,21.76,45.0,False,False
2019-05-16 20:00:00,20.9383,45.0,False,False
2019-05-16 21:00:00,20.115,45.0,False,False
2019-05-16 22:00:00,18.2317,45.0,False,False
2019-05-16 23:00:00,17.94,45.0,False,False
2019-05-17 00:00:00,16.0267,45.0,False,False
2019-05-17 01:00:00,17.65,45.0,False,False
2019-05-17 02:00:00,19.29,45.0,False,False
2019-05-17 03:00:00,18.48,45.0,False,False
2019-05-17 04:00:00,11.1333,32.5911,False,False
2019-05-17 05:00:00,5.72,0.8017,False,False
2019-05-17 06:00:00,8.4517,8.8963,False,False
2019-05-17 07:00:00,3.3767,0.0,False,True
2019-05-17 08:00:00,3.2233,0.0,False,True
2019-05-17 09:00:00,4.1783,0.0229,False,False
2019-05-17 10:00:00,3.02,0.0,False,True
2019-05-17 11:00:00,1.3533,0.0,False,True
2019-05-17 12:00:00,1.6883,0.0,False,True
2019-05-17 13:00:00,7.0933,3.3998,False,False
2019-05-17 14:00:00,12.0217,45.0,False,False
2019-05-17 15:00:00,13.7133,45.0,False,False
2019-05-17 16:00:00,13.1033,45.0,False,False
2019-05-17 17:00:00,15.8767,45.0,False,False
2019-05-17 18:00:00,17.0317,45.0,False,False
2019-05-17 19:00:00,4.325,0.0411,False,False
2019-05-17 20:00:00,3.315,0.0,False,True
2019-05-17 21:00:00,1.375,0.0,False,True
2019-05-17 22:00:00,1.71,0.0,False,True
2019-05-17 23:00:00,2.4733,0.0,False,True
2019-05-18 00:00:00,2.3917,0.0,False,True
2019-05-18 01:00:00,2.5533,0.0,False,True
2019-05-18 02:00:00,1.9733,0.0,False,True
2019-05-18 03:00:00,1.2733,0.0,False,True
2019-05-18 04:00:00,1.465,0.0,False,True
2019-05-18 05:00:00,2.4983,0.0,False,True
2019-05-18 06:00:00,5.01,0.2523,False,False
2019-05-18 07:00:00,7.4,4.3466,False,False
2019-05-18 08:00:00,3.4267,0.0,False,True
2019-05-18 09:00:00,2.185,0.0,False,True
2019-05-18 10:00:00,1.5983,0.0,False,True
2019-05-18 11:00:00,1.71,0.0,False,True
2019-05-18 12:00:00,1.5967,0.0,False,True
2019-05-18 13:00:00,1.6133,0.0,False,True
2019-05-18 14:00:00,1.6417,0.0,False,True
2019-05-18 15:00:00,1.24,0.0,False,True
2019-05-18 16:00:00,2.0283,0.0,False,True
2019-05-18 17:00:00,1.86,0.0,False,True
2019-05-18 18:00:00,2.125,0.0,False,True
2019-05-18 19:00:00,2.8033,0.0,False,True
2019-05-18 20:00:00,2.17,0.0,False,True
2019-05-18 21:00:00,4.5967,0.0966,False,False
2019-05-18 22:00:00,3.79,0.0018,False,False
2019-05-18 23:00:00,1.875,0.0,False,True
2019-05-19 00:00:00,7.8067,5.853,False,False
2019-05-19 01:00:00,6.0017,1.1472,False,False
2019-05-19 02:00:00,5.6267,0.7048,False,False
2019-05-19 03:00:00,4.02,0.0103,False,False
2019-05-19 04:00:00,2.34,0.0,False,True
2019-05-19 05:00:00,5.24,0.386,False,False
2019-05-19 06:00:00,9.85,18.7619,False,False
2019-05-19 07:00:00,14.8267,45.0,False,False
2019-05-19 08:00:00,12.7133,45.0,False,False
2019-05-19 09:00:00,3.13,0.0,False,True
2019-05-19 10:00:00,2.9283,0.0,False,True
2019-05-19 11:00:00,6.5783,2.1375,False,False
2019-05-19 12:00:00,8.14,7.32,False,False
2019-05-19 13:00:00,9.8783,19.0142,False,False
2019-05-19 14:00:00,10.7733,28.194,False,False
2019-05-19 15:00:00,10.015,20.2628,False,False
2019-05-19 16:00:00,7.2433,3.8435,False,False
2019-05-19 17:00:00,9.4633,15.539,False,False
2019-05-19 18:00:00,11.7867,41.6961,False,False
2019-05-19 19:00:00,12.24,45.0,False,False
2019-05-19 20:00:00,8.985,12.0917,False,False
2019-05-19 21:00:00,13.4667,45.0,False,False
2019-05-19 22:00:00,8.7833,10.8064,False,False
2019-05-19 23:00:00,5.6083,0.6867,False,False
2019-05-20 00:00:00,11.75,41.145,False,False
2019-05-20 01:00:00,12.3933,45.0,False,False
2019-05-20 02:00:00,10.8533,29.1346,False,False
2019-05-20 03:00:00,5.5733,0.6531,False,False
2019-05-20 04:00:00,2.1883,0.0,False,True
2019-05-20 05:00:00,3.7233,0.0008,False,False
2019-05-20 06:00:00,3.925,0.0056,False,False
2019-05-20 07:00:00,4.6383,0.1081,False,False
2019-05-20 08:00:00,1.9817,0.0,False,True
2019-05-20 09:00:00,1.9167,0.0,False,True
2019-05-20 10:00:00,3.5383,0.0,False,False
2019-05-20 11:00:00,7.03,3.2231,False,False
2019-05-20 12:00:00,3.875,0.0039,False,False
2019-05-20 13:00:00,3.6833,0.0005,False,False
2019-05-20 14:00:00,6.5017,1.9817,False,False
2019-05-20 15:00:00,4.895,0.1989,False,False
2019-05-20 16:00:00,5.1,0.3001,False,False
2019-05-20 17:00:00,5.975,1.1109,False,False
2019-05-20 18:00:00,3.495,0.0,False,True
2019-05-20 19:00:00,5.9433,1.0688,False,False
2019-05-20 20:00:00,3.3033,0.0,False,True
2019-05-20 21:00:00,5.5333,0.616,False,False
2019-05-20 22:00:00,5.9033,1.0172,False,False
2019-05-20 23:00:00,4.6583,0.1139,False,False
2019-05-21 00:00:00,2.23,0.0,False,True
2019-05-21 01:00:00,7.8133,5.8802,False,False
2019-05-21 02:00:00,3.435,0.0,False,True
2019-05-21 03:00:00,4.275,0.0341,False,False
2019-05-21 04:00:00,4.025,0.0106,False,False
2019-05-21 05:00:00,4.5883,0.0945,False,False
2019-05-21 06:00:00,5.1083,0.3048,False,False
2019-05-21 07:00:00,6.045,1.2079,False,False
2019-05-21 08:00:00,2.5133,0.0,False,True
2019-05-21 09:00:00,4.5217,0.0781,False,False
2019-05-21 10:00:00,5.8683,0.9734,False,False
2019-05-21 11:00:00,7.4333,4.459,False,False
2019-05-21 12:00:00,9.0617,12.6058,False,False
2019-05-21 13:00:00,2.545,0.0,False,True
2019-05-21 14:00:00,8.1883,7.5511,False,False
2019-05-21 15:00:00,7.9267,6.356,False,False
2019-05-21 16:00:00,3.5183,0.0,False,False
2019-05-21 17:00:00,8.3583,8.4027,False,False
2019-05-21 18:00:00,3.6617,0.0003,False,False
2019-05-21 19:00:00,3.5483,0.0,False,False
2019-05-21 20:00:00,6.505,1.9883,False,False
2019-05-21 21:00:00,12.4333,45.0,False,False
2019-05-21 22:00:00,4.8183,0.1679,False,False
2019-05-21 23:00:00,4.2667,0.033,False,False
2019-05-22 00:00:00,5.3783,0.4856,False,False
2019-05-22 01:00:00,4.0267,0.0107,False,False
2019-05-22 02:00:00,5.0933,0.2964,False,False
2019-05-22 03:00:00,4.4133,0.0558,False,False
2019-05-22 04:00:00,21.665,45.0,False,False
2019-05-22 05:00:00,19.97,45.0,False,False
2019-05-22 06:00:00,22.6933,45.0,False,False
2019-05-22 07:00:00,22.215,45.0,False,False
2019-05-22 08:00:00,21.7133,45.0,False,False
2019-05-22 09:00:00,23.29,45.0,False,False
2019-05-22 10:00:00,22.3083,45.0,False,False
2019-05-22 11:00:00,25.7317,0.0,True,False
2019-05-22 12:00:00,25.9267,0.0,True,False
2019-05-22 13:00:00,24.2517,45.0,False,False
2019-05-22 14:00:00,25.05,0.0,True,False
2019-05-22 15:00:00,29.1867,0.0,True,False
2019-05-22 16:00:00,29.4183,0.0,True,False
2019-05-22 17:00:00,30.99,0.0,True,False
2019-05-22 18:00:00,28.545,0.0,True,False
2019-05-22 19:00:00,26.5783,0.0,True,False
2019-05-22 20:00:00,30.0633,0.0,True,False
2019-05-22 21:00:00,26.1633,0.0,True,False
2019-05-22 22:00:00,25.6767,0.0,True,False
2019-05-22 23:00:00,26.8617,0.0,True,False
2019-05-23 00:00:00,27.255,0.0,True,False
2019-05-23 01:00:00,23.6917,45.0,False,False
2019-05-23 02:00:00,23.8667,45.0,False,False
2019-05-23 03:00:00,23.55,45.0,False,False
2019-05-23 04:00:00,24.16,45.0,False,False
2019-05-23 05:00:00,23.6067,45.0,False,False
2019-05-23 06:00:00,23.2883,45.0,False,False
2019-05-23 07:00:00,23.0117,45.0,False,False
2019-05-23 08:00:00,23.435,45.0,False,False
2019-05-23 09:00:00,22.3183,45.0,False,False
2019-05-23 10:00:00,21.5967,45.0,False,False
2019-05-23 11:00:00,22.1833,45.0,False,False
2019-05-23 12:00:00,22.54,45.0,False,False
2019-05-23 13:00:00,19.3533,45.0,False,False
2019-05-23 14:00:00,18.745,45.0,False,False
2019-05-23 15:00:00,18.5867,45.0,False,False
2019-05-23 16:00:00,19.0033,45.0,False,False
2019-05-23 17:00:00,17.9083,45.0,False,False
2019-05-23 18:00:00,16.0933,45.0,False,False
2019-05-23 19:00:00,13.445,45.0,False,False
2019-05-23 20:00:00,14.4117,45.0,False,False
2019-05-23 21:00:00,16.0833,45.0,False,False
2019-05-23 22:00:00,16.4283,45.0,False,False
2019-05-23 23:00:00,19.4217,45.0,False,False
2019-05-24 00:00:00,18.155,45.0,False,False
2019-05-24 01:00:00,18.1833,45.0,False,False
2019-05-24 02:00:00,18.5983,45.0,False,False
2019-05-24 03:00:00,18.8233,45.0,False,False
2019-05-24 04:00:00,19.065,45.0,False,False
2019-05-24 05:00:00,17.9683,45.0,False,False
2019-05-24 06:00:00,18.1517,45.0,False,False
2019-05-24 07:00:00,19.7233,45.0,False,False
2019-05-24 08:00:00,15.605,45.0,False,False
2019-05-24 09:00:00,19.74,45.0,False,False
2019-05-24 10:00:00,19.2367,45.0,False,False
2019-05-24 11:00:00,16.6117,45.0,False,False
2019-05-24 12:00:00,14.515,45.0,False,False
2019-05-24 13:00:00,13.83,45.0,False,False
2019-05-24 14:00:00,15.0083,45.0,False,False
2019-05-24 15:00:00,10.215,22.1868,False,False
2019-05-24 16:00:00,4.3283,0.0416,False,False
2019-05-24 17:00:00,2.6683,0.0,False,True
2019-05-24 18:00:00,12.7067,45.0,False,False
2019-05-24 19:00:00,15.355,45.0,False,False
2019-05-24 20:00:00,17.3617,45.0,False,False
2019-05-24 21:00:00,18.565,45.0,False,False
2019-05-24 22:00:00,17.5267,45.0,False,False
2019-05-24 23:00:00,16.355,45.0,False,False
2019-05-25 00:00:00,15.66,45.0,False,False
2019-05-25 01:00:00,15.68,45.0,False,False
2019-05-25 02:00:00,13.785,45.0,False,False
2019-05-25 03:00:00,14.9083,45.0,False,False
2019-05-25 04:00:00,16.3117,45.0,False,False
2019-05-25 05:00:00,17.53,45.0,False,False
2019-05-25 06:00:00,18.6483,45.0,False,False
2019-05-25 07:00:00,21.9483,45.0,False,False
2019-05-25 08:00:00,22.3017,45.0,False,False
2019-05-25 09:00:00,23.425,45.0,False,False
2019-05-25 10:00:00,24.8117,45.0,False,False
2019-05-25 11:00:00,23.4883,45.0,False,False
2019-05-25 12:00:00,23.7933,45.0,False,False
2019-05-25 13:00:00,27.0617,0.0,True,False
2019-05-25 14:00:00,24.7017,45.0,False,False
2019-05-25 15:00:00,20.545,45.0,False,False
2019-05-25 16:00:00,22.1033,45.0,False,False
2019-05-25 17:00:00,23.54,45.0,False,False
2019-05-25 18:00:00,25.0767,0.0,True,False
2019-05-25 19:00:00,25.6533,0.0,True,False
2019-05-25 20:00:00,25.4667,0.0,True,False
2019-05-25 21:00:00,27.9683,0.0,True,False
2019-05-25 22:00:00,19.7167,45.0,False,False
2019-05-25 23:00:00,21.8267,45.0,False,False
2019-05-26 00:00:00,17.87,45.0,False,False
2019-05-26 01:00:00,18.3367,45.0,False,False
2019-05-26 02:00:00,16.8583,45.0,False,False
2019-05-26 03:00:00,21.0533,45.0,False,False
2019-05-26 04:00:00,20.065,45.0,False,False
2019-05-26 05:00:00,18.3183,45.0,False,False
2019-05-26 06:00:00,20.25,45.0,False,False
2019-05-26 07:00:00,19.435,45.0,False,False
2019-05-26 08:00:00,20.255,45.0,False,False
2019-05-26 09:00:00,20.2733,45.0,False,False
2019-05-26 10:00:00,21.25,45.0,False,False
2019-05-26 11:00:00,21.3417,45.0,False,False
2019-05-26 12:00:00,24.5767,45.0,False,False
2019-05-26 13:00:00,23.0283,45.0,False,False
2019-05-26 14:00:00,24.15,45.0,False,False
2019-05-26 15:00:00,31.47,0.0,True,False
2019-05-26 16:00:00,32.2117,0.0,True,False
2019-05-26 17:00:00,32.9967,0.0,True,False
2019-05-26 18:00:00,30.5733,0.0,True,False
2019-05-26 19:00:00,31.7033,0.0,True,False
2019-05-26 20:00:00,30.3967,0.0,True,False
2019-05-26 21:00:00,34.1333,0.0,True,False
2019-05-26 22:00:00,32.3067,0.0,True,False
2019-05-26 23:00:00,33.13,0.0,True,False
2019-05-27 00:00:00,34.8583,0.0,True,False
2019-05-27 01:00:00,35.7883,0.0,True,False
2019-05-27 02:00:00,36.825,0.0,True,False
2019-05-27 03:00:00,36.2667,0.0,True,False
2019-05-27 04:00:00,37.59,0.0,True,False
2019-05-27 05:00:00,37.0117,0.0,True,False
2019-05-27 06:00:00,40.88,0.0,True,False
2019-05-27 07:00:00,40.2317,0.0,True,False
2019-05-27 08:00:00,36.6667,0.0,True,False
2019-05-27 09:00:00,36.8317,0.0,True,False
2019-05-27 10:00:00,38.91,0.0,True,False
2019-05-27 11:00:00,35.7733,0.0,True,False
2019-05-27 12:00:00,38.2017,0.0,True,False
2019-05-27 13:00:00,38.33,0.0,True,False
2019-05-27 14:00:00,37.1883,0.0,True,False
2019-05-27 15:00:00,35.7217,0.0,True,False
2019-05-27 16:00:00,32.5633,0.0,True,False
2019-05-27 17:00:00,32.4517,0.0,True,False
2019-05-27 18:00:00,30.8533,0.0,True,False
2019-05-27 19:00:00,30.22,0.0,True,False
2019-05-27 20:00:00,30.0383,0.0,True,False
2019-05-27 21:00:00,30.7667,0.0,True,False
2019-05-27 22:00:00,31.2617,0.0,True,False
2019-05-27 23:00:00,30.4033,0.0,True,False
2019-05-28 00:00:00,28.2167,0.0,True,False
2019-05-28 01:00:00,28.0067,0.0,True,False
2019-05-28 02:00:00,25.8833,0.0,True,False
2019-05-28 03:00:00,25.2683,0.0,True,False
2019-05-28 04:00:00,23.2583,45.0,False,False
2019-05-28 05:00:00,22.755,45.0,False,False
2019-05-28 06:00:00,22.5667,45.0,False,False
2019-05-28 07:00:00,22.5017,45.0,False,False
2019-05-28 08:00:00,20.9733,45.0,False,False
2019-05-28 09:00:00,20.78,45.0,False,False
2019-05-28 10:00:00,21.4833,45.0,False,False
2019-05-28 11:00:00,19.6633,45.0,False,False
2019-05-28 12:00:00,22.0,45.0,False,False
2019-05-28 13:00:00,21.1383,45.0,False,False
2019-05-28 14:00:00,21.7883,45.0,False,False
2019-05-28 15:00:00,21.51,45.0,False,False
2019-05-28 16:00:00,18.9783,45.0,False,False
2019-05-28 17:00:00,19.1433,45.0,False,False
2019-05-28 18:00:00,23.17,45.0,False,False
2019-05-28 19:00:00,21.905,45.0,False,False
2019-05-28 20:00:00,17.6517,45.0,False,False
2019-05-28 21:00:00,17.8333,45.0,False,False
2019-05-28 22:00:00,17.8117,45.0,False,False
2019-05-28 23:00:00,17.0,45.0,False,False
2019-05-29 00:00:00,18.9983,45.0,False,False
2019-05-29 01:00:00,17.2733,45.0,False,False
2019-05-29 02:00:00,16.9117,45.0,False,False
2019-05-29 03:00:00,20.355,45.0,False,False
2019-05-29 04:00:00,19.85,45.0,False,False
2019-05-29 05:00:00,20.4067,45.0,False,False
2019-05-29 06:00:00,21.555,45.0,False,False
2019-05-29 07:00:00,21.5133,45.0,False,False
2019-05-29 08:00:00,22.205,45.0,False,False
2019-05-29 09:00:00,24.9,45.0,False,False
2019-05-29 10:00:00,21.6717,45.0,False,False
2019-05-29 11:00:00,22.13,45.0,False,False
2019-05-29 12:00:00,23.4533,45.0,False,False
2019-05-29 13:00:00,23.04,45.0,False,False
2019-05-29 14:00:00,22.4817,45.0,False,False
2019-05-29 15:00:00,22.4567,45.0,False,False
2019-05-29 16:00:00,22.5367,45.0,False,False
2019-05-29 17:00:00,19.935,45.0,False,False
2019-05-29 18:00:00,20.1717,45.0,False,False
2019-05-29 19:00:00,21.1867,45.0,False,False
2019-05-29 20:00:00,20.0033,45.0,False,False
2019-05-29 21:00:00,20.1467,45.0,False,False
2019-05-29 22:00:00,19.0967,45.0,False,False
2019-05-29 23:00:00,17.855,45.0,False,False
2019-05-30 00:00:00,17.5783,45.0,False,False
2019-05-30 01:00:00,17.9083,45.0,False,False
2019-05-30 02:00:00,19.79,45.0,False,False
2019-05-30 03:00:00,19.9033,45.0,False,False
2019-05-30 04:00:00,19.1783,45.0,False,False
2019-05-30 05:00:00,25.8883,0.0,True,False
2019-05-30 06:00:00,24.4167,45.0,False,False
2019-05-30 07:00:00,25.0783,0.0,True,False
2019-05-30 08:00:00,23.525,45.0,False,False
2019-05-30 09:00:00,24.1467,45.0,False,False
2019-05-30 10:00:00,29.7183,0.0,True,False
2019-05-30 11:00:00,27.6933,0.0,True,False
2019-05-30 12:00:00,28.2183,0.0,True,False
2019-05-30 13:00:00,29.8317,0.0,True,False
2019-05-30 14:00:00,35.735,0.0,True,False
2019-05-30 15:00:00,33.7417,0.0,True,False
2019-05-30 16:00:00,39.075,0.0,True,False
2019-05-30 17:00:00,40.04,0.0,True,False
2019-05-30 18:00:00,41.8583,0.0,True,False
2019-05-30 19:00:00,44.0533,0.0,True,False
2019-05-30 20:00:00,43.8417,0.0,True,False
2019-05-30 21:00:00,46.525,0.0,True,False
2019-05-30 22:00:00,45.37,0.0,True,False
2019-05-30 23:00:00,44.1583,0.0,True,False
2019-05-31 00:00:00,42.4383,0.0,True,False
2019-05-31 01:00:00,35.5733,0.0,True,False
2019-05-31 02:00:00,34.51,0.0,True,False
2019-05-31 03:00:00,30.6767,0.0,True,False
2019-05-31 04:00:00,32.8483,0.0,True,False
2019-05-31 05:00:00,34.0617,0.0,True,False
2019-05-31 06:00:00,33.805,0.0,True,False
2019-05-31 07:00:00,32.4383,0.0,True,False
2019-05-31 08:00:00,32.4367,0.0,True,False
2019-05-31 09:00:00,33.23,0.0,True,False
2019-05-31 10:00:00,30.8367,0.0,True,False
2019-05-31 11:00:00,28.295,0.0,True,False
2019-05-31 12:00:00,26.015,0.0,True,False
2019-05-31 13:00:00,26.0883,0.0,True,False
2019-05-31 14:00:00,26.4133,0.0,True,False
2019-05-31 15:00:00,28.0917,0.0,True,False
2019-05-31 16:00:00,24.52,45.0,False,False
2019-05-31 17:00:00,25.575,0.0,True,False
2019-05-31 18:00:00,21.0933,45.0,False,False
2019-05-31 19:00:00,20.625,45.0,False,False
2019-05-31 20:00:00,17.135,45.0,False,False
2019-05-31 21:00:00,20.09,45.0,False,False
2019-05-31 22:00:00,15.3983,45.0,False,False
2019-05-31 23:00:00,18.1683,45.0,False,False
2019-06-01 00:00:00,19.255,45.0,False,False
2019-06-01 01:00:00,19.8517,45.0,False,False
2019-06-01 02:00:00,22.955,45.0,False,False
2019-06-01 03:00:00,23.9933,45.0,False,False
2019-06-01 04:00:00,25.4217,0.0,True,False
2019-06-01 05:00:00,25.3517,0.0,True,False
2019-06-01 06:00:00,26.7517,0.0,True,False
2019-06-01 07:00:00,28.7483,0.0,True,False
2019-06-01 08:00:00,26.475,0.0,True,False
2019-06-01 09:00:00,29.7017,0.0,True,False
2019-06-01 10:00:00,30.465,0.0,True,False
2019-06-01 11:00:00,31.63,0.0,True,False
2019-06-01 12:00:00,33.8683,0.0,True,False
2019-06-01 13:00:00,35.9267,0.0,True,False
2019-06-01 14:00:00,33.6983,0.0,True,False
2019-06-01 15:00:00,31.1,0.0,True,False
2019-06-01 16:00:00,29.2233,0.0,True,False
2019-06-01 17:00:00,28.3167,0.0,True,False
2019-06-01 18:00:00,34.2683,0.0,True,False
2019-06-01 19:00:00,36.01,0.0,True,False
2019-06-01 20:00:00,31.14,0.0,True,False
2019-06-01 21:00:00,29.86,0.0,True,False
2019-06-01 22:00:00,29.4517,0.0,True,False
2019-06-01 23:00:00,27.3133,0.0,True,False
2019-06-02 00:00:00,29.4517,0.0,True,False
2019-06-02 01:00:00,25.35,0.0,True,False
2019-06-02 02:00:00,25.5233,0.0,True,False
2019-06-02 03:00:00,26.835,0.0,True,False
2019-06-02 04:00:00,25.005,0.0,True,False
2019-06-02 05:00:00,24.9133,45.0,False,False
2019-06-02 06:00:00,33.6883,0.0,True,False
2019-06-02 07:00:00,31.5067,0.0,True,False
2019-06-02 08:00:00,25.805,0.0,True,False
2019-06-02 09:00:00,23.76,45.0,False,False
2019-06-02 10:00:00,21.88,45.0,False,False
2019-06-02 11:00:00,21.5333,45.0,False,False
2019-06-02 12:00:00,21.215,45.0,False,False
2019-06-02 13:00:00,20.9633,45.0,False,False
2019-06-02 14:00:00,21.6,45.0,False,False
2019-06-02 15:00:00,21.125,45.0,False,False
2019-06-02 16:00:00,20.7283,45.0,False,False
2019-06-02 17:00:00,19.84,45.0,False,False
2019-06-02 18:00:00,18.425,45.0,False,False
2019-06-02 19:00:00,18.7083,45.0,False,False
2019-06-02 20:00:00,17.2383,45.0,False,False
2019-06-02 21:00:00,16.1133,45.0,False,False
2019-06-02 22:00:00,15.8217,45.0,False,False
2019-06-02 23:00:00,18.2067,45.0,False,False
2019-06-03 00:00:00,18.9,45.0,False,False
2019-06-03 01:00:00,17.905,45.0,False,False
2019-06-03 02:00:00,16.825,45.0,False,False
2019-06-03 03:00:00,12.6133,45.0,False,False
2019-06-03 04:00:00,12.0767,45.0,False,False
2019-06-03 05:00:00,11.24,33.9765,False,False
2019-06-03 06:00:00,11.2733,34.4174,False,False
2019-06-03 07:00:00,12.0583,45.0,False,False
2019-06-03 08:00:00,11.0033,30.9541,False,False
2019-06-03 09:00:00,10.875,29.3929,False,False
2019-06-03 10:00:00,10.465,24.7582,False,False
2019-06-03 11:00:00,10.485,24.9721,False,False
2019-06-03 12:00:00,10.285,22.8879,False,False
2019-06-03 13:00:00,10.4417,24.5102,False,False
2019-06-03 14:00:00,8.5233,9.2882,False,False
2019-06-03 15:00:00,7.83,5.9487,False,False
2019-06-03 16:00:00,14.875,45.0,False,False
2019-06-03 17:00:00,13.4133,45.0,False,False
2019-06-03 18:00:00,11.6,38.9413,False,False
2019-06-03 19:00:00,11.4133,36.3107,False,False
2019-06-03 20:00:00,12.9383,45.0,False,False
2019-06-03 21:00:00,14.8467,45.0,False,False
2019-06-03 22:00:00,17.79,45.0,False,False
2019-06-03 23:00:00,19.9667,45.0,False,False
2019-06-04 00:00:00,20.0083,45.0,False,False
2019-06-04 01:00:00,21.47,45.0,False,False
2019-06-04 02:00:00,17.6967,45.0,False,False
2019-06-04 03:00:00,15.0483,45.0,False,False
2019-06-04 04:00:00,16.1433,45.0,False,False
2019-06-04 05:00:00,16.2917,45.0,False,False
2019-06-04 06:00:00,16.2717,45.0,False,False
2019-06-04 07:00:00,16.0367,45.0,False,False
2019-06-04 08:00:00,14.7633,45.0,False,False
2019-06-04 09:00:00,20.42,45.0,False,False
2019-06-04 10:00:00,20.0317,45.0,False,False
2019-06-04 11:00:00,18.7767,45.0,False,False
2019-06-04 12:00:00,19.1933,45.0,False,False
2019-06-04 13:00:00,19.4133,45.0,False,False
2019-06-04 14:00:00,19.0733,45.0,False,False
2019-06-04 15:00:00,19.445,45.0,False,False
2019-06-04 16:00:00,19.985,45.0,False,False
2019-06-04 17:00:00,18.8767,45.0,False,False
2019-06-04 18:00:00,20.1267,45.0,False,False
2019-06-04 19:00:00,20.13,45.0,False,False
2019-06-04 20:00:00,20.2267,45.0,False,False
2019-06-04 21:00:00,20.545,45.0,False,False
2019-06-04 22:00:00,19.5817,45.0,False,False
2019-06-04 23:00:00,19.5967,45.0,False,False
2019-06-05 00:00:00,21.1267,45.0,False,False
2019-06-05 01:00:00,20.765,45.0,False,False
2019-06-05 02:00:00,24.1083,45.0,False,False
2019-06-05 03:00:00,21.0933,45.0,False,False
2019-06-05 04:00:00,18.9883,45.0,False,False
2019-06-05 05:00:00,18.1117,45.0,False,False
2019-06-05 06:00:00,16.5967,45.0,False,False
2019-06-05 07:00:00,16.8417,45.0,False,False
2019-06-05 08:00:00,18.4067,45.0,False,False
2019-06-05 09:00:00,21.3933,45.0,False,False
2019-06-05 10:00:00,20.8633,45.0,False,False
2019-06-05 11:00:00,22.9967,45.0,False,False
2019-06-05 12:00:00,24.535,45.0,False,False
2019-06-05 13:00:00,23.0733,45.0,False,False
2019-06-05 14:00:00,24.21,45.0,False,False
2019-06-05 15:00:00,19.57,45.0,False,False
2019-06-05 16:00:00,26.8667,0.0,True,False
2019-06-05 17:00:00,20.66,45.0,False,False
2019-06-05 18:00:00,27.2917,0.0,True,False
2019-06-05 19:00:00,26.625,0.0,True,False
2019-06-05 20:00:00,25.9,0.0,True,False
2019-06-05 21:00:00,25.7333,0.0,True,False
2019-06-05 22:00:00,17.8833,45.0,False,False
2019-06-05 23:00:00,19.2567,45.0,False,False
2019-06-06 00:00:00,21.8167,45.0,False,False
2019-06-06 01:00:00,19.445,45.0,False,False
2019-06-06 02:00:00,19.1367,45.0,False,False
2019-06-06 03:00:00,20.75,45.0,False,False
2019-06-06 04:00:00,21.0067,45.0,False,False
2019-06-06 05:00:00,21.355,45.0,False,False
2019-06-06 06:00:00,20.3633,45.0,False,False
2019-06-06 07:00:00,20.1967,45.0,False,False
2019-06-06 08:00:00,18.2483,45.0,False,False
2019-06-06 09:00:00,15.0467,45.0,False,False
2019-06-06 10:00:00,15.4183,45.0,False,False
2019-06-06 11:00:00,16.7783,45.0,False,False
2019-06-06 12:00:00,10.16,21.646,False,False
2019-06-06 13:00:00,11.15,32.805,False,False
2019-06-06 14:00:00,16.5517,45.0,False,False
2019-06-06 15:00:00,10.3583,23.638,False,False
2019-06-06 16:00:00,6.1,1.2879,False,False
2019-06-06 17:00:00,7.275,3.9419,False,False
2019-06-06 18:00:00,14.2633,45.0,False,False
2019-06-06 19:00:00,12.9017,45.0,False,False
2019-06-06 20:00:00,14.8917,45.0,False,False
2019-06-06 21:00:00,20.4967,45.0,False,False
2019-06-06 22:00:00,21.3167,45.0,False,False
2019-06-06 23:00:00,22.03,45.0,False,False
2019-06-07 00:00:00,21.485,45.0,False,False
2019-06-07 01:00:00,21.525,45.0,False,False
2019-06-07 02:00:00,20.01,45.0,False,False
2019-06-07 03:00:00,21.6833,45.0,False,False
2019-06-07 04:00:00,22.3267,45.0,False,False
2019-06-07 05:00:00,22.7283,45.0,False,False
2019-06-07 06:00:00,23.3917,45.0,False,False
2019-06-07 07:00:00,22.2183,45.0,False,False
2019-06-07 08:00:00,21.3783,45.0,False,False
2019-06-07 09:00:00,21.1333,45.0,False,False
2019-06-07 10:00:00,21.4017,45.0,False,False
2019-06-07 11:00:00,20.1333,45.0,False,False
2019-06-07 12:00:00,21.4983,45.0,False,False
2019-06-07 13:00:00,21.8983,45.0,False,False
2019-06-07 14:00:00,25.68,0.0,True,False
2019-06-07 15:00:00,25.155,0.0,True,False
2019-06-07 16:00:00,28.2783,0.0,True,False
2019-06-07 17:00:00,30.7917,0.0,True,False
2019-06-07 18:00:00,31.3467,0.0,True,False
2019-06-07 19:00:00,21.2433,45.0,False,False
2019-06-07 20:00:00,22.4533,45.0,False,False
2019-06-07 21:00:00,24.0317,45.0,False,False
2019-06-07 22:00:00,27.7183,0.0,True,False
2019-06-07 23:00:00,26.455,0.0,True,False
2019-06-08 00:00:00,22.5983,45.0,False,False
2019-06-08 01:00:00,14.705,45.0,False,False
2019-06-08 02:00:00,15.5767,45.0,False,False
2019-06-08 03:00:00,17.9367,45.0,False,False
2019-06-08 04:00:00,15.875,45.0,False,False
2019-06-08 05:00:00,15.7983,45.0,False,False
2019-06-08 06:00:00,19.2167,45.0,False,False
2019-06-08 07:00:00,19.08,45.0,False,False
2019-06-08 08:00:00,18.615,45.0,False,False
2019-06-08 09:00:00,18.8383,45.0,False,False
2019-06-08 10:00:00,20.995,45.0,False,False
2019-06-08 11:00:00,16.0567,45.0,False,False
2019-06-08 12:00:00,17.6933,45.0,False,False
2019-06-08 13:00:00,17.28,45.0,False,False
2019-06-08 14:00:00,16.2333,45.0,False,False
2019-06-08 15:00:00,16.2733,45.0,False,False
2019-06-08 16:00:00,17.2067,45.0,False,False
2019-06-08 17:00:00,17.5417,45.0,False,False
2019-06-08 18:00:00,15.7583,45.0,False,False
2019-06-08 19:00:00,18.8,45.0,False,False
2019-06-08 20:00:00,20.1867,45.0,False,False
2019-06-08 21:00:00,19.28,45.0,False,False
2019-06-08 22:00:00,22.7933,45.0,False,False
2019-06-08 23:00:00,25.3283,0.0,True,False
2019-06-09 00:00:00,28.66,0.0,True,False
2019-06-09 01:00:00,28.615,0.0,True,False
2019-06-09 02:00:00,28.6117,0.0,True,False
2019-06-09 03:00:00,32.2767,0.0,True,False
2019-06-09 04:00:00,32.0667,0.0,True,False
2019-06-09 05:00:00,30.63,0.0,True,False
2019-06-09 06:00:00,26.3983,0.0,True,False
2019-06-09 07:00:00,28.0933,0.0,True,False
2019-06-09 08:00:00,27.8483,0.0,True,False
2019-06-09 09:00:00,25.1067,0.0,True,False
2019-06-09 10:00:00,21.9267,45.0,False,False
2019-06-09 11:00:00,23.8067,45.0,False,False
2019-06-09 12:00:00,27.74,0.0,True,False
2019-06-09 13:00:00,25.8883,0.0,True,False
2019-06-09 14:00:00,22.38,45.0,False,False
2019-06-09 15:00:00,20.3317,45.0,False,False
2019-06-09 16:00:00,18.795,45.0,False,False
2019-06-09 17:00:00,19.4583,45.0,False,False
2019-06-09 18:00:00,20.0083,45.0,False,False
2019-06-09 19:00:00,17.655,45.0,False,False
2019-06-09 20:00:00,6.5483,2.0756,False,False
2019-06-09 21:00:00,6.3317,1.6637,False,False
2019-06-09 22:00:00,3.705,0.0006,False,False
2019-06-09 23:00:00,2.8167,0.0,False,True
2019-06-10 00:00:00,6.2917,1.5942,False,False
2019-06-10 01:00:00,4.59,0.0949,False,False
2019-06-10 02:00:00,3.5583,0.0,False,False
2019-06-10 03:00:00,3.4983,0.0,False,True
2019-06-10 04:00:00,1.5133,0.0,False,True
2019-06-10 05:00:00,1.6567,0.0,False,True
2019-06-10 06:00:00,1.86,0.0,False,True
2019-06-10 07:00:00,5.2067,0.3643,False,False
2019-06-10 08:00:00,2.0,0.0,False,True
2019-06-10 09:00:00,1.5383,0.0,False,True
2019-06-10 10:00:00,4.9033,0.2025,False,False
2019-06-10 11:00:00,3.4067,0.0,False,True
2019-06-10 12:00:00,2.9667,0.0,False,True
2019-06-10 13:00:00,5.9517,1.0798,False,False
2019-06-10 14:00:00,4.12,0.0175,False,False
2019-06-10 15:00:00,2.385,0.0,False,True
2019-06-10 16:00:00,3.0183,0.0,False,True
2019-06-10 17:00:00,2.0133,0.0,False,True
2019-06-10 18:00:00,11.3467,35.4007,False,False
2019-06-10 19:00:00,6.7067,2.4161,False,False
2019-06-10 20:00:00,10.9983,30.8923,False,False
2019-06-10 21:00:00,5.1083,0.3048,False,False
2019-06-10 22:00:00,8.8433,11.1787,False,False
2019-06-10 23:00:00,2.04,0.0,False,True
2019-06-11 00:00:00,4.11,0.0166,False,False
2019-06-11 01:00:00,8.6533,10.0281,False,False
2019-06-11 02:00:00,10.6583,26.8777,False,False
2019-06-11 03:00:00,12.8783,45.0,False,False
2019-06-11 04:00:00,6.575,2.1305,False,False
2019-06-11 05:00:00,4.06,0.0129,False,False
2019-06-11 06:00:00,3.45,0.0,False,True
2019-06-11 07:00:00,2.065,0.0,False,True
2019-06-11 08:00:00,2.38,0.0,False,True
2019-06-11 09:00:00,2.5783,0.0,False,True
2019-06-11 10:00:00,3.6267,0.0001,False,False
2019-06-11 11:00:00,1.7083,0.0,False,True
2019-06-11 12:00:00,1.7033,0.0,False,True
2019-06-11 13:00:00,1.19,0.0,False,True
2019-06-11 14:00:00,2.2317,0.0,False,True
2019-06-11 15:00:00,4.27,0.0335,False,False
2019-06-11 16:00:00,7.5683,4.9341,False,False
2019-06-11 17:00:00,4.815,0.1666,False,False
2019-06-11 18:00:00,9.35,14.6698,False,False
2019-06-11 19:00:00,13.2783,45.0,False,False
2019-06-11 20:00:00,14.2133,45.0,False,False
2019-06-11 21:00:00,15.9833,45.0,False,False
2019-06-11 22:00:00,15.9717,45.0,False,False
2019-06-11 23:00:00,14.6217,45.0,False,False
2019-06-12 00:00:00,15.15,45.0,False,False
2019-06-12 01:00:00,16.5217,45.0,False,False
2019-06-12 02:00:00,16.6217,45.0,False,False
2019-06-12 03:00:00,16.755,45.0,False,False
2019-06-12 04:00:00,15.9733,45.0,False,False
2019-06-12 05:00:00,13.1217,45.0,False,False
2019-06-12 06:00:00,7.75,5.625,False,False
2019-06-12 07:00:00,3.3067,0.0,False,True
2019-06-12 08:00:00,3.29,0.0,False,True
2019-06-12 09:00:00,4.7117,0.1303,False,False
2019-06-12 10:00:00,7.17,3.622,False,False
2019-06-12 11:00:00,6.92,2.9311,False,False
2019-06-12 12:00:00,7.9483,6.4498,False,False
2019-06-12 13:00:00,9.8067,18.3804,False,False
2019-06-12 14:00:00,9.21,13.6416,False,False
2019-06-12 15:00:00,5.1933,0.3558,False,False
2019-06-12 16:00:00,10.6383,26.653,False,False
2019-06-12 17:00:00,11.0117,31.0574,False,False
2019-06-12 18:00:00,2.1833,0.0,False,True
2019-06-12 19:00:00,2.8,0.0,False,True
2019-06-12 20:00:00,2.605,0.0,False,True
2019-06-12 21:00:00,3.2083,0.0,False,True
2019-06-12 22:00:00,7.7833,5.7584,False,False
2019-06-12 23:00:00,2.62,0.0,False,True
2019-06-13 00:00:00,5.37,0.4792,False,False
2019-06-13 01:00:00,2.4433,0.0,False,True
2019-06-13 02:00:00,3.04,0.0,False,True
2019-06-13 03:00:00,2.9067,0.0,False,True
2019-06-13 04:00:00,5.7917,0.8819,False,False
2019-06-13 05:00:00,12.99,45.0,False,False
2019-06-13 06:00:00,10.23,22.3358,False,False
2019-06-13 07:00:00,17.2333,45.0,False,False
2019-06-13 08:00:00,16.8067,45.0,False,False
2019-06-13 09:00:00,19.6767,45.0,False,False
2019-06-13 10:00:00,22.5067,45.0,False,False
2019-06-13 11:00:00,24.9133,45.0,False,False
2019-06-13 12:00:00,26.8417,0.0,True,False
2019-06-13 13:00:00,24.155,45.0,False,False
2019-06-13 14:00:00,27.1533,0.0,True,False
2019-06-13 15:00:00,22.9883,45.0,False,False
2019-06-13 16:00:00,22.7617,45.0,False,False
2019-06-13 17:00:00,20.1,45.0,False,False
2019-06-13 18:00:00,21.345,45.0,False,False
2019-06-13 19:00:00,22.7817,45.0,False,False
2019-06-13 20:00:00,18.2567,45.0,False,False
2019-06-13 21:00:00,19.08,45.0,False,False
2019-06-13 22:00:00,19.1583,45.0,False,False
2019-06-13 23:00:00,16.4217,45.0,False,False
2019-06-14 00:00:00,18.3133,45.0,False,False
2019-06-14 01:00:00,19.9617,45.0,False,False
2019-06-14 02:00:00,18.84,45.0,False,False
2019-06-14 03:00:00,6.2583,1.5378,False,False
2019-06-14 04:00:00,6.025,1.1796,False,False
2019-06-14 05:00:00,2.645,0.0,False,True
2019-06-14 06:00:00,9.7067,17.5199,False,False
2019-06-14 07:00:00,5.7117,0.7927,False,False
2019-06-14 08:00:00,9.6217,16.8099,False,False
2019-06-14 09:00:00,10.7933,28.4272,False,False
2019-06-14 10:00:00,8.3933,8.5856,False,False
2019-06-14 11:00:00,10.275,22.7868,False,False
2019-06-14 12:00:00,10.8933,29.6126,False,False
2019-06-14 13:00:00,13.8333,45.0,False,False
2019-06-14 14:00:00,16.6033,45.0,False,False
2019-06-14 15:00:00,16.0717,45.0,False,False
2019-06-14 16:00:00,13.2717,45.0,False,False
2019-06-14 17:00:00,5.2933,0.4226,False,False
2019-06-14 18:00:00,5.4783,0.5674,False,False
2019-06-14 19:00:00,13.8817,45.0,False,False
2019-06-14 20:00:00,9.92,19.3892,False,False
2019-06-14 21:00:00,2.595,0.0,False,True
2019-06-14 22:00:00,2.6333,0.0,False,True
2019-06-14 23:00:00,3.6983,0.0006,False,False
2019-06-15 00:00:00,18.3133,45.0,False,False
2019-06-15 01:00:00,19.9617,45.0,False,False
2019-06-15 02:00:00,18.84,45.0,False,False
2019-06-15 03:00:00,6.2583,1.5378,False,False
2019-06-15 04:00:00,6.025,1.1796,False,False
2019-06-15 05:00:00,2.645,0.0,False,True
2019-06-15 06:00:00,9.7067,17.5199,False,False
2019-06-15 07:00:00,5.7117,0.7927,False,False
2019-06-15 08:00:00,9.6217,16.8099,False,False
2019-06-15 09:00:00,10.7933,28.4272,False,False
2019-06-15 10:00:00,8.3933,8.5856,False,False
2019-06-15 11:00:00,10.275,22.7868,False,False
2019-06-15 12:00:00,10.8933,29.6126,False,False
2019-06-15 13:00:00,13.8333,45.0,False,False
2019-06-15 14:00:00,16.6033,45.0,False,False
2019-06-15 15:00:00,16.0717,45.0,False,False
2019-06-15 16:00:00,13.2717,45.0,False,False
2019-06-15 17:00:00,5.2933,0.4226,False,False
2019-06-15 18:00:00,5.4783,0.5674,False,False
2019-06-15 19:00:00,13.8817,45.0,False,False
2019-06-15 20:00:00,9.92,19.3892,False,False
2019-06-15 21:00:00,2.595,0.0,False,True
2019-06-15 22:00:00,2.6333,0.0,False,True
2019-06-15 23:00:00,3.6983,0.0006,False,False
2019-06-16 00:00:00,11.7033,40.4508,False,False
2019-06-16 01:00:00,6.2933,1.5971,False,False
2019-06-16 02:00:00,11.2233,33.7575,False,False
2019-06-16 03:00:00,11.6367,39.4726,False,False
2019-06-16 04:00:00,11.3783,35.831,False,False
2019-06-16 05:00:00,10.205,22.0878,False,False
2019-06-16 06:00:00,10.1233,21.2905,False,False
2019-06-16 07:00:00,11.1117,32.3143,False,False
2019-06-16 08:00:00,3.2383,0.0,False,True
2019-06-16 09:00:00,9.07,12.6626,False,False
2019-06-16 10:00:00,3.3983,0.0,False,True
2019-06-16 11:00:00,2.345,0.0,False,True
2019-06-16 12:00:00,2.665,0.0,False,True
2019-06-16 13:00:00,2.5983,0.0,False,True
2019-06-16 14:00:00,13.8133,45.0,False,False
2019-06-16 15:00:00,13.6567,45.0,False,False
2019-06-16 16:00:00,12.135,45.0,False,False
2019-06-16 17:00:00,6.6467,2.283,False,False
2019-06-16 18:00:00,3.85,0.0031,False,False
2019-06-16 19:00:00,5.955,1.0842,False,False
2019-06-16 20:00:00,7.7233,5.5198,False,False
2019-06-16 21:00:00,9.1917,13.5106,False,False
2019-06-16 22:00:00,2.945,0.0,False,True
2019-06-16 23:00:00,9.64,16.9614,False,False
2019-06-17 00:00:00,4.7767,0.1525,False,False
2019-06-17 01:00:00,10.3783,23.8454,False,False
2019-06-17 02:00:00,1.9867,0.0,False,True
2019-06-17 03:00:00,3.4783,0.0,False,True
2019-06-17 04:00:00,5.9267,1.0471,False,False
2019-06-17 05:00:00,3.3067,0.0,False,True
2019-06-17 06:00:00,8.7733,10.7451,False,False
2019-06-17 07:00:00,14.74,45.0,False,False
2019-06-17 08:00:00,6.3917,1.7717,False,False
2019-06-17 09:00:00,4.625,0.1043,False,False
2019-06-17 10:00:00,12.0183,45.0,False,False
2019-06-17 11:00:00,7.11,3.4473,False,False
2019-06-17 12:00:00,1.76,0.0,False,True
2019-06-17 13:00:00,1.87,0.0,False,True
2019-06-17 14:00:00,2.245,0.0,False,True
2019-06-17 15:00:00,3.005,0.0,False,True
2019-06-17 16:00:00,3.2833,0.0,False,True
2019-06-17 17:00:00,4.0667,0.0133,False,False
2019-06-17 18:00:00,2.83,0.0,False,True
2019-06-17 19:00:00,2.265,0.0,False,True
2019-06-17 20:00:00,2.195,0.0,False,True
2019-06-17 21:00:00,2.525,0.0,False,True
2019-06-17 22:00:00,2.14,0.0,False,True
2019-06-17 23:00:00,2.25,0.0,False,True
2019-06-18 00:00:00,2.0283,0.0,False,True
2019-06-18 01:00:00,3.0367,0.0,False,True
2019-06-18 02:00:00,3.275,0.0,False,True
2019-06-18 03:00:00,2.155,0.0,False,True
2019-06-18 04:00:00,2.39,0.0,False,True
2019-06-18 05:00:00,2.1383,0.0,False,True
2019-06-18 06:00:00,1.9033,0.0,False,True
2019-06-18 07:00:00,1.6217,0.0,False,True
2019-06-18 08:00:00,2.1383,0.0,False,True
2019-06-18 09:00:00,7.2367,3.823,False,False
2019-06-18 10:00:00,2.0367,0.0,False,True
2019-06-18 11:00:00,2.0183,0.0,False,True
2019-06-18 12:00:00,1.5417,0.0,False,True
2019-06-18 13:00:00,2.4833,0.0,False,True
2019-06-18 14:00:00,2.7083,0.0,False,True
2019-06-18 15:00:00,3.14,0.0,False,True
2019-06-18 16:00:00,7.3817,4.2856,False,False
2019-06-18 17:00:00,7.17,3.622,False,False
2019-06-18 18:00:00,9.3183,14.4328,False,False
2019-06-18 19:00:00,8.74,10.5426,False,False
2019-06-18 20:00:00,7.7483,5.6184,False,False
2019-06-18 21:00:00,17.7583,45.0,False,False
2019-06-18 22:00:00,12.4183,45.0,False,False
2019-06-18 23:00:00,11.0817,31.9337,False,False
2019-06-19 00:00:00,11.065,31.7236,False,False
2019-06-19 01:00:00,9.6067,16.6866,False,False
2019-06-19 02:00:00,11.405,36.1961,False,False
2019-06-19 03:00:00,11.8567,42.7617,False,False
2019-06-19 04:00:00,10.0417,20.5126,False,False
2019-06-19 05:00:00,8.9883,12.1137,False,False
2019-06-19 06:00:00,4.025,0.0106,False,False
2019-06-19 07:00:00,4.6667,0.1164,False,False
2019-06-19 08:00:00,3.1533,0.0,False,True
2019-06-19 09:00:00,2.8,0.0,False,True
2019-06-19 10:00:00,2.79,0.0,False,True
2019-06-19 11:00:00,4.185,0.0236,False,False
2019-06-19 12:00:00,2.6117,0.0,False,True
2019-06-19 13:00:00,9.3683,14.8081,False,False
2019-06-19 14:00:00,28.2033,0.0,True,False
2019-06-19 15:00:00,27.5183,0.0,True,False
2019-06-19 16:00:00,24.82,45.0,False,False
2019-06-19 17:00:00,25.545,0.0,True,False
2019-06-19 18:00:00,25.9867,0.0,True,False
2019-06-19 19:00:00,24.8433,45.0,False,False
2019-06-19 20:00:00,23.0767,45.0,False,False
2019-06-19 21:00:00,20.0833,45.0,False,False
2019-06-19 22:00:00,19.55,45.0,False,False
2019-06-19 23:00:00,18.65,45.0,False,False
2019-06-20 00:00:00,18.605,45.0,False,False
2019-06-20 01:00:00,19.62,45.0,False,False
2019-06-20 02:00:00,20.5883,45.0,False,False
2019-06-20 03:00:00,20.8417,45.0,False,False
2019-06-20 04:00:00,21.455,45.0,False,False
2019-06-20 05:00:00,20.3517,45.0,False,False
2019-06-20 06:00:00,20.1267,45.0,False,False
2019-06-20 07:00:00,19.7931,45.0,False,False
2019-06-20 08:00:00,19.635,45.0,False,False
2019-06-20 09:00:00,16.2867,45.0,False,False
2019-06-20 10:00:00,14.81,45.0,False,False
2019-06-20 11:00:00,13.22,45.0,False,False
2019-06-20 12:00:00,5.825,0.9209,False,False
2019-06-20 13:00:00,10.42,24.2814,False,False
2019-06-20 14:00:00,5.7917,0.8819,False,False
2019-06-20 15:00:00,2.2133,0.0,False,True
2019-06-20 16:00:00,3.4983,0.0,False,True
2019-06-20 17:00:00,3.51,0.0,False,False
2019-06-20 18:00:00,4.16,0.0211,False,False
2019-06-20 19:00:00,4.005,0.0094,False,False
2019-06-20 20:00:00,3.7517,0.0012,False,False
2019-06-20 21:00:00,8.17,7.4629,False,False
2019-06-20 22:00:00,7.955,6.4789,False,False
2019-06-20 23:00:00,6.2683,1.5546,False,False
2019-06-21 00:00:00,6.3233,1.6491,False,False
2019-06-21 01:00:00,7.01,3.1687,False,False
2019-06-21 02:00:00,9.0583,12.5832,False,False
2019-06-21 03:00:00,12.59,45.0,False,False
2019-06-21 04:00:00,11.5367,38.035,False,False
2019-06-21 05:00:00,9.6483,17.0305,False,False
2019-06-21 06:00:00,7.0717,3.3386,False,False
2019-06-21 07:00:00,7.135,3.5194,False,False
2019-06-21 08:00:00,9.29,14.223,False,False
2019-06-21 09:00:00,7.8767,6.1431,False,False
2019-06-21 10:00:00,10.3867,23.9322,False,False
2019-06-21 11:00:00,8.0683,6.986,False,False
2019-06-21 12:00:00,4.7617,0.1472,False,False
2019-06-21 13:00:00,5.185,0.3506,False,False
2019-06-21 14:00:00,2.3633,0.0,False,True
2019-06-21 15:00:00,3.465,0.0,False,True
2019-06-21 16:00:00,3.1767,0.0,False,True
2019-06-21 17:00:00,4.025,0.0106,False,False
2019-06-21 18:00:00,4.1483,0.02,False,False
2019-06-21 19:00:00,4.0833,0.0145,False,False
2019-06-21 20:00:00,7.8817,6.1642,False,False
2019-06-21 21:00:00,6.9967,3.1327,False,False
2019-06-21 22:00:00,7.0817,3.3668,False,False
2019-06-21 23:00:00,5.29,0.4203,False,False
2019-06-22 00:00:00,8.1533,7.3833,False,False
2019-06-22 01:00:00,8.515,9.2421,False,False
2019-06-22 02:00:00,10.6833,27.1603,False,False
2019-06-22 03:00:00,12.7367,45.0,False,False
2019-06-22 04:00:00,12.5033,45.0,False,False
2019-06-22 05:00:00,10.32,23.2439,False,False
2019-06-22 06:00:00,5.5967,0.6754,False,False
2019-06-22 07:00:00,8.3233,8.2224,False,False
2019-06-22 08:00:00,11.1833,33.2357,False,False
2019-06-22 09:00:00,10.5467,25.6393,False,False
2019-06-22 10:00:00,7.4967,4.6779,False,False
2019-06-22 11:00:00,2.4067,0.0,False,True
2019-06-22 12:00:00,13.025,45.0,False,False
2019-06-22 13:00:00,17.7033,45.0,False,False
2019-06-22 14:00:00,19.215,45.0,False,False
2019-06-22 15:00:00,20.3933,45.0,False,False
2019-06-22 16:00:00,22.4483,45.0,False,False
2019-06-22 17:00:00,23.1483,45.0,False,False
2019-06-22 18:00:00,22.9183,45.0,False,False
2019-06-22 19:00:00,20.275,45.0,False,False
2019-06-22 20:00:00,22.005,45.0,False,False
2019-06-22 21:00:00,19.295,45.0,False,False
2019-06-22 22:00:00,20.85,45.0,False,False
2019-06-22 23:00:00,24.3367,45.0,False,False
2019-06-23 00:00:00,24.8717,45.0,False,False
2019-06-23 01:00:00,22.4917,45.0,False,False
2019-06-23 02:00:00,29.085,0.0,True,False
2019-06-23 03:00:00,29.75,0.0,True,False
2019-06-23 04:00:00,31.935,0.0,True,False
2019-06-23 05:00:00,29.9583,0.0,True,False
2019-06-23 06:00:00,27.8267,0.0,True,False
2019-06-23 07:00:00,28.3467,0.0,True,False
2019-06-23 08:00:00,24.325,45.0,False,False
2019-06-23 09:00:00,25.8815,0.0,True,False
2019-06-23 10:00:00,25.9789,0.0,True,False
2019-06-23 11:00:00,25.8183,0.0,True,False
2019-06-23 12:00:00,27.6067,0.0,True,False
2019-06-23 13:00:00,30.0833,0.0,True,False
2019-06-23 14:00:00,35.1867,0.0,True,False
2019-06-23 15:00:00,36.96,0.0,True,False
2019-06-23 16:00:00,38.3567,0.0,True,False
2019-06-23 17:00:00,29.1717,0.0,True,False
2019-06-23 18:00:00,30.8433,0.0,True,False
2019-06-23 19:00:00,30.38,0.0,True,False
2019-06-23 20:00:00,28.5167,0.0,True,False
2019-06-23 21:00:00,32.01,0.0,True,False
2019-06-23 22:00:00,39.905,0.0,True,False
2019-06-23 23:00:00,39.8433,0.0,True,False
2019-06-24 00:00:00,33.3933,0.0,True,False
2019-06-24 01:00:00,37.89,0.0,True,False
2019-06-24 02:00:00,35.5633,0.0,True,False
2019-06-24 03:00:00,32.14,0.0,True,False
2019-06-24 04:00:00,34.93,0.0,True,False
2019-06-24 05:00:00,34.0067,0.0,True,False
2019-06-24 06:00:00,35.0117,0.0,True,False
2019-06-24 07:00:00,32.9433,0.0,True,False
2019-06-24 08:00:00,31.785,0.0,True,False
2019-06-24 09:00:00,30.6417,0.0,True,False
2019-06-24 10:00:00,33.33,0.0,True,False
2019-06-24 11:00:00,33.7067,0.0,True,False
2019-06-24 12:00:00,32.1483,0.0,True,False
2019-06-24 13:00:00,30.8983,0.0,True,False
2019-06-24 14:00:00,27.4333,0.0,True,False
2019-06-24 15:00:00,27.585,0.0,True,False
2019-06-24 16:00:00,26.6567,0.0,True,False
2019-06-24 17:00:00,26.3333,0.0,True,False
2019-06-24 18:00:00,25.9233,0.0,True,False
2019-06-24 19:00:00,27.71,0.0,True,False
2019-06-24 20:00:00,29.025,0.0,True,False
2019-06-24 21:00:00,32.0233,0.0,True,False
2019-06-24 22:00:00,31.7317,0.0,True,False
2019-06-24 23:00:00,32.0183,0.0,True,False
2019-06-25 00:00:00,28.0433,0.0,True,False
2019-06-25 01:00:00,28.9617,0.0,True,False
2019-06-25 02:00:00,30.0983,0.0,True,False
2019-06-25 03:00:00,30.3767,0.0,True,False
2019-06-25 04:00:00,30.3383,0.0,True,False
2019-06-25 05:00:00,30.5367,0.0,True,False
2019-06-25 06:00:00,31.7367,0.0,True,False
2019-06-25 07:00:00,29.425,0.0,True,False
2019-06-25 08:00:00,31.2917,0.0,True,False
2019-06-25 09:00:00,27.3467,0.0,True,False
2019-06-25 10:00:00,25.58,0.0,True,False
2019-06-25 11:00:00,28.8917,0.0,True,False
2019-06-25 12:00:00,29.2083,0.0,True,False
2019-06-25 13:00:00,24.9933,45.0,False,False
2019-06-25 14:00:00,24.82,45.0,False,False
2019-06-25 15:00:00,24.65,45.0,False,False
2019-06-25 16:00:00,22.74,45.0,False,False
2019-06-25 17:00:00,21.0583,45.0,False,False
2019-06-25 18:00:00,22.8883,45.0,False,False
2019-06-25 19:00:00,19.0617,45.0,False,False
2019-06-25 20:00:00,21.1717,45.0,False,False
2019-06-25 21:00:00,18.2783,45.0,False,False
2019-06-25 22:00:00,15.815,45.0,False,False
2019-06-25 23:00:00,16.98,45.0,False,False
2019-06-26 00:00:00,20.4583,45.0,False,False
2019-06-26 01:00:00,19.2967,45.0,False,False
2019-06-26 02:00:00,20.33,45.0,False,False
2019-06-26 03:00:00,19.72,45.0,False,False
2019-06-26 04:00:00,18.795,45.0,False,False
2019-06-26 05:00:00,16.3783,45.0,False,False
2019-06-26 06:00:00,16.3967,45.0,False,False
2019-06-26 07:00:00,16.42,45.0,False,False
2019-06-26 08:00:00,16.6217,45.0,False,False
2019-06-26 09:00:00,19.0183,45.0,False,False
2019-06-26 10:00:00,16.3867,45.0,False,False
2019-06-26 11:00:00,15.17,45.0,False,False
2019-06-26 12:00:00,15.5933,45.0,False,False
2019-06-26 13:00:00,14.5017,45.0,False,False
2019-06-26 14:00:00,16.6833,45.0,False,False
2019-06-26 15:00:00,17.4,45.0,False,False
2019-06-26 16:00:00,15.9117,45.0,False,False
2019-06-26 17:00:00,18.44,45.0,False,False
2019-06-26 18:00:00,22.8633,45.0,False,False
2019-06-26 19:00:00,23.77,45.0,False,False
2019-06-26 20:00:00,24.6783,45.0,False,False
2019-06-26 21:00:00,22.85,45.0,False,False
2019-06-26 22:00:00,22.9033,45.0,False,False
2019-06-26 23:00:00,20.055,45.0,False,False
2019-06-27 00:00:00,20.44,45.0,False,False
2019-06-27 01:00:00,19.885,45.0,False,False
2019-06-27 02:00:00,16.175,45.0,False,False
2019-06-27 03:00:00,4.8017,0.1616,False,False
2019-06-27 04:00:00,2.3,0.0,False,True
2019-06-27 05:00:00,5.7517,0.8365,False,False
2019-06-27 06:00:00,3.4067,0.0,False,True
2019-06-27 07:00:00,2.5,0.0,False,True
2019-06-27 08:00:00,1.9233,0.0,False,True
2019-06-27 09:00:00,8.23,7.7542,False,False
2019-06-27 10:00:00,1.85,0.0,False,True
2019-06-27 11:00:00,1.6883,0.0,False,True
2019-06-27 12:00:00,5.5917,0.6706,False,False
2019-06-27 13:00:00,7.2483,3.859,False,False
2019-06-27 14:00:00,15.2717,45.0,False,False
2019-06-27 15:00:00,18.93,45.0,False,False
2019-06-27 16:00:00,17.9817,45.0,False,False
2019-06-27 17:00:00,19.4883,45.0,False,False
2019-06-27 18:00:00,22.2783,45.0,False,False
2019-06-27 19:00:00,21.6683,45.0,False,False
2019-06-27 20:00:00,23.175,45.0,False,False
2019-06-27 21:00:00,24.2283,45.0,False,False
2019-06-27 22:00:00,21.45,45.0,False,False
2019-06-27 23:00:00,21.4383,45.0,False,False
2019-06-28 00:00:00,21.8367,45.0,False,False
2019-06-28 01:00:00,23.16,45.0,False,False
2019-06-28 02:00:00,19.5417,45.0,False,False
2019-06-28 03:00:00,17.6767,45.0,False,False
2019-06-28 04:00:00,12.1917,45.0,False,False
2019-06-28 05:00:00,5.1817,0.3485,False,False
2019-06-28 06:00:00,7.0267,3.214,False,False
2019-06-28 07:00:00,14.6617,45.0,False,False
2019-06-28 08:00:00,8.21,7.6563,False,False
2019-06-28 09:00:00,5.435,0.5309,False,False
2019-06-28 10:00:00,3.19,0.0,False,True
2019-06-28 11:00:00,2.4867,0.0,False,True
2019-06-28 12:00:00,1.7083,0.0,False,True
2019-06-28 13:00:00,2.355,0.0,False,True
2019-06-28 14:00:00,2.9183,0.0,False,True
2019-06-28 15:00:00,1.9233,0.0,False,True
2019-06-28 16:00:00,2.835,0.0,False,True
2019-06-28 17:00:00,9.4533,15.461,False,False
2019-06-28 18:00:00,3.0867,0.0,False,True
2019-06-28 19:00:00,3.465,0.0,False,True
2019-06-28 20:00:00,3.8917,0.0044,False,False
2019-06-28 21:00:00,1.89,0.0,False,True
2019-06-28 22:00:00,20.0733,45.0,False,False
2019-06-28 23:00:00,21.4283,45.0,False,False
2019-06-29 00:00:00,19.0783,45.0,False,False
2019-06-29 01:00:00,14.3883,45.0,False,False
2019-06-29 02:00:00,13.975,45.0,False,False
2019-06-29 03:00:00,14.7583,45.0,False,False
2019-06-29 04:00:00,17.3117,45.0,False,False
2019-06-29 05:00:00,19.32,45.0,False,False
2019-06-29 06:00:00,19.915,45.0,False,False
2019-06-29 07:00:00,21.91,45.0,False,False
2019-06-29 08:00:00,19.0783,45.0,False,False
2019-06-29 09:00:00,21.3267,45.0,False,False
2019-06-29 10:00:00,20.525,45.0,False,False
2019-06-29 11:00:00,21.6333,45.0,False,False
2019-06-29 12:00:00,21.1367,45.0,False,False
2019-06-29 13:00:00,20.52,45.0,False,False
2019-06-29 14:00:00,20.09,45.0,False,False
2019-06-29 15:00:00,20.2617,45.0,False,False
2019-06-29 16:00:00,21.5867,45.0,False,False
2019-06-29 17:00:00,17.8783,45.0,False,False
2019-06-29 18:00:00,18.1683,45.0,False,False
2019-06-29 19:00:00,21.5983,45.0,False,False
2019-06-29 20:00:00,23.045,45.0,False,False
2019-06-29 21:00:00,21.3267,45.0,False,False
2019-06-29 22:00:00,20.155,45.0,False,False
2019-06-29 23:00:00,19.64,45.0,False,False
2019-06-30 00:00:00,20.5733,45.0,False,False
2019-06-30 01:00:00,24.0333,45.0,False,False
2019-06-30 02:00:00,24.3783,45.0,False,False
2019-06-30 03:00:00,27.5917,0.0,True,False
2019-06-30 04:00:00,29.695,0.0,True,False
2019-06-30 05:00:00,27.93,0.0,True,False
2019-06-30 06:00:00,29.4283,0.0,True,False
2019-06-30 07:00:00,28.445,0.0,True,False
2019-06-30 08:00:00,27.13,0.0,True,False
2019-06-30 09:00:00,22.9717,45.0,False,False
2019-06-30 10:00:00,22.485,45.0,False,False
2019-06-30 11:00:00,23.83,45.0,False,False
2019-06-30 12:00:00,22.295,45.0,False,False
2019-06-30 13:00:00,23.3433,45.0,False,False
2019-06-30 14:00:00,23.0367,45.0,False,False
2019-06-30 15:00:00,21.9817,45.0,False,False
2019-06-30 16:00:00,21.1967,45.0,False,False
2019-06-30 17:00:00,19.7483,45.0,False,False
2019-06-30 18:00:00,18.3983,45.0,False,False
2019-06-30 19:00:00,18.5583,45.0,False,False
2019-06-30 20:00:00,17.3933,45.0,False,False
2019-06-30 21:00:00,17.2383,45.0,False,False
2019-06-30 22:00:00,17.3167,45.0,False,False
2019-06-30 23:00:00,17.1833,45.0,False,False
2019-07-01 00:00:00,18.84,45.0,False,False
2019-07-01 01:00:00,17.0983,45.0,False,False
2019-07-01 02:00:00,16.1383,45.0,False,False
2019-07-01 03:00:00,17.0433,45.0,False,False
2019-07-01 04:00:00,16.7033,45.0,False,False
2019-07-01 05:00:00,15.6117,45.0,False,False
2019-07-01 06:00:00,15.5567,45.0,False,False
2019-07-01 07:00:00,14.52,45.0,False,False
2019-07-01 08:00:00,11.62,39.2305,False,False
2019-07-01 09:00:00,9.6367,16.9338,False,False
2019-07-01 10:00:00,14.5067,45.0,False,False
2019-07-01 11:00:00,12.6883,45.0,False,False
2019-07-01 12:00:00,10.495,25.0795,False,False
2019-07-01 13:00:00,10.4967,25.0974,False,False
2019-07-01 14:00:00,14.365,45.0,False,False
2019-07-01 15:00:00,13.795,45.0,False,False
2019-07-01 16:00:00,14.4067,45.0,False,False
2019-07-01 17:00:00,3.2333,0.0,False,True
2019-07-01 18:00:00,3.4717,0.0,False,True
2019-07-01 19:00:00,7.8267,5.9349,False,False
2019-07-01 20:00:00,3.2717,0.0,False,True
2019-07-01 21:00:00,2.8933,0.0,False,True
2019-07-01 22:00:00,5.6333,0.7114,False,False
2019-07-01 23:00:00,8.5883,9.6534,False,False
2019-07-02 00:00:00,20.28,45.0,False,False
2019-07-02 01:00:00,17.9167,45.0,False,False
2019-07-02 02:00:00,24.3833,45.0,False,False
2019-07-02 03:00:00,26.02,0.0,True,False
2019-07-02 04:00:00,28.315,0.0,True,False
2019-07-02 05:00:00,26.845,0.0,True,False
2019-07-02 06:00:00,24.1567,45.0,False,False
2019-07-02 07:00:00,24.8367,45.0,False,False
2019-07-02 08:00:00,24.2667,45.0,False,False
2019-07-02 09:00:00,23.4867,45.0,False,False
2019-07-02 10:00:00,24.2217,45.0,False,False
2019-07-02 11:00:00,27.2917,0.0,True,False
2019-07-02 12:00:00,25.0567,0.0,True,False
2019-07-02 13:00:00,19.6783,45.0,False,False
2019-07-02 14:00:00,25.5383,0.0,True,False
2019-07-02 15:00:00,27.4717,0.0,True,False
2019-07-02 16:00:00,30.9617,0.0,True,False
2019-07-02 17:00:00,33.5967,0.0,True,False
2019-07-02 18:00:00,30.39,0.0,True,False
2019-07-02 19:00:00,35.72,0.0,True,False
2019-07-02 20:00:00,37.115,0.0,True,False
2019-07-02 21:00:00,42.4083,0.0,True,False
2019-07-02 22:00:00,44.3833,0.0,True,False
2019-07-02 23:00:00,44.0817,0.0,True,False
2019-07-03 00:00:00,44.6767,0.0,True,False
2019-07-03 01:00:00,42.1067,0.0,True,False
2019-07-03 02:00:00,40.4867,0.0,True,False
2019-07-03 03:00:00,37.58,0.0,True,False
2019-07-03 04:00:00,38.365,0.0,True,False
2019-07-03 05:00:00,32.7533,0.0,True,False
2019-07-03 06:00:00,34.6883,0.0,True,False
2019-07-03 07:00:00,30.4367,0.0,True,False
2019-07-03 08:00:00,32.99,0.0,True,False
2019-07-03 09:00:00,30.0833,0.0,True,False
2019-07-03 10:00:00,38.2267,0.0,True,False
2019-07-03 11:00:00,35.2,0.0,True,False
2019-07-03 12:00:00,29.9533,0.0,True,False
2019-07-03 13:00:00,30.515,0.0,True,False
2019-07-03 14:00:00,33.595,0.0,True,False
2019-07-03 15:00:00,36.985,0.0,True,False
2019-07-03 16:00:00,35.2,0.0,True,False
2019-07-03 17:00:00,35.4383,0.0,True,False
2019-07-03 18:00:00,35.36,0.0,True,False
2019-07-03 19:00:00,34.1203,0.0,True,False
2019-07-03 20:00:00,39.36,0.0,True,False
2019-07-03 21:00:00,36.7533,0.0,True,False
2019-07-03 22:00:00,36.3667,0.0,True,False
2019-07-03 23:00:00,31.7367,0.0,True,False
2019-07-04 00:00:00,28.8183,0.0,True,False
2019-07-04 01:00:00,30.395,0.0,True,False
2019-07-04 02:00:00,25.9383,0.0,True,False
2019-07-04 03:00:00,24.0117,45.0,False,False
2019-07-04 04:00:00,23.4417,45.0,False,False
2019-07-04 05:00:00,22.4967,45.0,False,False
2019-07-04 06:00:00,22.4883,45.0,False,False
2019-07-04 07:00:00,24.8533,45.0,False,False
2019-07-04 08:00:00,27.1067,0.0,True,False
2019-07-04 09:00:00,24.9317,45.0,False,False
2019-07-04 10:00:00,22.8017,45.0,False,False
2019-07-04 11:00:00,21.05,45.0,False,False
2019-07-04 12:00:00,19.88,45.0,False,False
2019-07-04 13:00:00,16.725,45.0,False,False
2019-07-04 14:00:00,18.2817,45.0,False,False
2019-07-04 15:00:00,18.62,45.0,False,False
2019-07-04 16:00:00,18.7117,45.0,False,False
2019-07-04 17:00:00,17.8967,45.0,False,False
2019-07-04 18:00:00,17.6,45.0,False,False
2019-07-04 19:00:00,16.2217,45.0,False,False
2019-07-04 20:00:00,14.7083,45.0,False,False
2019-07-04 21:00:00,16.255,45.0,False,False
2019-07-04 22:00:00,14.5017,45.0,False,False
2019-07-04 23:00:00,16.2967,45.0,False,False
2019-07-05 00:00:00,17.455,45.0,False,False
2019-07-05 01:00:00,15.7433,45.0,False,False
2019-07-05 02:00:00,19.2667,45.0,False,False
2019-07-05 03:00:00,18.725,45.0,False,False
2019-07-05 04:00:00,18.1633,45.0,False,False
2019-07-05 05:00:00,17.245,45.0,False,False
2019-07-05 06:00:00,18.2883,45.0,False,False
2019-07-05 07:00:00,16.6833,45.0,False,False
2019-07-05 08:00:00,17.2183,45.0,False,False
2019-07-05 09:00:00,17.0233,45.0,False,False
2019-07-05 10:00:00,17.1183,45.0,False,False
2019-07-05 11:00:00,19.6083,45.0,False,False
2019-07-05 12:00:00,16.725,45.0,False,False
2019-07-05 13:00:00,16.4,45.0,False,False
2019-07-05 14:00:00,16.8033,45.0,False,False
2019-07-05 15:00:00,16.5183,45.0,False,False
2019-07-05 16:00:00,16.7267,45.0,False,False
2019-07-05 17:00:00,16.42,45.0,False,False
2019-07-05 18:00:00,16.1867,45.0,False,False
2019-07-05 19:00:00,19.6567,45.0,False,False
2019-07-05 20:00:00,16.5883,45.0,False,False
2019-07-05 21:00:00,17.405,45.0,False,False
2019-07-05 22:00:00,18.1883,45.0,False,False
2019-07-05 23:00:00,16.4483,45.0,False,False
2019-07-06 00:00:00,16.1267,45.0,False,False
2019-07-06 01:00:00,15.9683,45.0,False,False
2019-07-06 02:00:00,16.5883,45.0,False,False
2019-07-06 03:00:00,17.065,45.0,False,False
2019-07-06 04:00:00,17.675,45.0,False,False
2019-07-06 05:00:00,17.3117,45.0,False,False
2019-07-06 06:00:00,17.9283,45.0,False,False
2019-07-06 07:00:00,13.7867,45.0,False,False
2019-07-06 08:00:00,19.1117,45.0,False,False
2019-07-06 09:00:00,21.4717,45.0,False,False
2019-07-06 10:00:00,24.2533,45.0,False,False
2019-07-06 11:00:00,25.0317,0.0,True,False
2019-07-06 12:00:00,22.485,45.0,False,False
2019-07-06 13:00:00,20.465,45.0,False,False
2019-07-06 14:00:00,20.5617,45.0,False,False
2019-07-06 15:00:00,19.2867,45.0,False,False
2019-07-06 16:00:00,14.8333,45.0,False,False
2019-07-06 17:00:00,17.8083,45.0,False,False
2019-07-06 18:00:00,15.1,45.0,False,False
2019-07-06 19:00:00,16.7583,45.0,False,False
2019-07-06 20:00:00,20.0783,45.0,False,False
2019-07-06 21:00:00,21.9583,45.0,False,False
2019-07-06 22:00:00,21.3283,45.0,False,False
2019-07-06 23:00:00,19.7233,45.0,False,False
2019-07-07 00:00:00,17.7483,45.0,False,False
2019-07-07 01:00:00,16.835,45.0,False,False
2019-07-07 02:00:00,16.6967,45.0,False,False
2019-07-07 03:00:00,19.57,45.0,False,False
2019-07-07 04:00:00,17.9783,45.0,False,False
2019-07-07 05:00:00,12.05,45.0,False,False
2019-07-07 06:00:00,16.055,45.0,False,False
2019-07-07 07:00:00,8.455,8.9143,False,False
2019-07-07 08:00:00,11.135,32.6124,False,False
2019-07-07 09:00:00,15.3,45.0,False,False
2019-07-07 10:00:00,14.7117,45.0,False,False
2019-07-07 11:00:00,23.3333,45.0,False,False
2019-07-07 12:00:00,16.2033,45.0,False,False
2019-07-07 13:00:00,24.2067,45.0,False,False
2019-07-07 14:00:00,25.945,0.0,True,False
2019-07-07 15:00:00,26.915,0.0,True,False
2019-07-07 16:00:00,25.26,0.0,True,False
2019-07-07 17:00:00,25.9183,0.0,True,False
2019-07-07 18:00:00,26.7067,0.0,True,False
2019-07-07 19:00:00,25.5283,0.0,True,False
2019-07-07 20:00:00,28.445,0.0,True,False
2019-07-07 21:00:00,31.1783,0.0,True,False
2019-07-07 22:00:00,32.3117,0.0,True,False
2019-07-07 23:00:00,31.0583,0.0,True,False
2019-07-08 00:00:00,30.9167,0.0,True,False
2019-07-08 01:00:00,33.38,0.0,True,False
2019-07-08 02:00:00,32.6633,0.0,True,False
2019-07-08 03:00:00,30.7767,0.0,True,False
2019-07-08 04:00:00,29.7083,0.0,True,False
2019-07-08 05:00:00,29.225,0.0,True,False
2019-07-08 06:00:00,32.9917,0.0,True,False
2019-07-08 07:00:00,33.4083,0.0,True,False
2019-07-08 08:00:00,33.87,0.0,True,False
2019-07-08 09:00:00,37.26,0.0,True,False
2019-07-08 10:00:00,37.44,0.0,True,False
2019-07-08 11:00:00,33.065,0.0,True,False
2019-07-08 12:00:00,32.8867,0.0,True,False
2019-07-08 13:00:00,33.8533,0.0,True,False
2019-07-08 14:00:00,33.3033,0.0,True,False
2019-07-08 15:00:00,30.4567,0.0,True,False
2019-07-08 16:00:00,30.4567,0.0,True,False
2019-07-08 17:00:00,31.0367,0.0,True,False
2019-07-08 18:00:00,27.73,0.0,True,False
2019-07-08 19:00:00,29.565,0.0,True,False
2019-07-08 20:00:00,30.4683,0.0,True,False
2019-07-08 21:00:00,31.6967,0.0,True,False
2019-07-08 22:00:00,34.775,0.0,True,False
2019-07-08 23:00:00,33.3733,0.0,True,False
2019-07-09 00:00:00,33.4967,0.0,True,False
2019-07-09 01:00:00,27.6483,0.0,True,False
2019-07-09 02:00:00,25.8333,0.0,True,False
2019-07-09 03:00:00,25.4583,0.0,True,False
2019-07-09 04:00:00,24.48,45.0,False,False
2019-07-09 05:00:00,21.6767,45.0,False,False
2019-07-09 06:00:00,23.4683,45.0,False,False
2019-07-09 07:00:00,23.8783,45.0,False,False
2019-07-09 08:00:00,23.7067,45.0,False,False
2019-07-09 09:00:00,22.8367,45.0,False,False
2019-07-09 10:00:00,21.1067,45.0,False,False
2019-07-09 11:00:00,23.25,45.0,False,False
2019-07-09 12:00:00,22.7783,45.0,False,False
2019-07-09 13:00:00,20.765,45.0,False,False
2019-07-09 14:00:00,21.545,45.0,False,False
2019-07-09 15:00:00,18.9633,45.0,False,False
2019-07-09 16:00:00,19.225,45.0,False,False
2019-07-09 17:00:00,16.56,45.0,False,False
2019-07-09 18:00:00,15.7033,45.0,False,False
2019-07-09 19:00:00,17.895,45.0,False,False
2019-07-09 20:00:00,15.44,45.0,False,False
2019-07-09 21:00:00,15.555,45.0,False,False
2019-07-09 22:00:00,14.5533,45.0,False,False
2019-07-09 23:00:00,13.25,45.0,False,False
2019-07-10 00:00:00,12.9933,45.0,False,False
2019-07-10 01:00:00,16.0933,45.0,False,False
2019-07-10 02:00:00,6.2017,1.4449,False,False
2019-07-10 03:00:00,11.4167,36.3566,False,False
2019-07-10 04:00:00,9.7817,18.1627,False,False
2019-07-10 05:00:00,6.94,2.9828,False,False
2019-07-10 06:00:00,4.165,0.0215,False,False
2019-07-10 07:00:00,8.825,11.0641,False,False
2019-07-10 08:00:00,5.9617,1.0931,False,False
2019-07-10 09:00:00,7.6383,5.1932,False,False
2019-07-10 10:00:00,6.375,1.7413,False,False
2019-07-10 11:00:00,1.5617,0.0,False,True
2019-07-10 12:00:00,5.0733,0.2854,False,False
2019-07-10 13:00:00,11.3533,35.491,False,False
2019-07-10 14:00:00,7.59,5.0133,False,False
2019-07-10 15:00:00,2.3733,0.0,False,True
2019-07-10 16:00:00,3.1783,0.0,False,True
2019-07-10 17:00:00,3.6567,0.0003,False,False
2019-07-10 18:00:00,6.8667,2.7961,False,False
2019-07-10 19:00:00,7.2483,3.859,False,False
2019-07-10 20:00:00,10.9467,30.2581,False,False
2019-07-10 21:00:00,12.32,45.0,False,False
2019-07-10 22:00:00,12.7933,45.0,False,False
2019-07-10 23:00:00,11.4783,37.2128,False,False
2019-07-11 00:00:00,12.0233,45.0,False,False
2019-07-11 01:00:00,9.71,17.5481,False,False
2019-07-11 02:00:00,7.1383,3.5291,False,False
2019-07-11 03:00:00,6.3817,1.7534,False,False
2019-07-11 04:00:00,2.7417,0.0,False,True
2019-07-11 05:00:00,5.7817,0.8704,False,False
2019-07-11 06:00:00,8.035,6.8342,False,False
2019-07-11 07:00:00,9.2717,14.0883,False,False
2019-07-11 08:00:00,9.4883,15.7352,False,False
2019-07-11 09:00:00,11.2267,33.8012,False,False
2019-07-11 10:00:00,14.1483,45.0,False,False
2019-07-11 11:00:00,14.5483,45.0,False,False
2019-07-11 12:00:00,15.64,45.0,False,False
2019-07-11 13:00:00,14.6467,45.0,False,False
2019-07-11 14:00:00,17.13,45.0,False,False
2019-07-11 15:00:00,14.3367,45.0,False,False
2019-07-11 16:00:00,12.1967,45.0,False,False
2019-07-11 17:00:00,14.6733,45.0,False,False
2019-07-11 18:00:00,15.6617,45.0,False,False
2019-07-11 19:00:00,16.6717,45.0,False,False
2019-07-11 20:00:00,16.985,45.0,False,False
2019-07-11 21:00:00,13.605,45.0,False,False
2019-07-11 22:00:00,10.935,30.1161,False,False
2019-07-11 23:00:00,6.8767,2.8211,False,False
2019-07-12 00:00:00,7.0267,3.214,False,False
2019-07-12 01:00:00,2.6533,0.0,False,True
2019-07-12 02:00:00,5.7317,0.8144,False,False
2019-07-12 03:00:00,5.8183,0.913,False,False
2019-07-12 04:00:00,9.5783,16.4554,False,False
2019-07-12 05:00:00,6.5867,2.1549,False,False
2019-07-12 06:00:00,1.8083,0.0,False,True
2019-07-12 07:00:00,1.4567,0.0,False,True
2019-07-12 08:00:00,1.1867,0.0,False,True
2019-07-12 09:00:00,3.2067,0.0,False,True
2019-07-12 10:00:00,1.0933,0.0,False,True
2019-07-12 11:00:00,2.4367,0.0,False,True
2019-07-12 12:00:00,10.25,22.5355,False,False
2019-07-12 13:00:00,12.5833,45.0,False,False
2019-07-12 14:00:00,13.805,45.0,False,False
2019-07-12 15:00:00,8.2767,7.986,False,False
2019-07-12 16:00:00,3.2467,0.0,False,True
2019-07-12 17:00:00,3.535,0.0,False,False
2019-07-12 18:00:00,7.3317,4.1221,False,False
2019-07-12 19:00:00,12.745,45.0,False,False
2019-07-12 20:00:00,14.4317,45.0,False,False
2019-07-12 21:00:00,13.1017,45.0,False,False
2019-07-12 22:00:00,3.38,0.0,False,True
2019-07-12 23:00:00,3.91,0.0051,False,False
2019-07-13 00:00:00,2.865,0.0,False,True
2019-07-13 01:00:00,3.0567,0.0,False,True
2019-07-13 02:00:00,1.475,0.0,False,True
2019-07-13 03:00:00,1.5167,0.0,False,True
2019-07-13 04:00:00,2.84,0.0,False,True
2019-07-13 05:00:00,1.8533,0.0,False,True
2019-07-13 06:00:00,3.19,0.0,False,True
2019-07-13 07:00:00,4.7733,0.1513,False,False
2019-07-13 08:00:00,1.8867,0.0,False,True
2019-07-13 09:00:00,1.87,0.0,False,True
2019-07-13 10:00:00,1.7583,0.0,False,True
2019-07-13 11:00:00,3.8717,0.0038,False,False
2019-07-13 12:00:00,1.8383,0.0,False,True
2019-07-13 13:00:00,1.805,0.0,False,True
2019-07-13 14:00:00,5.5267,0.61,False,False
2019-07-13 15:00:00,6.7033,2.4086,False,False
2019-07-13 16:00:00,5.11,0.3058,False,False
2019-07-13 17:00:00,6.3217,1.6462,False,False
2019-07-13 18:00:00,5.6883,0.7679,False,False
2019-07-13 19:00:00,2.4367,0.0,False,True
2019-07-13 20:00:00,1.585,0.0,False,True
2019-07-13 21:00:00,3.415,0.0,False,True
2019-07-13 22:00:00,2.8517,0.0,False,True
2019-07-13 23:00:00,1.8283,0.0,False,True
2019-07-14 00:00:00,1.2033,0.0,False,True
2019-07-14 01:00:00,1.9483,0.0,False,True
2019-07-14 02:00:00,4.03,0.0109,False,False
2019-07-14 03:00:00,2.46,0.0,False,True
2019-07-14 04:00:00,1.845,0.0,False,True
2019-07-14 05:00:00,3.3433,0.0,False,True
2019-07-14 06:00:00,2.9333,0.0,False,True
2019-07-14 07:00:00,3.0,0.0,False,True
2019-07-14 08:00:00,2.2583,0.0,False,True
2019-07-14 09:00:00,1.7517,0.0,False,True
2019-07-14 10:00:00,5.8167,0.9111,False,False
2019-07-14 11:00:00,3.6083,0.0001,False,False
2019-07-14 12:00:00,4.0383,0.0114,False,False
2019-07-14 13:00:00,6.1267,1.3279,False,False
2019-07-14 14:00:00,5.2767,0.4109,False,False
2019-07-14 15:00:00,7.6933,5.403,False,False
2019-07-14 16:00:00,5.53,0.613,False,False
2019-07-14 17:00:00,2.3367,0.0,False,True
2019-07-14 18:00:00,3.5867,0.0,False,False
2019-07-14 19:00:00,8.4533,8.9053,False,False
2019-07-14 20:00:00,10.265,22.6861,False,False
2019-07-14 21:00:00,11.5283,37.9168,False,False
2019-07-14 22:00:00,13.94,45.0,False,False
2019-07-14 23:00:00,16.3017,45.0,False,False
2019-07-15 00:00:00,14.7167,45.0,False,False
2019-07-15 01:00:00,14.055,45.0,False,False
2019-07-15 02:00:00,15.35,45.0,False,False
2019-07-15 03:00:00,18.9783,45.0,False,False
2019-07-15 04:00:00,19.6383,45.0,False,False
2019-07-15 05:00:00,18.6367,45.0,False,False
2019-07-15 06:00:00,19.2283,45.0,False,False
2019-07-15 07:00:00,15.1533,45.0,False,False
2019-07-15 08:00:00,15.2983,45.0,False,False
2019-07-15 09:00:00,14.9117,45.0,False,False
2019-07-15 10:00:00,15.63,45.0,False,False
2019-07-15 11:00:00,14.4517,45.0,False,False
2019-07-15 12:00:00,13.0833,45.0,False,False
2019-07-15 13:00:00,11.0883,32.0181,False,False
2019-07-15 14:00:00,9.5383,16.1327,False,False
2019-07-15 15:00:00,7.3633,4.2252,False,False
2019-07-15 16:00:00,8.6167,9.8156,False,False
2019-07-15 17:00:00,6.165,1.3869,False,False
2019-07-15 18:00:00,1.55,0.0,False,True
2019-07-15 19:00:00,1.3733,0.0,False,True
2019-07-15 20:00:00,4.4667,0.0662,False,False
2019-07-15 21:00:00,5.8817,0.9899,False,False
2019-07-15 22:00:00,1.9483,0.0,False,True
2019-07-15 23:00:00,2.9333,0.0,False,True
2019-07-16 00:00:00,2.5717,0.0,False,True
2019-07-16 01:00:00,2.1692,0.0,False,True
2019-07-16 02:00:00,2.0188,0.0,False,True
2019-07-16 03:00:00,6.2067,1.453,False,False
2019-07-16 04:00:00,4.7117,0.1303,False,False
2019-07-16 05:00:00,2.0267,0.0,False,True
2019-07-16 06:00:00,2.915,0.0,False,True
2019-07-16 07:00:00,3.46,0.0,False,True
2019-07-16 08:00:00,1.53,0.0,False,True
2019-07-16 09:00:00,3.43,0.0,False,True
2019-07-16 10:00:00,1.575,0.0,False,True
2019-07-16 11:00:00,2.165,0.0,False,True
2019-07-16 12:00:00,1.7033,0.0,False,True
2019-07-16 13:00:00,1.675,0.0,False,True
2019-07-16 14:00:00,1.1083,0.0,False,True
2019-07-16 15:00:00,2.885,0.0,False,True
2019-07-16 16:00:00,3.615,0.0001,False,False
2019-07-16 17:00:00,7.5733,4.9523,False,False
2019-07-16 18:00:00,3.9667,0.0074,False,False
2019-07-16 19:00:00,3.25,0.0,False,True
2019-07-16 20:00:00,2.5167,0.0,False,True
2019-07-16 21:00:00,3.3317,0.0,False,True
2019-07-16 22:00:00,1.345,0.0,False,True
2019-07-16 23:00:00,3.4983,0.0,False,True
2019-07-17 00:00:00,7.0217,3.2004,False,False
2019-07-17 01:00:00,5.6683,0.747,False,False
2019-07-17 02:00:00,3.4517,0.0,False,True
2019-07-17 03:00:00,6.2667,1.5518,False,False
2019-07-17 04:00:00,3.2317,0.0,False,True
2019-07-17 05:00:00,10.9633,30.4617,False,False
2019-07-17 06:00:00,3.0467,0.0,False,True
2019-07-17 07:00:00,3.385,0.0,False,True
2019-07-17 08:00:00,2.19,0.0,False,True
2019-07-17 09:00:00,1.4967,0.0,False,True
2019-07-17 10:00:00,3.2533,0.0,False,True
2019-07-17 11:00:00,2.6717,0.0,False,True
2019-07-17 12:00:00,3.285,0.0,False,True
2019-07-17 13:00:00,1.89,0.0,False,True
2019-07-17 14:00:00,6.0267,1.182,False,False
2019-07-17 15:00:00,11.715,40.6236,False,False
2019-07-17 16:00:00,4.8417,0.177,False,False
2019-07-17 17:00:00,3.4117,0.0,False,True
2019-07-17 18:00:00,2.9067,0.0,False,True
2019-07-17 19:00:00,3.0683,0.0,False,True
2019-07-17 20:00:00,1.5783,0.0,False,True
2019-07-17 21:00:00,1.6517,0.0,False,True
2019-07-17 22:00:00,2.425,0.0,False,True
2019-07-17 23:00:00,1.8333,0.0,False,True
2019-07-18 00:00:00,4.1233,0.0177,False,False
2019-07-18 01:00:00,3.3417,0.0,False,True
2019-07-18 02:00:00,15.2733,45.0,False,False
2019-07-18 03:00:00,8.245,7.8282,False,False
2019-07-18 04:00:00,10.2983,23.0231,False,False
2019-07-18 05:00:00,17.0317,45.0,False,False
2019-07-18 06:00:00,23.48,45.0,False,False
2019-07-18 07:00:00,25.52,0.0,True,False
2019-07-18 08:00:00,25.8033,0.0,True,False
2019-07-18 09:00:00,24.285,45.0,False,False
2019-07-18 10:00:00,22.4517,45.0,False,False
2019-07-18 11:00:00,23.5233,45.0,False,False
2019-07-18 12:00:00,20.22,45.0,False,False
2019-07-18 13:00:00,21.0767,45.0,False,False
2019-07-18 14:00:00,20.765,45.0,False,False
2019-07-18 15:00:00,20.75,45.0,False,False
2019-07-18 16:00:00,22.1683,45.0,False,False
2019-07-18 17:00:00,23.2417,45.0,False,False
2019-07-18 18:00:00,21.5983,45.0,False,False
2019-07-18 19:00:00,22.0917,45.0,False,False
2019-07-18 20:00:00,21.495,45.0,False,False
2019-07-18 21:00:00,22.615,45.0,False,False
2019-07-18 22:00:00,21.815,45.0,False,False
2019-07-18 23:00:00,21.495,45.0,False,False
2019-07-19 00:00:00,7.955,6.4789,False,False
2019-07-19 01:00:00,11.3683,35.6947,False,False
2019-07-19 02:00:00,6.0617,1.2318,False,False
2019-07-19 03:00:00,4.9583,0.2273,False,False
2019-07-19 04:00:00,5.5033,0.5891,False,False
2019-07-19 05:00:00,7.3983,4.341,False,False
2019-07-19 06:00:00,8.6417,9.9602,False,False
2019-07-19 07:00:00,8.8483,11.2101,False,False
2019-07-19 08:00:00,11.0167,31.1194,False,False
2019-07-19 09:00:00,8.015,6.7442,False,False
2019-07-19 10:00:00,14.3433,45.0,False,False
2019-07-19 11:00:00,18.95,45.0,False,False
2019-07-19 12:00:00,17.1533,45.0,False,False
2019-07-19 13:00:00,16.7983,45.0,False,False
2019-07-19 14:00:00,17.0533,45.0,False,False
2019-07-19 15:00:00,19.6283,45.0,False,False
2019-07-19 16:00:00,17.4667,45.0,False,False
2019-07-19 17:00:00,10.8317,28.8778,False,False
2019-07-19 18:00:00,2.21,0.0,False,True
2019-07-19 19:00:00,6.4217,1.8275,False,False
2019-07-19 20:00:00,5.1683,0.3403,False,False
2019-07-19 21:00:00,5.9333,1.0557,False,False
2019-07-19 22:00:00,6.8583,2.7754,False,False
2019-07-19 23:00:00,3.0017,0.0,False,True
2019-07-20 00:00:00,6.8967,2.8715,False,False
2019-07-20 01:00:00,3.6533,0.0003,False,False
2019-07-20 02:00:00,7.115,3.4616,False,False
2019-07-20 03:00:00,7.3633,4.2252,False,False
2019-07-20 04:00:00,8.745,10.5729,False,False
2019-07-20 05:00:00,2.8633,0.0,False,True
2019-07-20 06:00:00,2.75,0.0,False,True
2019-07-20 07:00:00,2.1833,0.0,False,True
2019-07-20 08:00:00,4.6283,0.1053,False,False
2019-07-20 09:00:00,1.9433,0.0,False,True
2019-07-20 10:00:00,3.6867,0.0005,False,False
2019-07-20 11:00:00,3.1483,0.0,False,True
2019-07-20 12:00:00,2.3433,0.0,False,True
2019-07-20 13:00:00,2.8833,0.0,False,True
2019-07-20 14:00:00,2.8067,0.0,False,True
2019-07-20 15:00:00,5.6917,0.7714,False,False
2019-07-20 16:00:00,2.7833,0.0,False,True
2019-07-20 17:00:00,1.0183,0.0,False,True
2019-07-20 18:00:00,3.1167,0.0,False,True
2019-07-20 19:00:00,1.6433,0.0,False,True
2019-07-20 20:00:00,2.875,0.0,False,True
2019-07-20 21:00:00,1.7283,0.0,False,True
2019-07-20 22:00:00,1.6467,0.0,False,True
2019-07-20 23:00:00,1.8583,0.0,False,True
2019-07-21 00:00:00,1.98,0.0,False,True
2019-07-21 01:00:00,2.5133,0.0,False,True
2019-07-21 02:00:00,1.88,0.0,False,True
2019-07-21 03:00:00,2.4667,0.0,False,True
2019-07-21 04:00:00,2.115,0.0,False,True
2019-07-21 05:00:00,3.3933,0.0,False,True
2019-07-21 06:00:00,2.4983,0.0,False,True
2019-07-21 07:00:00,2.19,0.0,False,True
2019-07-21 08:00:00,1.8417,0.0,False,True
2019-07-21 09:00:00,2.4617,0.0,False,True
2019-07-21 10:00:00,2.54,0.0,False,True
2019-07-21 11:00:00,4.1933,0.0244,False,False
2019-07-21 12:00:00,4.8867,0.1954,False,False
2019-07-21 13:00:00,7.3817,4.2856,False,False
2019-07-21 14:00:00,4.545,0.0836,False,False
2019-07-21 15:00:00,5.8133,0.9071,False,False
2019-07-21 16:00:00,17.88,45.0,False,False
2019-07-21 17:00:00,29.525,0.0,True,False
2019-07-21 18:00:00,32.8467,0.0,True,False
2019-07-21 19:00:00,24.9417,45.0,False,False
2019-07-21 20:00:00,27.5283,0.0,True,False
2019-07-21 21:00:00,26.07,0.0,True,False
2019-07-21 22:00:00,25.685,0.0,True,False
2019-07-21 23:00:00,30.1117,0.0,True,False
2019-07-22 00:00:00,37.4483,0.0,True,False
2019-07-22 01:00:00,36.625,0.0,True,False
2019-07-22 02:00:00,38.7517,0.0,True,False
2019-07-22 03:00:00,35.5,0.0,True,False
2019-07-22 04:00:00,35.1983,0.0,True,False
2019-07-22 05:00:00,35.6017,0.0,True,False
2019-07-22 06:00:00,34.395,0.0,True,False
2019-07-22 07:00:00,32.2867,0.0,True,False
2019-07-22 08:00:00,30.9933,0.0,True,False
2019-07-22 09:00:00,31.5383,0.0,True,False
2019-07-22 10:00:00,34.5317,0.0,True,False
2019-07-22 11:00:00,35.415,0.0,True,False
2019-07-22 12:00:00,32.6433,0.0,True,False
2019-07-22 13:00:00,29.94,0.0,True,False
2019-07-22 14:00:00,29.3433,0.0,True,False
2019-07-22 15:00:00,27.7417,0.0,True,False
2019-07-22 16:00:00,29.0017,0.0,True,False
2019-07-22 17:00:00,21.075,45.0,False,False
2019-07-22 18:00:00,19.3417,45.0,False,False
2019-07-22 19:00:00,23.0467,45.0,False,False
2019-07-22 20:00:00,20.8617,45.0,False,False
2019-07-22 21:00:00,23.3567,45.0,False,False
2019-07-22 22:00:00,21.7883,45.0,False,False
2019-07-22 23:00:00,24.2183,45.0,False,False
2019-07-23 00:00:00,23.415,45.0,False,False
2019-07-23 01:00:00,23.615,45.0,False,False
2019-07-23 02:00:00,27.6383,0.0,True,False
2019-07-23 03:00:00,29.1733,0.0,True,False
2019-07-23 04:00:00,30.4933,0.0,True,False
2019-07-23 05:00:00,31.4017,0.0,True,False
2019-07-23 06:00:00,29.885,0.0,True,False
2019-07-23 07:00:00,26.5433,0.0,True,False
2019-07-23 08:00:00,25.2067,0.0,True,False
2019-07-23 09:00:00,23.7533,45.0,False,False
2019-07-23 10:00:00,20.105,45.0,False,False
2019-07-23 11:00:00,19.5283,45.0,False,False
2019-07-23 12:00:00,22.705,45.0,False,False
2019-07-23 13:00:00,23.5667,45.0,False,False
2019-07-23 14:00:00,20.5467,45.0,False,False
2019-07-23 15:00:00,16.8467,45.0,False,False
2019-07-23 16:00:00,16.2667,45.0,False,False
2019-07-23 17:00:00,15.5283,45.0,False,False
2019-07-23 18:00:00,15.845,45.0,False,False
2019-07-23 19:00:00,14.51,45.0,False,False
2019-07-23 20:00:00,16.5967,45.0,False,False
2019-07-23 21:00:00,27.2783,0.0,True,False
2019-07-23 22:00:00,20.7817,45.0,False,False
2019-07-23 23:00:00,20.01,45.0,False,False
2019-07-24 00:00:00,21.265,45.0,False,False
2019-07-24 01:00:00,16.6667,45.0,False,False
2019-07-24 02:00:00,18.3483,45.0,False,False
2019-07-24 03:00:00,18.5233,45.0,False,False
2019-07-24 04:00:00,15.8833,45.0,False,False
2019-07-24 05:00:00,17.285,45.0,False,False
2019-07-24 06:00:00,20.1333,45.0,False,False
2019-07-24 07:00:00,17.1983,45.0,False,False
2019-07-24 08:00:00,14.895,45.0,False,False
2019-07-24 09:00:00,12.0367,45.0,False,False
2019-07-24 10:00:00,15.7017,45.0,False,False
2019-07-24 11:00:00,15.8217,45.0,False,False
2019-07-24 12:00:00,11.3933,36.036,False,False
2019-07-24 13:00:00,11.475,37.1662,False,False
2019-07-24 14:00:00,11.7967,41.8472,False,False
2019-07-24 15:00:00,11.2117,33.6047,False,False
2019-07-24 16:00:00,12.68,45.0,False,False
2019-07-24 17:00:00,11.87,42.9667,False,False
2019-07-24 18:00:00,13.2033,45.0,False,False
2019-07-24 19:00:00,10.5683,25.8766,False,False
2019-07-24 20:00:00,11.3433,35.3556,False,False
2019-07-24 21:00:00,14.7383,45.0,False,False
2019-07-24 22:00:00,18.955,45.0,False,False
2019-07-24 23:00:00,17.2017,45.0,False,False
2019-07-25 00:00:00,20.3583,45.0,False,False
2019-07-25 01:00:00,21.6583,45.0,False,False
2019-07-25 02:00:00,20.875,45.0,False,False
2019-07-25 03:00:00,21.3283,45.0,False,False
2019-07-25 04:00:00,19.9333,45.0,False,False
2019-07-25 05:00:00,21.3133,45.0,False,False
2019-07-25 06:00:00,22.93,45.0,False,False
2019-07-25 07:00:00,21.5117,45.0,False,False
2019-07-25 08:00:00,21.4483,45.0,False,False
2019-07-25 09:00:00,22.0417,45.0,False,False
2019-07-25 10:00:00,18.83,45.0,False,False
2019-07-25 11:00:00,17.645,45.0,False,False
2019-07-25 12:00:00,17.855,45.0,False,False
2019-07-25 13:00:00,20.3533,45.0,False,False
2019-07-25 14:00:00,22.305,45.0,False,False
2019-07-25 15:00:00,20.87,45.0,False,False
2019-07-25 16:00:00,23.19,45.0,False,False
2019-07-25 17:00:00,21.1,45.0,False,False
2019-07-25 18:00:00,21.87,45.0,False,False
2019-07-25 19:00:00,23.87,45.0,False,False
2019-07-25 20:00:00,21.28,45.0,False,False
2019-07-25 21:00:00,24.365,45.0,False,False
2019-07-25 22:00:00,23.42,45.0,False,False
2019-07-25 23:00:00,25.4917,0.0,True,False
2019-07-26 00:00:00,26.6517,0.0,True,False
2019-07-26 01:00:00,26.485,0.0,True,False
2019-07-26 02:00:00,23.1167,45.0,False,False
2019-07-26 03:00:00,20.895,45.0,False,False
2019-07-26 04:00:00,18.9767,45.0,False,False
2019-07-26 05:00:00,18.455,45.0,False,False
2019-07-26 06:00:00,20.59,45.0,False,False
2019-07-26 07:00:00,24.4283,45.0,False,False
2019-07-26 08:00:00,24.8067,45.0,False,False
2019-07-26 09:00:00,25.41,0.0,True,False
2019-07-26 10:00:00,22.4617,45.0,False,False
2019-07-26 11:00:00,26.2183,0.0,True,False
2019-07-26 12:00:00,24.0267,45.0,False,False
2019-07-26 13:00:00,22.7317,45.0,False,False
2019-07-26 14:00:00,20.1283,45.0,False,False
2019-07-26 15:00:00,21.9167,45.0,False,False
2019-07-26 16:00:00,20.9533,45.0,False,False
2019-07-26 17:00:00,20.1517,45.0,False,False
2019-07-26 18:00:00,23.1233,45.0,False,False
2019-07-26 19:00:00,23.745,45.0,False,False
2019-07-26 20:00:00,22.485,45.0,False,False
2019-07-26 21:00:00,21.0467,45.0,False,False
2019-07-26 22:00:00,22.3067,45.0,False,False
2019-07-26 23:00:00,22.29,45.0,False,False
2019-07-27 00:00:00,22.6333,45.0,False,False
2019-07-27 01:00:00,23.1333,45.0,False,False
2019-07-27 02:00:00,21.475,45.0,False,False
2019-07-27 03:00:00,20.215,45.0,False,False
2019-07-27 04:00:00,20.6,45.0,False,False
2019-07-27 05:00:00,18.9633,45.0,False,False
2019-07-27 06:00:00,18.7633,45.0,False,False
2019-07-27 07:00:00,8.5283,9.316,False,False
2019-07-27 08:00:00,6.9883,3.1104,False,False
2019-07-27 09:00:00,7.6917,5.3965,False,False
2019-07-27 10:00:00,12.115,45.0,False,False
2019-07-27 11:00:00,18.3933,45.0,False,False
2019-07-27 12:00:00,11.2633,34.2847,False,False
2019-07-27 13:00:00,18.5667,45.0,False,False
2019-07-27 14:00:00,15.555,45.0,False,False
2019-07-27 15:00:00,19.7433,45.0,False,False
2019-07-27 16:00:00,20.225,45.0,False,False
2019-07-27 17:00:00,19.8083,45.0,False,False
2019-07-27 18:00:00,19.825,45.0,False,False
2019-07-27 19:00:00,19.9233,45.0,False,False
2019-07-27 20:00:00,20.995,45.0,False,False
2019-07-27 21:00:00,19.0833,45.0,False,False
2019-07-27 22:00:00,14.0683,45.0,False,False
2019-07-27 23:00:00,13.025,45.0,False,False
2019-07-28 00:00:00,14.505,45.0,False,False
2019-07-28 01:00:00,15.325,45.0,False,False
2019-07-28 02:00:00,19.3383,45.0,False,False
2019-07-28 03:00:00,19.4017,45.0,False,False
2019-07-28 04:00:00,18.425,45.0,False,False
2019-07-28 05:00:00,17.8217,45.0,False,False
2019-07-28 06:00:00,17.2483,45.0,False,False
2019-07-28 07:00:00,17.8167,45.0,False,False
2019-07-28 08:00:00,18.7133,45.0,False,False
2019-07-28 09:00:00,17.815,45.0,False,False
2019-07-28 10:00:00,18.55,45.0,False,False
2019-07-28 11:00:00,19.47,45.0,False,False
2019-07-28 12:00:00,17.9917,45.0,False,False
2019-07-28 13:00:00,16.4917,45.0,False,False
2019-07-28 14:00:00,4.5867,0.094,False,False
2019-07-28 15:00:00,11.2317,33.8669,False,False
2019-07-28 16:00:00,10.855,29.1544,False,False
2019-07-28 17:00:00,3.7317,0.0009,False,False
2019-07-28 18:00:00,9.915,19.344,False,False
2019-07-28 19:00:00,10.5533,25.7122,False,False
2019-07-28 20:00:00,9.0,12.1911,False,False
2019-07-28 21:00:00,11.0267,31.2438,False,False
2019-07-28 22:00:00,8.6317,9.9022,False,False
2019-07-28 23:00:00,8.94,11.7965,False,False
2019-07-29 00:00:00,8.9517,11.8725,False,False
2019-07-29 01:00:00,9.85,18.7619,False,False
2019-07-29 02:00:00,6.0983,1.2854,False,False
2019-07-29 03:00:00,2.4733,0.0,False,True
2019-07-29 04:00:00,7.94,6.4136,False,False
2019-07-29 05:00:00,5.0217,0.2582,False,False
2019-07-29 06:00:00,10.205,22.0878,False,False
2019-07-29 07:00:00,12.0633,45.0,False,False
2019-07-29 08:00:00,5.75,0.8346,False,False
2019-07-29 09:00:00,1.875,0.0,False,True
2019-07-29 10:00:00,11.0,30.9129,False,False
2019-07-29 11:00:00,14.0,45.0,False,False
2019-07-29 12:00:00,14.975,45.0,False,False
2019-07-29 13:00:00,12.445,45.0,False,False
2019-07-29 14:00:00,4.7833,0.1549,False,False
2019-07-29 15:00:00,8.3333,8.2736,False,False
2019-07-29 16:00:00,15.0067,45.0,False,False
2019-07-29 17:00:00,19.8383,45.0,False,False
2019-07-29 18:00:00,14.7233,45.0,False,False
2019-07-29 19:00:00,3.8433,0.003,False,False
2019-07-29 20:00:00,2.285,0.0,False,True
2019-07-29 21:00:00,4.6033,0.0984,False,False
2019-07-29 22:00:00,6.6283,2.2433,False,False
2019-07-29 23:00:00,7.145,3.5485,False,False
2019-07-30 00:00:00,5.345,0.4602,False,False
2019-07-30 01:00:00,2.7733,0.0,False,True
2019-07-30 02:00:00,2.705,0.0,False,True
2019-07-30 03:00:00,2.2583,0.0,False,True
2019-07-30 04:00:00,2.4467,0.0,False,True
2019-07-30 05:00:00,4.595,0.0962,False,False
2019-07-30 06:00:00,3.345,0.0,False,True
2019-07-30 07:00:00,6.8883,2.8505,False,False
2019-07-30 08:00:00,5.9967,1.1403,False,False
2019-07-30 09:00:00,9.0067,12.2355,False,False
2019-07-30 10:00:00,5.6617,0.7402,False,False
2019-07-30 11:00:00,11.0,30.9129,False,False
2019-07-30 12:00:00,7.5,4.6896,False,False
2019-07-30 13:00:00,9.6933,17.4072,False,False
2019-07-30 14:00:00,10.4667,24.776,False,False
2019-07-30 15:00:00,8.5733,9.5683,False,False
2019-07-30 16:00:00,6.2217,1.4773,False,False
2019-07-30 17:00:00,7.1167,3.4664,False,False
2019-07-30 18:00:00,13.5983,45.0,False,False
2019-07-30 19:00:00,11.9717,44.5515,False,False
2019-07-30 20:00:00,10.62,26.4482,False,False
2019-07-30 21:00:00,7.3883,4.3077,False,False
2019-07-30 22:00:00,8.125,7.2492,False,False
2019-07-30 23:00:00,11.9367,44.0016,False,False
2019-07-31 00:00:00,13.0283,45.0,False,False
2019-07-31 01:00:00,13.605,45.0,False,False
2019-07-31 02:00:00,5.5067,0.5921,False,False
2019-07-31 03:00:00,3.6317,0.0002,False,False
2019-07-31 04:00:00,5.02,0.2573,False,False
2019-07-31 05:00:00,9.8067,18.3804,False,False
2019-07-31 06:00:00,11.2967,34.7282,False,False
2019-07-31 07:00:00,13.7683,45.0,False,False
2019-07-31 08:00:00,16.7017,45.0,False,False
2019-07-31 09:00:00,9.0217,12.3358,False,False
2019-07-31 10:00:00,8.3483,8.3509,False,False
2019-07-31 11:00:00,10.4017,24.0889,False,False
2019-07-31 12:00:00,12.865,45.0,False,False
2019-07-31 13:00:00,7.1917,3.6866,False,False
2019-07-31 14:00:00,4.375,0.0491,False,False
2019-07-31 15:00:00,12.0217,45.0,False,False
2019-07-31 16:00:00,10.0817,20.8912,False,False
2019-07-31 17:00:00,7.5917,5.0195,False,False
2019-07-31 18:00:00,3.9,0.0047,False,False
2019-07-31 19:00:00,9.75,17.8894,False,False
2019-07-31 20:00:00,5.0133,0.254,False,False
2019-07-31 21:00:00,5.8783,0.9858,False,False
2019-07-31 22:00:00,14.8483,45.0,False,False
2019-07-31 23:00:00,16.01,45.0,False,False
2019-08-01 00:00:00,13.9967,45.0,False,False
2019-08-01 01:00:00,12.03,45.0,False,False
2019-08-01 02:00:00,11.925,43.8193,False,False
2019-08-01 03:00:00,5.7417,0.8254,False,False
2019-08-01 04:00:00,1.175,0.0,False,True
2019-08-01 05:00:00,1.5617,0.0,False,True
2019-08-01 06:00:00,1.325,0.0,False,True
2019-08-01 07:00:00,1.8083,0.0,False,True
2019-08-01 08:00:00,1.195,0.0,False,True
2019-08-01 09:00:00,1.0733,0.0,False,True
2019-08-01 10:00:00,0.7483,0.0,False,True
2019-08-01 11:00:00,1.14,0.0,False,True
2019-08-01 12:00:00,11.1733,33.1061,False,False
2019-08-01 13:00:00,13.75,45.0,False,False
2019-08-01 14:00:00,15.085,45.0,False,False
2019-08-01 15:00:00,17.7433,45.0,False,False
2019-08-01 16:00:00,18.6217,45.0,False,False
2019-08-01 17:00:00,19.7667,45.0,False,False
2019-08-01 18:00:00,16.8867,45.0,False,False
2019-08-01 19:00:00,13.455,45.0,False,False
2019-08-01 20:00:00,17.0467,45.0,False,False
2019-08-01 21:00:00,18.5317,45.0,False,False
2019-08-01 22:00:00,16.905,45.0,False,False
2019-08-01 23:00:00,14.2983,45.0,False,False
2019-08-02 00:00:00,10.5483,25.6575,False,False
2019-08-02 01:00:00,10.5917,26.1337,False,False
2019-08-02 02:00:00,15.63,45.0,False,False
2019-08-02 03:00:00,16.9517,45.0,False,False
2019-08-02 04:00:00,19.695,45.0,False,False
2019-08-02 05:00:00,19.7867,45.0,False,False
2019-08-02 06:00:00,23.3117,45.0,False,False
2019-08-02 07:00:00,23.5317,45.0,False,False
2019-08-02 08:00:00,23.2883,45.0,False,False
2019-08-02 09:00:00,23.0267,45.0,False,False
2019-08-02 10:00:00,23.5167,45.0,False,False
2019-08-02 11:00:00,20.655,45.0,False,False
2019-08-02 12:00:00,19.1417,45.0,False,False
2019-08-02 13:00:00,18.4167,45.0,False,False
2019-08-02 14:00:00,17.6867,45.0,False,False
2019-08-02 15:00:00,14.7067,45.0,False,False
2019-08-02 16:00:00,15.1367,45.0,False,False
2019-08-02 17:00:00,16.0167,45.0,False,False
2019-08-02 18:00:00,18.5717,45.0,False,False
2019-08-02 19:00:00,18.5533,45.0,False,False
2019-08-02 20:00:00,15.4267,45.0,False,False
2019-08-02 21:00:00,15.8817,45.0,False,False
2019-08-02 22:00:00,16.555,45.0,False,False
2019-08-02 23:00:00,17.4183,45.0,False,False
2019-08-03 00:00:00,12.925,45.0,False,False
2019-08-03 01:00:00,8.23,7.7542,False,False
2019-08-03 02:00:00,10.33,23.3463,False,False
2019-08-03 03:00:00,13.2967,45.0,False,False
2019-08-03 04:00:00,15.6,45.0,False,False
2019-08-03 05:00:00,16.3817,45.0,False,False
2019-08-03 06:00:00,15.08,45.0,False,False
2019-08-03 07:00:00,10.9383,30.1566,False,False
2019-08-03 08:00:00,12.4933,45.0,False,False
2019-08-03 09:00:00,10.7517,27.9428,False,False
2019-08-03 10:00:00,14.12,45.0,False,False
2019-08-03 11:00:00,15.0717,45.0,False,False
2019-08-03 12:00:00,14.45,45.0,False,False
2019-08-03 13:00:00,14.3833,45.0,False,False
2019-08-03 14:00:00,14.2067,45.0,False,False
2019-08-03 15:00:00,12.8617,45.0,False,False
2019-08-03 16:00:00,11.0267,31.2438,False,False
2019-08-03 17:00:00,16.675,45.0,False,False
2019-08-03 18:00:00,17.4783,45.0,False,False
2019-08-03 19:00:00,17.6617,45.0,False,False
2019-08-03 20:00:00,14.8833,45.0,False,False
2019-08-03 21:00:00,8.1533,7.3833,False,False
2019-08-03 22:00:00,15.1167,45.0,False,False
2019-08-03 23:00:00,14.2633,45.0,False,False
2019-08-04 00:00:00,13.305,45.0,False,False
2019-08-04 01:00:00,12.4133,45.0,False,False
2019-08-04 02:00:00,6.5083,1.995,False,False
2019-08-04 03:00:00,11.9867,44.7886,False,False
2019-08-04 04:00:00,16.3067,45.0,False,False
2019-08-04 05:00:00,7.95,6.4571,False,False
2019-08-04 06:00:00,15.28,45.0,False,False
2019-08-04 07:00:00,14.435,45.0,False,False
2019-08-04 08:00:00,18.815,45.0,False,False
2019-08-04 09:00:00,15.5533,45.0,False,False
2019-08-04 10:00:00,13.2317,45.0,False,False
2019-08-04 11:00:00,11.6017,38.9654,False,False
2019-08-04 12:00:00,16.2633,45.0,False,False
2019-08-04 13:00:00,12.205,45.0,False,False
2019-08-04 14:00:00,8.7117,10.3726,False,False
2019-08-04 15:00:00,15.1383,45.0,False,False
2019-08-04 16:00:00,20.13,45.0,False,False
2019-08-04 17:00:00,21.335,45.0,False,False
2019-08-04 18:00:00,19.8533,45.0,False,False
2019-08-04 19:00:00,19.9033,45.0,False,False
2019-08-04 20:00:00,18.3567,45.0,False,False
2019-08-04 21:00:00,11.1217,32.4418,False,False
2019-08-04 22:00:00,14.855,45.0,False,False
2019-08-04 23:00:00,17.91,45.0,False,False
2019-08-05 00:00:00,17.1367,45.0,False,False
2019-08-05 01:00:00,16.5117,45.0,False,False
2019-08-05 02:00:00,15.8417,45.0,False,False
2019-08-05 03:00:00,16.2267,45.0,False,False
2019-08-05 04:00:00,14.9917,45.0,False,False
2019-08-05 05:00:00,17.8433,45.0,False,False
2019-08-05 06:00:00,15.995,45.0,False,False
2019-08-05 07:00:00,18.9067,45.0,False,False
2019-08-05 08:00:00,21.0133,45.0,False,False
2019-08-05 09:00:00,16.4217,45.0,False,False
2019-08-05 10:00:00,20.115,45.0,False,False
2019-08-05 11:00:00,18.7883,45.0,False,False
2019-08-05 12:00:00,16.7767,45.0,False,False
2019-08-05 13:00:00,17.7567,45.0,False,False
2019-08-05 14:00:00,18.1333,45.0,False,False
2019-08-05 15:00:00,18.5867,45.0,False,False
2019-08-05 16:00:00,20.7567,45.0,False,False
2019-08-05 17:00:00,12.795,45.0,False,False
2019-08-05 18:00:00,12.47,45.0,False,False
2019-08-05 19:00:00,21.9583,45.0,False,False
2019-08-05 20:00:00,13.4633,45.0,False,False
2019-08-05 21:00:00,21.4417,45.0,False,False
2019-08-05 22:00:00,19.685,45.0,False,False
2019-08-05 23:00:00,16.9933,45.0,False,False
2019-08-06 00:00:00,19.5233,45.0,False,False
2019-08-06 01:00:00,21.3883,45.0,False,False
2019-08-06 02:00:00,16.4783,45.0,False,False
2019-08-06 03:00:00,13.5883,45.0,False,False
2019-08-06 04:00:00,15.1317,45.0,False,False
2019-08-06 05:00:00,8.495,9.1319,False,False
2019-08-06 06:00:00,15.53,45.0,False,False
2019-08-06 07:00:00,16.5217,45.0,False,False
2019-08-06 08:00:00,15.6567,45.0,False,False
2019-08-06 09:00:00,12.95,45.0,False,False
2019-08-06 10:00:00,13.9883,45.0,False,False
2019-08-06 11:00:00,18.7233,45.0,False,False
2019-08-06 12:00:00,14.2017,45.0,False,False
2019-08-06 13:00:00,11.4817,37.2595,False,False
2019-08-06 14:00:00,14.7983,45.0,False,False
2019-08-06 15:00:00,12.4467,45.0,False,False
2019-08-06 16:00:00,7.0333,3.2323,False,False
2019-08-06 17:00:00,7.1717,3.627,False,False
2019-08-06 18:00:00,7.1767,3.6418,False,False
2019-08-06 19:00:00,4.765,0.1483,False,False
2019-08-06 20:00:00,2.3033,0.0,False,True
2019-08-06 21:00:00,2.27,0.0,False,True
2019-08-06 22:00:00,6.6667,2.3268,False,False
2019-08-06 23:00:00,10.9183,29.914,False,False
2019-08-07 00:00:00,6.73,2.4692,False,False
2019-08-07 01:00:00,3.1283,0.0,False,True
2019-08-07 02:00:00,1.375,0.0,False,True
2019-08-07 03:00:00,2.5283,0.0,False,True
2019-08-07 04:00:00,2.8383,0.0,False,True
2019-08-07 05:00:00,11.0033,30.9541,False,False
2019-08-07 06:00:00,19.76,45.0,False,False
2019-08-07 07:00:00,19.055,45.0,False,False
2019-08-07 08:00:00,17.375,45.0,False,False
2019-08-07 09:00:00,20.0783,45.0,False,False
2019-08-07 10:00:00,20.12,45.0,False,False
2019-08-07 11:00:00,21.175,45.0,False,False
2019-08-07 12:00:00,21.1017,45.0,False,False
2019-08-07 13:00:00,23.2567,45.0,False,False
2019-08-07 14:00:00,17.77,45.0,False,False
2019-08-07 15:00:00,19.8633,45.0,False,False
2019-08-07 16:00:00,21.4167,45.0,False,False
2019-08-07 17:00:00,27.4833,0.0,True,False
2019-08-07 18:00:00,26.8433,0.0,True,False
2019-08-07 19:00:00,25.9733,0.0,True,False
2019-08-07 20:00:00,23.1167,45.0,False,False
2019-08-07 21:00:00,22.5967,45.0,False,False
2019-08-07 22:00:00,22.585,45.0,False,False
2019-08-07 23:00:00,23.015,45.0,False,False
2019-08-08 00:00:00,23.8367,45.0,False,False
2019-08-08 01:00:00,23.8733,45.0,False,False
2019-08-08 02:00:00,23.3283,45.0,False,False
2019-08-08 03:00:00,21.5733,45.0,False,False
2019-08-08 04:00:00,22.8233,45.0,False,False
2019-08-08 05:00:00,18.3383,45.0,False,False
2019-08-08 06:00:00,19.1883,45.0,False,False
2019-08-08 07:00:00,17.6233,45.0,False,False
2019-08-08 08:00:00,20.235,45.0,False,False
2019-08-08 09:00:00,25.7167,0.0,True,False
2019-08-08 10:00:00,19.945,45.0,False,False
2019-08-08 11:00:00,25.0267,0.0,True,False
2019-08-08 12:00:00,22.95,45.0,False,False
2019-08-08 13:00:00,23.8217,45.0,False,False
2019-08-08 14:00:00,22.0283,45.0,False,False
2019-08-08 15:00:00,22.0017,45.0,False,False
2019-08-08 16:00:00,23.5133,45.0,False,False
2019-08-08 17:00:00,21.4683,45.0,False,False
2019-08-08 18:00:00,20.7017,45.0,False,False
2019-08-08 19:00:00,20.065,45.0,False,False
2019-08-08 20:00:00,19.015,45.0,False,False
2019-08-08 21:00:00,16.9417,45.0,False,False
2019-08-08 22:00:00,18.3633,45.0,False,False
2019-08-08 23:00:00,16.655,45.0,False,False
2019-08-09 00:00:00,16.0467,45.0,False,False
2019-08-09 01:00:00,15.5867,45.0,False,False
2019-08-09 02:00:00,15.585,45.0,False,False
2019-08-09 03:00:00,17.1483,45.0,False,False
2019-08-09 04:00:00,17.0,45.0,False,False
2019-08-09 05:00:00,17.76,45.0,False,False
2019-08-09 06:00:00,17.6717,45.0,False,False
2019-08-09 07:00:00,16.295,45.0,False,False
2019-08-09 08:00:00,17.2833,45.0,False,False
2019-08-09 09:00:00,21.0133,45.0,False,False
2019-08-09 10:00:00,22.3483,45.0,False,False
2019-08-09 11:00:00,21.8383,45.0,False,False
2019-08-09 12:00:00,21.115,45.0,False,False
2019-08-09 13:00:00,22.7,45.0,False,False
2019-08-09 14:00:00,22.85,45.0,False,False
2019-08-09 15:00:00,21.875,45.0,False,False
2019-08-09 16:00:00,21.0483,45.0,False,False
2019-08-09 17:00:00,20.615,45.0,False,False
2019-08-09 18:00:00,20.4467,45.0,False,False
2019-08-09 19:00:00,18.9817,45.0,False,False
2019-08-09 20:00:00,18.2217,45.0,False,False
2019-08-09 21:00:00,18.0617,45.0,False,False
2019-08-09 22:00:00,18.3967,45.0,False,False
2019-08-09 23:00:00,15.715,45.0,False,False
2019-08-10 00:00:00,14.84,45.0,False,False
2019-08-10 01:00:00,14.7317,45.0,False,False
2019-08-10 02:00:00,13.39,45.0,False,False
2019-08-10 03:00:00,16.535,45.0,False,False
2019-08-10 04:00:00,16.7683,45.0,False,False
2019-08-10 05:00:00,5.9433,1.0688,False,False
2019-08-10 06:00:00,12.0167,45.0,False,False
2019-08-10 07:00:00,15.1217,45.0,False,False
2019-08-10 08:00:00,9.8667,18.91,False,False
2019-08-10 09:00:00,3.69,0.0005,False,False
2019-08-10 10:00:00,13.6833,45.0,False,False
2019-08-10 11:00:00,14.3817,45.0,False,False
2019-08-10 12:00:00,11.085,31.9759,False,False
2019-08-10 13:00:00,5.9083,1.0235,False,False
2019-08-10 14:00:00,5.3117,0.4357,False,False
2019-08-10 15:00:00,3.4083,0.0,False,True
2019-08-10 16:00:00,3.3433,0.0,False,True
2019-08-10 17:00:00,2.0467,0.0,False,True
2019-08-10 18:00:00,3.17,0.0,False,True
2019-08-10 19:00:00,11.6567,39.7643,False,False
2019-08-10 20:00:00,14.1867,45.0,False,False
2019-08-10 21:00:00,13.9167,45.0,False,False
2019-08-10 22:00:00,9.3267,14.4949,False,False
2019-08-10 23:00:00,14.0017,45.0,False,False
2019-08-11 00:00:00,12.6133,45.0,False,False
2019-08-11 01:00:00,5.9133,1.0299,False,False
2019-08-11 02:00:00,3.1017,0.0,False,True
2019-08-11 03:00:00,8.2433,7.82,False,False
2019-08-11 04:00:00,11.5933,38.8453,False,False
2019-08-11 05:00:00,15.6633,45.0,False,False
2019-08-11 06:00:00,13.7133,45.0,False,False
2019-08-11 07:00:00,8.7017,10.313,False,False
2019-08-11 08:00:00,3.9567,0.007,False,False
2019-08-11 09:00:00,3.145,0.0,False,True
2019-08-11 10:00:00,10.675,27.0658,False,False
2019-08-11 11:00:00,13.2983,45.0,False,False
2019-08-11 12:00:00,13.0567,45.0,False,False
2019-08-11 13:00:00,13.8633,45.0,False,False
2019-08-11 14:00:00,9.4983,15.8142,False,False
2019-08-11 15:00:00,14.175,45.0,False,False
2019-08-11 16:00:00,11.0367,31.3685,False,False
2019-08-11 17:00:00,8.3933,8.5856,False,False
2019-08-11 18:00:00,9.8267,18.5558,False,False
2019-08-11 19:00:00,17.8567,45.0,False,False
2019-08-11 20:00:00,17.2167,45.0,False,False
2019-08-11 21:00:00,8.0467,6.8871,False,False
2019-08-11 22:00:00,13.455,45.0,False,False
2019-08-11 23:00:00,14.4583,45.0,False,False
2019-08-12 00:00:00,13.6717,45.0,False,False
2019-08-12 01:00:00,11.965,44.4464,False,False
2019-08-12 02:00:00,12.2517,45.0,False,False
2019-08-12 03:00:00,10.4033,24.1064,False,False
2019-08-12 04:00:00,9.72,17.633,False,False
2019-08-12 05:00:00,5.7333,0.8162,False,False
2019-08-12 06:00:00,4.14,0.0192,False,False
2019-08-12 07:00:00,2.68,0.0,False,True
2019-08-12 08:00:00,1.99,0.0,False,True
2019-08-12 09:00:00,3.0783,0.0,False,True
2019-08-12 10:00:00,2.77,0.0,False,True
2019-08-12 11:00:00,2.2217,0.0,False,True
2019-08-12 12:00:00,2.195,0.0,False,True
2019-08-12 13:00:00,2.1267,0.0,False,True
2019-08-12 14:00:00,2.9883,0.0,False,True
2019-08-12 15:00:00,2.4167,0.0,False,True
2019-08-12 16:00:00,3.6567,0.0003,False,False
2019-08-12 17:00:00,3.0433,0.0,False,True
2019-08-12 18:00:00,3.83,0.0026,False,False
2019-08-12 19:00:00,2.9617,0.0,False,True
2019-08-12 20:00:00,2.4433,0.0,False,True
2019-08-12 21:00:00,1.7283,0.0,False,True
2019-08-12 22:00:00,10.8717,29.353,False,False
2019-08-12 23:00:00,18.56,45.0,False,False
2019-08-13 00:00:00,15.4017,45.0,False,False
2019-08-13 01:00:00,15.2867,45.0,False,False
2019-08-13 02:00:00,14.565,45.0,False,False
2019-08-13 03:00:00,11.7933,41.7968,False,False
2019-08-13 04:00:00,10.2783,22.8205,False,False
2019-08-13 05:00:00,9.2317,13.7974,False,False
2019-08-13 06:00:00,9.325,14.4825,False,False
2019-08-13 07:00:00,8.3033,8.1205,False,False
2019-08-13 08:00:00,8.0717,7.0013,False,False
2019-08-13 09:00:00,13.94,45.0,False,False
2019-08-13 10:00:00,17.06,45.0,False,False
2019-08-13 11:00:00,17.17,45.0,False,False
2019-08-13 12:00:00,16.4183,45.0,False,False
2019-08-13 13:00:00,14.7833,45.0,False,False
2019-08-13 14:00:00,13.615,45.0,False,False
2019-08-13 15:00:00,13.9,45.0,False,False
2019-08-13 16:00:00,12.9633,45.0,False,False
2019-08-13 17:00:00,10.6883,27.217,False,False
2019-08-13 18:00:00,15.9983,45.0,False,False
2019-08-13 19:00:00,15.67,45.0,False,False
2019-08-13 20:00:00,13.3917,45.0,False,False
2019-08-13 21:00:00,16.9583,45.0,False,False
2019-08-13 22:00:00,17.59,45.0,False,False
2019-08-13 23:00:00,15.5017,45.0,False,False
2019-08-14 00:00:00,13.8483,45.0,False,False
2019-08-14 01:00:00,14.3333,45.0,False,False
2019-08-14 02:00:00,14.8533,45.0,False,False
2019-08-14 03:00:00,14.3833,45.0,False,False
2019-08-14 04:00:00,11.7117,40.5742,False,False
2019-08-14 05:00:00,7.9733,6.5592,False,False
2019-08-14 06:00:00,11.355,35.5136,False,False
2019-08-14 07:00:00,10.855,29.1544,False,False
2019-08-14 08:00:00,7.9683,6.5372,False,False
2019-08-14 09:00:00,12.7083,45.0,False,False
2019-08-14 10:00:00,12.38,45.0,False,False
2019-08-14 11:00:00,16.11,45.0,False,False
2019-08-14 12:00:00,12.3967,45.0,False,False
2019-08-14 13:00:00,10.0867,20.9388,False,False
2019-08-14 14:00:00,9.17,13.3569,False,False
2019-08-14 15:00:00,9.4917,15.7615,False,False
2019-08-14 16:00:00,3.1183,0.0,False,True
2019-08-14 17:00:00,2.435,0.0,False,True
2019-08-14 18:00:00,5.625,0.7031,False,False
2019-08-14 19:00:00,11.845,42.5829,False,False
2019-08-14 20:00:00,7.7783,5.7383,False,False
2019-08-14 21:00:00,3.8017,0.002,False,False
2019-08-14 22:00:00,4.065,0.0132,False,False
2019-08-14 23:00:00,3.8683,0.0037,False,False
2019-08-15 00:00:00,4.1067,0.0164,False,False
2019-08-15 01:00:00,2.9933,0.0,False,True
2019-08-15 02:00:00,3.7283,0.0009,False,False
2019-08-15 03:00:00,3.2617,0.0,False,True
2019-08-15 04:00:00,2.6367,0.0,False,True
2019-08-15 05:00:00,3.245,0.0,False,True
2019-08-15 06:00:00,8.76,10.6638,False,False
2019-08-15 07:00:00,4.0917,0.0152,False,False
2019-08-15 08:00:00,2.7717,0.0,False,True
2019-08-15 09:00:00,2.665,0.0,False,True
2019-08-15 10:00:00,5.9633,1.0953,False,False
2019-08-15 11:00:00,8.5567,9.4743,False,False
2019-08-15 12:00:00,6.5717,2.1236,False,False
2019-08-15 13:00:00,2.3033,0.0,False,True
2019-08-15 14:00:00,4.4883,0.0707,False,False
2019-08-15 15:00:00,8.3717,8.472,False,False
2019-08-15 16:00:00,2.515,0.0,False,True
2019-08-15 17:00:00,4.2333,0.0289,False,False
2019-08-15 18:00:00,15.1667,45.0,False,False
2019-08-15 19:00:00,14.5483,45.0,False,False
2019-08-15 20:00:00,9.465,15.552,False,False
2019-08-15 21:00:00,4.5783,0.0919,False,False
2019-08-15 22:00:00,11.5733,38.558,False,False
2019-08-15 23:00:00,18.3583,45.0,False,False
2019-08-16 00:00:00,9.2067,13.6177,False,False
2019-08-16 01:00:00,6.0233,1.1773,False,False
2019-08-16 02:00:00,20.4033,45.0,False,False
2019-08-16 03:00:00,26.6067,0.0,True,False
2019-08-16 04:00:00,28.0,0.0,True,False
2019-08-16 05:00:00,28.56,0.0,True,False
2019-08-16 06:00:00,26.3517,0.0,True,False
2019-08-16 07:00:00,25.3,0.0,True,False
2019-08-16 08:00:00,29.865,0.0,True,False
2019-08-16 09:00:00,31.1033,0.0,True,False
2019-08-16 10:00:00,28.8033,0.0,True,False
2019-08-16 11:00:00,28.6317,0.0,True,False
2019-08-16 12:00:00,28.4383,0.0,True,False
2019-08-16 13:00:00,24.7467,45.0,False,False
2019-08-16 14:00:00,20.3167,45.0,False,False
2019-08-16 15:00:00,15.9833,45.0,False,False
2019-08-16 16:00:00,13.9467,45.0,False,False
2019-08-16 17:00:00,14.4317,45.0,False,False
2019-08-16 18:00:00,14.1733,45.0,False,False
2019-08-16 19:00:00,13.905,45.0,False,False
2019-08-16 20:00:00,10.4683,24.7938,False,False
2019-08-16 21:00:00,9.0367,12.4366,False,False
2019-08-16 22:00:00,4.0383,0.0114,False,False
2019-08-16 23:00:00,2.415,0.0,False,True
2019-08-17 00:00:00,1.8567,0.0,False,True
2019-08-17 01:00:00,2.245,0.0,False,True
2019-08-17 02:00:00,1.9517,0.0,False,True
2019-08-17 03:00:00,0.8833,0.0,False,True
2019-08-17 04:00:00,0.9483,0.0,False,True
2019-08-17 05:00:00,1.9967,0.0,False,True
2019-08-17 06:00:00,1.0867,0.0,False,True
2019-08-17 07:00:00,1.3767,0.0,False,True
2019-08-17 08:00:00,1.6033,0.0,False,True
2019-08-17 09:00:00,1.3633,0.0,False,True
2019-08-17 10:00:00,1.4683,0.0,False,True
2019-08-17 11:00:00,1.9333,0.0,False,True
2019-08-17 12:00:00,1.9883,0.0,False,True
2019-08-17 13:00:00,1.0033,0.0,False,True
2019-08-17 14:00:00,1.93,0.0,False,True
2019-08-17 15:00:00,2.2767,0.0,False,True
2019-08-17 16:00:00,1.6117,0.0,False,True
2019-08-17 17:00:00,2.06,0.0,False,True
2019-08-17 18:00:00,1.635,0.0,False,True
2019-08-17 19:00:00,2.6717,0.0,False,True
2019-08-17 20:00:00,2.4267,0.0,False,True
2019-08-17 21:00:00,1.8317,0.0,False,True
2019-08-17 22:00:00,1.8633,0.0,False,True
2019-08-17 23:00:00,2.6183,0.0,False,True
2019-08-18 00:00:00,3.6017,0.0001,False,False
2019-08-18 01:00:00,3.595,0.0001,False,False
2019-08-18 02:00:00,1.9567,0.0,False,True
2019-08-18 03:00:00,8.27,7.9526,False,False
2019-08-18 04:00:00,18.0033,45.0,False,False
2019-08-18 05:00:00,16.9383,45.0,False,False
2019-08-18 06:00:00,17.62,45.0,False,False
2019-08-18 07:00:00,18.4,45.0,False,False
2019-08-18 08:00:00,18.905,45.0,False,False
2019-08-18 09:00:00,17.2083,45.0,False,False
2019-08-18 10:00:00,16.745,45.0,False,False
2019-08-18 11:00:00,16.5383,45.0,False,False
2019-08-18 12:00:00,17.0817,45.0,False,False
2019-08-18 13:00:00,17.255,45.0,False,False
2019-08-18 14:00:00,17.4217,45.0,False,False
2019-08-18 15:00:00,19.765,45.0,False,False
2019-08-18 16:00:00,19.6817,45.0,False,False
2019-08-18 17:00:00,18.57,45.0,False,False
2019-08-18 18:00:00,18.7467,45.0,False,False
2019-08-18 19:00:00,20.0817,45.0,False,False
2019-08-18 20:00:00,21.3983,45.0,False,False
2019-08-18 21:00:00,21.7367,45.0,False,False
2019-08-18 22:00:00,24.15,45.0,False,False
2019-08-18 23:00:00,25.565,0.0,True,False
2019-08-19 00:00:00,24.7367,45.0,False,False
2019-08-19 01:00:00,24.18,45.0,False,False
2019-08-19 02:00:00,23.365,45.0,False,False
2019-08-19 03:00:00,24.7283,45.0,False,False
2019-08-19 04:00:00,24.995,45.0,False,False
2019-08-19 05:00:00,24.1067,45.0,False,False
2019-08-19 06:00:00,22.015,45.0,False,False
2019-08-19 07:00:00,22.3867,45.0,False,False
2019-08-19 08:00:00,24.9633,45.0,False,False
2019-08-19 09:00:00,24.8067,45.0,False,False
2019-08-19 10:00:00,27.2333,0.0,True,False
2019-08-19 11:00:00,32.5117,0.0,True,False
2019-08-19 12:00:00,32.1633,0.0,True,False
2019-08-19 13:00:00,31.8717,0.0,True,False
2019-08-19 14:00:00,30.3533,0.0,True,False
2019-08-19 15:00:00,31.6583,0.0,True,False
2019-08-19 16:00:00,30.7417,0.0,True,False
2019-08-19 17:00:00,27.705,0.0,True,False
2019-08-19 18:00:00,27.595,0.0,True,False
2019-08-19 19:00:00,26.8633,0.0,True,False
2019-08-19 20:00:00,19.44,45.0,False,False
2019-08-19 21:00:00,16.5417,45.0,False,False
2019-08-19 22:00:00,16.62,45.0,False,False
2019-08-19 23:00:00,17.4933,45.0,False,False
2019-08-20 00:00:00,16.7317,45.0,False,False
2019-08-20 01:00:00,11.5817,38.6775,False,False
2019-08-20 02:00:00,17.17,45.0,False,False
2019-08-20 03:00:00,17.2083,45.0,False,False
2019-08-20 04:00:00,19.22,45.0,False,False
2019-08-20 05:00:00,26.59,0.0,True,False
2019-08-20 06:00:00,29.9883,0.0,True,False
2019-08-20 07:00:00,27.01,0.0,True,False
2019-08-20 08:00:00,27.6117,0.0,True,False
2019-08-20 09:00:00,25.74,0.0,True,False
2019-08-20 10:00:00,23.37,45.0,False,False
2019-08-20 11:00:00,21.8033,45.0,False,False
2019-08-20 12:00:00,21.7983,45.0,False,False
2019-08-20 13:00:00,23.9,45.0,False,False
2019-08-20 14:00:00,21.1517,45.0,False,False
2019-08-20 15:00:00,24.1483,45.0,False,False
2019-08-20 16:00:00,23.9533,45.0,False,False
2019-08-20 17:00:00,25.3033,0.0,True,False
2019-08-20 18:00:00,24.5883,45.0,False,False
2019-08-20 19:00:00,21.0217,45.0,False,False
2019-08-20 20:00:00,11.9383,44.0277,False,False
2019-08-20 21:00:00,4.7867,0.1561,False,False
2019-08-20 22:00:00,3.8717,0.0038,False,False
2019-08-20 23:00:00,5.8383,0.9369,False,False
2019-08-21 00:00:00,6.9167,2.9226,False,False
2019-08-21 01:00:00,3.8583,0.0034,False,False
2019-08-21 02:00:00,5.1333,0.3193,False,False
2019-08-21 03:00:00,4.2333,0.0289,False,False
2019-08-21 04:00:00,4.8183,0.1679,False,False
2019-08-21 05:00:00,3.3533,0.0,False,True
2019-08-21 06:00:00,3.0667,0.0,False,True
2019-08-21 07:00:00,4.54,0.0824,False,False
2019-08-21 08:00:00,3.4733,0.0,False,True
2019-08-21 09:00:00,5.3717,0.4804,False,False
2019-08-21 10:00:00,9.2167,13.6894,False,False
2019-08-21 11:00:00,14.2483,45.0,False,False
2019-08-21 12:00:00,17.3383,45.0,False,False
2019-08-21 13:00:00,23.0533,45.0,False,False
2019-08-21 14:00:00,21.3767,45.0,False,False
2019-08-21 15:00:00,21.9633,45.0,False,False
2019-08-21 16:00:00,25.9067,0.0,True,False
2019-08-21 17:00:00,28.7167,0.0,True,False
2019-08-21 18:00:00,27.3067,0.0,True,False
2019-08-21 19:00:00,26.2567,0.0,True,False
2019-08-21 20:00:00,24.5233,45.0,False,False
2019-08-21 21:00:00,21.475,45.0,False,False
2019-08-21 22:00:00,24.205,45.0,False,False
2019-08-21 23:00:00,23.45,45.0,False,False
2019-08-22 00:00:00,22.0917,45.0,False,False
2019-08-22 01:00:00,21.1133,45.0,False,False
2019-08-22 02:00:00,21.9433,45.0,False,False
2019-08-22 03:00:00,20.9483,45.0,False,False
2019-08-22 04:00:00,21.8083,45.0,False,False
2019-08-22 05:00:00,22.5633,45.0,False,False
2019-08-22 06:00:00,17.9733,45.0,False,False
2019-08-22 07:00:00,22.9933,45.0,False,False
2019-08-22 08:00:00,23.2033,45.0,False,False
2019-08-22 09:00:00,19.8017,45.0,False,False
2019-08-22 10:00:00,18.595,45.0,False,False
2019-08-22 11:00:00,19.2367,45.0,False,False
2019-08-22 12:00:00,18.4917,45.0,False,False
2019-08-22 13:00:00,17.2367,45.0,False,False
2019-08-22 14:00:00,15.8067,45.0,False,False
2019-08-22 15:00:00,16.62,45.0,False,False
2019-08-22 16:00:00,17.3183,45.0,False,False
2019-08-22 17:00:00,17.09,45.0,False,False
2019-08-22 18:00:00,12.6567,45.0,False,False
2019-08-22 19:00:00,12.9867,45.0,False,False
2019-08-22 20:00:00,12.485,45.0,False,False
2019-08-22 21:00:00,13.205,45.0,False,False
2019-08-22 22:00:00,14.5983,45.0,False,False
2019-08-22 23:00:00,14.27,45.0,False,False
2019-08-23 00:00:00,14.5833,45.0,False,False
2019-08-23 01:00:00,11.8283,42.3282,False,False
2019-08-23 02:00:00,12.5,45.0,False,False
2019-08-23 03:00:00,13.0133,45.0,False,False
2019-08-23 04:00:00,12.9317,45.0,False,False
2019-08-23 05:00:00,12.6383,45.0,False,False
2019-08-23 06:00:00,11.75,41.145,False,False
2019-08-23 07:00:00,13.82,45.0,False,False
2019-08-23 08:00:00,10.935,30.1161,False,False
2019-08-23 09:00:00,15.285,45.0,False,False
2019-08-23 10:00:00,15.285,45.0,False,False
2019-08-23 11:00:00,13.7817,45.0,False,False
2019-08-23 12:00:00,15.4367,45.0,False,False
2019-08-23 13:00:00,15.0583,45.0,False,False
2019-08-23 14:00:00,11.3283,35.1531,False,False
2019-08-23 15:00:00,13.1683,45.0,False,False
2019-08-23 16:00:00,9.6317,16.8924,False,False
2019-08-23 17:00:00,12.3967,45.0,False,False
2019-08-23 18:00:00,19.73,45.0,False,False
2019-08-23 19:00:00,16.5117,45.0,False,False
2019-08-23 20:00:00,11.5317,37.9641,False,False
2019-08-23 21:00:00,10.225,22.286,False,False
2019-08-23 22:00:00,13.41,45.0,False,False
2019-08-23 23:00:00,11.2883,34.617,False,False
2019-08-24 00:00:00,8.77,10.7248,False,False
2019-08-24 01:00:00,14.2667,45.0,False,False
2019-08-24 02:00:00,16.2883,45.0,False,False
2019-08-24 03:00:00,13.02,45.0,False,False
2019-08-24 04:00:00,16.2917,45.0,False,False
2019-08-24 05:00:00,22.375,45.0,False,False
2019-08-24 06:00:00,18.8333,45.0,False,False
2019-08-24 07:00:00,14.5367,45.0,False,False
2019-08-24 08:00:00,18.7167,45.0,False,False
2019-08-24 09:00:00,17.965,45.0,False,False
2019-08-24 10:00:00,18.7133,45.0,False,False
2019-08-24 11:00:00,14.1567,45.0,False,False
2019-08-24 12:00:00,18.6433,45.0,False,False
2019-08-24 13:00:00,19.5817,45.0,False,False
2019-08-24 14:00:00,19.505,45.0,False,False
2019-08-24 15:00:00,18.48,45.0,False,False
2019-08-24 16:00:00,21.6833,45.0,False,False
2019-08-24 17:00:00,21.6383,45.0,False,False
2019-08-24 18:00:00,18.1533,45.0,False,False
2019-08-24 19:00:00,18.0783,45.0,False,False
2019-08-24 20:00:00,20.4317,45.0,False,False
2019-08-24 21:00:00,20.4617,45.0,False,False
2019-08-24 22:00:00,17.8117,45.0,False,False
2019-08-24 23:00:00,14.23,45.0,False,False
2019-08-25 00:00:00,14.2483,45.0,False,False
2019-08-25 01:00:00,13.555,45.0,False,False
2019-08-25 02:00:00,12.6967,45.0,False,False
2019-08-25 03:00:00,18.3267,45.0,False,False
2019-08-25 04:00:00,16.2083,45.0,False,False
2019-08-25 05:00:00,18.065,45.0,False,False
2019-08-25 06:00:00,18.7633,45.0,False,False
2019-08-25 07:00:00,19.6983,45.0,False,False
2019-08-25 08:00:00,18.3683,45.0,False,False
2019-08-25 09:00:00,17.08,45.0,False,False
2019-08-25 10:00:00,17.9333,45.0,False,False
2019-08-25 11:00:00,18.3683,45.0,False,False
2019-08-25 12:00:00,8.01,6.7218,False,False
2019-08-25 13:00:00,10.4633,24.7404,False,False
2019-08-25 14:00:00,13.95,45.0,False,False
2019-08-25 15:00:00,16.7683,45.0,False,False
2019-08-25 16:00:00,14.6633,45.0,False,False
2019-08-25 17:00:00,17.115,45.0,False,False
2019-08-25 18:00:00,21.115,45.0,False,False
2019-08-25 19:00:00,21.1917,45.0,False,False
2019-08-25 20:00:00,20.8067,45.0,False,False
2019-08-25 21:00:00,23.9917,45.0,False,False
2019-08-25 22:00:00,30.2833,0.0,True,False
2019-08-25 23:00:00,25.3383,0.0,True,False
2019-08-26 00:00:00,27.97,0.0,True,False
2019-08-26 01:00:00,25.935,0.0,True,False
2019-08-26 02:00:00,27.77,0.0,True,False
2019-08-26 03:00:00,24.875,45.0,False,False
2019-08-26 04:00:00,26.8617,0.0,True,False
2019-08-26 05:00:00,27.8817,0.0,True,False
2019-08-26 06:00:00,26.5983,0.0,True,False
2019-08-26 07:00:00,25.515,0.0,True,False
2019-08-26 08:00:00,23.6183,45.0,False,False
2019-08-26 09:00:00,23.2167,45.0,False,False
2019-08-26 10:00:00,22.9967,45.0,False,False
2019-08-26 11:00:00,24.2833,45.0,False,False
2019-08-26 12:00:00,23.18,45.0,False,False
2019-08-26 13:00:00,21.7117,45.0,False,False
2019-08-26 14:00:00,20.435,45.0,False,False
2019-08-26 15:00:00,22.195,45.0,False,False
2019-08-26 16:00:00,24.14,45.0,False,False
2019-08-26 17:00:00,19.15,45.0,False,False
2019-08-26 18:00:00,18.2917,45.0,False,False
2019-08-26 19:00:00,23.6817,45.0,False,False
2019-08-26 20:00:00,24.785,45.0,False,False
2019-08-26 21:00:00,23.0583,45.0,False,False
2019-08-26 22:00:00,24.1217,45.0,False,False
2019-08-26 23:00:00,23.5633,45.0,False,False
2019-08-27 00:00:00,28.2017,0.0,True,False
2019-08-27 01:00:00,25.8967,0.0,True,False
2019-08-27 02:00:00,20.5267,45.0,False,False
2019-08-27 03:00:00,23.6133,45.0,False,False
2019-08-27 04:00:00,20.0133,45.0,False,False
2019-08-27 05:00:00,20.8483,45.0,False,False
2019-08-27 06:00:00,18.0917,45.0,False,False
2019-08-27 07:00:00,17.4483,45.0,False,False
2019-08-27 08:00:00,15.3217,45.0,False,False
2019-08-27 09:00:00,13.1483,45.0,False,False
2019-08-27 10:00:00,12.2867,45.0,False,False
2019-08-27 11:00:00,15.6383,45.0,False,False
2019-08-27 12:00:00,14.79,45.0,False,False
2019-08-27 13:00:00,18.9067,45.0,False,False
2019-08-27 14:00:00,15.8283,45.0,False,False
2019-08-27 15:00:00,15.98,45.0,False,False
2019-08-27 16:00:00,17.5,45.0,False,False
2019-08-27 17:00:00,17.5333,45.0,False,False
2019-08-27 18:00:00,17.5667,45.0,False,False
2019-08-27 19:00:00,17.1433,45.0,False,False
2019-08-27 20:00:00,18.4667,45.0,False,False
2019-08-27 21:00:00,17.145,45.0,False,False
2019-08-27 22:00:00,19.8617,45.0,False,False
2019-08-27 23:00:00,19.5,45.0,False,False
2019-08-28 00:00:00,18.87,45.0,False,False
2019-08-28 01:00:00,17.7383,45.0,False,False
2019-08-28 02:00:00,17.8417,45.0,False,False
2019-08-28 03:00:00,20.7317,45.0,False,False
2019-08-28 04:00:00,19.705,45.0,False,False
2019-08-28 05:00:00,22.8417,45.0,False,False
2019-08-28 06:00:00,17.6567,45.0,False,False
2019-08-28 07:00:00,18.1433,45.0,False,False
2019-08-28 08:00:00,19.4717,45.0,False,False
2019-08-28 09:00:00,17.6583,45.0,False,False
2019-08-28 10:00:00,17.7667,45.0,False,False
2019-08-28 11:00:00,14.9817,45.0,False,False
2019-08-28 12:00:00,11.235,33.9107,False,False
2019-08-28 13:00:00,9.91,19.2988,False,False
2019-08-28 14:00:00,12.3483,45.0,False,False
2019-08-28 15:00:00,14.2417,45.0,False,False
2019-08-28 16:00:00,8.9183,11.6561,False,False
2019-08-28 17:00:00,12.4283,45.0,False,False
2019-08-28 18:00:00,13.6933,45.0,False,False
2019-08-28 19:00:00,12.14,45.0,False,False
2019-08-28 20:00:00,8.8767,11.3892,False,False
2019-08-28 21:00:00,12.965,45.0,False,False
2019-08-28 22:00:00,13.6367,45.0,False,False
2019-08-28 23:00:00,11.1233,32.4631,False,False
2019-08-29 00:00:00,3.38,0.0,False,True
2019-08-29 01:00:00,5.24,0.386,False,False
2019-08-29 02:00:00,8.12,7.2257,False,False
2019-08-29 03:00:00,3.0567,0.0,False,True
2019-08-29 04:00:00,2.8817,0.0,False,True
2019-08-29 05:00:00,10.9017,29.7128,False,False
2019-08-29 06:00:00,11.6733,40.0086,False,False
2019-08-29 07:00:00,7.88,6.1571,False,False
2019-08-29 08:00:00,8.6633,10.0866,False,False
2019-08-29 09:00:00,11.4067,36.219,False,False
2019-08-29 10:00:00,10.4383,24.4749,False,False
2019-08-29 11:00:00,6.5233,2.0249,False,False
2019-08-29 12:00:00,6.3183,1.6403,False,False
2019-08-29 13:00:00,6.2117,1.461,False,False
2019-08-29 14:00:00,3.36,0.0,False,True
2019-08-29 15:00:00,2.6783,0.0,False,True
2019-08-29 16:00:00,7.7667,5.6914,False,False
2019-08-29 17:00:00,7.36,4.2142,False,False
2019-08-29 18:00:00,9.5083,15.8934,False,False
2019-08-29 19:00:00,12.14,45.0,False,False
2019-08-29 20:00:00,10.6367,26.6343,False,False
2019-08-29 21:00:00,13.4217,45.0,False,False
2019-08-29 22:00:00,15.0417,45.0,False,False
2019-08-29 23:00:00,18.715,45.0,False,False
2019-08-30 00:00:00,23.9733,45.0,False,False
2019-08-30 01:00:00,23.8183,45.0,False,False
2019-08-30 02:00:00,22.4867,45.0,False,False
2019-08-30 03:00:00,23.2183,45.0,False,False
2019-08-30 04:00:00,20.9117,45.0,False,False
2019-08-30 05:00:00,26.8867,0.0,True,False
2019-08-30 06:00:00,27.0383,0.0,True,False
2019-08-30 07:00:00,22.65,45.0,False,False
2019-08-30 08:00:00,20.8083,45.0,False,False
2019-08-30 09:00:00,21.3667,45.0,False,False
2019-08-30 10:00:00,18.255,45.0,False,False
2019-08-30 11:00:00,13.9,45.0,False,False
2019-08-30 12:00:00,11.29,34.6392,False,False
2019-08-30 13:00:00,10.7567,28.0006,False,False
2019-08-30 14:00:00,12.4783,45.0,False,False
2019-08-30 15:00:00,9.8433,18.7029,False,False
2019-08-30 16:00:00,9.5133,15.9331,False,False
2019-08-30 17:00:00,11.3222,35.0708,False,False
2019-08-30 18:00:00,5.5686,0.6486,False,False
2019-08-30 19:00:00,2.01,0.0,False,True
2019-08-30 20:00:00,6.0667,1.239,False,False
2019-08-30 21:00:00,6.7417,2.4961,False,False
2019-08-30 22:00:00,8.4567,8.9233,False,False
2019-08-30 23:00:00,10.1717,21.76,False,False
2019-08-31 00:00:00,11.8867,43.2239,False,False
2019-08-31 01:00:00,14.5033,45.0,False,False
2019-08-31 02:00:00,17.2917,45.0,False,False
2019-08-31 03:00:00,22.4583,45.0,False,False
2019-08-31 04:00:00,26.7567,0.0,True,False
2019-08-31 05:00:00,27.15,0.0,True,False
2019-08-31 06:00:00,29.3933,0.0,True,False
2019-08-31 07:00:00,24.635,45.0,False,False
2019-08-31 08:00:00,30.5383,0.0,True,False
2019-08-31 09:00:00,31.3817,0.0,True,False
2019-08-31 10:00:00,30.0867,0.0,True,False
2019-08-31 11:00:00,26.9617,0.0,True,False
2019-08-31 12:00:00,28.4667,0.0,True,False
2019-08-31 13:00:00,28.325,0.0,True,False
2019-08-31 14:00:00,23.68,45.0,False,False
2019-08-31 15:00:00,26.405,0.0,True,False
2019-08-31 16:00:00,28.3883,0.0,True,False
2019-08-31 17:00:00,25.72,0.0,True,False
2019-08-31 18:00:00,24.7167,45.0,False,False
2019-08-31 19:00:00,23.2367,45.0,False,False
2019-08-31 20:00:00,19.6483,45.0,False,False
2019-08-31 21:00:00,19.805,45.0,False,False
2019-08-31 22:00:00,21.0567,45.0,False,False
2019-08-31 23:00:00,23.6383,45.0,False,False
2019-09-01 00:00:00,21.2867,45.0,False,False
2019-09-01 01:00:00,19.5867,45.0,False,False
2019-09-01 02:00:00,18.9083,45.0,False,False
2019-09-01 03:00:00,18.735,45.0,False,False
2019-09-01 04:00:00,20.4283,45.0,False,False
2019-09-01 05:00:00,20.685,45.0,False,False
2019-09-01 06:00:00,19.2833,45.0,False,False
2019-09-01 07:00:00,20.97,45.0,False,False
2019-09-01 08:00:00,20.245,45.0,False,False
2019-09-01 09:00:00,21.91,45.0,False,False
2019-09-01 10:00:00,21.335,45.0,False,False
2019-09-01 11:00:00,20.8517,45.0,False,False
2019-09-01 12:00:00,21.3967,45.0,False,False
2019-09-01 13:00:00,20.3367,45.0,False,False
2019-09-01 14:00:00,19.145,45.0,False,False
2019-09-01 15:00:00,17.8583,45.0,False,False
2019-09-01 16:00:00,16.8683,45.0,False,False
2019-09-01 17:00:00,16.0567,45.0,False,False
2019-09-01 18:00:00,6.665,2.3231,False,False
2019-09-01 19:00:00,19.3117,45.0,False,False
2019-09-01 20:00:00,23.94,45.0,False,False
2019-09-01 21:00:00,24.2067,45.0,False,False
2019-09-01 22:00:00,23.5,45.0,False,False
2019-09-01 23:00:00,21.6867,45.0,False,False
2019-09-02 00:00:00,24.52,45.0,False,False
2019-09-02 01:00:00,19.4767,45.0,False,False
2019-09-02 02:00:00,23.01,45.0,False,False
2019-09-02 03:00:00,19.6667,45.0,False,False
2019-09-02 04:00:00,20.1767,45.0,False,False
2019-09-02 05:00:00,21.94,45.0,False,False
2019-09-02 06:00:00,21.5333,45.0,False,False
2019-09-02 07:00:00,20.0117,45.0,False,False
2019-09-02 08:00:00,21.8,45.0,False,False
2019-09-02 09:00:00,20.2867,45.0,False,False
2019-09-02 10:00:00,17.1283,45.0,False,False
2019-09-02 11:00:00,16.6883,45.0,False,False
2019-09-02 12:00:00,17.32,45.0,False,False
2019-09-02 13:00:00,16.8733,45.0,False,False
2019-09-02 14:00:00,15.895,45.0,False,False
2019-09-02 15:00:00,13.8967,45.0,False,False
2019-09-02 16:00:00,19.2033,45.0,False,False
2019-09-02 17:00:00,22.2583,45.0,False,False
2019-09-02 18:00:00,20.5567,45.0,False,False
2019-09-02 19:00:00,23.6533,45.0,False,False
2019-09-02 20:00:00,26.32,0.0,True,False
2019-09-02 21:00:00,26.9433,0.0,True,False
2019-09-02 22:00:00,24.5717,45.0,False,False
2019-09-02 23:00:00,23.885,45.0,False,False
2019-09-03 00:00:00,24.0783,45.0,False,False
2019-09-03 01:00:00,25.805,0.0,True,False
2019-09-03 02:00:00,23.6683,45.0,False,False
2019-09-03 03:00:00,20.9267,45.0,False,False
2019-09-03 04:00:00,26.6733,0.0,True,False
2019-09-03 05:00:00,25.26,0.0,True,False
2019-09-03 06:00:00,21.33,45.0,False,False
2019-09-03 07:00:00,20.1483,45.0,False,False
2019-09-03 08:00:00,24.815,45.0,False,False
2019-09-03 09:00:00,25.5783,0.0,True,False
2019-09-03 10:00:00,23.5267,45.0,False,False
2019-09-03 11:00:00,23.6683,45.0,False,False
2019-09-03 12:00:00,20.7733,45.0,False,False
2019-09-03 13:00:00,18.6533,45.0,False,False
2019-09-03 14:00:00,16.9033,45.0,False,False
2019-09-03 15:00:00,20.0517,45.0,False,False
2019-09-03 16:00:00,20.67,45.0,False,False
2019-09-03 17:00:00,20.2167,45.0,False,False
2019-09-03 18:00:00,20.6767,45.0,False,False
2019-09-03 19:00:00,21.9883,45.0,False,False
2019-09-03 20:00:00,18.685,45.0,False,False
2019-09-03 21:00:00,18.1417,45.0,False,False
2019-09-03 22:00:00,18.135,45.0,False,False
2019-09-03 23:00:00,17.9433,45.0,False,False
2019-09-04 00:00:00,16.3133,45.0,False,False
2019-09-04 01:00:00,14.9083,45.0,False,False
2019-09-04 02:00:00,17.185,45.0,False,False
2019-09-04 03:00:00,16.7283,45.0,False,False
2019-09-04 04:00:00,16.92,45.0,False,False
2019-09-04 05:00:00,18.6767,45.0,False,False
2019-09-04 06:00:00,14.72,45.0,False,False
2019-09-04 07:00:00,14.305,45.0,False,False
2019-09-04 08:00:00,16.4883,45.0,False,False
2019-09-04 09:00:00,14.55,45.0,False,False
2019-09-04 10:00:00,14.5083,45.0,False,False
2019-09-04 11:00:00,13.055,45.0,False,False
2019-09-04 12:00:00,14.6283,45.0,False,False
2019-09-04 13:00:00,16.1267,45.0,False,False
2019-09-04 14:00:00,15.625,45.0,False,False
2019-09-04 15:00:00,15.225,45.0,False,False
2019-09-04 16:00:00,16.0833,45.0,False,False
2019-09-04 17:00:00,15.76,45.0,False,False
2019-09-04 18:00:00,15.5033,45.0,False,False
2019-09-04 19:00:00,15.7117,45.0,False,False
2019-09-04 20:00:00,15.9717,45.0,False,False
2019-09-04 21:00:00,15.9783,45.0,False,False
2019-09-04 22:00:00,19.5367,45.0,False,False
2019-09-04 23:00:00,20.2067,45.0,False,False
2019-09-05 00:00:00,18.2667,45.0,False,False
2019-09-05 01:00:00,18.5833,45.0,False,False
2019-09-05 02:00:00,18.1967,45.0,False,False
2019-09-05 03:00:00,20.395,45.0,False,False
2019-09-05 04:00:00,20.8517,45.0,False,False
2019-09-05 05:00:00,21.3567,45.0,False,False
2019-09-05 06:00:00,18.645,45.0,False,False
2019-09-05 07:00:00,19.7767,45.0,False,False
2019-09-05 08:00:00,21.6917,45.0,False,False
2019-09-05 09:00:00,19.575,45.0,False,False
2019-09-05 10:00:00,19.2117,45.0,False,False
2019-09-05 11:00:00,16.9883,45.0,False,False
2019-09-05 12:00:00,14.5333,45.0,False,False
2019-09-05 13:00:00,10.6217,26.4668,False,False
2019-09-05 14:00:00,15.1667,45.0,False,False
2019-09-05 15:00:00,18.535,45.0,False,False
2019-09-05 16:00:00,21.8767,45.0,False,False
2019-09-05 17:00:00,18.3183,45.0,False,False
2019-09-05 18:00:00,16.2667,45.0,False,False
2019-09-05 19:00:00,21.135,45.0,False,False
2019-09-05 20:00:00,22.1433,45.0,False,False
2019-09-05 21:00:00,25.6017,0.0,True,False
2019-09-05 22:00:00,19.3217,45.0,False,False
2019-09-05 23:00:00,19.8417,45.0,False,False
2019-09-06 00:00:00,23.14,45.0,False,False
2019-09-06 01:00:00,20.595,45.0,False,False
2019-09-06 02:00:00,18.49,45.0,False,False
2019-09-06 03:00:00,22.3633,45.0,False,False
2019-09-06 04:00:00,23.86,45.0,False,False
2019-09-06 05:00:00,23.5,45.0,False,False
2019-09-06 06:00:00,23.155,45.0,False,False
2019-09-06 07:00:00,23.03,45.0,False,False
2019-09-06 08:00:00,23.5933,45.0,False,False
2019-09-06 09:00:00,22.3367,45.0,False,False
2019-09-06 10:00:00,16.9183,45.0,False,False
2019-09-06 11:00:00,17.3333,45.0,False,False
2019-09-06 12:00:00,21.555,45.0,False,False
2019-09-06 13:00:00,21.55,45.0,False,False
2019-09-06 14:00:00,21.5583,45.0,False,False
2019-09-06 15:00:00,22.485,45.0,False,False
2019-09-06 16:00:00,21.155,45.0,False,False
2019-09-06 17:00:00,23.5467,45.0,False,False
2019-09-06 18:00:00,17.235,45.0,False,False
2019-09-06 19:00:00,22.21,45.0,False,False
2019-09-06 20:00:00,21.3967,45.0,False,False
2019-09-06 21:00:00,20.97,45.0,False,False
2019-09-06 22:00:00,22.0767,45.0,False,False
2019-09-06 23:00:00,22.4233,45.0,False,False
2019-09-07 00:00:00,23.8467,45.0,False,False
2019-09-07 01:00:00,23.23,45.0,False,False
2019-09-07 02:00:00,20.9217,45.0,False,False
2019-09-07 03:00:00,22.715,45.0,False,False
2019-09-07 04:00:00,22.6867,45.0,False,False
2019-09-07 05:00:00,20.6233,45.0,False,False
2019-09-07 06:00:00,21.045,45.0,False,False
2019-09-07 07:00:00,17.03,45.0,False,False
2019-09-07 08:00:00,18.3313,45.0,False,False
2019-09-07 09:00:00,16.0205,45.0,False,False
2019-09-07 10:00:00,18.2817,45.0,False,False
2019-09-07 11:00:00,14.8133,45.0,False,False
2019-09-07 12:00:00,21.1583,45.0,False,False
2019-09-07 13:00:00,20.0467,45.0,False,False
2019-09-07 14:00:00,20.0,45.0,False,False
2019-09-07 15:00:00,16.0967,45.0,False,False
2019-09-07 16:00:00,16.305,45.0,False,False
2019-09-07 17:00:00,14.8933,45.0,False,False
2019-09-07 18:00:00,12.9333,45.0,False,False
2019-09-07 19:00:00,10.1633,21.6786,False,False
2019-09-07 20:00:00,11.645,39.594,False,False
2019-09-07 21:00:00,7.0267,3.214,False,False
2019-09-07 22:00:00,4.9767,0.2359,False,False
2019-09-07 23:00:00,7.17,3.622,False,False
2019-09-08 00:00:00,7.345,4.1653,False,False
2019-09-08 01:00:00,9.2683,14.0639,False,False
2019-09-08 02:00:00,12.8583,45.0,False,False
2019-09-08 03:00:00,14.4117,45.0,False,False
2019-09-08 04:00:00,11.475,37.1662,False,False
2019-09-08 05:00:00,4.6467,0.1105,False,False
2019-09-08 06:00:00,7.2967,4.0102,False,False
2019-09-08 07:00:00,3.1967,0.0,False,True
2019-09-08 08:00:00,4.9433,0.2203,False,False
2019-09-08 09:00:00,5.0783,0.2881,False,False
2019-09-08 10:00:00,5.3133,0.4369,False,False
2019-09-08 11:00:00,5.6633,0.7419,False,False
2019-09-08 12:00:00,4.13,0.0183,False,False
2019-09-08 13:00:00,2.3683,0.0,False,True
2019-09-08 14:00:00,9.215,13.6774,False,False
2019-09-08 15:00:00,14.675,45.0,False,False
2019-09-08 16:00:00,13.1483,45.0,False,False
2019-09-08 17:00:00,13.2467,45.0,False,False
2019-09-08 18:00:00,11.3967,36.0817,False,False
2019-09-08 19:00:00,7.3417,4.1545,False,False
2019-09-08 20:00:00,8.6083,9.7677,False,False
2019-09-08 21:00:00,12.485,45.0,False,False
2019-09-08 22:00:00,14.6467,45.0,False,False
2019-09-08 23:00:00,15.375,45.0,False,False
2019-09-09 00:00:00,14.9083,45.0,False,False
2019-09-09 01:00:00,5.4167,0.5159,False,False
2019-09-09 02:00:00,2.2983,0.0,False,True
2019-09-09 03:00:00,1.9433,0.0,False,True
2019-09-09 04:00:00,2.39,0.0,False,True
2019-09-09 05:00:00,2.555,0.0,False,True
2019-09-09 06:00:00,9.1967,13.5462,False,False
2019-09-09 07:00:00,16.5083,45.0,False,False
2019-09-09 08:00:00,13.7817,45.0,False,False
2019-09-09 09:00:00,15.1183,45.0,False,False
2019-09-09 10:00:00,11.9467,44.1582,False,False
2019-09-09 11:00:00,12.1183,45.0,False,False
2019-09-09 12:00:00,13.4867,45.0,False,False
2019-09-09 13:00:00,12.25,45.0,False,False
2019-09-09 14:00:00,11.5217,37.8224,False,False
2019-09-09 15:00:00,13.0967,45.0,False,False
2019-09-09 16:00:00,13.5433,45.0,False,False
2019-09-09 17:00:00,12.2117,45.0,False,False
2019-09-09 18:00:00,10.2233,22.2695,False,False
2019-09-09 19:00:00,10.5467,25.6393,False,False
2019-09-09 20:00:00,8.5717,9.5589,False,False
2019-09-09 21:00:00,11.06,31.6607,False,False
2019-09-09 22:00:00,12.4517,45.0,False,False
2019-09-09 23:00:00,11.05,31.5353,False,False
2019-09-10 00:00:00,10.3017,23.0569,False,False
2019-09-10 01:00:00,11.0,30.9129,False,False
2019-09-10 02:00:00,13.8167,45.0,False,False
2019-09-10 03:00:00,10.82,28.7401,False,False
2019-09-10 04:00:00,9.6583,17.1138,False,False
2019-09-10 05:00:00,13.2917,45.0,False,False
2019-09-10 06:00:00,15.6267,45.0,False,False
2019-09-10 07:00:00,14.88,45.0,False,False
2019-09-10 08:00:00,11.6983,40.3769,False,False
2019-09-10 09:00:00,13.4233,45.0,False,False
2019-09-10 10:00:00,13.3217,45.0,False,False
2019-09-10 11:00:00,13.5083,45.0,False,False
2019-09-10 12:00:00,12.8867,45.0,False,False
2019-09-10 13:00:00,9.6317,16.8924,False,False
2019-09-10 14:00:00,8.9017,11.5489,False,False
2019-09-10 15:00:00,10.0583,20.6698,False,False
2019-09-10 16:00:00,8.7817,10.7961,False,False
2019-09-10 17:00:00,5.57,0.6499,False,False
2019-09-10 18:00:00,4.905,0.2032,False,False
2019-09-10 19:00:00,7.7233,5.5198,False,False
2019-09-10 20:00:00,8.5767,9.5872,False,False
2019-09-10 21:00:00,9.6717,17.2252,False,False
2019-09-10 22:00:00,12.3017,45.0,False,False
2019-09-10 23:00:00,14.52,45.0,False,False
2019-09-11 00:00:00,14.08,45.0,False,False
2019-09-11 01:00:00,14.54,45.0,False,False
2019-09-11 02:00:00,12.6633,45.0,False,False
2019-09-11 03:00:00,10.2533,22.5689,False,False
2019-09-11 04:00:00,17.4617,45.0,False,False
2019-09-11 05:00:00,22.6133,45.0,False,False
2019-09-11 06:00:00,21.645,45.0,False,False
2019-09-11 07:00:00,19.8967,45.0,False,False
2019-09-11 08:00:00,19.6467,45.0,False,False
2019-09-11 09:00:00,20.025,45.0,False,False
2019-09-11 10:00:00,20.7183,45.0,False,False
2019-09-11 11:00:00,20.4,45.0,False,False
2019-09-11 12:00:00,22.43,45.0,False,False
2019-09-11 13:00:00,22.2883,45.0,False,False
2019-09-11 14:00:00,22.3133,45.0,False,False
2019-09-11 15:00:00,20.2783,45.0,False,False
2019-09-11 16:00:00,20.02,45.0,False,False
2019-09-11 17:00:00,21.925,45.0,False,False
2019-09-11 18:00:00,23.4333,45.0,False,False
2019-09-11 19:00:00,23.415,45.0,False,False
2019-09-11 20:00:00,22.8867,45.0,False,False
2019-09-11 21:00:00,22.95,45.0,False,False
2019-09-11 22:00:00,22.2733,45.0,False,False
2019-09-11 23:00:00,20.9733,45.0,False,False
2019-09-12 00:00:00,20.86,45.0,False,False
2019-09-12 01:00:00,20.6283,45.0,False,False
2019-09-12 02:00:00,18.0917,45.0,False,False
2019-09-12 03:00:00,15.4667,45.0,False,False
2019-09-12 04:00:00,6.015,1.1657,False,False
2019-09-12 05:00:00,6.0083,1.1564,False,False
2019-09-12 06:00:00,5.12,0.3115,False,False
2019-09-12 07:00:00,3.7167,0.0007,False,False
2019-09-12 08:00:00,3.305,0.0,False,True
2019-09-12 09:00:00,3.6283,0.0002,False,False
2019-09-12 10:00:00,4.7117,0.1303,False,False
2019-09-12 11:00:00,3.3717,0.0,False,True
2019-09-12 12:00:00,2.5917,0.0,False,True
2019-09-12 13:00:00,2.8583,0.0,False,True
2019-09-12 14:00:00,2.6233,0.0,False,True
2019-09-12 15:00:00,3.1767,0.0,False,True
2019-09-12 16:00:00,3.0167,0.0,False,True
2019-09-12 17:00:00,2.7717,0.0,False,True
2019-09-12 18:00:00,3.6867,0.0005,False,False
2019-09-12 19:00:00,1.575,0.0,False,True
2019-09-12 20:00:00,0.8817,0.0,False,True
2019-09-12 21:00:00,1.1483,0.0,False,True
2019-09-12 22:00:00,1.58,0.0,False,True
2019-09-12 23:00:00,1.4383,0.0,False,True
2019-09-13 00:00:00,1.6983,0.0,False,True
2019-09-13 01:00:00,2.0333,0.0,False,True
2019-09-13 02:00:00,1.8717,0.0,False,True
2019-09-13 03:00:00,5.3633,0.4741,False,False
2019-09-13 04:00:00,4.295,0.0368,False,False
2019-09-13 05:00:00,6.53,2.0384,False,False
2019-09-13 06:00:00,6.755,2.527,False,False
2019-09-13 07:00:00,7.2083,3.7367,False,False
2019-09-13 08:00:00,10.71,27.4639,False,False
2019-09-13 09:00:00,6.6517,2.2939,False,False
2019-09-13 10:00:00,13.0317,45.0,False,False
2019-09-13 11:00:00,12.2317,45.0,False,False
2019-09-13 12:00:00,13.8317,45.0,False,False
2019-09-13 13:00:00,13.735,45.0,False,False
2019-09-13 14:00:00,13.6267,45.0,False,False
2019-09-13 15:00:00,14.0833,45.0,False,False
2019-09-13 16:00:00,14.7567,45.0,False,False
2019-09-13 17:00:00,14.9333,45.0,False,False
2019-09-13 18:00:00,15.3,45.0,False,False
2019-09-13 19:00:00,16.9483,45.0,False,False
2019-09-13 20:00:00,16.9167,45.0,False,False
2019-09-13 21:00:00,17.2333,45.0,False,False
2019-09-13 22:00:00,18.4933,45.0,False,False
2019-09-13 23:00:00,19.8183,45.0,False,False
2019-09-14 00:00:00,19.8617,45.0,False,False
2019-09-14 01:00:00,20.9367,45.0,False,False
2019-09-14 02:00:00,21.8183,45.0,False,False
2019-09-14 03:00:00,21.2317,45.0,False,False
2019-09-14 04:00:00,22.055,45.0,False,False
2019-09-14 05:00:00,20.235,45.0,False,False
2019-09-14 06:00:00,18.505,45.0,False,False
2019-09-14 07:00:00,14.8767,45.0,False,False
2019-09-14 08:00:00,11.3033,34.8174,False,False
2019-09-14 09:00:00,5.6067,0.6851,False,False
2019-09-14 10:00:00,2.77,0.0,False,True
2019-09-14 11:00:00,4.7933,0.1585,False,False
2019-09-14 12:00:00,5.7467,0.8309,False,False
2019-09-14 13:00:00,4.5267,0.0793,False,False
2019-09-14 14:00:00,4.79,0.1573,False,False
2019-09-14 15:00:00,5.2217,0.3739,False,False
2019-09-14 16:00:00,3.4633,0.0,False,True
2019-09-14 17:00:00,5.195,0.3568,False,False
2019-09-14 18:00:00,5.2067,0.3643,False,False
2019-09-14 19:00:00,4.2683,0.0332,False,False
2019-09-14 20:00:00,4.4717,0.0672,False,False
2019-09-14 21:00:00,6.3833,1.7565,False,False
2019-09-14 22:00:00,6.345,1.6873,False,False
2019-09-14 23:00:00,2.835,0.0,False,True
2019-09-15 00:00:00,4.915,0.2076,False,False
2019-09-15 01:00:00,13.275,45.0,False,False
2019-09-15 02:00:00,10.9967,30.8717,False,False
2019-09-15 03:00:00,5.4583,0.5503,False,False
2019-09-15 04:00:00,3.9833,0.0083,False,False
2019-09-15 05:00:00,7.7217,5.5132,False,False
2019-09-15 06:00:00,12.9317,45.0,False,False
2019-09-15 07:00:00,15.4717,45.0,False,False
2019-09-15 08:00:00,17.215,45.0,False,False
2019-09-15 09:00:00,19.6367,45.0,False,False
2019-09-15 10:00:00,20.4917,45.0,False,False
2019-09-15 11:00:00,21.2267,45.0,False,False
2019-09-15 12:00:00,20.7117,45.0,False,False
2019-09-15 13:00:00,18.18,45.0,False,False
2019-09-15 14:00:00,20.4067,45.0,False,False
2019-09-15 15:00:00,20.1767,45.0,False,False
2019-09-15 16:00:00,22.2867,45.0,False,False
2019-09-15 17:00:00,20.6633,45.0,False,False
2019-09-15 18:00:00,21.6767,45.0,False,False
2019-09-15 19:00:00,21.035,45.0,False,False
2019-09-15 20:00:00,20.52,45.0,False,False
2019-09-15 21:00:00,22.725,45.0,False,False
2019-09-15 22:00:00,23.5517,45.0,False,False
2019-09-15 23:00:00,21.9267,45.0,False,False
2019-09-16 00:00:00,20.1717,45.0,False,False
2019-09-16 01:00:00,16.8433,45.0,False,False
2019-09-16 02:00:00,16.97,45.0,False,False
2019-09-16 03:00:00,15.435,45.0,False,False
2019-09-16 04:00:00,13.8117,45.0,False,False
2019-09-16 05:00:00,13.6,45.0,False,False
2019-09-16 06:00:00,15.8633,45.0,False,False
2019-09-16 07:00:00,14.4183,45.0,False,False
2019-09-16 08:00:00,11.25,34.1084,False,False
2019-09-16 09:00:00,10.4783,24.9007,False,False
2019-09-16 10:00:00,9.1267,13.053,False,False
2019-09-16 11:00:00,7.405,4.3633,False,False
2019-09-16 12:00:00,8.5933,9.6819,False,False
2019-09-16 13:00:00,8.1483,7.3595,False,False
2019-09-16 14:00:00,7.7217,5.5132,False,False
2019-09-16 15:00:00,5.2267,0.3772,False,False
2019-09-16 16:00:00,4.8717,0.1891,False,False
2019-09-16 17:00:00,7.4283,4.442,False,False
2019-09-16 18:00:00,7.4733,4.5964,False,False
2019-09-16 19:00:00,11.1183,32.3993,False,False
2019-09-16 20:00:00,13.2283,45.0,False,False
2019-09-16 21:00:00,14.4967,45.0,False,False
2019-09-16 22:00:00,14.09,45.0,False,False
2019-09-16 23:00:00,15.6683,45.0,False,False
2019-09-17 00:00:00,15.715,45.0,False,False
2019-09-17 01:00:00,14.7467,45.0,False,False
2019-09-17 02:00:00,13.1467,45.0,False,False
2019-09-17 03:00:00,11.8217,42.2267,False,False
2019-09-17 04:00:00,11.765,41.3699,False,False
2019-09-17 05:00:00,11.5483,38.2009,False,False
2019-09-17 06:00:00,12.8417,45.0,False,False
2019-09-17 07:00:00,13.1583,45.0,False,False
2019-09-17 08:00:00,11.875,43.0438,False,False
2019-09-17 09:00:00,13.32,45.0,False,False
2019-09-17 10:00:00,13.0767,45.0,False,False
2019-09-17 11:00:00,12.46,45.0,False,False
2019-09-17 12:00:00,14.6617,45.0,False,False
2019-09-17 13:00:00,16.7067,45.0,False,False
2019-09-17 14:00:00,19.1617,45.0,False,False
2019-09-17 15:00:00,18.1933,45.0,False,False
2019-09-17 16:00:00,15.1717,45.0,False,False
2019-09-17 17:00:00,13.2917,45.0,False,False
2019-09-17 18:00:00,10.1467,21.5163,False,False
2019-09-17 19:00:00,9.3817,14.9093,False,False
2019-09-17 20:00:00,4.155,0.0206,False,False
2019-09-17 21:00:00,7.94,6.4136,False,False
2019-09-17 22:00:00,14.695,45.0,False,False
2019-09-17 23:00:00,18.24,45.0,False,False
2019-09-18 00:00:00,18.4367,45.0,False,False
2019-09-18 01:00:00,10.3083,23.1248,False,False
2019-09-18 02:00:00,12.3933,45.0,False,False
2019-09-18 03:00:00,3.78,0.0016,False,False
2019-09-18 04:00:00,15.8417,45.0,False,False
2019-09-18 05:00:00,9.3667,14.7955,False,False
2019-09-18 06:00:00,5.5433,0.6251,False,False
2019-09-18 07:00:00,2.6617,0.0,False,True
2019-09-18 08:00:00,5.7017,0.782,False,False
2019-09-18 09:00:00,2.025,0.0,False,True
2019-09-18 10:00:00,2.0133,0.0,False,True
2019-09-18 11:00:00,3.6417,0.0002,False,False
2019-09-18 12:00:00,7.4217,4.4194,False,False
2019-09-18 13:00:00,5.4167,0.5159,False,False
2019-09-18 14:00:00,7.6933,5.403,False,False
2019-09-18 15:00:00,8.2267,7.7379,False,False
2019-09-18 16:00:00,18.3817,45.0,False,False
2019-09-18 17:00:00,17.7617,45.0,False,False
2019-09-18 18:00:00,14.645,45.0,False,False
2019-09-18 19:00:00,11.8717,42.9924,False,False
2019-09-18 20:00:00,14.6817,45.0,False,False
2019-09-18 21:00:00,26.075,0.0,True,False
2019-09-18 22:00:00,23.385,45.0,False,False
2019-09-18 23:00:00,21.7367,45.0,False,False
2019-09-19 00:00:00,21.715,45.0,False,False
2019-09-19 01:00:00,23.9867,45.0,False,False
2019-09-19 02:00:00,21.815,45.0,False,False
2019-09-19 03:00:00,20.9233,45.0,False,False
2019-09-19 04:00:00,20.34,45.0,False,False
2019-09-19 05:00:00,20.4067,45.0,False,False
2019-09-19 06:00:00,19.205,45.0,False,False
2019-09-19 07:00:00,9.825,18.5412,False,False
2019-09-19 08:00:00,2.3433,0.0,False,True
2019-09-19 09:00:00,2.7267,0.0,False,True
2019-09-19 10:00:00,3.95,0.0067,False,False
2019-09-19 11:00:00,5.2617,0.4006,False,False
2019-09-19 12:00:00,3.6083,0.0001,False,False
2019-09-19 13:00:00,3.395,0.0,False,True
2019-09-19 14:00:00,2.37,0.0,False,True
2019-09-19 15:00:00,1.86,0.0,False,True
2019-09-19 16:00:00,3.78,0.0016,False,False
2019-09-19 17:00:00,2.9967,0.0,False,True
2019-09-19 18:00:00,8.8333,11.1161,False,False
2019-09-19 19:00:00,8.625,9.8636,False,False
2019-09-19 20:00:00,9.92,19.3892,False,False
2019-09-19 21:00:00,10.2233,22.2695,False,False
2019-09-19 22:00:00,18.5617,45.0,False,False
2019-09-19 23:00:00,22.8633,45.0,False,False
2019-09-20 00:00:00,20.56,45.0,False,False
2019-09-20 01:00:00,18.3,45.0,False,False
2019-09-20 02:00:00,20.8933,45.0,False,False
2019-09-20 03:00:00,15.7833,45.0,False,False
2019-09-20 04:00:00,11.69,40.2539,False,False
2019-09-20 05:00:00,15.5933,45.0,False,False
2019-09-20 06:00:00,23.205,45.0,False,False
2019-09-20 07:00:00,25.485,0.0,True,False
2019-09-20 08:00:00,18.5117,45.0,False,False
2019-09-20 09:00:00,16.0133,45.0,False,False
2019-09-20 10:00:00,17.0467,45.0,False,False
2019-09-20 11:00:00,20.695,45.0,False,False
2019-09-20 12:00:00,21.6,45.0,False,False
2019-09-20 13:00:00,12.555,45.0,False,False
2019-09-20 14:00:00,9.5733,16.4149,False,False
2019-09-20 15:00:00,11.5683,38.4864,False,False
2019-09-20 16:00:00,11.08,31.9127,False,False
2019-09-20 17:00:00,8.7417,10.5527,False,False
2019-09-20 18:00:00,15.7717,45.0,False,False
2019-09-20 19:00:00,13.1917,45.0,False,False
2019-09-20 20:00:00,12.535,45.0,False,False
2019-09-20 21:00:00,13.7483,45.0,False,False
2019-09-20 22:00:00,18.365,45.0,False,False
2019-09-20 23:00:00,21.6367,45.0,False,False
2019-09-21 00:00:00,22.03,45.0,False,False
2019-09-21 01:00:00,19.3583,45.0,False,False
2019-09-21 02:00:00,18.0883,45.0,False,False
2019-09-21 03:00:00,20.3233,45.0,False,False
2019-09-21 04:00:00,21.6783,45.0,False,False
2019-09-21 05:00:00,26.1367,0.0,True,False
2019-09-21 06:00:00,29.925,0.0,True,False
2019-09-21 07:00:00,30.96,0.0,True,False
2019-09-21 08:00:00,30.0967,0.0,True,False
2019-09-21 09:00:00,27.3733,0.0,True,False
2019-09-21 10:00:00,25.7833,0.0,True,False
2019-09-21 11:00:00,24.97,45.0,False,False
2019-09-21 12:00:00,22.3533,45.0,False,False
2019-09-21 13:00:00,21.465,45.0,False,False
2019-09-21 14:00:00,16.835,45.0,False,False
2019-09-21 15:00:00,12.2567,45.0,False,False
2019-09-21 16:00:00,9.5317,16.0793,False,False
2019-09-21 17:00:00,13.1733,45.0,False,False
2019-09-21 18:00:00,17.2033,45.0,False,False
2019-09-21 19:00:00,3.3833,0.0,False,True
2019-09-21 20:00:00,9.265,14.0396,False,False
2019-09-21 21:00:00,17.82,45.0,False,False
2019-09-21 22:00:00,18.9383,45.0,False,False
2019-09-21 23:00:00,18.7,45.0,False,False
2019-09-22 00:00:00,17.5667,45.0,False,False
2019-09-22 01:00:00,16.8217,45.0,False,False
2019-09-22 02:00:00,17.9583,45.0,False,False
2019-09-22 03:00:00,16.3667,45.0,False,False
2019-09-22 04:00:00,10.27,22.7364,False,False
2019-09-22 05:00:00,4.8733,0.1898,False,False
2019-09-22 06:00:00,5.2283,0.3783,False,False
2019-09-22 07:00:00,9.4133,15.1514,False,False
2019-09-22 08:00:00,19.8783,45.0,False,False
2019-09-22 09:00:00,16.0517,45.0,False,False
2019-09-22 10:00:00,7.6683,5.3069,False,False
2019-09-22 11:00:00,5.515,0.5995,False,False
2019-09-22 12:00:00,18.8517,45.0,False,False
2019-09-22 13:00:00,26.5767,0.0,True,False
2019-09-22 14:00:00,17.9417,45.0,False,False
2019-09-22 15:00:00,5.4133,0.5132,False,False
2019-09-22 16:00:00,5.9583,1.0886,False,False
2019-09-22 17:00:00,5.1567,0.3332,False,False
2019-09-22 18:00:00,3.39,0.0,False,True
2019-09-22 19:00:00,3.8,0.002,False,False
2019-09-22 20:00:00,1.9483,0.0,False,True
2019-09-22 21:00:00,2.495,0.0,False,True
2019-09-22 22:00:00,4.19,0.0241,False,False
2019-09-22 23:00:00,6.2967,1.6028,False,False
2019-09-23 00:00:00,6.3767,1.7443,False,False
2019-09-23 01:00:00,9.1217,13.0182,False,False
2019-09-23 02:00:00,5.21,0.3664,False,False
2019-09-23 03:00:00,6.8817,2.8337,False,False
2019-09-23 04:00:00,12.3733,45.0,False,False
2019-09-23 05:00:00,4.855,0.1823,False,False
2019-09-23 06:00:00,6.3583,1.7112,False,False
2019-09-23 07:00:00,12.42,45.0,False,False
2019-09-23 08:00:00,5.435,0.5309,False,False
2019-09-23 09:00:00,4.2917,0.0364,False,False
2019-09-23 10:00:00,6.5267,2.0317,False,False
2019-09-23 11:00:00,3.545,0.0,False,False
2019-09-23 12:00:00,9.9467,19.6319,False,False
2019-09-23 13:00:00,8.7867,10.8268,False,False
2019-09-23 14:00:00,8.4517,8.8963,False,False
2019-09-23 15:00:00,7.1367,3.5242,False,False
2019-09-23 16:00:00,7.0717,3.3386,False,False
2019-09-23 17:00:00,6.285,1.5828,False,False
2019-09-23 18:00:00,2.7533,0.0,False,True
2019-09-23 19:00:00,4.7783,0.1531,False,False
2019-09-23 20:00:00,2.2833,0.0,False,True
2019-09-23 21:00:00,4.515,0.0766,False,False
2019-09-23 22:00:00,5.3833,0.4895,False,False
2019-09-23 23:00:00,2.9033,0.0,False,True
2019-09-24 00:00:00,1.8033,0.0,False,True
2019-09-24 01:00:00,1.4317,0.0,False,True
2019-09-24 02:00:00,2.555,0.0,False,True
2019-09-24 03:00:00,2.39,0.0,False,True
2019-09-24 04:00:00,2.3233,0.0,False,True
2019-09-24 05:00:00,1.785,0.0,False,True
2019-09-24 06:00:00,2.61,0.0,False,True
2019-09-24 07:00:00,1.7983,0.0,False,True
2019-09-24 08:00:00,4.65,0.1114,False,False
2019-09-24 09:00:00,2.2733,0.0,False,True
2019-09-24 10:00:00,1.7567,0.0,False,True
2019-09-24 11:00:00,3.17,0.0,False,True
2019-09-24 12:00:00,3.2333,0.0,False,True
2019-09-24 13:00:00,4.8083,0.1641,False,False
2019-09-24 14:00:00,15.5883,45.0,False,False
2019-09-24 15:00:00,12.01,45.0,False,False
2019-09-24 16:00:00,10.6717,27.0281,False,False
2019-09-24 17:00:00,8.5933,9.6819,False,False
2019-09-24 18:00:00,5.0317,0.2633,False,False
2019-09-24 19:00:00,5.5283,0.6115,False,False
2019-09-24 20:00:00,2.6017,0.0,False,True
2019-09-24 21:00:00,3.6217,0.0001,False,False
2019-09-24 22:00:00,12.3767,45.0,False,False
2019-09-24 23:00:00,17.0483,45.0,False,False
2019-09-25 00:00:00,17.3467,45.0,False,False
2019-09-25 01:00:00,13.3017,45.0,False,False
2019-09-25 02:00:00,11.4533,36.8641,False,False
2019-09-25 03:00:00,5.5333,0.616,False,False
2019-09-25 04:00:00,6.465,1.91,False,False
2019-09-25 05:00:00,5.2567,0.3972,False,False
2019-09-25 06:00:00,3.4817,0.0,False,True
2019-09-25 07:00:00,6.8067,2.6493,False,False
2019-09-25 08:00:00,4.975,0.2351,False,False
2019-09-25 09:00:00,6.37,1.7322,False,False
2019-09-25 10:00:00,5.2083,0.3653,False,False
2019-09-25 11:00:00,3.9267,0.0057,False,False
2019-09-25 12:00:00,5.8417,0.9409,False,False
2019-09-25 13:00:00,2.29,0.0,False,True
2019-09-25 14:00:00,1.565,0.0,False,True
2019-09-25 15:00:00,3.055,0.0,False,True
2019-09-25 16:00:00,1.7267,0.0,False,True
2019-09-25 17:00:00,2.1833,0.0,False,True
2019-09-25 18:00:00,5.7833,0.8723,False,False
2019-09-25 19:00:00,2.6383,0.0,False,True
2019-09-25 20:00:00,4.3467,0.0445,False,False
2019-09-25 21:00:00,4.2833,0.0352,False,False
2019-09-25 22:00:00,4.8883,0.1961,False,False
2019-09-25 23:00:00,5.0883,0.2936,False,False
2019-09-26 00:00:00,3.4133,0.0,False,True
2019-09-26 01:00:00,2.9733,0.0,False,True
2019-09-26 02:00:00,2.715,0.0,False,True
2019-09-26 03:00:00,3.7083,0.0007,False,False
2019-09-26 04:00:00,4.3283,0.0416,False,False
2019-09-26 05:00:00,3.2033,0.0,False,True
2019-09-26 06:00:00,4.2583,0.032,False,False
2019-09-26 07:00:00,9.2833,14.1739,False,False
2019-09-26 08:00:00,12.4417,45.0,False,False
2019-09-26 09:00:00,10.9367,30.1364,False,False
2019-09-26 10:00:00,10.4033,24.1064,False,False
2019-09-26 11:00:00,8.8583,11.2731,False,False
2019-09-26 12:00:00,9.135,13.1111,False,False
2019-09-26 13:00:00,12.155,45.0,False,False
2019-09-26 14:00:00,10.5217,25.3674,False,False
2019-09-26 15:00:00,10.9267,30.0149,False,False
2019-09-26 16:00:00,8.6483,9.999,False,False
2019-09-26 17:00:00,11.41,36.2648,False,False
2019-09-26 18:00:00,16.1683,45.0,False,False
2019-09-26 19:00:00,17.325,45.0,False,False
2019-09-26 20:00:00,9.7367,17.7752,False,False
2019-09-26 21:00:00,2.48,0.0,False,True
2019-09-26 22:00:00,3.495,0.0,False,True
2019-09-26 23:00:00,3.145,0.0,False,True
2019-09-27 00:00:00,1.505,0.0,False,True
2019-09-27 01:00:00,1.87,0.0,False,True
2019-09-27 02:00:00,3.2283,0.0,False,True
2019-09-27 03:00:00,2.24,0.0,False,True
2019-09-27 04:00:00,2.9867,0.0,False,True
2019-09-27 05:00:00,4.1583,0.0209,False,False
2019-09-27 06:00:00,2.2183,0.0,False,True
2019-09-27 07:00:00,4.1567,0.0207,False,False
2019-09-27 08:00:00,4.185,0.0236,False,False
2019-09-27 09:00:00,2.405,0.0,False,True
2019-09-27 10:00:00,1.2567,0.0,False,True
2019-09-27 11:00:00,1.3833,0.0,False,True
2019-09-27 12:00:00,2.23,0.0,False,True
2019-09-27 13:00:00,3.3817,0.0,False,True
2019-09-27 14:00:00,2.98,0.0,False,True
2019-09-27 15:00:00,2.5217,0.0,False,True
2019-09-27 16:00:00,5.6867,0.7661,False,False
2019-09-27 17:00:00,7.4917,4.6604,False,False
2019-09-27 18:00:00,6.9033,2.8885,False,False
2019-09-27 19:00:00,6.6367,2.2613,False,False
2019-09-27 20:00:00,5.7933,0.8838,False,False
2019-09-27 21:00:00,6.4067,1.7995,False,False
2019-09-27 22:00:00,7.11,3.4473,False,False
2019-09-27 23:00:00,6.7733,2.57,False,False
2019-09-28 00:00:00,6.7883,2.6055,False,False
2019-09-28 01:00:00,10.2,22.0384,False,False
2019-09-28 02:00:00,5.4133,0.5132,False,False
2019-09-28 03:00:00,7.2333,3.8128,False,False
2019-09-28 04:00:00,7.995,6.655,False,False
2019-09-28 05:00:00,3.7967,0.0019,False,False
2019-09-28 06:00:00,16.08,45.0,False,False
2019-09-28 07:00:00,15.0383,45.0,False,False
2019-09-28 08:00:00,16.695,45.0,False,False
2019-09-28 09:00:00,18.75,45.0,False,False
2019-09-28 10:00:00,14.6867,45.0,False,False
2019-09-28 11:00:00,15.9383,45.0,False,False
2019-09-28 12:00:00,18.1817,45.0,False,False
2019-09-28 13:00:00,19.3817,45.0,False,False
2019-09-28 14:00:00,17.2533,45.0,False,False
2019-09-28 15:00:00,17.0483,45.0,False,False
2019-09-28 16:00:00,19.2733,45.0,False,False
2019-09-28 17:00:00,26.1983,0.0,True,False
2019-09-28 18:00:00,27.3117,0.0,True,False
2019-09-28 19:00:00,28.1567,0.0,True,False
2019-09-28 20:00:00,29.1667,0.0,True,False
2019-09-28 21:00:00,27.9783,0.0,True,False
2019-09-28 22:00:00,26.9783,0.0,True,False
2019-09-28 23:00:00,27.7917,0.0,True,False
2019-09-29 00:00:00,28.9,0.0,True,False
2019-09-29 01:00:00,27.4467,0.0,True,False
2019-09-29 02:00:00,27.7167,0.0,True,False
2019-09-29 03:00:00,28.6583,0.0,True,False
2019-09-29 04:00:00,28.475,0.0,True,False
2019-09-29 05:00:00,28.3533,0.0,True,False
2019-09-29 06:00:00,27.2433,0.0,True,False
2019-09-29 07:00:00,27.1033,0.0,True,False
2019-09-29 08:00:00,24.9567,45.0,False,False
2019-09-29 09:00:00,25.2433,0.0,True,False
2019-09-29 10:00:00,24.05,45.0,False,False
2019-09-29 11:00:00,23.7233,45.0,False,False
2019-09-29 12:00:00,24.4783,45.0,False,False
2019-09-29 13:00:00,24.9683,45.0,False,False
2019-09-29 14:00:00,23.4817,45.0,False,False
2019-09-29 15:00:00,24.1017,45.0,False,False
2019-09-29 16:00:00,25.145,0.0,True,False
2019-09-29 17:00:00,27.02,0.0,True,False
2019-09-29 18:00:00,28.8067,0.0,True,False
2019-09-29 19:00:00,31.0383,0.0,True,False
2019-09-29 20:00:00,31.0333,0.0,True,False
2019-09-29 21:00:00,31.1967,0.0,True,False
2019-09-29 22:00:00,24.9,45.0,False,False
2019-09-29 23:00:00,24.5817,45.0,False,False
2019-09-30 00:00:00,22.62,45.0,False,False
2019-09-30 01:00:00,21.83,45.0,False,False
2019-09-30 02:00:00,20.7183,45.0,False,False
2019-09-30 03:00:00,23.2817,45.0,False,False
2019-09-30 04:00:00,24.2567,45.0,False,False
2019-09-30 05:00:00,23.5367,45.0,False,False
2019-09-30 06:00:00,21.7617,45.0,False,False
2019-09-30 07:00:00,20.035,45.0,False,False
2019-09-30 08:00:00,19.8733,45.0,False,False
2019-09-30 09:00:00,19.4517,45.0,False,False
2019-09-30 10:00:00,18.425,45.0,False,False
2019-09-30 11:00:00,18.11,45.0,False,False
2019-09-30 12:00:00,15.085,45.0,False,False
2019-09-30 13:00:00,14.6483,45.0,False,False
2019-09-30 14:00:00,13.62,45.0,False,False
2019-09-30 15:00:00,7.9533,6.4716,False,False
2019-09-30 16:00:00,9.9217,19.4043,False,False
2019-09-30 17:00:00,13.2767,45.0,False,False
2019-09-30 18:00:00,7.0667,3.3246,False,False
2019-09-30 19:00:00,9.515,15.9464,False,False
2019-09-30 20:00:00,8.4033,8.6383,False,False
2019-09-30 21:00:00,11.7683,41.42,False,False
2019-09-30 22:00:00,16.635,45.0,False,False
2019-09-30 23:00:00,11.4567,36.9104,False,False
2019-10-01 00:00:00,11.35,35.4458,False,False
2019-10-01 01:00:00,12.95,45.0,False,False
2019-10-01 02:00:00,11.92,43.7413,False,False
2019-10-01 03:00:00,15.325,45.0,False,False
2019-10-01 04:00:00,16.8517,45.0,False,False
2019-10-01 05:00:00,16.9117,45.0,False,False
2019-10-01 06:00:00,11.4283,36.5175,False,False
2019-10-01 07:00:00,18.3,45.0,False,False
2019-10-01 08:00:00,9.0383,12.4478,False,False
2019-10-01 09:00:00,7.5283,4.79,False,False
2019-10-01 10:00:00,5.8667,0.9713,False,False
2019-10-01 11:00:00,14.7867,45.0,False,False
2019-10-01 12:00:00,13.1817,45.0,False,False
2019-10-01 13:00:00,12.1283,45.0,False,False
2019-10-01 14:00:00,10.7817,28.291,False,False
2019-10-01 15:00:00,12.6383,45.0,False,False
2019-10-01 16:00:00,15.0267,45.0,False,False
2019-10-01 17:00:00,17.2233,45.0,False,False
2019-10-01 18:00:00,21.9967,45.0,False,False
2019-10-01 19:00:00,22.98,45.0,False,False
2019-10-01 20:00:00,25.275,0.0,True,False
2019-10-01 21:00:00,25.985,0.0,True,False
2019-10-01 22:00:00,20.52,45.0,False,False
2019-10-01 23:00:00,22.555,45.0,False,False
2019-10-02 00:00:00,20.7317,45.0,False,False
2019-10-02 01:00:00,17.2983,45.0,False,False
2019-10-02 02:00:00,15.7683,45.0,False,False
2019-10-02 03:00:00,17.2617,45.0,False,False
2019-10-02 04:00:00,18.475,45.0,False,False
2019-10-02 05:00:00,21.5383,45.0,False,False
2019-10-02 06:00:00,23.7833,45.0,False,False
2019-10-02 07:00:00,24.8533,45.0,False,False
2019-10-02 08:00:00,17.5717,45.0,False,False
2019-10-02 09:00:00,18.8617,45.0,False,False
2019-10-02 10:00:00,19.3433,45.0,False,False
2019-10-02 11:00:00,18.8117,45.0,False,False
2019-10-02 12:00:00,17.5817,45.0,False,False
2019-10-02 13:00:00,18.4217,45.0,False,False
2019-10-02 14:00:00,17.4967,45.0,False,False
2019-10-02 15:00:00,20.4583,45.0,False,False
2019-10-02 16:00:00,21.6117,45.0,False,False
2019-10-02 17:00:00,20.515,45.0,False,False
2019-10-02 18:00:00,22.965,45.0,False,False
2019-10-02 19:00:00,24.8167,45.0,False,False
2019-10-02 20:00:00,21.8533,45.0,False,False
2019-10-02 21:00:00,21.6017,45.0,False,False
2019-10-02 22:00:00,23.16,45.0,False,False
2019-10-02 23:00:00,26.3517,0.0,True,False
2019-10-03 00:00:00,32.345,0.0,True,False
2019-10-03 01:00:00,33.8167,0.0,True,False
2019-10-03 02:00:00,33.5867,0.0,True,False
2019-10-03 03:00:00,32.9017,0.0,True,False
2019-10-03 04:00:00,34.7883,0.0,True,False
2019-10-03 05:00:00,34.23,0.0,True,False
2019-10-03 06:00:00,33.6333,0.0,True,False
2019-10-03 07:00:00,30.7233,0.0,True,False
2019-10-03 08:00:00,29.205,0.0,True,False
2019-10-03 09:00:00,27.8183,0.0,True,False
2019-10-03 10:00:00,22.7533,45.0,False,False
2019-10-03 11:00:00,20.7817,45.0,False,False
2019-10-03 12:00:00,19.5233,45.0,False,False
2019-10-03 13:00:00,20.5933,45.0,False,False
2019-10-03 14:00:00,20.4667,45.0,False,False
2019-10-03 15:00:00,18.3533,45.0,False,False
2019-10-03 16:00:00,20.4567,45.0,False,False
2019-10-03 17:00:00,20.61,45.0,False,False
2019-10-03 18:00:00,19.1583,45.0,False,False
2019-10-03 19:00:00,16.8167,45.0,False,False
2019-10-03 20:00:00,17.37,45.0,False,False
2019-10-03 21:00:00,23.3717,45.0,False,False
2019-10-03 22:00:00,22.165,45.0,False,False
2019-10-03 23:00:00,23.6433,45.0,False,False
2019-10-04 00:00:00,25.0717,0.0,True,False
2019-10-04 01:00:00,24.8867,45.0,False,False
2019-10-04 02:00:00,23.7867,45.0,False,False
2019-10-04 03:00:00,23.1367,45.0,False,False
2019-10-04 04:00:00,26.605,0.0,True,False
2019-10-04 05:00:00,31.9583,0.0,True,False
2019-10-04 06:00:00,33.0617,0.0,True,False
2019-10-04 07:00:00,34.9833,0.0,True,False
2019-10-04 08:00:00,34.9133,0.0,True,False
2019-10-04 09:00:00,32.2783,0.0,True,False
2019-10-04 10:00:00,25.2733,0.0,True,False
2019-10-04 11:00:00,22.7517,45.0,False,False
2019-10-04 12:00:00,21.525,45.0,False,False
2019-10-04 13:00:00,21.59,45.0,False,False
2019-10-04 14:00:00,19.955,45.0,False,False
2019-10-04 15:00:00,22.8383,45.0,False,False
2019-10-04 16:00:00,27.5967,0.0,True,False
2019-10-04 17:00:00,31.3367,0.0,True,False
2019-10-04 18:00:00,27.365,0.0,True,False
2019-10-04 19:00:00,26.3867,0.0,True,False
2019-10-04 20:00:00,26.245,0.0,True,False
2019-10-04 21:00:00,27.4533,0.0,True,False
2019-10-04 22:00:00,28.54,0.0,True,False
2019-10-04 23:00:00,29.7517,0.0,True,False
2019-10-05 00:00:00,30.0,0.0,True,False
2019-10-05 01:00:00,30.0683,0.0,True,False
2019-10-05 02:00:00,30.5433,0.0,True,False
2019-10-05 03:00:00,34.635,0.0,True,False
2019-10-05 04:00:00,34.67,0.0,True,False
2019-10-05 05:00:00,31.5383,0.0,True,False
2019-10-05 06:00:00,30.7133,0.0,True,False
2019-10-05 07:00:00,27.2733,0.0,True,False
2019-10-05 08:00:00,26.0933,0.0,True,False
2019-10-05 09:00:00,25.2967,0.0,True,False
2019-10-05 10:00:00,24.585,45.0,False,False
2019-10-05 11:00:00,26.6517,0.0,True,False
2019-10-05 12:00:00,23.3867,45.0,False,False
2019-10-05 13:00:00,27.37,0.0,True,False
2019-10-05 14:00:00,27.5767,0.0,True,False
2019-10-05 15:00:00,24.3933,45.0,False,False
2019-10-05 16:00:00,26.2617,0.0,True,False
2019-10-05 17:00:00,28.4817,0.0,True,False
2019-10-05 18:00:00,28.82,0.0,True,False
2019-10-05 19:00:00,31.4867,0.0,True,False
2019-10-05 20:00:00,25.785,0.0,True,False
2019-10-05 21:00:00,32.2383,0.0,True,False
2019-10-05 22:00:00,36.0267,0.0,True,False
2019-10-05 23:00:00,34.0783,0.0,True,False
2019-10-06 00:00:00,27.6133,0.0,True,False
2019-10-06 01:00:00,24.3517,45.0,False,False
2019-10-06 02:00:00,15.3983,45.0,False,False
2019-10-06 03:00:00,16.1583,45.0,False,False
2019-10-06 04:00:00,18.7133,45.0,False,False
2019-10-06 05:00:00,23.645,45.0,False,False
2019-10-06 06:00:00,19.6417,45.0,False,False
2019-10-06 07:00:00,18.9517,45.0,False,False
2019-10-06 08:00:00,19.3533,45.0,False,False
2019-10-06 09:00:00,18.6,45.0,False,False
2019-10-06 10:00:00,22.86,45.0,False,False
2019-10-06 11:00:00,25.835,0.0,True,False
2019-10-06 12:00:00,36.4017,0.0,True,False
2019-10-06 13:00:00,32.03,0.0,True,False
2019-10-06 14:00:00,37.4383,0.0,True,False
2019-10-06 15:00:00,38.8933,0.0,True,False
2019-10-06 16:00:00,40.4317,0.0,True,False
2019-10-06 17:00:00,34.035,0.0,True,False
2019-10-06 18:00:00,29.7333,0.0,True,False
2019-10-06 19:00:00,28.8033,0.0,True,False
2019-10-06 20:00:00,24.8833,45.0,False,False
2019-10-06 21:00:00,24.78,45.0,False,False
2019-10-06 22:00:00,23.6317,45.0,False,False
2019-10-06 23:00:00,22.2617,45.0,False,False
2019-10-07 00:00:00,23.325,45.0,False,False
2019-10-07 01:00:00,22.455,45.0,False,False
2019-10-07 02:00:00,24.3333,45.0,False,False
2019-10-07 03:00:00,23.7067,45.0,False,False
2019-10-07 04:00:00,25.71,0.0,True,False
2019-10-07 05:00:00,28.5567,0.0,True,False
2019-10-07 06:00:00,30.8667,0.0,True,False
2019-10-07 07:00:00,32.0717,0.0,True,False
2019-10-07 08:00:00,29.7983,0.0,True,False
2019-10-07 09:00:00,27.7333,0.0,True,False
2019-10-07 10:00:00,25.7,0.0,True,False
2019-10-07 11:00:00,23.3933,45.0,False,False
2019-10-07 12:00:00,21.4067,45.0,False,False
2019-10-07 13:00:00,20.9683,45.0,False,False
2019-10-07 14:00:00,22.1817,45.0,False,False
2019-10-07 15:00:00,21.8383,45.0,False,False
2019-10-07 16:00:00,22.4017,45.0,False,False
2019-10-07 17:00:00,25.3567,0.0,True,False
2019-10-07 18:00:00,26.67,0.0,True,False
2019-10-07 19:00:00,33.075,0.0,True,False
2019-10-07 20:00:00,35.9667,0.0,True,False
2019-10-07 21:00:00,34.2833,0.0,True,False
2019-10-07 22:00:00,35.4117,0.0,True,False
2019-10-07 23:00:00,38.6433,0.0,True,False
2019-10-08 00:00:00,39.5217,0.0,True,False
2019-10-08 01:00:00,39.5767,0.0,True,False
2019-10-08 02:00:00,39.425,0.0,True,False
2019-10-08 03:00:00,42.145,0.0,True,False
2019-10-08 04:00:00,42.24,0.0,True,False
2019-10-08 05:00:00,45.605,0.0,True,False
2019-10-08 06:00:00,47.5583,0.0,True,False
2019-10-08 07:00:00,46.7817,0.0,True,False
2019-10-08 08:00:00,46.045,0.0,True,False
2019-10-08 09:00:00,45.7583,0.0,True,False
2019-10-08 10:00:00,47.2817,0.0,True,False
2019-10-08 11:00:00,45.885,0.0,True,False
2019-10-08 12:00:00,44.2917,0.0,True,False
2019-10-08 13:00:00,42.745,0.0,True,False
2019-10-08 14:00:00,38.685,0.0,True,False
2019-10-08 15:00:00,35.5833,0.0,True,False
2019-10-08 16:00:00,33.255,0.0,True,False
2019-10-08 17:00:00,35.825,0.0,True,False
2019-10-08 18:00:00,36.56,0.0,True,False
2019-10-08 19:00:00,35.6033,0.0,True,False
2019-10-08 20:00:00,37.65,0.0,True,False
2019-10-08 21:00:00,37.4967,0.0,True,False
2019-10-08 22:00:00,36.8433,0.0,True,False
2019-10-08 23:00:00,36.7467,0.0,True,False
2019-10-09 00:00:00,33.1833,0.0,True,False
2019-10-09 01:00:00,29.765,0.0,True,False
2019-10-09 02:00:00,27.6283,0.0,True,False
2019-10-09 03:00:00,25.435,0.0,True,False
2019-10-09 04:00:00,24.7733,45.0,False,False
2019-10-09 05:00:00,25.3633,0.0,True,False
2019-10-09 06:00:00,27.51,0.0,True,False
2019-10-09 07:00:00,27.0283,0.0,True,False
2019-10-09 08:00:00,26.6883,0.0,True,False
2019-10-09 09:00:00,22.1,45.0,False,False
2019-10-09 10:00:00,21.2133,45.0,False,False
2019-10-09 11:00:00,20.3633,45.0,False,False
2019-10-09 12:00:00,22.5367,45.0,False,False
2019-10-09 13:00:00,21.9867,45.0,False,False
2019-10-09 14:00:00,26.3583,0.0,True,False
2019-10-09 15:00:00,27.2017,0.0,True,False
2019-10-09 16:00:00,28.125,0.0,True,False
2019-10-09 17:00:00,30.6533,0.0,True,False
2019-10-09 18:00:00,34.3233,0.0,True,False
2019-10-09 19:00:00,34.8383,0.0,True,False
2019-10-09 20:00:00,37.0817,0.0,True,False
2019-10-09 21:00:00,36.845,0.0,True,False
2019-10-09 22:00:00,39.2067,0.0,True,False
2019-10-09 23:00:00,36.2,0.0,True,False
2019-10-10 00:00:00,33.9467,0.0,True,False
2019-10-10 01:00:00,34.365,0.0,True,False
2019-10-10 02:00:00,35.3383,0.0,True,False
2019-10-10 03:00:00,37.82,0.0,True,False
2019-10-10 04:00:00,35.1617,0.0,True,False
2019-10-10 05:00:00,35.19,0.0,True,False
2019-10-10 06:00:00,34.1233,0.0,True,False
2019-10-10 07:00:00,34.4083,0.0,True,False
2019-10-10 08:00:00,32.26,0.0,True,False
2019-10-10 09:00:00,28.7967,0.0,True,False
2019-10-10 10:00:00,29.495,0.0,True,False
2019-10-10 11:00:00,27.37,0.0,True,False
2019-10-10 12:00:00,25.495,0.0,True,False
2019-10-10 13:00:00,24.295,45.0,False,False
2019-10-10 14:00:00,21.8983,45.0,False,False
2019-10-10 15:00:00,27.0867,0.0,True,False
2019-10-10 16:00:00,26.685,0.0,True,False
2019-10-10 17:00:00,26.32,0.0,True,False
2019-10-10 18:00:00,26.96,0.0,True,False
2019-10-10 19:00:00,28.7333,0.0,True,False
2019-10-10 20:00:00,27.2417,0.0,True,False
2019-10-10 21:00:00,28.12,0.0,True,False
2019-10-10 22:00:00,28.935,0.0,True,False
2019-10-10 23:00:00,28.6117,0.0,True,False
2019-10-11 00:00:00,25.4217,0.0,True,False
2019-10-11 01:00:00,26.495,0.0,True,False
2019-10-11 02:00:00,25.2817,0.0,True,False
2019-10-11 03:00:00,22.0817,45.0,False,False
2019-10-11 04:00:00,17.1567,45.0,False,False
2019-10-11 05:00:00,15.7983,45.0,False,False
2019-10-11 06:00:00,16.3067,45.0,False,False
2019-10-11 07:00:00,16.2733,45.0,False,False
2019-10-11 08:00:00,18.6567,45.0,False,False
2019-10-11 09:00:00,17.78,45.0,False,False
2019-10-11 10:00:00,21.1183,45.0,False,False
2019-10-11 11:00:00,25.79,0.0,True,False
2019-10-11 12:00:00,23.1667,45.0,False,False
2019-10-11 13:00:00,20.6433,45.0,False,False
2019-10-11 14:00:00,19.78,45.0,False,False
2019-10-11 15:00:00,18.01,45.0,False,False
2019-10-11 16:00:00,14.0517,45.0,False,False
2019-10-11 17:00:00,13.1017,45.0,False,False
2019-10-11 18:00:00,15.505,45.0,False,False
2019-10-11 19:00:00,11.935,43.9755,False,False
2019-10-11 20:00:00,13.1483,45.0,False,False
2019-10-11 21:00:00,8.7783,10.7757,False,False
2019-10-11 22:00:00,3.8667,0.0036,False,False
2019-10-11 23:00:00,10.8833,29.4926,False,False
2019-10-12 00:00:00,13.99,45.0,False,False
2019-10-12 01:00:00,5.915,1.0321,False,False
2019-10-12 02:00:00,4.095,0.0154,False,False
2019-10-12 03:00:00,5.84,0.9389,False,False
2019-10-12 04:00:00,4.0533,0.0124,False,False
2019-10-12 05:00:00,6.475,1.9294,False,False
2019-10-12 06:00:00,4.8383,0.1757,False,False
2019-10-12 07:00:00,3.8967,0.0046,False,False
2019-10-12 08:00:00,3.12,0.0,False,True
2019-10-12 09:00:00,3.52,0.0,False,False
2019-10-12 10:00:00,5.3,0.4273,False,False
2019-10-12 11:00:00,5.895,1.0066,False,False
2019-10-12 12:00:00,7.08,3.3621,False,False
2019-10-12 13:00:00,5.4333,0.5295,False,False
2019-10-12 14:00:00,12.3217,45.0,False,False
2019-10-12 15:00:00,10.6933,27.2738,False,False
2019-10-12 16:00:00,7.32,4.0846,False,False
2019-10-12 17:00:00,8.7533,10.6233,False,False
2019-10-12 18:00:00,8.3917,8.5768,False,False
2019-10-12 19:00:00,7.4283,4.442,False,False
2019-10-12 20:00:00,10.8467,29.0554,False,False
2019-10-12 21:00:00,15.2283,45.0,False,False
2019-10-12 22:00:00,19.335,45.0,False,False
2019-10-12 23:00:00,20.8033,45.0,False,False
2019-10-13 00:00:00,24.0167,45.0,False,False
2019-10-13 01:00:00,29.1833,0.0,True,False
2019-10-13 02:00:00,25.4333,0.0,True,False
2019-10-13 03:00:00,23.4683,45.0,False,False
2019-10-13 04:00:00,22.26,45.0,False,False
2019-10-13 05:00:00,21.6317,45.0,False,False
2019-10-13 06:00:00,21.325,45.0,False,False
2019-10-13 07:00:00,19.0583,45.0,False,False
2019-10-13 08:00:00,17.8517,45.0,False,False
2019-10-13 09:00:00,18.0833,45.0,False,False
2019-10-13 10:00:00,17.1717,45.0,False,False
2019-10-13 11:00:00,15.3117,45.0,False,False
2019-10-13 12:00:00,17.2767,45.0,False,False
2019-10-13 13:00:00,16.4483,45.0,False,False
2019-10-13 14:00:00,14.4167,45.0,False,False
2019-10-13 15:00:00,16.5017,45.0,False,False
2019-10-13 16:00:00,15.725,45.0,False,False
2019-10-13 17:00:00,16.46,45.0,False,False
2019-10-13 18:00:00,18.9983,45.0,False,False
2019-10-13 19:00:00,19.1183,45.0,False,False
2019-10-13 20:00:00,18.9083,45.0,False,False
2019-10-13 21:00:00,19.7983,45.0,False,False
2019-10-13 22:00:00,23.2583,45.0,False,False
2019-10-13 23:00:00,25.3167,0.0,True,False
2019-10-14 00:00:00,23.6467,45.0,False,False
2019-10-14 01:00:00,25.4067,0.0,True,False
2019-10-14 02:00:00,29.245,0.0,True,False
2019-10-14 03:00:00,28.2933,0.0,True,False
2019-10-14 04:00:00,31.55,0.0,True,False
2019-10-14 05:00:00,29.0217,0.0,True,False
2019-10-14 06:00:00,32.6283,0.0,True,False
2019-10-14 07:00:00,31.1783,0.0,True,False
2019-10-14 08:00:00,31.1433,0.0,True,False
2019-10-14 09:00:00,29.9267,0.0,True,False
2019-10-14 10:00:00,24.8517,45.0,False,False
2019-10-14 11:00:00,23.0533,45.0,False,False
2019-10-14 12:00:00,27.575,0.0,True,False
2019-10-14 13:00:00,29.73,0.0,True,False
2019-10-14 14:00:00,26.7567,0.0,True,False
2019-10-14 15:00:00,29.5667,0.0,True,False
2019-10-14 16:00:00,25.235,0.0,True,False
2019-10-14 17:00:00,23.5283,45.0,False,False
2019-10-14 18:00:00,25.04,0.0,True,False
2019-10-14 19:00:00,24.105,45.0,False,False
2019-10-14 20:00:00,22.8583,45.0,False,False
2019-10-14 21:00:00,21.9717,45.0,False,False
2019-10-14 22:00:00,21.5567,45.0,False,False
2019-10-14 23:00:00,23.3183,45.0,False,False
2019-10-15 00:00:00,22.0667,45.0,False,False
2019-10-15 01:00:00,21.65,45.0,False,False
2019-10-15 02:00:00,22.5183,45.0,False,False
2019-10-15 03:00:00,23.1167,45.0,False,False
2019-10-15 04:00:00,20.8267,45.0,False,False
2019-10-15 05:00:00,19.1733,45.0,False,False
2019-10-15 06:00:00,24.255,45.0,False,False
2019-10-15 07:00:00,25.86,0.0,True,False
2019-10-15 08:00:00,13.7767,45.0,False,False
2019-10-15 09:00:00,13.255,45.0,False,False
2019-10-15 10:00:00,23.0117,45.0,False,False
2019-10-15 11:00:00,23.8217,45.0,False,False
2019-10-15 12:00:00,25.63,0.0,True,False
2019-10-15 13:00:00,28.9333,0.0,True,False
2019-10-15 14:00:00,32.635,0.0,True,False
2019-10-15 15:00:00,35.4733,0.0,True,False
2019-10-15 16:00:00,35.455,0.0,True,False
2019-10-15 17:00:00,34.71,0.0,True,False
2019-10-15 18:00:00,33.5333,0.0,True,False
2019-10-15 19:00:00,34.085,0.0,True,False
2019-10-15 20:00:00,33.035,0.0,True,False
2019-10-15 21:00:00,36.265,0.0,True,False
2019-10-15 22:00:00,36.4833,0.0,True,False
2019-10-15 23:00:00,36.7317,0.0,True,False
2019-10-16 00:00:00,36.9917,0.0,True,False
2019-10-16 01:00:00,37.675,0.0,True,False
2019-10-16 02:00:00,35.5867,0.0,True,False
2019-10-16 03:00:00,31.6067,0.0,True,False
2019-10-16 04:00:00,25.1117,0.0,True,False
2019-10-16 05:00:00,20.475,45.0,False,False
2019-10-16 06:00:00,18.0767,45.0,False,False
2019-10-16 07:00:00,13.6083,45.0,False,False
2019-10-16 08:00:00,8.86,11.2837,False,False
2019-10-16 09:00:00,11.8433,42.5573,False,False
2019-10-16 10:00:00,17.7767,45.0,False,False
2019-10-16 11:00:00,18.0383,45.0,False,False
2019-10-16 12:00:00,16.7617,45.0,False,False
2019-10-16 13:00:00,20.4967,45.0,False,False
2019-10-16 14:00:00,21.1467,45.0,False,False
2019-10-16 15:00:00,24.5083,45.0,False,False
2019-10-16 16:00:00,30.5517,0.0,True,False
2019-10-16 17:00:00,27.6383,0.0,True,False
2019-10-16 18:00:00,25.1667,0.0,True,False
2019-10-16 19:00:00,26.0533,0.0,True,False
2019-10-16 20:00:00,24.595,45.0,False,False
2019-10-16 21:00:00,27.4267,0.0,True,False
2019-10-16 22:00:00,24.47,45.0,False,False
2019-10-16 23:00:00,25.0,0.0,True,False
2019-10-17 00:00:00,23.1917,45.0,False,False
2019-10-17 01:00:00,26.0833,0.0,True,False
2019-10-17 02:00:00,25.8933,0.0,True,False
2019-10-17 03:00:00,27.8967,0.0,True,False
2019-10-17 04:00:00,29.8233,0.0,True,False
2019-10-17 05:00:00,30.8283,0.0,True,False
2019-10-17 06:00:00,28.93,0.0,True,False
2019-10-17 07:00:00,29.0767,0.0,True,False
2019-10-17 08:00:00,26.3233,0.0,True,False
2019-10-17 09:00:00,23.7983,45.0,False,False
2019-10-17 10:00:00,22.5283,45.0,False,False
2019-10-17 11:00:00,19.9433,45.0,False,False
2019-10-17 12:00:00,19.3867,45.0,False,False
2019-10-17 13:00:00,20.6067,45.0,False,False
2019-10-17 14:00:00,20.2233,45.0,False,False
2019-10-17 15:00:00,16.0567,45.0,False,False
2019-10-17 16:00:00,17.56,45.0,False,False
2019-10-17 17:00:00,11.865,42.8898,False,False
2019-10-17 18:00:00,13.5783,45.0,False,False
2019-10-17 19:00:00,14.83,45.0,False,False
2019-10-17 20:00:00,12.1267,45.0,False,False
2019-10-17 21:00:00,12.25,45.0,False,False
2019-10-17 22:00:00,13.4683,45.0,False,False
2019-10-17 23:00:00,13.3833,45.0,False,False
2019-10-18 00:00:00,10.425,24.3341,False,False
2019-10-18 01:00:00,11.695,40.3276,False,False
2019-10-18 02:00:00,13.6867,45.0,False,False
2019-10-18 03:00:00,14.9433,45.0,False,False
2019-10-18 04:00:00,14.4883,45.0,False,False
2019-10-18 05:00:00,14.255,45.0,False,False
2019-10-18 06:00:00,15.0367,45.0,False,False
2019-10-18 07:00:00,11.1617,32.9553,False,False
2019-10-18 08:00:00,12.235,45.0,False,False
2019-10-18 09:00:00,10.4917,25.0437,False,False
2019-10-18 10:00:00,9.185,13.4632,False,False
2019-10-18 11:00:00,11.6267,39.3272,False,False
2019-10-18 12:00:00,10.2583,22.6191,False,False
2019-10-18 13:00:00,7.0867,3.3809,False,False
2019-10-18 14:00:00,4.4433,0.0615,False,False
2019-10-18 15:00:00,3.8967,0.0046,False,False
2019-10-18 16:00:00,1.9617,0.0,False,True
2019-10-18 17:00:00,3.9817,0.0082,False,False
2019-10-18 18:00:00,1.7233,0.0,False,True
2019-10-18 19:00:00,7.4367,4.4704,False,False
2019-10-18 20:00:00,10.1483,21.5325,False,False
2019-10-18 21:00:00,10.735,27.7505,False,False
2019-10-18 22:00:00,10.125,21.3066,False,False
2019-10-18 23:00:00,10.3,23.04,False,False
2019-10-19 00:00:00,12.0117,45.0,False,False
2019-10-19 01:00:00,10.83,28.8581,False,False
2019-10-19 02:00:00,8.8,10.909,False,False
2019-10-19 03:00:00,8.08,7.0397,False,False
2019-10-19 04:00:00,4.3817,0.0502,False,False
2019-10-19 05:00:00,8.275,7.9777,False,False
2019-10-19 06:00:00,7.9917,6.6402,False,False
2019-10-19 07:00:00,11.35,35.4458,False,False
2019-10-19 08:00:00,9.4483,15.422,False,False
2019-10-19 09:00:00,5.3917,0.496,False,False
2019-10-19 10:00:00,5.8383,0.9369,False,False
2019-10-19 11:00:00,7.1933,3.6916,False,False
2019-10-19 12:00:00,7.1567,3.5827,False,False
2019-10-19 13:00:00,5.355,0.4677,False,False
2019-10-19 14:00:00,4.6233,0.1039,False,False
2019-10-19 15:00:00,3.36,0.0,False,True
2019-10-19 16:00:00,4.07,0.0136,False,False
2019-10-19 17:00:00,3.4117,0.0,False,True
2019-10-19 18:00:00,1.67,0.0,False,True
2019-10-19 19:00:00,1.425,0.0,False,True
2019-10-19 20:00:00,1.1217,0.0,False,True
2019-10-19 21:00:00,1.49,0.0,False,True
2019-10-19 22:00:00,2.425,0.0,False,True
2019-10-19 23:00:00,1.9183,0.0,False,True
2019-10-20 00:00:00,4.28,0.0348,False,False
2019-10-20 01:00:00,2.9283,0.0,False,True
2019-10-20 02:00:00,1.5633,0.0,False,True
2019-10-20 03:00:00,4.9567,0.2265,False,False
2019-10-20 04:00:00,4.455,0.0638,False,False
2019-10-20 05:00:00,5.515,0.5995,False,False
2019-10-20 06:00:00,4.4233,0.0577,False,False
2019-10-20 07:00:00,5.6067,0.6851,False,False
2019-10-20 08:00:00,2.265,0.0,False,True
2019-10-20 09:00:00,7.9933,6.6476,False,False
2019-10-20 10:00:00,9.19,13.4987,False,False
2019-10-20 11:00:00,7.7617,5.6715,False,False
2019-10-20 12:00:00,6.4883,1.9554,False,False
2019-10-20 13:00:00,5.7067,0.7873,False,False
2019-10-20 14:00:00,4.7083,0.1293,False,False
2019-10-20 15:00:00,3.4933,0.0,False,True
2019-10-20 16:00:00,3.4733,0.0,False,True
2019-10-20 17:00:00,4.1933,0.0244,False,False
2019-10-20 18:00:00,4.3783,0.0497,False,False
2019-10-20 19:00:00,2.3833,0.0,False,True
2019-10-20 20:00:00,2.0,0.0,False,True
2019-10-20 21:00:00,2.395,0.0,False,True
2019-10-20 22:00:00,1.7367,0.0,False,True
2019-10-20 23:00:00,1.325,0.0,False,True
2019-10-21 00:00:00,1.735,0.0,False,True
2019-10-21 01:00:00,1.17,0.0,False,True
2019-10-21 02:00:00,1.0983,0.0,False,True
2019-10-21 03:00:00,1.6733,0.0,False,True
2019-10-21 04:00:00,1.4033,0.0,False,True
2019-10-21 05:00:00,0.95,0.0,False,True
2019-10-21 06:00:00,2.6483,0.0,False,True
2019-10-21 07:00:00,1.5983,0.0,False,True
2019-10-21 08:00:00,1.9733,0.0,False,True
2019-10-21 09:00:00,1.3233,0.0,False,True
2019-10-21 10:00:00,1.1167,0.0,False,True
2019-10-21 11:00:00,1.3117,0.0,False,True
2019-10-21 12:00:00,1.4083,0.0,False,True
2019-10-21 13:00:00,2.1883,0.0,False,True
2019-10-21 14:00:00,2.565,0.0,False,True
2019-10-21 15:00:00,2.0,0.0,False,True
2019-10-21 16:00:00,3.725,0.0008,False,False
2019-10-21 17:00:00,3.2217,0.0,False,True
2019-10-21 18:00:00,2.7733,0.0,False,True
2019-10-21 19:00:00,2.26,0.0,False,True
2019-10-21 20:00:00,1.91,0.0,False,True
2019-10-21 21:00:00,1.6233,0.0,False,True
2019-10-21 22:00:00,0.8,0.0,False,True
2019-10-21 23:00:00,2.9167,0.0,False,True
2019-10-22 00:00:00,3.36,0.0,False,True
2019-10-22 01:00:00,2.4017,0.0,False,True
2019-10-22 02:00:00,2.6883,0.0,False,True
2019-10-22 03:00:00,2.0017,0.0,False,True
2019-10-22 04:00:00,1.9917,0.0,False,True
2019-10-22 05:00:00,1.31,0.0,False,True
2019-10-22 06:00:00,1.7167,0.0,False,True
2019-10-22 07:00:00,1.2917,0.0,False,True
2019-10-22 08:00:00,1.2783,0.0,False,True
2019-10-22 09:00:00,1.7367,0.0,False,True
2019-10-22 10:00:00,2.0417,0.0,False,True
2019-10-22 11:00:00,1.795,0.0,False,True
2019-10-22 12:00:00,1.7033,0.0,False,True
2019-10-22 13:00:00,1.975,0.0,False,True
2019-10-22 14:00:00,1.7483,0.0,False,True
2019-10-22 15:00:00,1.9667,0.0,False,True
2019-10-22 16:00:00,1.7983,0.0,False,True
2019-10-22 17:00:00,1.2667,0.0,False,True
2019-10-22 18:00:00,0.9433,0.0,False,True
2019-10-22 19:00:00,2.865,0.0,False,True
2019-10-22 20:00:00,1.5533,0.0,False,True
2019-10-22 21:00:00,2.595,0.0,False,True
2019-10-22 22:00:00,1.0033,0.0,False,True
2019-10-22 23:00:00,1.8633,0.0,False,True
2019-10-23 00:00:00,2.99,0.0,False,True
2019-10-23 01:00:00,1.5367,0.0,False,True
2019-10-23 02:00:00,3.4267,0.0,False,True
2019-10-23 03:00:00,6.1083,1.3003,False,False
2019-10-23 04:00:00,10.0333,20.4343,False,False
2019-10-23 05:00:00,13.595,45.0,False,False
2019-10-23 06:00:00,13.9833,45.0,False,False
2019-10-23 07:00:00,12.0267,45.0,False,False
2019-10-23 08:00:00,11.505,37.5872,False,False
2019-10-23 09:00:00,12.8517,45.0,False,False
2019-10-23 10:00:00,13.4433,45.0,False,False
2019-10-23 11:00:00,11.875,43.0438,False,False
2019-10-23 12:00:00,11.76,41.2948,False,False
2019-10-23 13:00:00,10.7783,28.2522,False,False
2019-10-23 14:00:00,7.9833,6.6033,False,False
2019-10-23 15:00:00,3.8467,0.0031,False,False
2019-10-23 16:00:00,2.4883,0.0,False,True
2019-10-23 17:00:00,2.36,0.0,False,True
2019-10-23 18:00:00,4.42,0.0571,False,False
2019-10-23 19:00:00,8.8667,11.3258,False,False
2019-10-23 20:00:00,9.635,16.92,False,False
2019-10-23 21:00:00,7.58,4.9766,False,False
2019-10-23 22:00:00,8.3283,8.248,False,False
2019-10-23 23:00:00,9.9683,19.8305,False,False
2019-10-24 00:00:00,11.5633,38.4149,False,False
2019-10-24 01:00:00,12.2117,45.0,False,False
2019-10-24 02:00:00,13.775,45.0,False,False
2019-10-24 03:00:00,16.0217,45.0,False,False
2019-10-24 04:00:00,18.1717,45.0,False,False
2019-10-24 05:00:00,19.12,45.0,False,False
2019-10-24 06:00:00,18.5567,45.0,False,False
2019-10-24 07:00:00,19.8083,45.0,False,False
2019-10-24 08:00:00,19.105,45.0,False,False
2019-10-24 09:00:00,19.5933,45.0,False,False
2019-10-24 10:00:00,20.2133,45.0,False,False
2019-10-24 11:00:00,20.745,45.0,False,False
2019-10-24 12:00:00,20.825,45.0,False,False
2019-10-24 13:00:00,20.595,45.0,False,False
2019-10-24 14:00:00,20.0433,45.0,False,False
2019-10-24 15:00:00,21.2667,45.0,False,False
2019-10-24 16:00:00,22.955,45.0,False,False
2019-10-24 17:00:00,22.44,45.0,False,False
2019-10-24 18:00:00,24.36,45.0,False,False
2019-10-24 19:00:00,24.3833,45.0,False,False
2019-10-24 20:00:00,24.2917,45.0,False,False
2019-10-24 21:00:00,22.7833,45.0,False,False
2019-10-24 22:00:00,22.7633,45.0,False,False
2019-10-24 23:00:00,22.3117,45.0,False,False
2019-10-25 00:00:00,22.28,45.0,False,False
2019-10-25 01:00:00,22.1033,45.0,False,False
2019-10-25 02:00:00,19.8867,45.0,False,False
2019-10-25 03:00:00,15.2217,45.0,False,False
2019-10-25 04:00:00,17.9733,45.0,False,False
2019-10-25 05:00:00,20.36,45.0,False,False
2019-10-25 06:00:00,18.5717,45.0,False,False
2019-10-25 07:00:00,20.0033,45.0,False,False
2019-10-25 08:00:00,18.68,45.0,False,False
2019-10-25 09:00:00,20.0583,45.0,False,False
2019-10-25 10:00:00,22.015,45.0,False,False
2019-10-25 11:00:00,20.3683,45.0,False,False
2019-10-25 12:00:00,21.32,45.0,False,False
2019-10-25 13:00:00,22.7133,45.0,False,False
2019-10-25 14:00:00,18.845,45.0,False,False
2019-10-25 15:00:00,17.8917,45.0,False,False
2019-10-25 16:00:00,14.2667,45.0,False,False
2019-10-25 17:00:00,6.945,2.9959,False,False
2019-10-25 18:00:00,5.3033,0.4297,False,False
2019-10-25 19:00:00,13.7317,45.0,False,False
2019-10-25 20:00:00,16.1083,45.0,False,False
2019-10-25 21:00:00,14.5267,45.0,False,False
2019-10-25 22:00:00,13.6683,45.0,False,False
2019-10-25 23:00:00,17.6717,45.0,False,False
2019-10-26 00:00:00,19.6767,45.0,False,False
2019-10-26 01:00:00,17.0783,45.0,False,False
2019-10-26 02:00:00,18.09,45.0,False,False
2019-10-26 03:00:00,17.3833,45.0,False,False
2019-10-26 04:00:00,15.3483,45.0,False,False
2019-10-26 05:00:00,8.4083,8.6648,False,False
2019-10-26 06:00:00,10.0167,20.2783,False,False
2019-10-26 07:00:00,6.3683,1.7292,False,False
2019-10-26 08:00:00,5.82,0.915,False,False
2019-10-26 09:00:00,1.9067,0.0,False,True
2019-10-26 10:00:00,4.0667,0.0133,False,False
2019-10-26 11:00:00,4.0783,0.0142,False,False
2019-10-26 12:00:00,4.8633,0.1857,False,False
2019-10-26 13:00:00,3.7567,0.0012,False,False
2019-10-26 14:00:00,11.1183,32.3993,False,False
2019-10-26 15:00:00,8.51,9.2144,False,False
2019-10-26 16:00:00,8.4633,8.9593,False,False
2019-10-26 17:00:00,11.3367,35.2655,False,False
2019-10-26 18:00:00,7.0833,3.3715,False,False
2019-10-26 19:00:00,5.4733,0.5631,False,False
2019-10-26 20:00:00,8.69,10.2437,False,False
2019-10-26 21:00:00,10.0717,20.7961,False,False
2019-10-26 22:00:00,13.1733,45.0,False,False
2019-10-26 23:00:00,13.185,45.0,False,False
2019-10-27 00:00:00,13.12,45.0,False,False
2019-10-27 01:00:00,15.9,45.0,False,False
2019-10-27 02:00:00,11.855,42.7361,False,False
2019-10-27 03:00:00,9.1583,13.2746,False,False
2019-10-27 04:00:00,9.8117,18.4242,False,False
2019-10-27 05:00:00,4.3883,0.0514,False,False
2019-10-27 06:00:00,3.0333,0.0,False,True
2019-10-27 07:00:00,8.5317,9.3345,False,False
2019-10-27 08:00:00,16.0967,45.0,False,False
2019-10-27 09:00:00,17.965,45.0,False,False
2019-10-27 10:00:00,17.4583,45.0,False,False
2019-10-27 11:00:00,15.15,45.0,False,False
2019-10-27 12:00:00,15.6733,45.0,False,False
2019-10-27 13:00:00,15.7233,45.0,False,False
2019-10-27 14:00:00,14.7267,45.0,False,False
2019-10-27 15:00:00,12.8917,45.0,False,False
2019-10-27 16:00:00,11.3133,34.9514,False,False
2019-10-27 17:00:00,11.5633,38.4149,False,False
2019-10-27 18:00:00,11.9233,43.7933,False,False
2019-10-27 19:00:00,12.5967,45.0,False,False
2019-10-27 20:00:00,13.3517,45.0,False,False
2019-10-27 21:00:00,13.875,45.0,False,False
2019-10-27 22:00:00,19.6667,45.0,False,False
2019-10-27 23:00:00,24.855,45.0,False,False
2019-10-28 00:00:00,27.8067,0.0,True,False
2019-10-28 01:00:00,27.7033,0.0,True,False
2019-10-28 02:00:00,24.905,45.0,False,False
2019-10-28 03:00:00,28.725,0.0,True,False
2019-10-28 04:00:00,27.62,0.0,True,False
2019-10-28 05:00:00,25.64,0.0,True,False
2019-10-28 06:00:00,24.99,45.0,False,False
2019-10-28 07:00:00,20.6817,45.0,False,False
2019-10-28 08:00:00,15.625,45.0,False,False
2019-10-28 09:00:00,13.11,45.0,False,False
2019-10-28 10:00:00,15.79,45.0,False,False
2019-10-28 11:00:00,17.22,45.0,False,False
2019-10-28 12:00:00,14.5783,45.0,False,False
2019-10-28 13:00:00,13.135,45.0,False,False
2019-10-28 14:00:00,10.6067,26.2999,False,False
2019-10-28 15:00:00,9.0533,12.5492,False,False
2019-10-28 16:00:00,8.4017,8.6295,False,False
2019-10-28 17:00:00,4.3667,0.0477,False,False
2019-10-28 18:00:00,6.8583,2.7754,False,False
2019-10-28 19:00:00,12.5133,45.0,False,False
2019-10-28 20:00:00,15.9483,45.0,False,False
2019-10-28 21:00:00,18.2817,45.0,False,False
2019-10-28 22:00:00,20.7817,45.0,False,False
2019-10-28 23:00:00,21.81,45.0,False,False
2019-10-29 00:00:00,24.0983,45.0,False,False
2019-10-29 01:00:00,24.835,45.0,False,False
2019-10-29 02:00:00,25.9533,0.0,True,False
2019-10-29 03:00:00,23.255,45.0,False,False
2019-10-29 04:00:00,24.185,45.0,False,False
2019-10-29 05:00:00,22.2883,45.0,False,False
2019-10-29 06:00:00,21.2033,45.0,False,False
2019-10-29 07:00:00,20.4267,45.0,False,False
2019-10-29 08:00:00,16.1183,45.0,False,False
2019-10-29 09:00:00,14.6283,45.0,False,False
2019-10-29 10:00:00,17.0583,45.0,False,False
2019-10-29 11:00:00,7.1283,3.5001,False,False
2019-10-29 12:00:00,7.53,4.7959,False,False
2019-10-29 13:00:00,9.555,16.2667,False,False
2019-10-29 14:00:00,11.0917,32.0603,False,False
2019-10-29 15:00:00,5.11,0.3058,False,False
2019-10-29 16:00:00,4.0817,0.0144,False,False
2019-10-29 17:00:00,2.65,0.0,False,True
2019-10-29 18:00:00,4.805,0.1628,False,False
2019-10-29 19:00:00,16.33,45.0,False,False
2019-10-29 20:00:00,21.0417,45.0,False,False
2019-10-29 21:00:00,22.7533,45.0,False,False
2019-10-29 22:00:00,25.545,0.0,True,False
2019-10-29 23:00:00,23.6033,45.0,False,False
2019-10-30 00:00:00,25.935,0.0,True,False
2019-10-30 01:00:00,28.565,0.0,True,False
2019-10-30 02:00:00,28.205,0.0,True,False
2019-10-30 03:00:00,27.5367,0.0,True,False
2019-10-30 04:00:00,27.4167,0.0,True,False
2019-10-30 05:00:00,26.4617,0.0,True,False
2019-10-30 06:00:00,24.3517,45.0,False,False
2019-10-30 07:00:00,19.5767,45.0,False,False
2019-10-30 08:00:00,19.0333,45.0,False,False
2019-10-30 09:00:00,15.7933,45.0,False,False
2019-10-30 10:00:00,12.21,45.0,False,False
2019-10-30 11:00:00,5.3917,0.496,False,False
2019-10-30 12:00:00,3.5583,0.0,False,False
2019-10-30 13:00:00,2.555,0.0,False,True
2019-10-30 14:00:00,2.4517,0.0,False,True
2019-10-30 15:00:00,2.7883,0.0,False,True
2019-10-30 16:00:00,7.0117,3.1732,False,False
2019-10-30 17:00:00,8.155,7.3912,False,False
2019-10-30 18:00:00,12.225,45.0,False,False
2019-10-30 19:00:00,13.0233,45.0,False,False
2019-10-30 20:00:00,14.6017,45.0,False,False
2019-10-30 21:00:00,18.45,45.0,False,False
2019-10-30 22:00:00,19.15,45.0,False,False
2019-10-30 23:00:00,19.45,45.0,False,False
2019-10-31 00:00:00,18.87,45.0,False,False
2019-10-31 01:00:00,20.15,45.0,False,False
2019-10-31 02:00:00,22.195,45.0,False,False
2019-10-31 03:00:00,22.8617,45.0,False,False
2019-10-31 04:00:00,22.435,45.0,False,False
2019-10-31 05:00:00,16.0883,45.0,False,False
2019-10-31 06:00:00,13.4783,45.0,False,False
2019-10-31 07:00:00,12.68,45.0,False,False
2019-10-31 08:00:00,18.285,45.0,False,False
2019-10-31 09:00:00,14.475,45.0,False,False
2019-10-31 10:00:00,13.525,45.0,False,False
2019-10-31 11:00:00,12.2083,45.0,False,False
2019-10-31 12:00:00,6.5633,2.1064,False,False
2019-10-31 13:00:00,11.4717,37.1196,False,False
2019-10-31 14:00:00,20.0267,45.0,False,False
2019-10-31 15:00:00,19.2017,45.0,False,False
2019-10-31 16:00:00,16.325,45.0,False,False
2019-10-31 17:00:00,15.9317,45.0,False,False
2019-10-31 18:00:00,15.03,45.0,False,False
2019-10-31 19:00:00,17.285,45.0,False,False
2019-10-31 20:00:00,17.84,45.0,False,False
2019-10-31 21:00:00,19.0033,45.0,False,False
2019-10-31 22:00:00,21.8917,45.0,False,False
2019-10-31 23:00:00,25.4933,0.0,True,False
2019-11-01 00:00:00,25.955,0.0,True,False
2019-11-01 01:00:00,28.8583,0.0,True,False
2019-11-01 02:00:00,27.2617,0.0,True,False
2019-11-01 03:00:00,26.005,0.0,True,False
2019-11-01 04:00:00,26.4983,0.0,True,False
2019-11-01 05:00:00,23.465,45.0,False,False
2019-11-01 06:00:00,26.7933,0.0,True,False
2019-11-01 07:00:00,24.7067,45.0,False,False
2019-11-01 08:00:00,26.5617,0.0,True,False
2019-11-01 09:00:00,27.2083,0.0,True,False
2019-11-01 10:00:00,25.8483,0.0,True,False
2019-11-01 11:00:00,24.03,45.0,False,False
2019-11-01 12:00:00,23.085,45.0,False,False
2019-11-01 13:00:00,18.4683,45.0,False,False
2019-11-01 14:00:00,15.5533,45.0,False,False
2019-11-01 15:00:00,13.5633,45.0,False,False
2019-11-01 16:00:00,13.2017,45.0,False,False
2019-11-01 17:00:00,12.0317,45.0,False,False
2019-11-01 18:00:00,13.6133,45.0,False,False
2019-11-01 19:00:00,19.435,45.0,False,False
2019-11-01 20:00:00,22.0867,45.0,False,False
2019-11-01 21:00:00,19.5783,45.0,False,False
2019-11-01 22:00:00,21.45,45.0,False,False
2019-11-01 23:00:00,19.585,45.0,False,False
2019-11-02 00:00:00,23.0667,45.0,False,False
2019-11-02 01:00:00,26.7983,0.0,True,False
2019-11-02 02:00:00,27.25,0.0,True,False
2019-11-02 03:00:00,26.82,0.0,True,False
2019-11-02 04:00:00,23.5167,45.0,False,False
2019-11-02 05:00:00,20.7017,45.0,False,False
2019-11-02 06:00:00,15.715,45.0,False,False
2019-11-02 07:00:00,15.68,45.0,False,False
2019-11-02 08:00:00,16.6,45.0,False,False
2019-11-02 09:00:00,18.685,45.0,False,False
2019-11-02 10:00:00,20.9717,45.0,False,False
2019-11-02 11:00:00,26.0967,0.0,True,False
2019-11-02 12:00:00,25.3933,0.0,True,False
2019-11-02 13:00:00,23.4083,45.0,False,False
2019-11-02 14:00:00,21.8833,45.0,False,False
2019-11-02 15:00:00,21.03,45.0,False,False
2019-11-02 16:00:00,18.195,45.0,False,False
2019-11-02 17:00:00,17.5183,45.0,False,False
2019-11-02 18:00:00,18.3333,45.0,False,False
2019-11-02 19:00:00,20.0183,45.0,False,False
2019-11-02 20:00:00,18.1217,45.0,False,False
2019-11-02 21:00:00,16.0783,45.0,False,False
2019-11-02 22:00:00,19.2967,45.0,False,False
2019-11-02 23:00:00,11.785,41.6709,False,False
2019-11-03 00:00:00,14.4933,45.0,False,False
2019-11-03 01:00:00,16.605,45.0,False,False
2019-11-03 02:00:00,18.695,45.0,False,False
2019-11-03 03:00:00,18.52,45.0,False,False
2019-11-03 04:00:00,19.845,45.0,False,False
2019-11-03 05:00:00,19.8783,45.0,False,False
2019-11-03 06:00:00,18.77,45.0,False,False
2019-11-03 07:00:00,18.9,45.0,False,False
2019-11-03 08:00:00,18.5233,45.0,False,False
2019-11-03 09:00:00,16.7283,45.0,False,False
2019-11-03 10:00:00,15.425,45.0,False,False
2019-11-03 11:00:00,15.4367,45.0,False,False
2019-11-03 12:00:00,14.5633,45.0,False,False
2019-11-03 13:00:00,16.4433,45.0,False,False
2019-11-03 14:00:00,15.4317,45.0,False,False
2019-11-03 15:00:00,14.775,45.0,False,False
2019-11-03 16:00:00,13.4417,45.0,False,False
2019-11-03 17:00:00,12.6133,45.0,False,False
2019-11-03 18:00:00,11.5867,38.7493,False,False
2019-11-03 19:00:00,11.1333,32.5911,False,False
2019-11-03 20:00:00,10.9,29.6928,False,False
2019-11-03 21:00:00,8.8767,11.3892,False,False
2019-11-03 22:00:00,9.94,19.571,False,False
2019-11-03 23:00:00,9.64,16.9614,False,False
2019-11-04 00:00:00,10.96,30.4209,False,False
2019-11-04 01:00:00,9.5833,16.4961,False,False
2019-11-04 02:00:00,11.23,33.845,False,False
2019-11-04 03:00:00,12.7167,45.0,False,False
2019-11-04 04:00:00,14.03,45.0,False,False
2019-11-04 05:00:00,14.145,45.0,False,False
2019-11-04 06:00:00,10.8217,28.7598,False,False
2019-11-04 07:00:00,4.9083,0.2047,False,False
2019-11-04 08:00:00,10.695,27.2928,False,False
2019-11-04 09:00:00,14.93,45.0,False,False
2019-11-04 10:00:00,13.6017,45.0,False,False
2019-11-04 11:00:00,11.51,37.6577,False,False
2019-11-04 12:00:00,11.02,31.1608,False,False
2019-11-04 13:00:00,10.6983,27.3308,False,False
2019-11-04 14:00:00,4.175,0.0225,False,False
2019-11-04 15:00:00,5.7733,0.8609,False,False
2019-11-04 16:00:00,5.1617,0.3362,False,False
2019-11-04 17:00:00,3.4567,0.0,False,True
2019-11-04 18:00:00,8.4533,8.9053,False,False
2019-11-04 19:00:00,8.535,9.3531,False,False
2019-11-04 20:00:00,7.85,6.0315,False,False
2019-11-04 21:00:00,8.0583,6.9402,False,False
2019-11-04 22:00:00,12.6033,45.0,False,False
2019-11-04 23:00:00,13.445,45.0,False,False
2019-11-05 00:00:00,10.87,29.3331,False,False
2019-11-05 01:00:00,13.325,45.0,False,False
2019-11-05 02:00:00,15.53,45.0,False,False
2019-11-05 03:00:00,14.7283,45.0,False,False
2019-11-05 04:00:00,13.915,45.0,False,False
2019-11-05 05:00:00,15.0583,45.0,False,False
2019-11-05 06:00:00,15.7667,45.0,False,False
2019-11-05 07:00:00,13.885,45.0,False,False
2019-11-05 08:00:00,16.28,45.0,False,False
2019-11-05 09:00:00,18.6733,45.0,False,False
2019-11-05 10:00:00,18.1133,45.0,False,False
2019-11-05 11:00:00,20.6217,45.0,False,False
2019-11-05 12:00:00,20.39,45.0,False,False
2019-11-05 13:00:00,18.3983,45.0,False,False
2019-11-05 14:00:00,17.955,45.0,False,False
2019-11-05 15:00:00,18.2117,45.0,False,False
2019-11-05 16:00:00,19.8733,45.0,False,False
2019-11-05 17:00:00,22.1333,45.0,False,False
2019-11-05 18:00:00,17.9467,45.0,False,False
2019-11-05 19:00:00,18.715,45.0,False,False
2019-11-05 20:00:00,16.0,45.0,False,False
2019-11-05 21:00:00,16.935,45.0,False,False
2019-11-05 22:00:00,16.975,45.0,False,False
2019-11-05 23:00:00,16.78,45.0,False,False
2019-11-06 00:00:00,17.535,45.0,False,False
2019-11-06 01:00:00,17.865,45.0,False,False
2019-11-06 02:00:00,18.72,45.0,False,False
2019-11-06 03:00:00,18.3383,45.0,False,False
2019-11-06 04:00:00,17.1433,45.0,False,False
2019-11-06 05:00:00,18.8567,45.0,False,False
2019-11-06 06:00:00,20.7433,45.0,False,False
2019-11-06 07:00:00,17.0383,45.0,False,False
2019-11-06 08:00:00,22.6783,45.0,False,False
2019-11-06 09:00:00,22.3233,45.0,False,False
2019-11-06 10:00:00,20.1367,45.0,False,False
2019-11-06 11:00:00,15.6067,45.0,False,False
2019-11-06 12:00:00,14.7017,45.0,False,False
2019-11-06 13:00:00,18.445,45.0,False,False
2019-11-06 14:00:00,15.955,45.0,False,False
2019-11-06 15:00:00,17.4517,45.0,False,False
2019-11-06 16:00:00,13.525,45.0,False,False
2019-11-06 17:00:00,14.3883,45.0,False,False
2019-11-06 18:00:00,14.2517,45.0,False,False
2019-11-06 19:00:00,9.5033,15.8538,False,False
2019-11-06 20:00:00,8.1683,7.4549,False,False
2019-11-06 21:00:00,10.5417,25.5848,False,False
2019-11-06 22:00:00,11.4633,37.0033,False,False
2019-11-06 23:00:00,13.7483,45.0,False,False
2019-11-07 00:00:00,17.26,45.0,False,False
2019-11-07 01:00:00,18.02,45.0,False,False
2019-11-07 02:00:00,19.6717,45.0,False,False
2019-11-07 03:00:00,20.9033,45.0,False,False
2019-11-07 04:00:00,19.195,45.0,False,False
2019-11-07 05:00:00,17.705,45.0,False,False
2019-11-07 06:00:00,18.6183,45.0,False,False
2019-11-07 07:00:00,19.575,45.0,False,False
2019-11-07 08:00:00,20.08,45.0,False,False
2019-11-07 09:00:00,19.2017,45.0,False,False
2019-11-07 10:00:00,20.0267,45.0,False,False
2019-11-07 11:00:00,17.8433,45.0,False,False
2019-11-07 12:00:00,18.8667,45.0,False,False
2019-11-07 13:00:00,17.7483,45.0,False,False
2019-11-07 14:00:00,17.2467,45.0,False,False
2019-11-07 15:00:00,15.4183,45.0,False,False
2019-11-07 16:00:00,14.115,45.0,False,False
2019-11-07 17:00:00,13.3183,45.0,False,False
2019-11-07 18:00:00,13.7467,45.0,False,False
2019-11-07 19:00:00,13.2883,45.0,False,False
2019-11-07 20:00:00,12.9733,45.0,False,False
2019-11-07 21:00:00,13.175,45.0,False,False
2019-11-07 22:00:00,13.2483,45.0,False,False
2019-11-07 23:00:00,14.7283,45.0,False,False
2019-11-08 00:00:00,14.1333,45.0,False,False
2019-11-08 01:00:00,13.035,45.0,False,False
2019-11-08 02:00:00,15.1967,45.0,False,False
2019-11-08 03:00:00,15.77,45.0,False,False
2019-11-08 04:00:00,15.4367,45.0,False,False
2019-11-08 05:00:00,15.5967,45.0,False,False
2019-11-08 06:00:00,13.4467,45.0,False,False
2019-11-08 07:00:00,12.84,45.0,False,False
2019-11-08 08:00:00,14.2117,45.0,False,False
2019-11-08 09:00:00,13.1017,45.0,False,False
2019-11-08 10:00:00,14.6233,45.0,False,False
2019-11-08 11:00:00,13.4033,45.0,False,False
2019-11-08 12:00:00,12.405,45.0,False,False
2019-11-08 13:00:00,11.1083,32.2719,False,False
2019-11-08 14:00:00,10.6767,27.0847,False,False
2019-11-08 15:00:00,11.43,36.5406,False,False
2019-11-08 16:00:00,12.4983,45.0,False,False
2019-11-08 17:00:00,13.1867,45.0,False,False
2019-11-08 18:00:00,13.8217,45.0,False,False
2019-11-08 19:00:00,11.9183,43.7154,False,False
2019-11-08 20:00:00,11.2483,34.0864,False,False
2019-11-08 21:00:00,10.8567,29.1742,False,False
2019-11-08 22:00:00,10.7233,27.6165,False,False
2019-11-08 23:00:00,13.0333,45.0,False,False
2019-11-09 00:00:00,15.5683,45.0,False,False
2019-11-09 01:00:00,18.2983,45.0,False,False
2019-11-09 02:00:00,20.4783,45.0,False,False
2019-11-09 03:00:00,20.4233,45.0,False,False
2019-11-09 04:00:00,20.2633,45.0,False,False
2019-11-09 05:00:00,20.555,45.0,False,False
2019-11-09 06:00:00,18.945,45.0,False,False
2019-11-09 07:00:00,16.0317,45.0,False,False
2019-11-09 08:00:00,11.915,43.6635,False,False
2019-11-09 09:00:00,14.7,45.0,False,False
2019-11-09 10:00:00,14.375,45.0,False,False
2019-11-09 11:00:00,14.6567,45.0,False,False
2019-11-09 12:00:00,16.0383,45.0,False,False
2019-11-09 13:00:00,18.3833,45.0,False,False
2019-11-09 14:00:00,19.7317,45.0,False,False
2019-11-09 15:00:00,19.1817,45.0,False,False
2019-11-09 16:00:00,17.025,45.0,False,False
2019-11-09 17:00:00,14.2017,45.0,False,False
2019-11-09 18:00:00,13.9467,45.0,False,False
2019-11-09 19:00:00,19.3983,45.0,False,False
2019-11-09 20:00:00,18.6567,45.0,False,False
2019-11-09 21:00:00,16.6533,45.0,False,False
2019-11-09 22:00:00,19.4417,45.0,False,False
2019-11-09 23:00:00,21.545,45.0,False,False
2019-11-10 00:00:00,22.835,45.0,False,False
2019-11-10 01:00:00,24.54,45.0,False,False
2019-11-10 02:00:00,23.7967,45.0,False,False
2019-11-10 03:00:00,26.425,0.0,True,False
2019-11-10 04:00:00,23.3883,45.0,False,False
2019-11-10 05:00:00,25.5983,0.0,True,False
2019-11-10 06:00:00,23.4617,45.0,False,False
2019-11-10 07:00:00,22.1733,45.0,False,False
2019-11-10 08:00:00,21.8283,45.0,False,False
2019-11-10 09:00:00,23.5783,45.0,False,False
2019-11-10 10:00:00,22.2117,45.0,False,False
2019-11-10 11:00:00,22.62,45.0,False,False
2019-11-10 12:00:00,23.8483,45.0,False,False
2019-11-10 13:00:00,23.9683,45.0,False,False
2019-11-10 14:00:00,21.5517,45.0,False,False
2019-11-10 15:00:00,21.605,45.0,False,False
2019-11-10 16:00:00,22.085,45.0,False,False
2019-11-10 17:00:00,20.2567,45.0,False,False
2019-11-10 18:00:00,17.6917,45.0,False,False
2019-11-10 19:00:00,14.32,45.0,False,False
2019-11-10 20:00:00,14.5183,45.0,False,False
2019-11-10 21:00:00,16.155,45.0,False,False
2019-11-10 22:00:00,17.89,45.0,False,False
2019-11-10 23:00:00,18.7117,45.0,False,False
2019-11-11 00:00:00,17.5267,45.0,False,False
2019-11-11 01:00:00,19.635,45.0,False,False
2019-11-11 02:00:00,18.0767,45.0,False,False
2019-11-11 03:00:00,19.7433,45.0,False,False
2019-11-11 04:00:00,17.6567,45.0,False,False
2019-11-11 05:00:00,14.66,45.0,False,False
2019-11-11 06:00:00,13.3067,45.0,False,False
2019-11-11 07:00:00,11.3883,35.9676,False,False
2019-11-11 08:00:00,14.5933,45.0,False,False
2019-11-11 09:00:00,16.7867,45.0,False,False
2019-11-11 10:00:00,15.81,45.0,False,False
2019-11-11 11:00:00,9.155,13.2511,False,False
2019-11-11 12:00:00,5.8767,0.9837,False,False
2019-11-11 13:00:00,3.14,0.0,False,True
2019-11-11 14:00:00,5.6917,0.7714,False,False
2019-11-11 15:00:00,4.085,0.0147,False,False
2019-11-11 16:00:00,2.6067,0.0,False,True
2019-11-11 17:00:00,5.2867,0.4179,False,False
2019-11-11 18:00:00,6.1283,1.3304,False,False
2019-11-11 19:00:00,7.2567,3.8848,False,False
2019-11-11 20:00:00,6.9517,3.0133,False,False
2019-11-11 21:00:00,5.53,0.613,False,False
2019-11-11 22:00:00,9.355,14.7074,False,False
2019-11-11 23:00:00,10.2933,22.9723,False,False
2019-11-12 00:00:00,5.815,0.9091,False,False
2019-11-12 01:00:00,9.555,16.2667,False,False
2019-11-12 02:00:00,9.5933,16.5776,False,False
2019-11-12 03:00:00,11.2317,33.8669,False,False
2019-11-12 04:00:00,16.175,45.0,False,False
2019-11-12 05:00:00,15.5083,45.0,False,False
2019-11-12 06:00:00,8.6967,10.2832,False,False
2019-11-12 07:00:00,11.1967,33.409,False,False
2019-11-12 08:00:00,15.295,45.0,False,False
2019-11-12 09:00:00,16.9517,45.0,False,False
2019-11-12 10:00:00,17.0667,45.0,False,False
2019-11-12 11:00:00,16.1383,45.0,False,False
2019-11-12 12:00:00,15.1067,45.0,False,False
2019-11-12 13:00:00,13.855,45.0,False,False
2019-11-12 14:00:00,14.8733,45.0,False,False
2019-11-12 15:00:00,17.3983,45.0,False,False
2019-11-12 16:00:00,16.15,45.0,False,False
2019-11-12 17:00:00,15.5867,45.0,False,False
2019-11-12 18:00:00,13.2917,45.0,False,False
2019-11-12 19:00:00,15.55,45.0,False,False
2019-11-12 20:00:00,16.4983,45.0,False,False
2019-11-12 21:00:00,16.9117,45.0,False,False
2019-11-12 22:00:00,17.5733,45.0,False,False
2019-11-12 23:00:00,17.3517,45.0,False,False
2019-11-13 00:00:00,19.3833,45.0,False,False
2019-11-13 01:00:00,19.0117,45.0,False,False
2019-11-13 02:00:00,15.4033,45.0,False,False
2019-11-13 03:00:00,14.1733,45.0,False,False
2019-11-13 04:00:00,18.1433,45.0,False,False
2019-11-13 05:00:00,15.44,45.0,False,False
2019-11-13 06:00:00,15.1467,45.0,False,False
2019-11-13 07:00:00,14.54,45.0,False,False
2019-11-13 08:00:00,16.825,45.0,False,False
2019-11-13 09:00:00,18.3683,45.0,False,False
2019-11-13 10:00:00,15.7117,45.0,False,False
2019-11-13 11:00:00,14.4033,45.0,False,False
2019-11-13 12:00:00,13.8333,45.0,False,False
2019-11-13 13:00:00,11.805,41.9734,False,False
2019-11-13 14:00:00,10.8833,29.4926,False,False
2019-11-13 15:00:00,8.415,8.7001,False,False
2019-11-13 16:00:00,7.25,3.8641,False,False
2019-11-13 17:00:00,4.795,0.1591,False,False
2019-11-13 18:00:00,4.2683,0.0332,False,False
2019-11-13 19:00:00,4.5733,0.0906,False,False
2019-11-13 20:00:00,3.5567,0.0,False,False
2019-11-13 21:00:00,3.545,0.0,False,False
2019-11-13 22:00:00,3.6617,0.0003,False,False
2019-11-13 23:00:00,5.85,0.951,False,False
2019-11-14 00:00:00,7.975,6.5665,False,False
2019-11-14 01:00:00,11.235,33.9107,False,False
2019-11-14 02:00:00,11.95,44.2105,False,False
2019-11-14 03:00:00,12.8733,45.0,False,False
2019-11-14 04:00:00,12.7433,45.0,False,False
2019-11-14 05:00:00,12.8083,45.0,False,False
2019-11-14 06:00:00,13.0733,45.0,False,False
2019-11-14 07:00:00,12.2833,45.0,False,False
2019-11-14 08:00:00,11.36,35.5814,False,False
2019-11-14 09:00:00,10.8317,28.8778,False,False
2019-11-14 10:00:00,9.0617,12.6058,False,False
2019-11-14 11:00:00,11.07,31.7865,False,False
2019-11-14 12:00:00,12.08,45.0,False,False
2019-11-14 13:00:00,9.6567,17.0999,False,False
2019-11-14 14:00:00,11.4633,37.0033,False,False
2019-11-14 15:00:00,12.645,45.0,False,False
2019-11-14 16:00:00,13.5183,45.0,False,False
2019-11-14 17:00:00,13.7683,45.0,False,False
2019-11-14 18:00:00,13.92,45.0,False,False
2019-11-14 19:00:00,9.7217,17.6472,False,False
2019-11-14 20:00:00,17.035,45.0,False,False
2019-11-14 21:00:00,13.5633,45.0,False,False
2019-11-14 22:00:00,14.995,45.0,False,False
2019-11-14 23:00:00,16.2267,45.0,False,False
2019-11-15 00:00:00,15.1467,45.0,False,False
2019-11-15 01:00:00,16.3533,45.0,False,False
2019-11-15 02:00:00,19.2933,45.0,False,False
2019-11-15 03:00:00,14.1683,45.0,False,False
2019-11-15 04:00:00,10.6617,26.9152,False,False
2019-11-15 05:00:00,11.2183,33.692,False,False
2019-11-15 06:00:00,15.8233,45.0,False,False
2019-11-15 07:00:00,17.8467,45.0,False,False
2019-11-15 08:00:00,18.355,45.0,False,False
2019-11-15 09:00:00,15.0783,45.0,False,False
2019-11-15 10:00:00,12.2783,45.0,False,False
2019-11-15 11:00:00,17.6167,45.0,False,False
2019-11-15 12:00:00,17.0667,45.0,False,False
2019-11-15 13:00:00,17.57,45.0,False,False
2019-11-15 14:00:00,16.1767,45.0,False,False
2019-11-15 15:00:00,17.5967,45.0,False,False
2019-11-15 16:00:00,13.9083,45.0,False,False
2019-11-15 17:00:00,12.4733,45.0,False,False
2019-11-15 18:00:00,10.6917,27.2549,False,False
2019-11-15 19:00:00,11.3217,35.0634,False,False
2019-11-15 20:00:00,10.7067,27.4258,False,False
2019-11-15 21:00:00,13.7067,45.0,False,False
2019-11-15 22:00:00,16.4133,45.0,False,False
2019-11-15 23:00:00,19.4633,45.0,False,False
2019-11-16 00:00:00,24.6833,45.0,False,False
2019-11-16 01:00:00,25.4683,0.0,True,False
2019-11-16 02:00:00,25.0407,0.0,True,False
2019-11-16 03:00:00,27.035,0.0,True,False
2019-11-16 04:00:00,27.4633,0.0,True,False
2019-11-16 05:00:00,23.4833,45.0,False,False
2019-11-16 06:00:00,20.0667,45.0,False,False
2019-11-16 07:00:00,19.4233,45.0,False,False
2019-11-16 08:00:00,17.0617,45.0,False,False
2019-11-16 09:00:00,16.33,45.0,False,False
2019-11-16 10:00:00,16.1733,45.0,False,False
2019-11-16 11:00:00,15.0033,45.0,False,False
2019-11-16 12:00:00,14.6333,45.0,False,False
2019-11-16 13:00:00,17.665,45.0,False,False
2019-11-16 14:00:00,20.3683,45.0,False,False
2019-11-16 15:00:00,18.63,45.0,False,False
2019-11-16 16:00:00,17.6917,45.0,False,False
2019-11-16 17:00:00,15.2833,45.0,False,False
2019-11-16 18:00:00,14.7117,45.0,False,False
2019-11-16 19:00:00,15.7367,45.0,False,False
2019-11-16 20:00:00,16.5683,45.0,False,False
2019-11-16 21:00:00,19.2167,45.0,False,False
2019-11-16 22:00:00,20.92,45.0,False,False
2019-11-16 23:00:00,19.3617,45.0,False,False
2019-11-17 00:00:00,20.2433,45.0,False,False
2019-11-17 01:00:00,21.16,45.0,False,False
2019-11-17 02:00:00,22.0533,45.0,False,False
2019-11-17 03:00:00,22.63,45.0,False,False
2019-11-17 04:00:00,23.08,45.0,False,False
2019-11-17 05:00:00,23.605,45.0,False,False
2019-11-17 06:00:00,21.67,45.0,False,False
2019-11-17 07:00:00,21.6133,45.0,False,False
2019-11-17 08:00:00,19.9517,45.0,False,False
2019-11-17 09:00:00,20.69,45.0,False,False
2019-11-17 10:00:00,19.475,45.0,False,False
2019-11-17 11:00:00,20.82,45.0,False,False
2019-11-17 12:00:00,22.3817,45.0,False,False
2019-11-17 13:00:00,21.9967,45.0,False,False
2019-11-17 14:00:00,19.58,45.0,False,False
2019-11-17 15:00:00,18.7933,45.0,False,False
2019-11-17 16:00:00,17.4417,45.0,False,False
2019-11-17 17:00:00,15.9367,45.0,False,False
2019-11-17 18:00:00,14.2033,45.0,False,False
2019-11-17 19:00:00,14.3717,45.0,False,False
2019-11-17 20:00:00,14.1267,45.0,False,False
2019-11-17 21:00:00,13.7617,45.0,False,False
2019-11-17 22:00:00,14.275,45.0,False,False
2019-11-17 23:00:00,16.0633,45.0,False,False
2019-11-18 00:00:00,16.58,45.0,False,False
2019-11-18 01:00:00,21.9767,45.0,False,False
2019-11-18 02:00:00,21.8683,45.0,False,False
2019-11-18 03:00:00,22.0583,45.0,False,False
2019-11-18 04:00:00,21.6083,45.0,False,False
2019-11-18 05:00:00,20.9567,45.0,False,False
2019-11-18 06:00:00,18.0883,45.0,False,False
2019-11-18 07:00:00,14.465,45.0,False,False
2019-11-18 08:00:00,14.3317,45.0,False,False
2019-11-18 09:00:00,13.3267,45.0,False,False
2019-11-18 10:00:00,12.0967,45.0,False,False
2019-11-18 11:00:00,9.1733,13.3804,False,False
2019-11-18 12:00:00,8.3083,8.1459,False,False
2019-11-18 13:00:00,8.12,7.2257,False,False
2019-11-18 14:00:00,6.375,1.7413,False,False
2019-11-18 15:00:00,7.5833,4.9888,False,False
2019-11-18 16:00:00,7.3583,4.2088,False,False
2019-11-18 17:00:00,7.67,5.3133,False,False
2019-11-18 18:00:00,8.565,9.5213,False,False
2019-11-18 19:00:00,6.3383,1.6755,False,False
2019-11-18 20:00:00,6.6583,2.3085,False,False
2019-11-18 21:00:00,5.095,0.2973,False,False
2019-11-18 22:00:00,9.5283,16.0527,False,False
2019-11-18 23:00:00,11.8583,42.7873,False,False
2019-11-19 00:00:00,14.6667,45.0,False,False
2019-11-19 01:00:00,16.5333,45.0,False,False
2019-11-19 02:00:00,18.9767,45.0,False,False
2019-11-19 03:00:00,22.9767,45.0,False,False
2019-11-19 04:00:00,22.4017,45.0,False,False
2019-11-19 05:00:00,21.4967,45.0,False,False
2019-11-19 06:00:00,19.5033,45.0,False,False
2019-11-19 07:00:00,15.3117,45.0,False,False
2019-11-19 08:00:00,11.6767,40.0576,False,False
2019-11-19 09:00:00,11.7767,41.5453,False,False
2019-11-19 10:00:00,8.1867,7.5431,False,False
2019-11-19 11:00:00,7.6933,5.403,False,False
2019-11-19 12:00:00,7.9567,6.4861,False,False
2019-11-19 13:00:00,8.0517,6.9098,False,False
2019-11-19 14:00:00,7.595,5.0317,False,False
2019-11-19 15:00:00,9.88,19.0291,False,False
2019-11-19 16:00:00,8.4217,8.7356,False,False
2019-11-19 17:00:00,6.2583,1.5378,False,False
2019-11-19 18:00:00,5.155,0.3322,False,False
2019-11-19 19:00:00,4.76,0.1466,False,False
2019-11-19 20:00:00,4.1133,0.0169,False,False
2019-11-19 21:00:00,3.93,0.0058,False,False
2019-11-19 22:00:00,8.7367,10.5225,False,False
2019-11-19 23:00:00,8.845,11.1892,False,False
2019-11-20 00:00:00,7.2967,4.0102,False,False
2019-11-20 01:00:00,17.855,45.0,False,False
2019-11-20 02:00:00,15.9867,45.0,False,False
2019-11-20 03:00:00,16.705,45.0,False,False
2019-11-20 04:00:00,17.6267,45.0,False,False
2019-11-20 05:00:00,15.3917,45.0,False,False
2019-11-20 06:00:00,14.325,45.0,False,False
2019-11-20 07:00:00,10.5517,25.694,False,False
2019-11-20 08:00:00,4.1017,0.016,False,False
2019-11-20 09:00:00,7.175,3.6369,False,False
2019-11-20 10:00:00,9.2017,13.5819,False,False
2019-11-20 11:00:00,7.3667,4.2361,False,False
2019-11-20 12:00:00,6.1117,1.3053,False,False
2019-11-20 13:00:00,11.04,31.4101,False,False
2019-11-20 14:00:00,12.8783,45.0,False,False
2019-11-20 15:00:00,10.675,27.0658,False,False
2019-11-20 16:00:00,3.8817,0.0041,False,False
2019-11-20 17:00:00,6.7717,2.566,False,False
2019-11-20 18:00:00,4.2017,0.0253,False,False
2019-11-20 19:00:00,3.805,0.0021,False,False
2019-11-20 20:00:00,4.4417,0.0612,False,False
2019-11-20 21:00:00,3.455,0.0,False,True
2019-11-20 22:00:00,2.1417,0.0,False,True
2019-11-20 23:00:00,5.465,0.556,False,False
2019-11-21 00:00:00,6.8733,2.8128,False,False
2019-11-21 01:00:00,16.485,45.0,False,False
2019-11-21 02:00:00,15.59,45.0,False,False
2019-11-21 03:00:00,12.185,45.0,False,False
2019-11-21 04:00:00,9.79,18.2351,False,False
2019-11-21 05:00:00,3.9317,0.0059,False,False
2019-11-21 06:00:00,5.87,0.9754,False,False
2019-11-21 07:00:00,14.905,45.0,False,False
2019-11-21 08:00:00,13.6583,45.0,False,False
2019-11-21 09:00:00,8.7483,10.593,False,False
2019-11-21 10:00:00,6.5367,2.0519,False,False
2019-11-21 11:00:00,7.6767,5.3388,False,False
2019-11-21 12:00:00,7.3333,4.1275,False,False
2019-11-21 13:00:00,7.0067,3.1597,False,False
2019-11-21 14:00:00,5.59,0.669,False,False
2019-11-21 15:00:00,3.8933,0.0045,False,False
2019-11-21 16:00:00,2.1117,0.0,False,True
2019-11-21 17:00:00,2.795,0.0,False,True
2019-11-21 18:00:00,3.1833,0.0,False,True
2019-11-21 19:00:00,3.6217,0.0001,False,False
2019-11-21 20:00:00,5.185,0.3506,False,False
2019-11-21 21:00:00,6.21,1.4584,False,False
2019-11-21 22:00:00,8.6533,10.0281,False,False
2019-11-21 23:00:00,10.64,26.6717,False,False
2019-11-22 00:00:00,12.1083,45.0,False,False
2019-11-22 01:00:00,9.205,13.6058,False,False
2019-11-22 02:00:00,12.4817,45.0,False,False
2019-11-22 03:00:00,9.7067,17.5199,False,False
2019-11-22 04:00:00,13.4433,45.0,False,False
2019-11-22 05:00:00,13.9117,45.0,False,False
2019-11-22 06:00:00,16.7133,45.0,False,False
2019-11-22 07:00:00,17.84,45.0,False,False
2019-11-22 08:00:00,17.53,45.0,False,False
2019-11-22 09:00:00,19.175,45.0,False,False
2019-11-22 10:00:00,17.0767,45.0,False,False
2019-11-22 11:00:00,14.0233,45.0,False,False
2019-11-22 12:00:00,12.55,45.0,False,False
2019-11-22 13:00:00,9.3083,14.3585,False,False
2019-11-22 14:00:00,5.5667,0.6468,False,False
2019-11-22 15:00:00,3.1267,0.0,False,True
2019-11-22 16:00:00,3.7417,0.001,False,False
2019-11-22 17:00:00,4.975,0.2351,False,False
2019-11-22 18:00:00,5.3383,0.4552,False,False
2019-11-22 19:00:00,2.8117,0.0,False,True
2019-11-22 20:00:00,6.7333,2.4769,False,False
2019-11-22 21:00:00,11.4317,36.5636,False,False
2019-11-22 22:00:00,14.6433,45.0,False,False
2019-11-22 23:00:00,15.3417,45.0,False,False
2019-11-23 00:00:00,3.84,0.0029,False,False
2019-11-23 01:00:00,13.2633,45.0,False,False
2019-11-23 02:00:00,20.6383,45.0,False,False
2019-11-23 03:00:00,23.9817,45.0,False,False
2019-11-23 04:00:00,23.9017,45.0,False,False
2019-11-23 05:00:00,21.4383,45.0,False,False
2019-11-23 06:00:00,17.5783,45.0,False,False
2019-11-23 07:00:00,16.47,45.0,False,False
2019-11-23 08:00:00,18.5017,45.0,False,False
2019-11-23 09:00:00,15.91,45.0,False,False
2019-11-23 10:00:00,18.6933,45.0,False,False
2019-11-23 11:00:00,13.6817,45.0,False,False
2019-11-23 12:00:00,12.9583,45.0,False,False
2019-11-23 13:00:00,10.99,30.7894,False,False
2019-11-23 14:00:00,9.6533,17.0721,False,False
2019-11-23 15:00:00,9.925,19.4346,False,False
2019-11-23 16:00:00,10.19,21.9399,False,False
2019-11-23 17:00:00,9.7483,17.8751,False,False
2019-11-23 18:00:00,7.7383,5.5788,False,False
2019-11-23 19:00:00,10.04,20.4969,False,False
2019-11-23 20:00:00,12.1567,45.0,False,False
2019-11-23 21:00:00,14.925,45.0,False,False
2019-11-23 22:00:00,18.0083,45.0,False,False
2019-11-23 23:00:00,22.4283,45.0,False,False
2019-11-24 00:00:00,22.625,45.0,False,False
2019-11-24 01:00:00,25.495,0.0,True,False
2019-11-24 02:00:00,29.8733,0.0,True,False
2019-11-24 03:00:00,28.68,0.0,True,False
2019-11-24 04:00:00,25.1067,0.0,True,False
2019-11-24 05:00:00,21.9517,45.0,False,False
2019-11-24 06:00:00,19.06,45.0,False,False
2019-11-24 07:00:00,15.01,45.0,False,False
2019-11-24 08:00:00,13.4367,45.0,False,False
2019-11-24 09:00:00,13.8683,45.0,False,False
2019-11-24 10:00:00,9.6717,17.2252,False,False
2019-11-24 11:00:00,7.4417,4.4874,False,False
2019-11-24 12:00:00,8.4217,8.7356,False,False
2019-11-24 13:00:00,7.69,5.3901,False,False
2019-11-24 14:00:00,6.3783,1.7473,False,False
2019-11-24 15:00:00,5.5483,0.6297,False,False
2019-11-24 16:00:00,3.7467,0.0011,False,False
2019-11-24 17:00:00,3.4083,0.0,False,True
2019-11-24 18:00:00,5.8083,0.9013,False,False
2019-11-24 19:00:00,7.02,3.1958,False,False
2019-11-24 20:00:00,4.87,0.1884,False,False
2019-11-24 21:00:00,12.5367,45.0,False,False
2019-11-24 22:00:00,19.9317,45.0,False,False
2019-11-24 23:00:00,23.015,45.0,False,False
2019-11-25 00:00:00,27.245,0.0,True,False
2019-11-25 01:00:00,28.47,0.0,True,False
2019-11-25 02:00:00,28.8417,0.0,True,False
2019-11-25 03:00:00,30.4783,0.0,True,False
2019-11-25 04:00:00,29.115,0.0,True,False
2019-11-25 05:00:00,22.0683,45.0,False,False
2019-11-25 06:00:00,17.1433,45.0,False,False
2019-11-25 07:00:00,18.1067,45.0,False,False
2019-11-25 08:00:00,18.4683,45.0,False,False
2019-11-25 09:00:00,16.8567,45.0,False,False
2019-11-25 10:00:00,16.6817,45.0,False,False
2019-11-25 11:00:00,14.45,45.0,False,False
2019-11-25 12:00:00,14.2767,45.0,False,False
2019-11-25 13:00:00,10.98,30.6662,False,False
2019-11-25 14:00:00,9.6167,16.7687,False,False
2019-11-25 15:00:00,9.5233,16.0128,False,False
2019-11-25 16:00:00,7.6217,5.1307,False,False
2019-11-25 17:00:00,4.3867,0.0511,False,False
2019-11-25 18:00:00,2.0,0.0,False,True
2019-11-25 19:00:00,7.2583,3.8899,False,False
2019-11-25 20:00:00,6.4083,1.8026,False,False
2019-11-25 21:00:00,8.225,7.7297,False,False
2019-11-25 22:00:00,9.1733,13.3804,False,False
2019-11-25 23:00:00,9.42,15.2027,False,False
2019-11-26 00:00:00,6.6783,2.3526,False,False
2019-11-26 01:00:00,5.4683,0.5588,False,False
2019-11-26 02:00:00,13.0633,45.0,False,False
2019-11-26 03:00:00,5.7433,0.8273,False,False
2019-11-26 04:00:00,3.9017,0.0047,False,False
2019-11-26 05:00:00,3.3433,0.0,False,True
2019-11-26 06:00:00,4.885,0.1947,False,False
2019-11-26 07:00:00,4.8933,0.1982,False,False
2019-11-26 08:00:00,4.7033,0.1277,False,False
2019-11-26 09:00:00,7.8367,5.9762,False,False
2019-11-26 10:00:00,7.5867,5.0011,False,False
2019-11-26 11:00:00,7.0033,3.1506,False,False
2019-11-26 12:00:00,4.87,0.1884,False,False
2019-11-26 13:00:00,4.9433,0.2203,False,False
2019-11-26 14:00:00,5.8217,0.917,False,False
2019-11-26 15:00:00,6.4617,1.9035,False,False
2019-11-26 16:00:00,5.5483,0.6297,False,False
2019-11-26 17:00:00,4.63,0.1057,False,False
2019-11-26 18:00:00,7.2517,3.8693,False,False
2019-11-26 19:00:00,6.125,1.3254,False,False
2019-11-26 20:00:00,4.0017,0.0093,False,False
2019-11-26 21:00:00,6.9633,3.044,False,False
2019-11-26 22:00:00,7.6433,5.212,False,False
2019-11-26 23:00:00,6.2433,1.5128,False,False
2019-11-27 00:00:00,6.0183,1.1703,False,False
2019-11-27 01:00:00,6.755,2.527,False,False
2019-11-27 02:00:00,5.4033,0.5052,False,False
2019-11-27 03:00:00,4.28,0.0348,False,False
2019-11-27 04:00:00,3.7483,0.0011,False,False
2019-11-27 05:00:00,2.1183,0.0,False,True
2019-11-27 06:00:00,3.525,0.0,False,False
2019-11-27 07:00:00,4.6383,0.1081,False,False
2019-11-27 08:00:00,4.885,0.1947,False,False
2019-11-27 09:00:00,8.5683,9.5401,False,False
2019-11-27 10:00:00,9.8283,18.5705,False,False
2019-11-27 11:00:00,9.6317,16.8924,False,False
2019-11-27 12:00:00,11.7317,40.8714,False,False
2019-11-27 13:00:00,11.1167,32.378,False,False
2019-11-27 14:00:00,8.3567,8.394,False,False
2019-11-27 15:00:00,8.0883,7.0782,False,False
2019-11-27 16:00:00,7.3933,4.3243,False,False
2019-11-27 17:00:00,4.2067,0.0259,False,False
2019-11-27 18:00:00,4.16,0.0211,False,False
2019-11-27 19:00:00,5.0667,0.2818,False,False
2019-11-27 20:00:00,5.9383,1.0623,False,False
2019-11-27 21:00:00,7.1983,3.7066,False,False
2019-11-27 22:00:00,6.525,2.0283,False,False
2019-11-27 23:00:00,7.9433,6.4281,False,False
2019-11-28 00:00:00,7.63,5.1619,False,False
2019-11-28 01:00:00,7.6267,5.1494,False,False
2019-11-28 02:00:00,8.65,10.0087,False,False
2019-11-28 03:00:00,6.4333,1.8494,False,False
2019-11-28 04:00:00,3.0883,0.0,False,True
2019-11-28 05:00:00,2.0683,0.0,False,True
2019-11-28 06:00:00,1.7883,0.0,False,True
2019-11-28 07:00:00,4.94,0.2188,False,False
2019-11-28 08:00:00,6.2033,1.4476,False,False
2019-11-28 09:00:00,4.7167,0.132,False,False
2019-11-28 10:00:00,6.44,1.8621,False,False
2019-11-28 11:00:00,7.1,3.4187,False,False
2019-11-28 12:00:00,9.25,13.9303,False,False
2019-11-28 13:00:00,8.9367,11.7748,False,False
2019-11-28 14:00:00,5.715,0.7963,False,False
2019-11-28 15:00:00,5.6083,0.6867,False,False
2019-11-28 16:00:00,4.045,0.0119,False,False
2019-11-28 17:00:00,4.1917,0.0242,False,False
2019-11-28 18:00:00,2.9783,0.0,False,True
2019-11-28 19:00:00,3.915,0.0052,False,False
2019-11-28 20:00:00,3.7133,0.0007,False,False
2019-11-28 21:00:00,3.8817,0.0041,False,False
2019-11-28 22:00:00,5.4883,0.576,False,False
2019-11-28 23:00:00,4.8033,0.1622,False,False
2019-11-29 00:00:00,2.815,0.0,False,True
2019-11-29 01:00:00,4.8783,0.1919,False,False
2019-11-29 02:00:00,4.7917,0.1579,False,False
2019-11-29 03:00:00,4.8217,0.1692,False,False
2019-11-29 04:00:00,4.5833,0.0932,False,False
2019-11-29 05:00:00,4.4333,0.0596,False,False
2019-11-29 06:00:00,4.285,0.0354,False,False
2019-11-29 07:00:00,2.47,0.0,False,True
2019-11-29 08:00:00,5.8667,0.9713,False,False
2019-11-29 09:00:00,6.4783,1.9359,False,False
2019-11-29 10:00:00,7.1333,3.5146,False,False
2019-11-29 11:00:00,6.4067,1.7995,False,False
2019-11-29 12:00:00,5.2967,0.425,False,False
2019-11-29 13:00:00,4.4883,0.0707,False,False
2019-11-29 14:00:00,3.9017,0.0047,False,False
2019-11-29 15:00:00,4.195,0.0246,False,False
2019-11-29 16:00:00,4.2517,0.0311,False,False
2019-11-29 17:00:00,5.095,0.2973,False,False
2019-11-29 18:00:00,3.4867,0.0,False,True
2019-11-29 19:00:00,3.455,0.0,False,True
2019-11-29 20:00:00,2.8517,0.0,False,True
2019-11-29 21:00:00,2.7,0.0,False,True
2019-11-29 22:00:00,2.0667,0.0,False,True
2019-11-29 23:00:00,1.56,0.0,False,True
2019-11-30 00:00:00,3.8617,0.0035,False,False
2019-11-30 01:00:00,3.0317,0.0,False,True
2019-11-30 02:00:00,2.8867,0.0,False,True
2019-11-30 03:00:00,3.2467,0.0,False,True
2019-11-30 04:00:00,3.7333,0.0009,False,False
2019-11-30 05:00:00,2.1867,0.0,False,True
2019-11-30 06:00:00,3.7183,0.0008,False,False
2019-11-30 07:00:00,3.9783,0.008,False,False
2019-11-30 08:00:00,4.9183,0.2091,False,False
2019-11-30 09:00:00,5.15,0.3292,False,False
2019-11-30 10:00:00,6.2383,1.5046,False,False
2019-11-30 11:00:00,6.5467,2.0722,False,False
2019-11-30 12:00:00,4.9983,0.2465,False,False
2019-11-30 13:00:00,7.5233,4.7721,False,False
2019-11-30 14:00:00,8.4017,8.6295,False,False
2019-11-30 15:00:00,7.635,5.1806,False,False
2019-11-30 16:00:00,7.3183,4.0792,False,False
2019-11-30 17:00:00,9.9433,19.6014,False,False
2019-11-30 18:00:00,9.0367,12.4366,False,False
2019-11-30 19:00:00,7.5217,4.7662,False,False
2019-11-30 20:00:00,8.3117,8.1629,False,False
2019-11-30 21:00:00,9.075,12.6967,False,False
2019-11-30 22:00:00,14.45,45.0,False,False
2019-11-30 23:00:00,14.18,45.0,False,False
2019-12-01 00:00:00,10.6417,26.6904,False,False
2019-12-01 01:00:00,10.26,22.6358,False,False
2019-12-01 02:00:00,8.9017,11.5489,False,False
2019-12-01 03:00:00,9.125,13.0414,False,False
2019-12-01 04:00:00,9.4433,15.3832,False,False
2019-12-01 05:00:00,10.105,21.1142,False,False
2019-12-01 06:00:00,9.2733,14.1005,False,False
2019-12-01 07:00:00,7.5983,5.044,False,False
2019-12-01 08:00:00,7.15,3.5632,False,False
2019-12-01 09:00:00,7.0667,3.3246,False,False
2019-12-01 10:00:00,7.2733,3.9367,False,False
2019-12-01 11:00:00,7.5017,4.6955,False,False
2019-12-01 12:00:00,7.1733,3.6319,False,False
2019-12-01 13:00:00,6.335,1.6696,False,False
2019-12-01 14:00:00,6.4383,1.8589,False,False
2019-12-01 15:00:00,6.23,1.4909,False,False
2019-12-01 16:00:00,6.9433,2.9915,False,False
2019-12-01 17:00:00,6.5367,2.0519,False,False
2019-12-01 18:00:00,5.59,0.669,False,False
2019-12-01 19:00:00,4.7633,0.1477,False,False
2019-12-01 20:00:00,3.01,0.0,False,True
2019-12-01 21:00:00,2.5633,0.0,False,True
2019-12-01 22:00:00,2.4267,0.0,False,True
2019-12-01 23:00:00,3.3817,0.0,False,True
2019-12-02 00:00:00,3.28,0.0,False,True
2019-12-02 01:00:00,2.6133,0.0,False,True
2019-12-02 02:00:00,2.765,0.0,False,True
2019-12-02 03:00:00,1.83,0.0,False,True
2019-12-02 04:00:00,4.42,0.0571,False,False
2019-12-02 05:00:00,4.355,0.0458,False,False
2019-12-02 06:00:00,8.5683,9.5401,False,False
2019-12-02 07:00:00,12.7667,45.0,False,False
2019-12-02 08:00:00,13.12,45.0,False,False
2019-12-02 09:00:00,7.3717,4.2526,False,False
2019-12-02 10:00:00,5.0,0.2473,False,False
2019-12-02 11:00:00,6.6217,2.229,False,False
2019-12-02 12:00:00,5.0333,0.2642,False,False
2019-12-02 13:00:00,3.425,0.0,False,True
2019-12-02 14:00:00,3.7483,0.0011,False,False
2019-12-02 15:00:00,6.2917,1.5942,False,False
2019-12-02 16:00:00,5.815,0.9091,False,False
2019-12-02 17:00:00,6.93,2.9569,False,False
2019-12-02 18:00:00,5.5133,0.598,False,False
2019-12-02 19:00:00,5.4567,0.5489,False,False
2019-12-02 20:00:00,4.9183,0.2091,False,False
2019-12-02 21:00:00,3.0917,0.0,False,True
2019-12-02 22:00:00,3.81,0.0022,False,False
2019-12-02 23:00:00,5.3217,0.443,False,False
2019-12-03 00:00:00,3.2567,0.0,False,True
2019-12-03 01:00:00,1.3167,0.0,False,True
2019-12-03 02:00:00,2.4367,0.0,False,True
2019-12-03 03:00:00,2.325,0.0,False,True
2019-12-03 04:00:00,1.375,0.0,False,True
2019-12-03 05:00:00,2.615,0.0,False,True
2019-12-03 06:00:00,3.2233,0.0,False,True
2019-12-03 07:00:00,5.6817,0.7609,False,False
2019-12-03 08:00:00,5.9967,1.1403,False,False
2019-12-03 09:00:00,5.2267,0.3772,False,False
2019-12-03 10:00:00,5.685,0.7644,False,False
2019-12-03 11:00:00,5.6617,0.7402,False,False
2019-12-03 12:00:00,5.0733,0.2854,False,False
2019-12-03 13:00:00,5.0367,0.2659,False,False
2019-12-03 14:00:00,6.055,1.2222,False,False
2019-12-03 15:00:00,5.32,0.4417,False,False
2019-12-03 16:00:00,5.7667,0.8533,False,False
2019-12-03 17:00:00,5.81,0.9032,False,False
2019-12-03 18:00:00,4.7833,0.1549,False,False
2019-12-03 19:00:00,3.05,0.0,False,True
2019-12-03 20:00:00,2.8033,0.0,False,True
2019-12-03 21:00:00,3.5667,0.0,False,False
2019-12-03 22:00:00,3.185,0.0,False,True
2019-12-03 23:00:00,12.8,45.0,False,False
2019-12-04 00:00:00,15.6733,45.0,False,False
2019-12-04 01:00:00,15.05,45.0,False,False
2019-12-04 02:00:00,17.3967,45.0,False,False
2019-12-04 03:00:00,20.815,45.0,False,False
2019-12-04 04:00:00,20.1083,45.0,False,False
2019-12-04 05:00:00,15.7067,45.0,False,False
2019-12-04 06:00:00,16.76,45.0,False,False
2019-12-04 07:00:00,17.6217,45.0,False,False
2019-12-04 08:00:00,18.8267,45.0,False,False
2019-12-04 09:00:00,19.225,45.0,False,False
2019-12-04 10:00:00,18.205,45.0,False,False
2019-12-04 11:00:00,19.2483,45.0,False,False
2019-12-04 12:00:00,20.6617,45.0,False,False
2019-12-04 13:00:00,20.3217,45.0,False,False
2019-12-04 14:00:00,18.0383,45.0,False,False
2019-12-04 15:00:00,17.5833,45.0,False,False
2019-12-04 16:00:00,17.3983,45.0,False,False
2019-12-04 17:00:00,11.7783,41.5704,False,False
2019-12-04 18:00:00,10.0983,21.0503,False,False
2019-12-04 19:00:00,11.3467,35.4007,False,False
2019-12-04 20:00:00,5.68,0.7591,False,False
2019-12-04 21:00:00,9.62,16.7962,False,False
2019-12-04 22:00:00,8.995,12.1579,False,False
2019-12-04 23:00:00,11.2133,33.6265,False,False
2019-12-05 00:00:00,12.2833,45.0,False,False
2019-12-05 01:00:00,12.5817,45.0,False,False
2019-12-05 02:00:00,12.54,45.0,False,False
2019-12-05 03:00:00,11.5533,38.2721,False,False
2019-12-05 04:00:00,16.315,45.0,False,False
2019-12-05 05:00:00,13.9517,45.0,False,False
2019-12-05 06:00:00,14.9033,45.0,False,False
2019-12-05 07:00:00,16.0533,45.0,False,False
2019-12-05 08:00:00,18.945,45.0,False,False
2019-12-05 09:00:00,20.6533,45.0,False,False
2019-12-05 10:00:00,17.5083,45.0,False,False
2019-12-05 11:00:00,17.1467,45.0,False,False
2019-12-05 12:00:00,17.625,45.0,False,False
2019-12-05 13:00:00,17.1983,45.0,False,False
2019-12-05 14:00:00,15.48,45.0,False,False
2019-12-05 15:00:00,16.4833,45.0,False,False
2019-12-05 16:00:00,15.2683,45.0,False,False
2019-12-05 17:00:00,17.5817,45.0,False,False
2019-12-05 18:00:00,16.015,45.0,False,False
2019-12-05 19:00:00,14.6917,45.0,False,False
2019-12-05 20:00:00,12.6283,45.0,False,False
2019-12-05 21:00:00,11.6383,39.4968,False,False
2019-12-05 22:00:00,10.0933,21.0025,False,False
2019-12-05 23:00:00,13.7067,45.0,False,False
2019-12-06 00:00:00,13.2717,45.0,False,False
2019-12-06 01:00:00,13.9117,45.0,False,False
2019-12-06 02:00:00,13.75,45.0,False,False
2019-12-06 03:00:00,13.5517,45.0,False,False
2019-12-06 04:00:00,12.8717,45.0,False,False
2019-12-06 05:00:00,13.3783,45.0,False,False
2019-12-06 06:00:00,15.5717,45.0,False,False
2019-12-06 07:00:00,14.1283,45.0,False,False
2019-12-06 08:00:00,20.3233,45.0,False,False
2019-12-06 09:00:00,19.1317,45.0,False,False
2019-12-06 10:00:00,20.5733,45.0,False,False
2019-12-06 11:00:00,21.0933,45.0,False,False
2019-12-06 12:00:00,22.7517,45.0,False,False
2019-12-06 13:00:00,21.5367,45.0,False,False
2019-12-06 14:00:00,22.6883,45.0,False,False
2019-12-06 15:00:00,19.9567,45.0,False,False
2019-12-06 16:00:00,18.245,45.0,False,False
2019-12-06 17:00:00,23.2167,45.0,False,False
2019-12-06 18:00:00,21.63,45.0,False,False
2019-12-06 19:00:00,17.28,45.0,False,False
2019-12-06 20:00:00,16.5967,45.0,False,False
2019-12-06 21:00:00,17.0,45.0,False,False
2019-12-06 22:00:00,17.245,45.0,False,False
2019-12-06 23:00:00,16.8167,45.0,False,False
2019-12-07 00:00:00,14.805,45.0,False,False
2019-12-07 01:00:00,12.4633,45.0,False,False
2019-12-07 02:00:00,12.6467,45.0,False,False
2019-12-07 03:00:00,13.21,45.0,False,False
2019-12-07 04:00:00,10.7433,27.8465,False,False
2019-12-07 05:00:00,12.655,45.0,False,False
2019-12-07 06:00:00,9.51,15.9067,False,False
2019-12-07 07:00:00,12.2467,45.0,False,False
2019-12-07 08:00:00,15.8233,45.0,False,False
2019-12-07 09:00:00,15.205,45.0,False,False
2019-12-07 10:00:00,15.8567,45.0,False,False
2019-12-07 11:00:00,14.955,45.0,False,False
2019-12-07 12:00:00,15.2083,45.0,False,False
2019-12-07 13:00:00,14.8683,45.0,False,False
2019-12-07 14:00:00,10.6667,26.9716,False,False
2019-12-07 15:00:00,11.03,31.2853,False,False
2019-12-07 16:00:00,10.3067,23.1078,False,False
2019-12-07 17:00:00,10.9983,30.8923,False,False
2019-12-07 18:00:00,12.5417,45.0,False,False
2019-12-07 19:00:00,9.885,19.0739,False,False
2019-12-07 20:00:00,9.21,13.6416,False,False
2019-12-07 21:00:00,9.475,15.6304,False,False
2019-12-07 22:00:00,7.6733,5.326,False,False
2019-12-07 23:00:00,7.1517,3.568,False,False
2019-12-08 00:00:00,7.0817,3.3668,False,False
2019-12-08 01:00:00,2.7533,0.0,False,True
2019-12-08 02:00:00,11.72,40.6978,False,False
2019-12-08 03:00:00,10.7483,27.9042,False,False
2019-12-08 04:00:00,10.3717,23.7762,False,False
2019-12-08 05:00:00,10.6533,26.8214,False,False
2019-12-08 06:00:00,13.16,45.0,False,False
2019-12-08 07:00:00,15.94,45.0,False,False
2019-12-08 08:00:00,18.865,45.0,False,False
2019-12-08 09:00:00,18.6883,45.0,False,False
2019-12-08 10:00:00,18.265,45.0,False,False
2019-12-08 11:00:00,19.595,45.0,False,False
2019-12-08 12:00:00,19.9483,45.0,False,False
2019-12-08 13:00:00,19.6,45.0,False,False
2019-12-08 14:00:00,19.2267,45.0,False,False
2019-12-08 15:00:00,16.3283,45.0,False,False
2019-12-08 16:00:00,15.92,45.0,False,False
2019-12-08 17:00:00,14.1467,45.0,False,False
2019-12-08 18:00:00,13.98,45.0,False,False
2019-12-08 19:00:00,15.6533,45.0,False,False
2019-12-08 20:00:00,13.7067,45.0,False,False
2019-12-08 21:00:00,14.2733,45.0,False,False
2019-12-08 22:00:00,14.3917,45.0,False,False
2019-12-08 23:00:00,14.6483,45.0,False,False
2019-12-09 00:00:00,15.6967,45.0,False,False
2019-12-09 01:00:00,16.105,45.0,False,False
2019-12-09 02:00:00,17.4433,45.0,False,False
2019-12-09 03:00:00,18.4367,45.0,False,False
2019-12-09 04:00:00,20.8117,45.0,False,False
2019-12-09 05:00:00,21.7033,45.0,False,False
2019-12-09 06:00:00,21.9367,45.0,False,False
2019-12-09 07:00:00,20.3967,45.0,False,False
2019-12-09 08:00:00,21.2133,45.0,False,False
2019-12-09 09:00:00,20.4033,45.0,False,False
2019-12-09 10:00:00,20.3783,45.0,False,False
2019-12-09 11:00:00,22.2983,45.0,False,False
2019-12-09 12:00:00,21.7667,45.0,False,False
2019-12-09 13:00:00,20.93,45.0,False,False
2019-12-09 14:00:00,20.76,45.0,False,False
2019-12-09 15:00:00,20.0033,45.0,False,False
2019-12-09 16:00:00,20.54,45.0,False,False
2019-12-09 17:00:00,19.5033,45.0,False,False
2019-12-09 18:00:00,21.135,45.0,False,False
2019-12-09 19:00:00,19.91,45.0,False,False
2019-12-09 20:00:00,16.8883,45.0,False,False
2019-12-09 21:00:00,16.375,45.0,False,False
2019-12-09 22:00:00,18.0233,45.0,False,False
2019-12-09 23:00:00,17.87,45.0,False,False
2019-12-10 00:00:00,16.805,45.0,False,False
2019-12-10 01:00:00,17.18,45.0,False,False
2019-12-10 02:00:00,18.3883,45.0,False,False
2019-12-10 03:00:00,19.7833,45.0,False,False
2019-12-10 04:00:00,21.5933,45.0,False,False
2019-12-10 05:00:00,21.7183,45.0,False,False
2019-12-10 06:00:00,22.245,45.0,False,False
2019-12-10 07:00:00,21.0017,45.0,False,False
2019-12-10 08:00:00,21.4867,45.0,False,False
2019-12-10 09:00:00,22.5117,45.0,False,False
2019-12-10 10:00:00,22.7183,45.0,False,False
2019-12-10 11:00:00,23.9167,45.0,False,False
2019-12-10 12:00:00,25.195,0.0,True,False
2019-12-10 13:00:00,26.0883,0.0,True,False
2019-12-10 14:00:00,26.245,0.0,True,False
2019-12-10 15:00:00,27.3617,0.0,True,False
2019-12-10 16:00:00,22.32,45.0,False,False
2019-12-10 17:00:00,19.535,45.0,False,False
2019-12-10 18:00:00,16.7333,45.0,False,False
2019-12-10 19:00:00,15.5867,45.0,False,False
2019-12-10 20:00:00,14.2017,45.0,False,False
2019-12-10 21:00:00,12.2283,45.0,False,False
2019-12-10 22:00:00,12.4733,45.0,False,False
2019-12-10 23:00:00,15.71,45.0,False,False
2019-12-11 00:00:00,16.3633,45.0,False,False
2019-12-11 01:00:00,15.91,45.0,False,False
2019-12-11 02:00:00,14.2433,45.0,False,False
2019-12-11 03:00:00,14.2617,45.0,False,False
2019-12-11 04:00:00,14.5167,45.0,False,False
2019-12-11 05:00:00,14.9867,45.0,False,False
2019-12-11 06:00:00,15.1317,45.0,False,False
2019-12-11 07:00:00,15.0583,45.0,False,False
2019-12-11 08:00:00,17.97,45.0,False,False
2019-12-11 09:00:00,18.3733,45.0,False,False
2019-12-11 10:00:00,19.9183,45.0,False,False
2019-12-11 11:00:00,21.9333,45.0,False,False
2019-12-11 12:00:00,21.4283,45.0,False,False
2019-12-11 13:00:00,20.2583,45.0,False,False
2019-12-11 14:00:00,18.9833,45.0,False,False
2019-12-11 15:00:00,18.9483,45.0,False,False
2019-12-11 16:00:00,17.72,45.0,False,False
2019-12-11 17:00:00,15.8567,45.0,False,False
2019-12-11 18:00:00,14.8083,45.0,False,False
2019-12-11 19:00:00,13.1033,45.0,False,False
2019-12-11 20:00:00,15.19,45.0,False,False
2019-12-11 21:00:00,15.055,45.0,False,False
2019-12-11 22:00:00,13.6883,45.0,False,False
2019-12-11 23:00:00,13.58,45.0,False,False
2019-12-12 00:00:00,19.83,45.0,False,False
2019-12-12 01:00:00,19.3683,45.0,False,False
2019-12-12 02:00:00,21.3467,45.0,False,False
2019-12-12 03:00:00,24.5933,45.0,False,False
2019-12-12 04:00:00,20.59,45.0,False,False
2019-12-12 05:00:00,20.925,45.0,False,False
2019-12-12 06:00:00,19.2783,45.0,False,False
2019-12-12 07:00:00,16.85,45.0,False,False
2019-12-12 08:00:00,19.035,45.0,False,False
2019-12-12 09:00:00,20.4,45.0,False,False
2019-12-12 10:00:00,20.1667,45.0,False,False
2019-12-12 11:00:00,18.5533,45.0,False,False
2019-12-12 12:00:00,17.2383,45.0,False,False
2019-12-12 13:00:00,17.4633,45.0,False,False
2019-12-12 14:00:00,17.8333,45.0,False,False
2019-12-12 15:00:00,17.5033,45.0,False,False
2019-12-12 16:00:00,18.44,45.0,False,False
2019-12-12 17:00:00,15.5817,45.0,False,False
2019-12-12 18:00:00,10.6767,27.0847,False,False
2019-12-12 19:00:00,10.5817,26.0233,False,False
2019-12-12 20:00:00,10.7733,28.194,False,False
2019-12-12 21:00:00,11.9767,44.6304,False,False
2019-12-12 22:00:00,10.705,27.4068,False,False
2019-12-12 23:00:00,7.9733,6.5592,False,False
2019-12-13 00:00:00,4.45,0.0628,False,False
2019-12-13 01:00:00,5.47,0.5602,False,False
2019-12-13 02:00:00,7.3483,4.1761,False,False
2019-12-13 03:00:00,7.9167,6.3131,False,False
2019-12-13 04:00:00,7.02,3.1958,False,False
2019-12-13 05:00:00,7.0233,3.2049,False,False
2019-12-13 06:00:00,7.3183,4.0792,False,False
2019-12-13 07:00:00,8.9833,12.0806,False,False
2019-12-13 08:00:00,7.7533,5.6382,False,False
2019-12-13 09:00:00,7.9567,6.4861,False,False
2019-12-13 10:00:00,7.5033,4.7013,False,False
2019-12-13 11:00:00,6.9233,2.9397,False,False
2019-12-13 12:00:00,4.5917,0.0953,False,False
2019-12-13 13:00:00,4.2417,0.0299,False,False
2019-12-13 14:00:00,4.38,0.0499,False,False
2019-12-13 15:00:00,5.9383,1.0623,False,False
2019-12-13 16:00:00,7.33,4.1167,False,False
2019-12-13 17:00:00,7.1683,3.6171,False,False
2019-12-13 18:00:00,6.39,1.7687,False,False
2019-12-13 19:00:00,7.705,5.4482,False,False
2019-12-13 20:00:00,8.8167,11.0122,False,False
2019-12-13 21:00:00,10.5233,25.3855,False,False
2019-12-13 22:00:00,9.9667,19.8151,False,False
2019-12-13 23:00:00,10.55,25.6757,False,False
2019-12-14 00:00:00,10.7217,27.5974,False,False
2019-12-14 01:00:00,12.715,45.0,False,False
2019-12-14 02:00:00,13.0867,45.0,False,False
2019-12-14 03:00:00,17.3517,45.0,False,False
2019-12-14 04:00:00,22.6733,45.0,False,False
2019-12-14 05:00:00,25.0733,0.0,True,False
2019-12-14 06:00:00,21.11,45.0,False,False
2019-12-14 07:00:00,19.555,45.0,False,False
2019-12-14 08:00:00,15.885,45.0,False,False
2019-12-14 09:00:00,11.6317,39.3998,False,False
2019-12-14 10:00:00,10.2183,22.2198,False,False
2019-12-14 11:00:00,10.06,20.6856,False,False
2019-12-14 12:00:00,6.26,1.5406,False,False
2019-12-14 13:00:00,7.825,5.9281,False,False
2019-12-14 14:00:00,5.3283,0.4478,False,False
2019-12-14 15:00:00,4.9083,0.2047,False,False
2019-12-14 16:00:00,4.9667,0.2312,False,False
2019-12-14 17:00:00,5.5217,0.6055,False,False
2019-12-14 18:00:00,3.2983,0.0,False,True
2019-12-14 19:00:00,6.865,2.792,False,False
2019-12-14 20:00:00,5.9117,1.0278,False,False
2019-12-14 21:00:00,8.0,6.6772,False,False
2019-12-14 22:00:00,12.1633,45.0,False,False
2019-12-14 23:00:00,14.01,45.0,False,False
2019-12-15 00:00:00,14.63,45.0,False,False
2019-12-15 01:00:00,17.2883,45.0,False,False
2019-12-15 02:00:00,19.5433,45.0,False,False
2019-12-15 03:00:00,24.8417,45.0,False,False
2019-12-15 04:00:00,25.9083,0.0,True,False
2019-12-15 05:00:00,23.4317,45.0,False,False
2019-12-15 06:00:00,23.7233,45.0,False,False
2019-12-15 07:00:00,19.765,45.0,False,False
2019-12-15 08:00:00,14.0217,45.0,False,False
2019-12-15 09:00:00,12.6583,45.0,False,False
2019-12-15 10:00:00,12.3817,45.0,False,False
2019-12-15 11:00:00,13.1083,45.0,False,False
2019-12-15 12:00:00,11.3133,34.9514,False,False
2019-12-15 13:00:00,15.2683,45.0,False,False
2019-12-15 14:00:00,11.9617,44.3939,False,False
2019-12-15 15:00:00,9.865,18.8952,False,False
2019-12-15 16:00:00,9.755,17.9324,False,False
2019-12-15 17:00:00,10.0367,20.4656,False,False
2019-12-15 18:00:00,4.0217,0.0104,False,False
2019-12-15 19:00:00,3.8933,0.0045,False,False
2019-12-15 20:00:00,3.8917,0.0044,False,False
2019-12-15 21:00:00,6.3133,1.6316,False,False
2019-12-15 22:00:00,7.4517,4.5216,False,False
2019-12-15 23:00:00,8.65,10.0087,False,False
2019-12-16 00:00:00,5.7017,0.782,False,False
2019-12-16 01:00:00,9.3567,14.72,False,False
2019-12-16 02:00:00,19.0933,45.0,False,False
2019-12-16 03:00:00,18.865,45.0,False,False
2019-12-16 04:00:00,18.6633,45.0,False,False
2019-12-16 05:00:00,19.7983,45.0,False,False
2019-12-16 06:00:00,14.5567,45.0,False,False
2019-12-16 07:00:00,10.095,21.0184,False,False
2019-12-16 08:00:00,10.0017,20.1386,False,False
2019-12-16 09:00:00,11.25,34.1084,False,False
2019-12-16 10:00:00,7.9117,6.2916,False,False
2019-12-16 11:00:00,10.75,27.9235,False,False
2019-12-16 12:00:00,9.615,16.755,False,False
2019-12-16 13:00:00,12.145,45.0,False,False
2019-12-16 14:00:00,11.795,41.822,False,False
2019-12-16 15:00:00,10.5083,25.2232,False,False
2019-12-16 16:00:00,10.6533,26.8214,False,False
2019-12-16 17:00:00,9.9533,19.6928,False,False
2019-12-16 18:00:00,7.895,6.2206,False,False
2019-12-16 19:00:00,6.6167,2.2183,False,False
2019-12-16 20:00:00,4.1417,0.0194,False,False
2019-12-16 21:00:00,5.08,0.289,False,False
2019-12-16 22:00:00,4.7417,0.1403,False,False
2019-12-16 23:00:00,3.9967,0.009,False,False
2019-12-17 00:00:00,5.8067,0.8993,False,False
2019-12-17 01:00:00,4.555,0.086,False,False
2019-12-17 02:00:00,6.97,3.0616,False,False
2019-12-17 03:00:00,6.3,1.6085,False,False
2019-12-17 04:00:00,9.35,14.6698,False,False
2019-12-17 05:00:00,9.8567,18.8211,False,False
2019-12-17 06:00:00,12.7783,45.0,False,False
2019-12-17 07:00:00,14.4033,45.0,False,False
2019-12-17 08:00:00,12.9583,45.0,False,False
2019-12-17 09:00:00,13.24,45.0,False,False
2019-12-17 10:00:00,13.9033,45.0,False,False
2019-12-17 11:00:00,11.6617,39.8375,False,False
2019-12-17 12:00:00,11.8533,42.7106,False,False
2019-12-17 13:00:00,16.5283,45.0,False,False
2019-12-17 14:00:00,16.4617,45.0,False,False
2019-12-17 15:00:00,13.77,45.0,False,False
2019-12-17 16:00:00,9.6967,17.4353,False,False
2019-12-17 17:00:00,9.52,15.9862,False,False
2019-12-17 18:00:00,8.64,9.9505,False,False
2019-12-17 19:00:00,9.0883,12.788,False,False
2019-12-17 20:00:00,11.0933,32.0814,False,False
2019-12-17 21:00:00,13.4083,45.0,False,False
2019-12-17 22:00:00,13.135,45.0,False,False
2019-12-17 23:00:00,13.735,45.0,False,False
2019-12-18 00:00:00,12.495,45.0,False,False
2019-12-18 01:00:00,12.6133,45.0,False,False
2019-12-18 02:00:00,13.7917,45.0,False,False
2019-12-18 03:00:00,14.065,45.0,False,False
2019-12-18 04:00:00,14.2433,45.0,False,False
2019-12-18 05:00:00,15.0867,45.0,False,False
2019-12-18 06:00:00,15.1133,45.0,False,False
2019-12-18 07:00:00,16.21,45.0,False,False
2019-12-18 08:00:00,15.8017,45.0,False,False
2019-12-18 09:00:00,15.7117,45.0,False,False
2019-12-18 10:00:00,16.405,45.0,False,False
2019-12-18 11:00:00,16.2517,45.0,False,False
2019-12-18 12:00:00,14.7417,45.0,False,False
2019-12-18 13:00:00,15.7083,45.0,False,False
2019-12-18 14:00:00,17.01,45.0,False,False
2019-12-18 15:00:00,16.2433,45.0,False,False
2019-12-18 16:00:00,13.8933,45.0,False,False
2019-12-18 17:00:00,11.4317,36.5636,False,False
2019-12-18 18:00:00,12.29,45.0,False,False
2019-12-18 19:00:00,13.4233,45.0,False,False
2019-12-18 20:00:00,10.09,20.9707,False,False
2019-12-18 21:00:00,10.7533,27.962,False,False
2019-12-18 22:00:00,12.89,45.0,False,False
2019-12-18 23:00:00,11.9617,44.3939,False,False
2019-12-19 00:00:00,14.405,45.0,False,False
2019-12-19 01:00:00,13.315,45.0,False,False
2019-12-19 02:00:00,12.98,45.0,False,False
2019-12-19 03:00:00,12.645,45.0,False,False
2019-12-19 04:00:00,13.905,45.0,False,False
2019-12-19 05:00:00,15.1717,45.0,False,False
2019-12-19 06:00:00,15.6067,45.0,False,False
2019-12-19 07:00:00,16.82,45.0,False,False
2019-12-19 08:00:00,17.7917,45.0,False,False
2019-12-19 09:00:00,16.5733,45.0,False,False
2019-12-19 10:00:00,15.2767,45.0,False,False
2019-12-19 11:00:00,13.2033,45.0,False,False
2019-12-19 12:00:00,13.975,45.0,False,False
2019-12-19 13:00:00,15.62,45.0,False,False
2019-12-19 14:00:00,16.1417,45.0,False,False
2019-12-19 15:00:00,15.7283,45.0,False,False
2019-12-19 16:00:00,15.64,45.0,False,False
2019-12-19 17:00:00,14.175,45.0,False,False
2019-12-19 18:00:00,12.9283,45.0,False,False
2019-12-19 19:00:00,13.5233,45.0,False,False
2019-12-19 20:00:00,11.8217,42.2267,False,False
2019-12-19 21:00:00,12.2317,45.0,False,False
2019-12-19 22:00:00,16.8533,45.0,False,False
2019-12-19 23:00:00,18.485,45.0,False,False
2019-12-20 00:00:00,23.09,45.0,False,False
2019-12-20 01:00:00,26.605,0.0,True,False
2019-12-20 02:00:00,26.7383,0.0,True,False
2019-12-20 03:00:00,26.9833,0.0,True,False
2019-12-20 04:00:00,28.865,0.0,True,False
2019-12-20 05:00:00,29.2317,0.0,True,False
2019-12-20 06:00:00,27.235,0.0,True,False
2019-12-20 07:00:00,21.6417,45.0,False,False
2019-12-20 08:00:00,12.4017,45.0,False,False
2019-12-20 09:00:00,10.4317,24.4044,False,False
2019-12-20 10:00:00,12.1883,45.0,False,False
2019-12-20 11:00:00,8.515,9.2421,False,False
2019-12-20 12:00:00,8.2283,7.746,False,False
2019-12-20 13:00:00,7.5,4.6896,False,False
2019-12-20 14:00:00,6.695,2.3898,False,False
2019-12-20 15:00:00,4.1083,0.0165,False,False
2019-12-20 16:00:00,3.4483,0.0,False,True
2019-12-20 17:00:00,2.8017,0.0,False,True
2019-12-20 18:00:00,4.0633,0.0131,False,False
2019-12-20 19:00:00,5.92,1.0385,False,False
2019-12-20 20:00:00,7.125,3.4904,False,False
2019-12-20 21:00:00,6.7267,2.4616,False,False
2019-12-20 22:00:00,1.8333,0.0,False,True
2019-12-20 23:00:00,1.8667,0.0,False,True
2019-12-21 00:00:00,2.385,0.0,False,True
2019-12-21 01:00:00,7.3867,4.3022,False,False
2019-12-21 02:00:00,13.0433,45.0,False,False
2019-12-21 03:00:00,11.0383,31.3893,False,False
2019-12-21 04:00:00,10.2,22.0384,False,False
2019-12-21 05:00:00,11.91,43.5857,False,False
2019-12-21 06:00:00,14.775,45.0,False,False
2019-12-21 07:00:00,14.1833,45.0,False,False
2019-12-21 08:00:00,9.4567,15.4869,False,False
2019-12-21 09:00:00,7.2883,3.9838,False,False
2019-12-21 10:00:00,6.4433,1.8684,False,False
2019-12-21 11:00:00,7.755,5.6449,False,False
2019-12-21 12:00:00,10.6683,26.9905,False,False
2019-12-21 13:00:00,7.0883,3.3856,False,False
2019-12-21 14:00:00,5.0367,0.2659,False,False
2019-12-21 15:00:00,3.7733,0.0015,False,False
2019-12-21 16:00:00,4.29,0.0361,False,False
2019-12-21 17:00:00,4.0167,0.0101,False,False
2019-12-21 18:00:00,4.6233,0.1039,False,False
2019-12-21 19:00:00,8.735,10.5125,False,False
2019-12-21 20:00:00,7.3617,4.2197,False,False
2019-12-21 21:00:00,7.5883,5.0072,False,False
2019-12-21 22:00:00,5.5667,0.6468,False,False
2019-12-21 23:00:00,9.9167,19.3591,False,False
2019-12-22 00:00:00,9.4333,15.3057,False,False
2019-12-22 01:00:00,9.84,18.6734,False,False
2019-12-22 02:00:00,11.0133,31.078,False,False
2019-12-22 03:00:00,13.6967,45.0,False,False
2019-12-22 04:00:00,18.2233,45.0,False,False
2019-12-22 05:00:00,17.26,45.0,False,False
2019-12-22 06:00:00,15.31,45.0,False,False
2019-12-22 07:00:00,11.1617,32.9553,False,False
2019-12-22 08:00:00,6.3917,1.7717,False,False
2019-12-22 09:00:00,11.6417,39.5454,False,False
2019-12-22 10:00:00,7.23,3.8026,False,False
2019-12-22 11:00:00,6.44,1.8621,False,False
2019-12-22 12:00:00,6.3417,1.6814,False,False
2019-12-22 13:00:00,4.38,0.0499,False,False
2019-12-22 14:00:00,2.7667,0.0,False,True
2019-12-22 15:00:00,3.0683,0.0,False,True
2019-12-22 16:00:00,3.745,0.0011,False,False
2019-12-22 17:00:00,4.2867,0.0357,False,False
2019-12-22 18:00:00,3.11,0.0,False,True
2019-12-22 19:00:00,4.53,0.0801,False,False
2019-12-22 20:00:00,5.6467,0.7249,False,False
2019-12-22 21:00:00,3.605,0.0001,False,False
2019-12-22 22:00:00,6.4817,1.9424,False,False
2019-12-22 23:00:00,5.7883,0.878,False,False
2019-12-23 00:00:00,7.915,6.3059,False,False
2019-12-23 01:00:00,4.3333,0.0424,False,False
2019-12-23 02:00:00,2.3833,0.0,False,True
2019-12-23 03:00:00,3.8533,0.0032,False,False
2019-12-23 04:00:00,4.0833,0.0145,False,False
2019-12-23 05:00:00,7.7433,5.5986,False,False
2019-12-23 06:00:00,6.0067,1.1541,False,False
2019-12-23 07:00:00,3.7317,0.0009,False,False
2019-12-23 08:00:00,4.3517,0.0453,False,False
2019-12-23 09:00:00,4.2633,0.0326,False,False
2019-12-23 10:00:00,5.4767,0.5659,False,False
2019-12-23 11:00:00,5.47,0.5602,False,False
2019-12-23 12:00:00,6.1183,1.3153,False,False
2019-12-23 13:00:00,6.2133,1.4637,False,False
2019-12-23 14:00:00,8.0667,6.9784,False,False
2019-12-23 15:00:00,3.965,0.0074,False,False
2019-12-23 16:00:00,3.665,0.0003,False,False
2019-12-23 17:00:00,7.3,4.0207,False,False
2019-12-23 18:00:00,8.495,9.1319,False,False
2019-12-23 19:00:00,8.3467,8.3423,False,False
2019-12-23 20:00:00,9.3067,14.3462,False,False
2019-12-23 21:00:00,8.2167,7.6888,False,False
2019-12-23 22:00:00,8.615,9.806,False,False
2019-12-23 23:00:00,9.7783,18.1338,False,False
2019-12-24 00:00:00,11.495,37.4465,False,False
2019-12-24 01:00:00,12.5133,45.0,False,False
2019-12-24 02:00:00,12.1083,45.0,False,False
2019-12-24 03:00:00,11.8817,43.1466,False,False
2019-12-24 04:00:00,13.485,45.0,False,False
2019-12-24 05:00:00,13.585,45.0,False,False
2019-12-24 06:00:00,12.2633,45.0,False,False
2019-12-24 07:00:00,14.1167,45.0,False,False
2019-12-24 08:00:00,14.3167,45.0,False,False
2019-12-24 09:00:00,14.9767,45.0,False,False
2019-12-24 10:00:00,15.5167,45.0,False,False
2019-12-24 11:00:00,15.7733,45.0,False,False
2019-12-24 12:00:00,15.6317,45.0,False,False
2019-12-24 13:00:00,13.05,45.0,False,False
2019-12-24 14:00:00,13.9,45.0,False,False
2019-12-24 15:00:00,12.225,45.0,False,False
2019-12-24 16:00:00,11.435,36.6097,False,False
2019-12-24 17:00:00,8.235,7.7789,False,False
2019-12-24 18:00:00,4.6233,0.1039,False,False
2019-12-24 19:00:00,2.0017,0.0,False,True
2019-12-24 20:00:00,2.71,0.0,False,True
2019-12-24 21:00:00,5.4033,0.5052,False,False
2019-12-24 22:00:00,4.5017,0.0736,False,False
2019-12-24 23:00:00,4.41,0.0552,False,False
2019-12-25 00:00:00,4.29,0.0361,False,False
2019-12-25 01:00:00,5.3017,0.4285,False,False
2019-12-25 02:00:00,6.32,1.6432,False,False
2019-12-25 03:00:00,4.2333,0.0289,False,False
2019-12-25 04:00:00,5.3617,0.4728,False,False
2019-12-25 05:00:00,5.195,0.3568,False,False
2019-12-25 06:00:00,5.4717,0.5616,False,False
2019-12-25 07:00:00,6.3033,1.6143,False,False
2019-12-25 08:00:00,4.4317,0.0593,False,False
2019-12-25 09:00:00,3.7417,0.001,False,False
2019-12-25 10:00:00,5.9483,1.0754,False,False
2019-12-25 11:00:00,5.6933,0.7732,False,False
2019-12-25 12:00:00,5.8567,0.9591,False,False
2019-12-25 13:00:00,6.27,1.5574,False,False
2019-12-25 14:00:00,4.7467,0.142,False,False
2019-12-25 15:00:00,3.0433,0.0,False,True
2019-12-25 16:00:00,4.5833,0.0932,False,False
2019-12-25 17:00:00,5.07,0.2836,False,False
2019-12-25 18:00:00,4.065,0.0132,False,False
2019-12-25 19:00:00,3.78,0.0016,False,False
2019-12-25 20:00:00,4.0517,0.0123,False,False
2019-12-25 21:00:00,3.0683,0.0,False,True
2019-12-25 22:00:00,3.0817,0.0,False,True
2019-12-25 23:00:00,1.865,0.0,False,True
2019-12-26 00:00:00,1.8267,0.0,False,True
2019-12-26 01:00:00,1.74,0.0,False,True
2019-12-26 02:00:00,2.4933,0.0,False,True
2019-12-26 03:00:00,1.0933,0.0,False,True
2019-12-26 04:00:00,1.9983,0.0,False,True
2019-12-26 05:00:00,2.7933,0.0,False,True
2019-12-26 06:00:00,4.2967,0.037,False,False
2019-12-26 07:00:00,4.4517,0.0632,False,False
2019-12-26 08:00:00,4.2133,0.0266,False,False
2019-12-26 09:00:00,3.7083,0.0007,False,False
2019-12-26 10:00:00,5.225,0.3761,False,False
2019-12-26 11:00:00,8.735,10.5125,False,False
2019-12-26 12:00:00,6.1917,1.429,False,False
2019-12-26 13:00:00,5.2517,0.3938,False,False
2019-12-26 14:00:00,6.415,1.815,False,False
2019-12-26 15:00:00,8.3783,8.5069,False,False
2019-12-26 16:00:00,6.705,2.4123,False,False
2019-12-26 17:00:00,6.8983,2.8758,False,False
2019-12-26 18:00:00,8.4933,9.1228,False,False
2019-12-26 19:00:00,7.7533,5.6382,False,False
2019-12-26 20:00:00,9.6667,17.1833,False,False
2019-12-26 21:00:00,14.4917,45.0,False,False
2019-12-26 22:00:00,17.3,45.0,False,False
2019-12-26 23:00:00,15.5367,45.0,False,False
2019-12-27 00:00:00,15.1317,45.0,False,False
2019-12-27 01:00:00,14.1167,45.0,False,False
2019-12-27 02:00:00,13.1317,45.0,False,False
2019-12-27 03:00:00,15.2217,45.0,False,False
2019-12-27 04:00:00,15.87,45.0,False,False
2019-12-27 05:00:00,14.255,45.0,False,False
2019-12-27 06:00:00,14.4183,45.0,False,False
2019-12-27 07:00:00,14.48,45.0,False,False
2019-12-27 08:00:00,17.0483,45.0,False,False
2019-12-27 09:00:00,18.7183,45.0,False,False
2019-12-27 10:00:00,20.7733,45.0,False,False
2019-12-27 11:00:00,19.56,45.0,False,False
2019-12-27 12:00:00,17.8283,45.0,False,False
2019-12-27 13:00:00,21.4483,45.0,False,False
2019-12-27 14:00:00,23.8717,45.0,False,False
2019-12-27 15:00:00,21.8967,45.0,False,False
2019-12-27 16:00:00,20.02,45.0,False,False
2019-12-27 17:00:00,19.32,45.0,False,False
2019-12-27 18:00:00,22.55,45.0,False,False
2019-12-27 19:00:00,20.015,45.0,False,False
2019-12-27 20:00:00,20.7583,45.0,False,False
2019-12-27 21:00:00,18.0583,45.0,False,False
2019-12-27 22:00:00,15.7533,45.0,False,False
2019-12-27 23:00:00,19.3817,45.0,False,False
2019-12-28 00:00:00,18.7967,45.0,False,False
2019-12-28 01:00:00,12.4767,45.0,False,False
2019-12-28 02:00:00,12.32,45.0,False,False
2019-12-28 03:00:00,11.4583,36.9336,False,False
2019-12-28 04:00:00,13.7733,45.0,False,False
2019-12-28 05:00:00,15.2583,45.0,False,False
2019-12-28 06:00:00,17.2283,45.0,False,False
2019-12-28 07:00:00,15.2583,45.0,False,False
2019-12-28 08:00:00,10.5933,26.1521,False,False
2019-12-28 09:00:00,17.2967,45.0,False,False
2019-12-28 10:00:00,19.5617,45.0,False,False
2019-12-28 11:00:00,17.6267,45.0,False,False
2019-12-28 12:00:00,19.4933,45.0,False,False
2019-12-28 13:00:00,19.8883,45.0,False,False
2019-12-28 14:00:00,18.7967,45.0,False,False
2019-12-28 15:00:00,21.93,45.0,False,False
2019-12-28 16:00:00,20.9067,45.0,False,False
2019-12-28 17:00:00,20.745,45.0,False,False
2019-12-28 18:00:00,17.405,45.0,False,False
2019-12-28 19:00:00,12.7667,45.0,False,False
2019-12-28 20:00:00,12.0433,45.0,False,False
2019-12-28 21:00:00,13.665,45.0,False,False
2019-12-28 22:00:00,14.3067,45.0,False,False
2019-12-28 23:00:00,14.5267,45.0,False,False
2019-12-29 00:00:00,14.5967,45.0,False,False
2019-12-29 01:00:00,11.4067,36.219,False,False
2019-12-29 02:00:00,15.6867,45.0,False,False
2019-12-29 03:00:00,16.95,45.0,False,False
2019-12-29 04:00:00,18.4233,45.0,False,False
2019-12-29 05:00:00,17.5167,45.0,False,False
2019-12-29 06:00:00,15.5683,45.0,False,False
2019-12-29 07:00:00,17.36,45.0,False,False
2019-12-29 08:00:00,18.2267,45.0,False,False
2019-12-29 09:00:00,16.7,45.0,False,False
2019-12-29 10:00:00,16.7733,45.0,False,False
2019-12-29 11:00:00,17.29,45.0,False,False
2019-12-29 12:00:00,14.2733,45.0,False,False
2019-12-29 13:00:00,13.4017,45.0,False,False
2019-12-29 14:00:00,11.3567,35.5362,False,False
2019-12-29 15:00:00,11.3083,34.8844,False,False
2019-12-29 16:00:00,9.6767,17.2671,False,False
2019-12-29 17:00:00,5.28,0.4133,False,False
2019-12-29 18:00:00,3.3983,0.0,False,True
2019-12-29 19:00:00,3.445,0.0,False,True
2019-12-29 20:00:00,2.83,0.0,False,True
2019-12-29 21:00:00,2.7233,0.0,False,True
2019-12-29 22:00:00,4.605,0.0989,False,False
2019-12-29 23:00:00,7.175,3.6369,False,False
2019-12-30 00:00:00,5.92,1.0385,False,False
2019-12-30 01:00:00,5.405,0.5066,False,False
2019-12-30 02:00:00,6.1417,1.3508,False,False
2019-12-30 03:00:00,7.135,3.5194,False,False
2019-12-30 04:00:00,9.3283,14.5074,False,False
2019-12-30 05:00:00,9.0883,12.788,False,False
2019-12-30 06:00:00,9.085,12.7651,False,False
2019-12-30 07:00:00,11.3483,35.4232,False,False
2019-12-30 08:00:00,10.2717,22.7532,False,False
2019-12-30 09:00:00,12.9117,45.0,False,False
2019-12-30 10:00:00,12.135,45.0,False,False
2019-12-30 11:00:00,10.68,27.1225,False,False
2019-12-30 12:00:00,13.0433,45.0,False,False
2019-12-30 13:00:00,11.2333,33.8888,False,False
2019-12-30 14:00:00,9.4567,15.4869,False,False
2019-12-30 15:00:00,5.3483,0.4627,False,False
2019-12-30 16:00:00,4.0433,0.0118,False,False
2019-12-30 17:00:00,4.8317,0.173,False,False
2019-12-30 18:00:00,5.0633,0.28,False,False
2019-12-30 19:00:00,6.3,1.6085,False,False
2019-12-30 20:00:00,6.84,2.7302,False,False
2019-12-30 21:00:00,5.93,1.0514,False,False
2019-12-30 22:00:00,8.1133,7.1945,False,False
2019-12-30 23:00:00,12.06,45.0,False,False
2019-12-31 00:00:00,11.7667,41.3949,False,False
2019-12-31 01:00:00,13.6383,45.0,False,False
2019-12-31 02:00:00,11.42,36.4025,False,False
2019-12-31 03:00:00,14.91,45.0,False,False
2019-12-31 04:00:00,16.1267,45.0,False,False
2019-12-31 05:00:00,15.4233,45.0,False,False
2019-12-31 06:00:00,13.575,45.0,False,False
2019-12-31 07:00:00,13.6333,45.0,False,False
2019-12-31 08:00:00,13.425,45.0,False,False
2019-12-31 09:00:00,13.6033,45.0,False,False
2019-12-31 10:00:00,11.825,42.2774,False,False
2019-12-31 11:00:00,17.615,45.0,False,False
2019-12-31 12:00:00,18.385,45.0,False,False
2019-12-31 13:00:00,18.2083,45.0,False,False
2019-12-31 14:00:00,14.0183,45.0,False,False
2019-12-31 15:00:00,15.4283,45.0,False,False
2019-12-31 16:00:00,11.89,43.2755,False,False
2019-12-31 17:00:00,14.3983,45.0,False,False
2019-12-31 18:00:00,13.94,45.0,False,False
2019-12-31 19:00:00,11.0017,30.9335,False,False
2019-12-31 20:00:00,16.4833,45.0,False,False
2019-12-31 21:00:00,12.2017,45.0,False,False
2019-12-31 22:00:00,8.8983,11.5275,False,False
2019-12-31 23:00:00,14.94,45.0,False,False
