year,month,source_hour,radiation_mj_m2,irradiance_w_m2
1985,1,2,0.041,11.38888888888889
1985,1,3,0.159,44.166666666666664
1985,1,4,0.446,123.88888888888889
1985,1,5,0.72,200.0
1985,1,6,0.975,270.8333333333333
1985,1,7,1.326,368.33333333333337
1985,1,8,1.618,449.44444444444446
1985,1,9,1.975,548.6111111111111
1985,1,10,2.225,618.0555555555555
1985,1,11,2.404,667.7777777777777
1985,1,12,2.522,700.5555555555554
1985,1,13,2.433,675.8333333333333
1985,1,14,2.296,637.7777777777777
1985,1,15,2.081,578.0555555555555
1985,1,16,1.75,486.1111111111111
1985,1,17,1.457,404.72222222222223
1985,1,18,1.125,312.5
1985,1,19,0.803,223.05555555555557
1985,1,20,0.512,142.22222222222223
1985,1,21,0.302,83.88888888888889
1985,1,22,0.162,45.0
1985,1,23,0.083,23.055555555555557
1985,1,24,0.036,9.999999999999998
1985,2,1,0.008,2.2222222222222223
1985,2,2,0.018,4.999999999999999
1985,2,3,0.043,11.944444444444443
1985,2,4,0.142,39.44444444444444
1985,2,5,0.308,85.55555555555556
1985,2,6,0.544,151.11111111111111
1985,2,7,0.863,239.7222222222222
1985,2,8,1.209,335.83333333333337
1985,2,9,1.5,416.66666666666663
1985,2,10,1.775,493.05555555555554
1985,2,11,2.014,559.4444444444443
1985,2,12,2.161,600.2777777777778
1985,2,13,2.085,579.1666666666666
1985,2,14,1.944,540.0
1985,2,15,1.709,474.72222222222223
1985,2,16,1.399,388.6111111111111
1985,2,17,1.105,306.94444444444446
1985,2,18,0.828,229.99999999999997
1985,2,19,0.499,138.61111111111111
1985,2,20,0.286,79.44444444444444
1985,2,21,0.137,38.05555555555556
1985,2,22,0.076,21.11111111111111
1985,2,23,0.04,11.11111111111111
1985,2,24,0.024,6.666666666666667
1985,3,1,0.0,0.0
1985,3,2,0.0,0.0
1985,3,3,0.0,0.0
1985,3,4,0.0,0.0
1985,3,5,0.002,0.5555555555555556
1985,3,6,0.057,15.833333333333334
1985,3,7,0.259,71.94444444444444
1985,3,8,0.578,160.55555555555554
1985,3,9,0.976,271.1111111111111
1985,3,10,1.246,346.1111111111111
1985,3,11,1.557,432.5
1985,3,12,1.689,469.1666666666667
1985,3,13,1.682,467.2222222222222
1985,3,14,1.491,414.1666666666667
1985,3,15,1.246,346.1111111111111
1985,3,16,0.97,269.44444444444446
1985,3,17,0.591,164.16666666666666
1985,3,18,0.266,73.88888888888889
1985,3,19,0.072,19.999999999999996
1985,3,20,0.002,0.5555555555555556
1985,3,21,0.0,0.0
1985,3,22,0.0,0.0
1985,3,23,0.0,0.0
1985,3,24,0.0,0.0
1985,4,1,0.0,0.0
1985,4,2,0.0,0.0
1985,4,3,0.0,0.0
1985,4,4,0.0,0.0
1985,4,5,0.0,0.0
1985,4,6,0.0,0.0
1985,4,7,0.008,2.2222222222222223
1985,4,8,0.192,53.333333333333336
1985,4,9,0.204,56.666666666666664
1985,4,10,0.447,124.16666666666667
1985,4,11,0.57,158.33333333333331
1985,4,12,0.798,221.66666666666669
1985,4,13,0.675,187.5
1985,4,14,0.585,162.5
1985,4,15,0.426,118.33333333333333
1985,4,16,0.208,57.77777777777777
1985,4,17,0.112,31.11111111111111
1985,4,18,0.014,3.888888888888889
1985,4,19,0.0,0.0
1985,4,20,0.0,0.0
1985,4,21,0.0,0.0
1985,4,22,0.0,0.0
1985,4,23,0.0,0.0
1985,4,24,0.0,0.0
1985,5,1,,
1985,5,2,,
1985,5,3,,
1985,5,4,,
1985,5,5,,
1985,5,6,,
1985,5,7,,
1985,5,8,,
1985,5,9,,
1985,5,10,,
1985,5,11,,
1985,5,12,,
1985,5,13,,
1985,5,14,,
1985,5,15,,
1985,5,16,,
1985,5,17,,
1985,5,18,,
1985,5,19,,
1985,5,20,,
1985,5,21,,
1985,5,22,,
1985,5,23,,
1985,5,24,,
1985,6,1,,
1985,6,2,,
1985,6,3,,
1985,6,4,,
1985,6,5,,
1985,6,6,,
1985,6,7,,
1985,6,8,,
1985,6,9,,
1985,6,10,,
1985,6,11,,
1985,6,12,,
1985,6,13,,
1985,6,14,,
1985,6,15,,
1985,6,16,,
1985,6,17,,
1985,6,18,,
1985,6,19,,
1985,6,20,,
1985,6,21,,
1985,6,22,,
1985,6,23,,
1985,6,24,,
1985,7,1,,
1985,7,2,,
1985,7,3,,
1985,7,4,,
1985,7,5,,
1985,7,6,,
1985,7,7,,
1985,7,8,,
1985,7,9,,
1985,7,10,,
1985,7,11,,
1985,7,12,,
1985,7,13,,
1985,7,14,,
1985,7,15,,
1985,7,16,,
1985,7,17,,
1985,7,18,,
1985,7,19,,
1985,7,20,,
1985,7,21,,
1985,7,22,,
1985,7,23,,
1985,7,24,,
1985,8,1,0.0,0.0
1985,8,2,0.0,0.0
1985,8,3,0.0,0.0
1985,8,4,0.0,0.0
1985,8,5,0.0,0.0
1985,8,6,0.0,0.0
1985,8,7,0.0,0.0
1985,8,8,0.041,11.38888888888889
1985,8,9,0.16,44.44444444444444
1985,8,10,0.375,104.16666666666666
1985,8,11,0.485,134.72222222222223
1985,8,12,0.545,151.38888888888889
1985,8,13,0.531,147.5
1985,8,14,0.404,112.22222222222223
1985,8,15,0.401,111.38888888888889
1985,8,16,0.128,35.55555555555556
1985,8,17,0.074,20.555555555555554
1985,8,18,0.0,0.0
1985,8,19,0.0,0.0
1985,8,20,0.0,0.0
1985,8,21,0.0,0.0
1985,8,22,0.0,0.0
1985,8,23,0.0,0.0
1985,8,24,0.0,0.0
1985,9,1,0.0,0.0
1985,9,2,0.0,0.0
1985,9,3,0.0,0.0
1985,9,4,0.0,0.0
1985,9,5,0.0,0.0
1985,9,6,0.002,0.5555555555555556
1985,9,7,0.122,33.888888888888886
1985,9,8,0.274,76.11111111111111
1985,9,9,0.515,143.05555555555554
1985,9,10,0.73,202.77777777777777
1985,9,11,0.936,260.0
1985,9,12,1.052,292.22222222222223
1985,9,13,1.023,284.16666666666663
1985,9,14,0.907,251.94444444444446
1985,9,15,0.713,198.05555555555554
1985,9,16,0.446,123.88888888888889
1985,9,17,0.259,71.94444444444444
1985,9,18,0.105,29.166666666666664
1985,9,19,0.003,0.8333333333333334
1985,9,20,0.0,0.0
1985,9,21,0.0,0.0
1985,9,22,0.0,0.0
1985,9,23,0.0,0.0
1985,9,24,0.0,0.0
1985,10,1,0.0,0.0
1985,10,2,0.0,0.0
1985,10,3,0.0,0.0
1985,10,4,0.034,9.444444444444445
1985,10,5,0.128,35.55555555555556
1985,10,6,0.303,84.16666666666666
1985,10,7,0.595,165.27777777777777
1985,10,8,0.968,268.88888888888886
1985,10,9,1.301,361.38888888888886
1985,10,10,1.647,457.5
1985,10,11,1.887,524.1666666666666
1985,10,12,1.898,527.2222222222222
1985,10,13,1.88,522.2222222222222
1985,10,14,1.783,495.27777777777777
1985,10,15,1.525,423.6111111111111
1985,10,16,1.222,339.44444444444446
1985,10,17,0.895,248.61111111111111
1985,10,18,0.578,160.55555555555554
1985,10,19,0.328,91.11111111111111
1985,10,20,0.135,37.5
1985,10,21,0.022,6.111111111111111
1985,10,22,0.0,0.0
1985,10,23,0.0,0.0
1985,10,24,0.0,0.0
1985,11,1,0.057,15.833333333333334
1985,11,2,0.099,27.5
1985,11,3,0.146,40.55555555555555
1985,11,4,0.335,93.05555555555556
1985,11,5,0.523,145.27777777777777
1985,11,6,0.777,215.83333333333334
1985,11,7,1.057,293.6111111111111
1985,11,8,1.41,391.66666666666663
1985,11,9,1.777,493.6111111111111
1985,11,10,2.087,579.7222222222223
1985,11,11,2.298,638.3333333333334
1985,11,12,2.444,678.8888888888889
1985,11,13,2.441,678.0555555555555
1985,11,14,2.348,652.2222222222222
1985,11,15,2.132,592.2222222222223
1985,11,16,1.911,530.8333333333334
1985,11,17,1.707,474.1666666666667
1985,11,18,1.385,384.72222222222223
1985,11,19,1.032,286.6666666666667
1985,11,20,0.699,194.16666666666666
1985,11,21,0.375,104.16666666666666
1985,11,22,0.205,56.94444444444444
1985,11,23,0.145,40.27777777777777
1985,11,24,0.05,13.88888888888889
1985,12,1,0.127,35.27777777777778
1985,12,2,0.249,69.16666666666667
1985,12,3,0.345,95.83333333333333
1985,12,4,0.499,138.61111111111111
1985,12,5,0.743,206.38888888888889
1985,12,6,1.054,292.77777777777777
1985,12,7,1.325,368.05555555555554
1985,12,8,1.71,475.0
1985,12,9,2.031,564.1666666666667
1985,12,10,2.293,636.9444444444445
1985,12,11,2.431,675.2777777777778
1985,12,12,2.551,708.6111111111111
1985,12,13,2.736,760.0
1985,12,14,2.659,738.6111111111111
1985,12,15,2.415,670.8333333333334
1985,12,16,2.17,602.7777777777777
1985,12,17,1.813,503.6111111111111
1985,12,18,1.472,408.88888888888886
1985,12,19,1.106,307.22222222222223
1985,12,20,0.815,226.38888888888886
1985,12,21,0.554,153.88888888888889
1985,12,22,0.357,99.16666666666666
1985,12,23,0.215,59.72222222222222
1985,12,24,0.127,35.27777777777778
1986,1,1,0.091,25.277777777777775
1986,1,2,0.176,48.888888888888886
1986,1,3,0.256,71.11111111111111
1986,1,4,0.354,98.33333333333333
1986,1,5,0.581,161.38888888888889
1986,1,6,0.864,240.0
1986,1,7,1.187,329.72222222222223
1986,1,8,1.498,416.1111111111111
1986,1,9,1.83,508.3333333333333
1986,1,10,2.097,582.5
1986,1,11,2.355,654.1666666666666
1986,1,12,2.526,701.6666666666666
1986,1,13,2.514,698.3333333333333
1986,1,14,2.512,697.7777777777777
1986,1,15,2.309,641.3888888888889
1986,1,16,1.969,546.9444444444445
1986,1,17,1.677,465.8333333333333
1986,1,18,1.356,376.6666666666667
1986,1,19,0.972,270.0
1986,1,20,0.642,178.33333333333334
1986,1,21,0.448,124.44444444444444
1986,1,22,0.3,83.33333333333333
1986,1,23,0.175,48.61111111111111
1986,1,24,0.091,25.277777777777775
1986,2,1,0.0,0.0
1986,2,2,0.0,0.0
1986,2,3,0.018,4.999999999999999
1986,2,4,0.117,32.5
1986,2,5,0.171,47.5
1986,2,6,0.383,106.38888888888889
1986,2,7,0.639,177.5
1986,2,8,0.914,253.88888888888889
1986,2,9,1.129,313.6111111111111
1986,2,10,1.522,422.77777777777777
1986,2,11,1.605,445.8333333333333
1986,2,12,1.744,484.44444444444446
1986,2,13,1.826,507.22222222222223
1986,2,14,1.852,514.4444444444445
1986,2,15,1.598,443.8888888888889
1986,2,16,1.421,394.72222222222223
1986,2,17,1.147,318.6111111111111
1986,2,18,0.837,232.49999999999997
1986,2,19,0.472,131.11111111111111
1986,2,20,0.252,70.0
1986,2,21,0.114,31.666666666666668
1986,2,22,0.058,16.11111111111111
1986,2,23,0.0,0.0
1986,2,24,0.0,0.0
1986,3,1,0.0,0.0
1986,3,2,0.0,0.0
1986,3,3,0.0,0.0
1986,3,4,0.0,0.0
1986,3,5,0.001,0.2777777777777778
1986,3,6,0.029,8.055555555555555
1986,3,7,0.169,46.94444444444445
1986,3,8,0.444,123.33333333333333
1986,3,9,0.749,208.05555555555554
1986,3,10,0.998,277.22222222222223
1986,3,11,1.161,322.5
1986,3,12,1.372,381.11111111111114
1986,3,13,1.413,392.5
1986,3,14,1.296,360.0
1986,3,15,1.056,293.3333333333333
1986,3,16,0.882,245.0
1986,3,17,0.612,170.0
1986,3,18,0.32,88.88888888888889
1986,3,19,0.103,28.611111111111107
1986,3,20,0.007,1.9444444444444444
1986,3,21,0.0,0.0
1986,3,22,0.0,0.0
1986,3,23,0.0,0.0
1986,3,24,0.0,0.0
1986,4,1,0.0,0.0
1986,4,2,0.0,0.0
1986,4,3,0.0,0.0
1986,4,4,0.0,0.0
1986,4,5,0.0,0.0
1986,4,6,0.0,0.0
1986,4,7,0.003,0.8333333333333334
1986,4,8,0.028,7.777777777777778
1986,4,9,0.125,34.72222222222222
1986,4,10,0.264,73.33333333333333
1986,4,11,0.385,106.94444444444444
1986,4,12,0.461,128.05555555555557
1986,4,13,0.508,141.11111111111111
1986,4,14,0.458,127.22222222222223
1986,4,15,0.342,95.0
1986,4,16,0.171,47.5
1986,4,17,0.05,13.88888888888889
1986,4,18,0.003,0.8333333333333334
1986,4,19,0.0,0.0
1986,4,20,0.0,0.0
1986,4,21,0.0,0.0
1986,4,22,0.0,0.0
1986,4,23,0.0,0.0
1986,4,24,0.0,0.0
1986,5,1,0.0,0.0
1986,5,2,0.0,0.0
1986,5,3,0.0,0.0
1986,5,4,0.0,0.0
1986,5,5,0.0,0.0
1986,5,6,0.0,0.0
1986,5,7,0.0,0.0
1986,5,8,0.0,0.0
1986,5,9,0.003,0.8333333333333334
1986,5,10,0.019,5.277777777777778
1986,5,11,0.064,17.77777777777778
1986,5,12,0.109,30.27777777777778
1986,5,13,0.106,29.444444444444443
1986,5,14,0.068,18.88888888888889
1986,5,15,0.016,4.444444444444445
1986,5,16,0.001,0.2777777777777778
1986,5,17,0.0,0.0
1986,5,18,0.0,0.0
1986,5,19,0.0,0.0
1986,5,20,0.0,0.0
1986,5,21,0.0,0.0
1986,5,22,0.0,0.0
1986,5,23,0.0,0.0
1986,5,24,0.0,0.0
1986,6,1,,
1986,6,2,,
1986,6,3,,
1986,6,4,,
1986,6,5,,
1986,6,6,,
1986,6,7,,
1986,6,8,,
1986,6,9,,
1986,6,10,,
1986,6,11,,
1986,6,12,,
1986,6,13,,
1986,6,14,,
1986,6,15,,
1986,6,16,,
1986,6,17,,
1986,6,18,,
1986,6,19,,
1986,6,20,,
1986,6,21,,
1986,6,22,,
1986,6,23,,
1986,6,24,,
1986,7,1,0.0,0.0
1986,7,2,0.0,0.0
1986,7,3,0.0,0.0
1986,7,4,0.0,0.0
1986,7,5,0.0,0.0
1986,7,6,0.0,0.0
1986,7,7,0.0,0.0
1986,7,8,0.0,0.0
1986,7,9,0.001,0.2777777777777778
1986,7,10,0.007,1.9444444444444444
1986,7,11,0.026,7.222222222222221
1986,7,12,0.063,17.5
1986,7,13,0.066,18.333333333333332
1986,7,14,0.026,7.222222222222221
1986,7,15,0.003,0.8333333333333334
1986,7,16,0.0,0.0
1986,7,17,0.0,0.0
1986,7,18,0.0,0.0
1986,7,19,0.0,0.0
1986,7,20,0.0,0.0
1986,7,21,0.0,0.0
1986,7,22,0.0,0.0
1986,7,23,0.0,0.0
1986,7,24,0.0,0.0
1986,8,1,0.0,0.0
1986,8,2,0.0,0.0
1986,8,3,0.0,0.0
1986,8,4,0.0,0.0
1986,8,5,0.0,0.0
1986,8,6,0.0,0.0
1986,8,7,0.0,0.0
1986,8,8,0.003,0.8333333333333334
1986,8,9,0.049,13.61111111111111
1986,8,10,0.139,38.611111111111114
1986,8,11,0.233,64.72222222222223
1986,8,12,0.294,81.66666666666666
1986,8,13,0.312,86.66666666666667
1986,8,14,0.256,71.11111111111111
1986,8,15,0.168,46.66666666666667
1986,8,16,0.057,15.833333333333334
1986,8,17,0.006,1.6666666666666667
1986,8,18,0.0,0.0
1986,8,19,0.0,0.0
1986,8,20,0.0,0.0
1986,8,21,0.0,0.0
1986,8,22,0.0,0.0
1986,8,23,0.0,0.0
1986,8,24,0.0,0.0
1986,9,1,0.0,0.0
1986,9,2,0.0,0.0
1986,9,3,0.0,0.0
1986,9,4,0.0,0.0
1986,9,5,0.0,0.0
1986,9,6,0.007,1.9444444444444444
1986,9,7,0.065,18.055555555555557
1986,9,8,0.252,70.0
1986,9,9,0.56,155.55555555555557
1986,9,10,0.875,243.05555555555554
1986,9,11,1.128,313.3333333333333
1986,9,12,1.244,345.55555555555554
1986,9,13,1.268,352.22222222222223
1986,9,14,0.931,258.61111111111114
1986,9,15,0.831,230.83333333333331
1986,9,16,0.553,153.61111111111111
1986,9,17,0.299,83.05555555555556
1986,9,18,0.113,31.38888888888889
1986,9,19,0.017,4.722222222222222
1986,9,20,0.0,0.0
1986,9,21,0.0,0.0
1986,9,22,0.0,0.0
1986,9,23,0.0,0.0
1986,9,24,0.0,0.0
1986,10,1,0.0,0.0
1986,10,2,0.0,0.0
1986,10,3,0.001,0.2777777777777778
1986,10,4,0.037,10.277777777777777
1986,10,5,0.146,40.55555555555555
1986,10,6,0.396,110.0
1986,10,7,0.755,209.72222222222223
1986,10,8,1.103,306.38888888888886
1986,10,9,1.192,331.1111111111111
1986,10,10,1.538,427.22222222222223
1986,10,11,1.529,424.7222222222222
1986,10,12,1.989,552.5
1986,10,13,1.745,484.72222222222223
1986,10,14,1.723,478.61111111111114
1986,10,15,1.515,420.8333333333333
1986,10,16,1.543,428.6111111111111
1986,10,17,1.211,336.3888888888889
1986,10,18,0.77,213.88888888888889
1986,10,19,0.685,190.2777777777778
1986,10,20,0.357,99.16666666666666
1986,10,21,0.073,20.277777777777775
1986,10,22,0.003,0.8333333333333334
1986,10,23,0.0,0.0
1986,10,24,0.0,0.0
1986,11,1,0.0,0.0
1986,11,2,0.001,0.2777777777777778
1986,11,3,0.013,3.6111111111111107
1986,11,4,0.066,18.333333333333332
1986,11,5,0.209,58.05555555555555
1986,11,6,0.418,116.1111111111111
1986,11,7,0.804,223.33333333333334
1986,11,8,1.076,298.8888888888889
1986,11,9,1.36,377.77777777777777
1986,11,10,1.672,464.4444444444444
1986,11,11,1.895,526.3888888888889
1986,11,12,2.021,561.3888888888888
1986,11,13,2.072,575.5555555555555
1986,11,14,2.008,557.7777777777777
1986,11,15,1.874,520.5555555555555
1986,11,16,1.676,465.55555555555554
1986,11,17,1.397,388.05555555555554
1986,11,18,1.059,294.16666666666663
1986,11,19,0.739,205.27777777777777
1986,11,20,0.393,109.16666666666667
1986,11,21,0.129,35.833333333333336
1986,11,22,0.025,6.944444444444445
1986,11,23,0.0,0.0
1986,11,24,0.0,0.0
1986,12,1,0.115,31.944444444444446
1986,12,2,0.15,41.666666666666664
1986,12,3,0.251,69.72222222222221
1986,12,4,0.41,113.88888888888889
1986,12,5,0.674,187.22222222222223
1986,12,6,0.892,247.77777777777777
1986,12,7,1.276,354.44444444444446
1986,12,8,1.577,438.05555555555554
1986,12,9,1.959,544.1666666666666
1986,12,10,2.256,626.6666666666666
1986,12,11,2.441,678.0555555555555
1986,12,12,2.516,698.8888888888889
1986,12,13,2.628,730.0
1986,12,14,2.562,711.6666666666666
1986,12,15,2.409,669.1666666666666
1986,12,16,2.162,600.5555555555555
1986,12,17,1.879,521.9444444444445
1986,12,18,1.54,427.77777777777777
1986,12,19,1.216,337.77777777777777
1986,12,20,0.869,241.38888888888889
1986,12,21,0.525,145.83333333333334
1986,12,22,0.3,83.33333333333333
1986,12,23,0.205,56.94444444444444
1986,12,24,0.119,33.05555555555555
1987,1,1,0.046,12.777777777777777
1987,1,2,0.079,21.944444444444443
1987,1,3,0.24,66.66666666666666
1987,1,4,0.409,113.6111111111111
1987,1,5,0.663,184.16666666666669
1987,1,6,0.887,246.38888888888889
1987,1,7,1.29,358.3333333333333
1987,1,8,1.683,467.5
1987,1,9,1.971,547.5
1987,1,10,2.361,655.8333333333334
1987,1,11,2.484,690.0
1987,1,12,2.78,772.2222222222222
1987,1,13,2.788,774.4444444444443
1987,1,14,2.676,743.3333333333334
1987,1,15,2.461,683.6111111111111
1987,1,16,2.18,605.5555555555555
1987,1,17,1.769,491.38888888888886
1987,1,18,1.407,390.8333333333333
1987,1,19,1.06,294.44444444444446
1987,1,20,0.651,180.83333333333334
1987,1,21,0.396,110.0
1987,1,22,0.187,51.94444444444444
1987,1,23,0.095,26.38888888888889
1987,1,24,0.046,12.777777777777777
1987,2,1,0.0,0.0
1987,2,2,0.005,1.3888888888888888
1987,2,3,0.017,4.722222222222222
1987,2,4,0.09,25.0
1987,2,5,0.234,65.0
1987,2,6,0.459,127.5
1987,2,7,0.782,217.22222222222223
1987,2,8,1.075,298.6111111111111
1987,2,9,1.345,373.6111111111111
1987,2,10,1.702,472.77777777777777
1987,2,11,1.889,524.7222222222222
1987,2,12,1.98,550.0
1987,2,13,2.07,574.9999999999999
1987,2,14,1.973,548.0555555555555
1987,2,15,1.706,473.88888888888886
1987,2,16,1.417,393.6111111111111
1987,2,17,1.112,308.8888888888889
1987,2,18,0.76,211.11111111111111
1987,2,19,0.454,126.11111111111111
1987,2,20,0.238,66.1111111111111
1987,2,21,0.092,25.555555555555554
1987,2,22,0.016,4.444444444444445
1987,2,23,0.001,0.2777777777777778
1987,2,24,0.0,0.0
1987,3,1,0.0,0.0
1987,3,2,0.0,0.0
1987,3,3,0.0,0.0
1987,3,4,0.0,0.0
1987,3,5,0.006,1.6666666666666667
1987,3,6,0.044,12.222222222222221
1987,3,7,0.236,65.55555555555556
1987,3,8,0.524,145.55555555555557
1987,3,9,0.765,212.5
1987,3,10,1.016,282.22222222222223
1987,3,11,1.169,324.72222222222223
1987,3,12,1.248,346.6666666666667
1987,3,13,1.275,354.16666666666663
1987,3,14,1.28,355.55555555555554
1987,3,15,1.117,310.27777777777777
1987,3,16,0.757,210.27777777777777
1987,3,17,0.511,141.94444444444446
1987,3,18,0.236,65.55555555555556
1987,3,19,0.081,22.5
1987,3,20,0.007,1.9444444444444444
1987,3,21,0.0,0.0
1987,3,22,0.0,0.0
1987,3,23,0.0,0.0
1987,3,24,0.0,0.0
1987,4,1,0.0,0.0
1987,4,2,0.0,0.0
1987,4,3,0.0,0.0
1987,4,4,0.0,0.0
1987,4,5,0.0,0.0
1987,4,6,0.0,0.0
1987,4,7,0.002,0.5555555555555556
1987,4,8,0.032,8.88888888888889
1987,4,9,0.125,34.72222222222222
1987,4,10,0.276,76.66666666666667
1987,4,11,0.362,100.55555555555556
1987,4,12,0.479,133.05555555555554
1987,4,13,0.48,133.33333333333331
1987,4,14,0.447,124.16666666666667
1987,4,15,0.333,92.5
1987,4,16,0.163,45.27777777777778
1987,4,17,0.049,13.61111111111111
1987,4,18,0.004,1.1111111111111112
1987,4,19,0.0,0.0
1987,4,20,0.0,0.0
1987,4,21,0.0,0.0
1987,4,22,0.0,0.0
1987,4,23,0.0,0.0
1987,4,24,0.0,0.0
1987,5,1,0.0,0.0
1987,5,2,0.0,0.0
1987,5,3,0.0,0.0
1987,5,4,0.0,0.0
1987,5,5,0.0,0.0
1987,5,6,0.0,0.0
1987,5,7,0.0,0.0
1987,5,8,0.0,0.0
1987,5,9,0.004,1.1111111111111112
1987,5,10,0.027,7.5
1987,5,11,0.074,20.555555555555554
1987,5,12,0.126,35.0
1987,5,13,0.134,37.22222222222222
1987,5,14,0.099,27.5
1987,5,15,0.037,10.277777777777777
1987,5,16,0.003,0.8333333333333334
1987,5,17,0.0,0.0
1987,5,18,0.0,0.0
1987,5,19,0.0,0.0
1987,5,20,0.0,0.0
1987,5,21,0.0,0.0
1987,5,22,0.0,0.0
1987,5,23,0.0,0.0
1987,5,24,0.0,0.0
1987,6,1,,
1987,6,2,,
1987,6,3,,
1987,6,4,,
1987,6,5,,
1987,6,6,,
1987,6,7,,
1987,6,8,,
1987,6,9,,
1987,6,10,,
1987,6,11,,
1987,6,12,,
1987,6,13,,
1987,6,14,,
1987,6,15,,
1987,6,16,,
1987,6,17,,
1987,6,18,,
1987,6,19,,
1987,6,20,,
1987,6,21,,
1987,6,22,,
1987,6,23,,
1987,6,24,,
1987,7,1,,
1987,7,2,,
1987,7,3,,
1987,7,4,,
1987,7,5,,
1987,7,6,,
1987,7,7,,
1987,7,8,,
1987,7,9,,
1987,7,10,,
1987,7,11,,
1987,7,12,,
1987,7,13,,
1987,7,14,,
1987,7,15,,
1987,7,16,,
1987,7,17,,
1987,7,18,,
1987,7,19,,
1987,7,20,,
1987,7,21,,
1987,7,22,,
1987,7,23,,
1987,7,24,,
1987,8,1,0.0,0.0
1987,8,2,0.0,0.0
1987,8,3,0.0,0.0
1987,8,4,0.0,0.0
1987,8,5,0.0,0.0
1987,8,6,0.0,0.0
1987,8,7,0.0,0.0
1987,8,8,0.003,0.8333333333333334
1987,8,9,0.066,18.333333333333332
1987,8,10,0.132,36.666666666666664
1987,8,11,0.219,60.83333333333333
1987,8,12,0.243,67.5
1987,8,13,0.288,79.99999999999999
1987,8,14,0.235,65.27777777777777
1987,8,15,0.139,38.611111111111114
1987,8,16,0.037,10.277777777777777
1987,8,17,0.001,0.2777777777777778
1987,8,18,0.0,0.0
1987,8,19,0.0,0.0
1987,8,20,0.0,0.0
1987,8,21,0.0,0.0
1987,8,22,0.0,0.0
1987,8,23,0.0,0.0
1987,8,24,0.0,0.0
1987,9,1,0.0,0.0
1987,9,2,0.0,0.0
1987,9,3,0.0,0.0
1987,9,4,0.0,0.0
1987,9,5,0.0,0.0
1987,9,6,0.002,0.5555555555555556
1987,9,7,0.052,14.444444444444443
1987,9,8,0.23,63.88888888888889
1987,9,9,0.485,134.72222222222223
1987,9,10,0.748,207.77777777777777
1987,9,11,0.862,239.44444444444443
1987,9,12,0.98,272.22222222222223
1987,9,13,1.054,292.77777777777777
1987,9,14,0.923,256.3888888888889
1987,9,15,0.709,196.94444444444443
1987,9,16,0.442,122.77777777777777
1987,9,17,0.194,53.888888888888886
1987,9,18,0.056,15.555555555555555
1987,9,19,0.006,1.6666666666666667
1987,9,20,0.0,0.0
1987,9,21,0.0,0.0
1987,9,22,0.0,0.0
1987,9,23,0.0,0.0
1987,9,24,0.0,0.0
1987,10,1,0.0,0.0
1987,10,2,0.0,0.0
1987,10,3,0.001,0.2777777777777778
1987,10,4,0.054,15.0
1987,10,5,0.203,56.38888888888889
1987,10,6,0.47,130.55555555555554
1987,10,7,0.85,236.1111111111111
1987,10,8,1.238,343.88888888888886
1987,10,9,1.573,436.9444444444444
1987,10,10,1.853,514.7222222222222
1987,10,11,1.982,550.5555555555555
1987,10,12,2.104,584.4444444444445
1987,10,13,2.233,620.2777777777778
1987,10,14,2.024,562.2222222222222
1987,10,15,1.894,526.1111111111111
1987,10,16,1.532,425.55555555555554
1987,10,17,1.205,334.72222222222223
1987,10,18,0.794,220.55555555555557
1987,10,19,0.47,130.55555555555554
1987,10,20,0.186,51.666666666666664
1987,10,21,0.052,14.444444444444443
1987,10,22,0.005,1.3888888888888888
1987,10,23,0.0,0.0
1987,10,24,0.0,0.0
1987,11,1,0.028,7.777777777777778
1987,11,2,0.056,15.555555555555555
1987,11,3,0.129,35.833333333333336
1987,11,4,0.27,75.0
1987,11,5,0.492,136.66666666666666
1987,11,6,0.809,224.72222222222223
1987,11,7,1.157,321.3888888888889
1987,11,8,1.597,443.6111111111111
1987,11,9,1.973,548.0555555555555
1987,11,10,2.31,641.6666666666666
1987,11,11,2.49,691.6666666666667
1987,11,12,2.44,677.7777777777777
1987,11,13,2.574,714.9999999999999
1987,11,14,2.421,672.4999999999999
1987,11,15,2.207,613.0555555555555
1987,11,16,1.931,536.3888888888889
1987,11,17,1.598,443.8888888888889
1987,11,18,1.208,335.55555555555554
1987,11,19,0.876,243.33333333333331
1987,11,20,0.54,150.0
1987,11,21,0.304,84.44444444444444
1987,11,22,0.141,39.166666666666664
1987,11,23,0.062,17.22222222222222
1987,11,24,0.033,9.166666666666666
1987,12,1,0.115,31.944444444444446
1987,12,2,0.211,58.61111111111111
1987,12,3,0.355,98.6111111111111
1987,12,4,0.532,147.77777777777777
1987,12,5,0.855,237.5
1987,12,6,1.2,333.3333333333333
1987,12,7,1.464,406.66666666666663
1987,12,8,1.786,496.1111111111111
1987,12,9,2.13,591.6666666666666
1987,12,10,2.388,663.3333333333333
1987,12,11,2.566,712.7777777777777
1987,12,12,2.705,751.3888888888889
1987,12,13,2.754,765.0
1987,12,14,2.714,753.8888888888889
1987,12,15,2.493,692.5
1987,12,16,2.184,606.6666666666667
1987,12,17,1.849,513.6111111111111
1987,12,18,1.47,408.3333333333333
1987,12,19,1.094,303.8888888888889
1987,12,20,0.764,212.22222222222223
1987,12,21,0.49,136.11111111111111
1987,12,22,0.309,85.83333333333333
1987,12,23,0.164,45.55555555555556
1987,12,24,0.1,27.77777777777778
1988,1,1,0.015,4.166666666666666
1988,1,2,0.04,11.11111111111111
1988,1,3,0.108,30.0
1988,1,4,0.166,46.111111111111114
1988,1,5,0.285,79.16666666666666
1988,1,6,0.427,118.6111111111111
1988,1,7,0.619,171.94444444444443
1988,1,8,0.803,223.05555555555557
1988,1,9,0.966,268.3333333333333
1988,1,10,1.074,298.33333333333337
1988,1,11,1.171,325.27777777777777
1988,1,12,1.199,333.05555555555554
1988,1,13,1.251,347.49999999999994
1988,1,14,1.178,327.2222222222222
1988,1,15,1.07,297.22222222222223
1988,1,16,0.912,253.33333333333334
1988,1,17,0.798,221.66666666666669
1988,1,18,0.62,172.22222222222223
1988,1,19,0.437,121.38888888888889
1988,1,20,0.295,81.94444444444444
1988,1,21,0.184,51.11111111111111
1988,1,22,0.095,26.38888888888889
1988,1,23,0.035,9.722222222222223
1988,1,24,0.015,4.166666666666666
1988,2,1,0.0,0.0
1988,2,2,0.0,0.0
1988,2,3,0.002,0.5555555555555556
1988,2,4,0.022,6.111111111111111
1988,2,5,0.164,45.55555555555556
1988,2,6,0.464,128.88888888888889
1988,2,7,0.599,166.38888888888889
1988,2,8,0.889,246.94444444444443
1988,2,9,1.23,341.66666666666663
1988,2,10,1.419,394.1666666666667
1988,2,11,1.583,439.72222222222223
1988,2,12,1.655,459.72222222222223
1988,2,13,1.732,481.1111111111111
1988,2,14,1.708,474.4444444444444
1988,2,15,1.478,410.55555555555554
1988,2,16,1.299,360.8333333333333
1988,2,17,1.035,287.49999999999994
1988,2,18,0.747,207.5
1988,2,19,0.466,129.44444444444446
1988,2,20,0.192,53.333333333333336
1988,2,21,0.064,17.77777777777778
1988,2,22,0.014,3.888888888888889
1988,2,23,0.002,0.5555555555555556
1988,2,24,0.0,0.0
1988,3,1,0.0,0.0
1988,3,2,0.0,0.0
1988,3,3,0.0,0.0
1988,3,4,0.001,0.2777777777777778
1988,3,5,0.012,3.3333333333333335
1988,3,6,0.04,11.11111111111111
1988,3,7,0.302,83.88888888888889
1988,3,8,0.614,170.55555555555554
1988,3,9,0.844,234.44444444444443
1988,3,10,1.087,301.9444444444444
1988,3,11,1.337,371.38888888888886
1988,3,12,1.256,348.88888888888886
1988,3,13,1.365,379.16666666666663
1988,3,14,1.163,323.05555555555554
1988,3,15,1.044,290.0
1988,3,16,0.877,243.61111111111111
1988,3,17,0.641,178.05555555555554
1988,3,18,0.765,212.5
1988,3,19,0.114,31.666666666666668
1988,3,20,0.015,4.166666666666666
1988,3,21,0.0,0.0
1988,3,22,0.0,0.0
1988,3,23,0.0,0.0
1988,3,24,0.0,0.0
1988,4,1,0.0,0.0
1988,4,2,0.0,0.0
1988,4,3,0.0,0.0
1988,4,4,0.0,0.0
1988,4,5,0.0,0.0
1988,4,6,0.0,0.0
1988,4,7,0.001,0.2777777777777778
1988,4,8,0.04,11.11111111111111
1988,4,9,0.143,39.72222222222222
1988,4,10,0.269,74.72222222222223
1988,4,11,0.419,116.38888888888889
1988,4,12,0.454,126.11111111111111
1988,4,13,0.472,131.11111111111111
1988,4,14,0.381,105.83333333333333
1988,4,15,0.266,73.88888888888889
1988,4,16,0.112,31.11111111111111
1988,4,17,0.046,12.777777777777777
1988,4,18,0.006,1.6666666666666667
1988,4,19,0.0,0.0
1988,4,20,0.0,0.0
1988,4,21,0.0,0.0
1988,4,22,0.0,0.0
1988,4,23,0.0,0.0
1988,4,24,0.0,0.0
1988,5,1,0.0,0.0
1988,5,2,0.0,0.0
1988,5,3,0.0,0.0
1988,5,4,0.0,0.0
1988,5,5,0.0,0.0
1988,5,6,0.0,0.0
1988,5,7,0.0,0.0
1988,5,8,0.0,0.0
1988,5,9,0.002,0.5555555555555556
1988,5,10,0.038,10.555555555555555
1988,5,11,0.118,32.77777777777778
1988,5,12,0.161,44.72222222222222
1988,5,13,0.173,48.05555555555555
1988,5,14,0.124,34.44444444444444
1988,5,15,0.052,14.444444444444443
1988,5,16,0.006,1.6666666666666667
1988,5,17,0.0,0.0
1988,5,18,0.0,0.0
1988,5,19,0.0,0.0
1988,5,20,0.0,0.0
1988,5,21,0.0,0.0
1988,5,22,0.0,0.0
1988,5,23,0.0,0.0
1988,5,24,0.0,0.0
1988,6,1,,
1988,6,2,,
1988,6,3,,
1988,6,4,,
1988,6,5,,
1988,6,6,,
1988,6,7,,
1988,6,8,,
1988,6,9,,
1988,6,10,,
1988,6,11,,
1988,6,12,,
1988,6,13,,
1988,6,14,,
1988,6,15,,
1988,6,16,,
1988,6,17,,
1988,6,18,,
1988,6,19,,
1988,6,20,,
1988,6,21,,
1988,6,22,,
1988,6,23,,
1988,6,24,,
1988,7,1,,
1988,7,2,,
1988,7,3,,
1988,7,4,,
1988,7,5,,
1988,7,6,,
1988,7,7,,
1988,7,8,,
1988,7,9,,
1988,7,10,,
1988,7,11,,
1988,7,12,,
1988,7,13,,
1988,7,14,,
1988,7,15,,
1988,7,16,,
1988,7,17,,
1988,7,18,,
1988,7,19,,
1988,7,20,,
1988,7,21,,
1988,7,22,,
1988,7,23,,
1988,7,24,,
1988,8,1,0.0,0.0
1988,8,2,0.0,0.0
1988,8,3,0.0,0.0
1988,8,4,0.0,0.0
1988,8,5,0.0,0.0
1988,8,6,0.0,0.0
1988,8,7,0.0,0.0
1988,8,8,0.005,1.3888888888888888
1988,8,9,0.045,12.5
1988,8,10,0.138,38.333333333333336
1988,8,11,0.286,79.44444444444444
1988,8,12,0.343,95.27777777777779
1988,8,13,0.38,105.55555555555556
1988,8,14,0.357,99.16666666666666
1988,8,15,0.219,60.83333333333333
1988,8,16,0.087,24.166666666666664
1988,8,17,0.011,3.0555555555555554
1988,8,18,0.0,0.0
1988,8,19,0.0,0.0
1988,8,20,0.0,0.0
1988,8,21,0.0,0.0
1988,8,22,0.0,0.0
1988,8,23,0.0,0.0
1988,8,24,0.0,0.0
1988,9,1,0.0,0.0
1988,9,2,0.0,0.0
1988,9,3,0.0,0.0
1988,9,4,0.0,0.0
1988,9,5,0.0,0.0
1988,9,6,0.0,0.0
1988,9,7,0.048,13.333333333333334
1988,9,8,0.227,63.05555555555556
1988,9,9,0.426,118.33333333333333
1988,9,10,0.651,180.83333333333334
1988,9,11,0.818,227.2222222222222
1988,9,12,0.929,258.05555555555554
1988,9,13,0.933,259.1666666666667
1988,9,14,0.885,245.83333333333334
1988,9,15,0.742,206.11111111111111
1988,9,16,0.53,147.22222222222223
1988,9,17,0.245,68.05555555555556
1988,9,18,0.078,21.666666666666668
1988,9,19,0.007,1.9444444444444444
1988,9,20,0.0,0.0
1988,9,21,0.0,0.0
1988,9,22,0.0,0.0
1988,9,23,0.0,0.0
1988,9,24,0.0,0.0
1988,10,1,0.0,0.0
1988,10,2,0.0,0.0
1988,10,3,0.0,0.0
1988,10,4,0.016,4.444444444444445
1988,10,5,0.085,23.61111111111111
1988,10,6,0.267,74.16666666666667
1988,10,7,0.515,143.05555555555554
1988,10,8,0.832,231.1111111111111
1988,10,9,1.125,312.5
1988,10,10,1.401,389.1666666666667
1988,10,11,1.576,437.77777777777777
1988,10,12,1.685,468.05555555555554
1988,10,13,1.738,482.77777777777777
1988,10,14,1.698,471.66666666666663
1988,10,15,1.545,429.16666666666663
1988,10,16,1.246,346.1111111111111
1988,10,17,1.033,286.9444444444444
1988,10,18,0.757,210.27777777777777
1988,10,19,0.399,110.83333333333334
1988,10,20,0.138,38.333333333333336
1988,10,21,0.031,8.61111111111111
1988,10,22,0.003,0.8333333333333334
1988,10,23,0.0,0.0
1988,10,24,0.0,0.0
1988,11,1,0.017,4.722222222222222
1988,11,2,0.068,18.88888888888889
1988,11,3,0.19,52.77777777777778
1988,11,4,0.38,105.55555555555556
1988,11,5,0.561,155.83333333333334
1988,11,6,0.863,239.7222222222222
1988,11,7,1.199,333.05555555555554
1988,11,8,1.496,415.55555555555554
1988,11,9,1.802,500.55555555555554
1988,11,10,2.07,574.9999999999999
1988,11,11,2.336,648.8888888888888
1988,11,12,2.414,670.5555555555555
1988,11,13,2.413,670.2777777777777
1988,11,14,2.296,637.7777777777777
1988,11,15,2.221,616.9444444444445
1988,11,16,2.007,557.5
1988,11,17,1.759,488.6111111111111
1988,11,18,1.334,370.55555555555554
1988,11,19,0.974,270.55555555555554
1988,11,20,0.663,184.16666666666669
1988,11,21,0.396,110.0
1988,11,22,0.198,55.0
1988,11,23,0.065,18.055555555555557
1988,11,24,0.019,5.277777777777778
1988,12,1,0.108,30.0
1988,12,2,0.176,48.888888888888886
1988,12,3,0.31,86.11111111111111
1988,12,4,0.508,141.11111111111111
1988,12,5,0.732,203.33333333333331
1988,12,6,1.032,286.6666666666667
1988,12,7,1.398,388.3333333333333
1988,12,8,1.703,473.05555555555554
1988,12,9,1.932,536.6666666666666
1988,12,10,2.163,600.8333333333333
1988,12,11,2.357,654.7222222222223
1988,12,12,2.478,688.3333333333334
1988,12,13,2.54,705.5555555555555
1988,12,14,2.476,687.7777777777777
1988,12,15,2.324,645.5555555555555
1988,12,16,2.101,583.6111111111111
1988,12,17,1.814,503.8888888888889
1988,12,18,1.462,406.1111111111111
1988,12,19,1.113,309.16666666666663
1988,12,20,0.82,227.77777777777777
1988,12,21,0.531,147.5
1988,12,22,0.338,93.8888888888889
1988,12,23,0.2,55.55555555555556
1988,12,24,0.12,33.33333333333333
1989,1,1,0.076,21.11111111111111
1989,1,2,0.103,28.611111111111107
1989,1,3,0.19,52.77777777777778
1989,1,4,0.315,87.5
1989,1,5,0.437,121.38888888888889
1989,1,6,0.742,206.11111111111111
1989,1,7,1.01,280.55555555555554
1989,1,8,1.302,361.6666666666667
1989,1,9,1.579,438.6111111111111
1989,1,10,1.863,517.5
1989,1,11,2.15,597.2222222222222
1989,1,12,2.229,619.1666666666666
1989,1,13,2.233,620.2777777777778
1989,1,14,2.194,609.4444444444445
1989,1,15,1.99,552.7777777777777
1989,1,16,1.63,452.7777777777777
1989,1,17,1.317,365.8333333333333
1989,1,18,1.054,292.77777777777777
1989,1,19,0.791,219.72222222222223
1989,1,20,0.496,137.77777777777777
1989,1,21,0.336,93.33333333333334
1989,1,22,0.17,47.22222222222222
1989,1,23,0.106,29.444444444444443
1989,1,24,0.058,16.11111111111111
1989,2,1,0.0,0.0
1989,2,2,0.0,0.0
1989,2,3,0.006,1.6666666666666667
1989,2,4,0.051,14.166666666666666
1989,2,5,0.161,44.72222222222222
1989,2,6,0.363,100.83333333333333
1989,2,7,0.614,170.55555555555554
1989,2,8,0.888,246.66666666666666
1989,2,9,1.083,300.8333333333333
1989,2,10,1.351,375.27777777777777
1989,2,11,1.584,440.0
1989,2,12,1.621,450.27777777777777
1989,2,13,1.692,470.0
1989,2,14,1.605,445.8333333333333
1989,2,15,1.434,398.3333333333333
1989,2,16,1.2,333.3333333333333
1989,2,17,1.007,279.7222222222222
1989,2,18,0.707,196.38888888888889
1989,2,19,0.437,121.38888888888889
1989,2,20,0.24,66.66666666666666
1989,2,21,0.065,18.055555555555557
1989,2,22,0.01,2.7777777777777777
1989,2,23,0.0,0.0
1989,2,24,0.0,0.0
1989,3,1,0.0,0.0
1989,3,2,0.0,0.0
1989,3,3,0.0,0.0
1989,3,4,0.0,0.0
1989,3,5,0.003,0.8333333333333334
1989,3,6,0.042,11.666666666666668
1989,3,7,0.176,48.888888888888886
1989,3,8,0.38,105.55555555555556
1989,3,9,0.596,165.55555555555554
1989,3,10,0.803,223.05555555555557
1989,3,11,0.959,266.38888888888886
1989,3,12,1.081,300.27777777777777
1989,3,13,1.122,311.6666666666667
1989,3,14,1.055,293.05555555555554
1989,3,15,0.859,238.61111111111111
1989,3,16,0.651,180.83333333333334
1989,3,17,0.427,118.6111111111111
1989,3,18,0.198,55.0
1989,3,19,0.046,12.777777777777777
1989,3,20,0.002,0.5555555555555556
1989,3,21,0.0,0.0
1989,3,22,0.0,0.0
1989,3,23,0.0,0.0
1989,3,24,0.0,0.0
1989,4,1,0.0,0.0
1989,4,2,0.0,0.0
1989,4,3,0.0,0.0
1989,4,4,0.0,0.0
1989,4,5,0.0,0.0
1989,4,6,0.0,0.0
1989,4,7,0.003,0.8333333333333334
1989,4,8,0.034,9.444444444444445
1989,4,9,0.137,38.05555555555556
1989,4,10,0.283,78.6111111111111
1989,4,11,0.411,114.16666666666666
1989,4,12,0.465,129.16666666666666
1989,4,13,0.453,125.83333333333333
1989,4,14,0.408,113.33333333333333
1989,4,15,0.296,82.22222222222221
1989,4,16,0.157,43.61111111111111
1989,4,17,0.035,9.722222222222223
1989,4,18,0.001,0.2777777777777778
1989,4,19,0.0,0.0
1989,4,20,0.0,0.0
1989,4,21,0.0,0.0
1989,4,22,0.0,0.0
1989,4,23,0.0,0.0
1989,4,24,0.0,0.0
1989,5,1,0.0,0.0
1989,5,2,0.0,0.0
1989,5,3,0.0,0.0
1989,5,4,0.0,0.0
1989,5,5,0.0,0.0
1989,5,6,0.0,0.0
1989,5,7,0.0,0.0
1989,5,8,0.0,0.0
1989,5,9,0.0,0.0
1989,5,10,0.007,1.9444444444444444
1989,5,11,0.035,9.722222222222223
1989,5,12,0.06,16.666666666666664
1989,5,13,0.091,25.277777777777775
1989,5,14,0.059,16.38888888888889
1989,5,15,0.01,2.7777777777777777
1989,5,16,0.0,0.0
1989,5,17,0.0,0.0
1989,5,18,0.0,0.0
1989,5,19,0.0,0.0
1989,5,20,0.0,0.0
1989,5,21,0.0,0.0
1989,5,22,0.0,0.0
1989,5,23,0.0,0.0
1989,5,24,0.0,0.0
1989,6,1,,
1989,6,2,,
1989,6,3,,
1989,6,4,,
1989,6,5,,
1989,6,6,,
1989,6,7,,
1989,6,8,,
1989,6,9,,
1989,6,10,,
1989,6,11,,
1989,6,12,,
1989,6,13,,
1989,6,14,,
1989,6,15,,
1989,6,16,,
1989,6,17,,
1989,6,18,,
1989,6,19,,
1989,6,20,,
1989,6,21,,
1989,6,22,,
1989,6,23,,
1989,6,24,,
1989,7,1,0.0,0.0
1989,7,2,0.0,0.0
1989,7,3,0.0,0.0
1989,7,4,0.0,0.0
1989,7,5,0.0,0.0
1989,7,6,0.0,0.0
1989,7,7,0.0,0.0
1989,7,8,0.0,0.0
1989,7,9,0.0,0.0
1989,7,10,0.003,0.8333333333333334
1989,7,11,0.022,6.111111111111111
1989,7,12,0.065,18.055555555555557
1989,7,13,0.07,19.444444444444446
1989,7,14,0.03,8.333333333333332
1989,7,15,0.002,0.5555555555555556
1989,7,16,0.0,0.0
1989,7,17,0.0,0.0
1989,7,18,0.0,0.0
1989,7,19,0.0,0.0
1989,7,20,0.0,0.0
1989,7,21,0.0,0.0
1989,7,22,0.0,0.0
1989,7,23,0.0,0.0
1989,7,24,0.0,0.0
1989,8,1,0.0,0.0
1989,8,2,0.0,0.0
1989,8,3,0.0,0.0
1989,8,4,0.0,0.0
1989,8,5,0.0,0.0
1989,8,6,0.0,0.0
1989,8,7,0.0,0.0
1989,8,8,0.006,1.6666666666666667
1989,8,9,0.044,12.222222222222221
1989,8,10,0.139,38.611111111111114
1989,8,11,0.262,72.77777777777779
1989,8,12,0.322,89.44444444444444
1989,8,13,0.333,92.5
1989,8,14,0.27,75.0
1989,8,15,0.174,48.33333333333333
1989,8,16,0.062,17.22222222222222
1989,8,17,0.009,2.4999999999999996
1989,8,18,0.0,0.0
1989,8,19,0.0,0.0
1989,8,20,0.0,0.0
1989,8,21,0.0,0.0
1989,8,22,0.0,0.0
1989,8,23,0.0,0.0
1989,8,24,0.0,0.0
1989,9,1,0.0,0.0
1989,9,2,0.0,0.0
1989,9,3,0.0,0.0
1989,9,4,0.0,0.0
1989,9,5,0.0,0.0
1989,9,6,0.006,1.6666666666666667
1989,9,7,0.078,21.666666666666668
1989,9,8,0.271,75.27777777777779
1989,9,9,0.492,136.66666666666666
1989,9,10,0.727,201.94444444444443
1989,9,11,0.903,250.83333333333334
1989,9,12,0.989,274.72222222222223
1989,9,13,1.016,282.22222222222223
1989,9,14,0.962,267.22222222222223
1989,9,15,0.799,221.94444444444446
1989,9,16,0.62,172.22222222222223
1989,9,17,0.323,89.72222222222223
1989,9,18,0.117,32.5
1989,9,19,0.012,3.3333333333333335
1989,9,20,0.0,0.0
1989,9,21,0.0,0.0
1989,9,22,0.0,0.0
1989,9,23,0.0,0.0
1989,9,24,0.0,0.0
1989,10,1,0.0,0.0
1989,10,2,0.0,0.0
1989,10,3,0.0,0.0
1989,10,4,0.019,5.277777777777778
1989,10,5,0.103,28.611111111111107
1989,10,6,0.286,79.44444444444444
1989,10,7,0.534,148.33333333333334
1989,10,8,0.815,226.38888888888886
1989,10,9,1.093,303.6111111111111
1989,10,10,1.318,366.11111111111114
1989,10,11,1.537,426.9444444444444
1989,10,12,1.664,462.2222222222222
1989,10,13,1.685,468.05555555555554
1989,10,14,1.63,452.7777777777777
1989,10,15,1.472,408.88888888888886
1989,10,16,1.227,340.83333333333337
1989,10,17,0.966,268.3333333333333
1989,10,18,0.688,191.1111111111111
1989,10,19,0.345,95.83333333333333
1989,10,20,0.114,31.666666666666668
1989,10,21,0.017,4.722222222222222
1989,10,22,0.001,0.2777777777777778
1989,10,23,0.0,0.0
1989,10,24,0.0,0.0
1989,11,1,0.026,7.222222222222221
1989,11,2,0.04,11.11111111111111
1989,11,3,0.106,29.444444444444443
1989,11,4,0.257,71.38888888888889
1989,11,5,0.427,118.6111111111111
1989,11,6,0.699,194.16666666666666
1989,11,7,1.016,282.22222222222223
1989,11,8,1.329,369.16666666666663
1989,11,9,1.643,456.38888888888886
1989,11,10,1.957,543.6111111111111
1989,11,11,2.121,589.1666666666666
1989,11,12,2.223,617.5
1989,11,13,2.213,614.7222222222223
1989,11,14,2.156,598.8888888888889
1989,11,15,2.015,559.7222222222223
1989,11,16,1.784,495.55555555555554
1989,11,17,1.545,429.16666666666663
1989,11,18,1.197,332.5
1989,11,19,0.92,255.55555555555557
1989,11,20,0.616,171.11111111111111
1989,11,21,0.339,94.16666666666667
1989,11,22,0.165,45.833333333333336
1989,11,23,0.066,18.333333333333332
1989,11,24,0.029,8.055555555555555
1989,12,1,0.168,46.66666666666667
1989,12,2,0.201,55.833333333333336
1989,12,3,0.283,78.6111111111111
1989,12,4,0.428,118.88888888888889
1989,12,5,0.589,163.6111111111111
1989,12,6,0.87,241.66666666666666
1989,12,7,1.177,326.94444444444446
1989,12,8,1.604,445.55555555555554
1989,12,9,1.943,539.7222222222222
1989,12,10,2.24,622.2222222222223
1989,12,11,2.416,671.1111111111111
1989,12,12,2.494,692.7777777777778
1989,12,13,2.547,707.5
1989,12,14,2.555,709.7222222222223
1989,12,15,2.475,687.5
1989,12,16,2.218,616.1111111111111
1989,12,17,1.906,529.4444444444445
1989,12,18,1.531,425.27777777777777
1989,12,19,1.141,316.94444444444446
1989,12,20,0.812,225.55555555555557
1989,12,21,0.541,150.27777777777777
1989,12,22,0.317,88.05555555555556
1989,12,23,0.231,64.16666666666667
1989,12,24,0.179,49.72222222222222
1990,1,1,,
1990,1,2,,
1990,1,3,,
1990,1,4,,
1990,1,5,,
1990,1,6,,
1990,1,7,,
1990,1,8,,
1990,1,9,,
1990,1,10,,
1990,1,11,,
1990,1,12,,
1990,1,13,,
1990,1,14,,
1990,1,15,,
1990,1,16,,
1990,1,17,,
1990,1,18,,
1990,1,19,,
1990,1,20,,
1990,1,21,,
1990,1,22,,
1990,1,23,,
1990,1,24,,
1990,2,1,0.0,0.0
1990,2,2,0.0,0.0
1990,2,3,0.0,0.0
1990,2,4,0.01,2.7777777777777777
1990,2,5,0.138,38.333333333333336
1990,2,6,0.428,118.88888888888889
1990,2,7,0.675,187.5
1990,2,8,1.017,282.49999999999994
1990,2,9,1.287,357.49999999999994
1990,2,10,1.498,416.1111111111111
1990,2,11,1.638,454.99999999999994
1990,2,12,1.535,426.38888888888886
1990,2,13,1.795,498.6111111111111
1990,2,14,1.825,506.9444444444444
1990,2,15,1.538,427.22222222222223
1990,2,16,1.193,331.3888888888889
1990,2,17,0.9,250.0
1990,2,18,0.517,143.61111111111111
1990,2,19,0.267,74.16666666666667
1990,2,20,0.057,15.833333333333334
1990,2,21,0.005,1.3888888888888888
1990,2,22,0.0,0.0
1990,2,23,0.0,0.0
1990,2,24,0.0,0.0
1990,3,1,0.0,0.0
1990,3,2,0.0,0.0
1990,3,3,0.0,0.0
1990,3,4,0.0,0.0
1990,3,5,0.003,0.8333333333333334
1990,3,6,0.061,16.944444444444443
1990,3,7,0.196,54.44444444444444
1990,3,8,0.419,116.38888888888889
1990,3,9,0.655,181.94444444444446
1990,3,10,0.852,236.66666666666666
1990,3,11,1.014,281.6666666666667
1990,3,12,1.053,292.5
1990,3,13,1.072,297.77777777777777
1990,3,14,1.055,293.05555555555554
1990,3,15,0.943,261.9444444444444
1990,3,16,0.713,198.05555555555554
1990,3,17,0.469,130.27777777777777
1990,3,18,0.194,53.888888888888886
1990,3,19,0.059,16.38888888888889
1990,3,20,0.002,0.5555555555555556
1990,3,21,0.0,0.0
1990,3,22,0.0,0.0
1990,3,23,0.0,0.0
1990,3,24,0.0,0.0
1990,4,1,0.0,0.0
1990,4,2,0.0,0.0
1990,4,3,0.0,0.0
1990,4,4,0.0,0.0
1990,4,5,0.0,0.0
1990,4,6,0.0,0.0
1990,4,7,0.0,0.0
1990,4,8,0.02,5.555555555555555
1990,4,9,0.115,31.944444444444446
1990,4,10,0.258,71.66666666666667
1990,4,11,0.371,103.05555555555556
1990,4,12,0.443,123.05555555555556
1990,4,13,0.466,129.44444444444446
1990,4,14,0.4,111.11111111111111
1990,4,15,0.273,75.83333333333334
1990,4,16,0.139,38.611111111111114
1990,4,17,0.043,11.944444444444443
1990,4,18,0.0,0.0
1990,4,19,0.0,0.0
1990,4,20,0.0,0.0
1990,4,21,0.0,0.0
1990,4,22,0.0,0.0
1990,4,23,0.0,0.0
1990,4,24,0.0,0.0
1990,5,1,0.0,0.0
1990,5,2,0.0,0.0
1990,5,3,0.0,0.0
1990,5,4,0.0,0.0
1990,5,5,0.0,0.0
1990,5,6,0.0,0.0
1990,5,7,0.0,0.0
1990,5,8,0.0,0.0
1990,5,9,0.0,0.0
1990,5,10,0.0,0.0
1990,5,11,0.009,2.4999999999999996
1990,5,12,0.048,13.333333333333334
1990,5,13,0.058,16.11111111111111
1990,5,14,0.026,7.222222222222221
1990,5,15,0.008,2.2222222222222223
1990,5,16,0.0,0.0
1990,5,17,0.0,0.0
1990,5,18,0.0,0.0
1990,5,19,0.0,0.0
1990,5,20,0.0,0.0
1990,5,21,0.0,0.0
1990,5,22,0.0,0.0
1990,5,23,0.0,0.0
1990,5,24,0.0,0.0
1990,6,1,,
1990,6,2,,
1990,6,3,,
1990,6,4,,
1990,6,5,,
1990,6,6,,
1990,6,7,,
1990,6,8,,
1990,6,9,,
1990,6,10,,
1990,6,11,,
1990,6,12,,
1990,6,13,,
1990,6,14,,
1990,6,15,,
1990,6,16,,
1990,6,17,,
1990,6,18,,
1990,6,19,,
1990,6,20,,
1990,6,21,,
1990,6,22,,
1990,6,23,,
1990,6,24,,
1990,7,1,0.0,0.0
1990,7,2,0.0,0.0
1990,7,3,0.0,0.0
1990,7,4,0.0,0.0
1990,7,5,0.0,0.0
1990,7,6,0.0,0.0
1990,7,7,0.0,0.0
1990,7,8,0.0,0.0
1990,7,9,0.0,0.0
1990,7,10,0.0,0.0
1990,7,11,0.0,0.0
1990,7,12,0.02,5.555555555555555
1990,7,13,0.023,6.388888888888888
1990,7,14,0.003,0.8333333333333334
1990,7,15,0.0,0.0
1990,7,16,0.0,0.0
1990,7,17,0.0,0.0
1990,7,18,0.0,0.0
1990,7,19,0.0,0.0
1990,7,20,0.0,0.0
1990,7,21,0.0,0.0
1990,7,22,0.0,0.0
1990,7,23,0.0,0.0
1990,7,24,0.0,0.0
1990,8,1,0.0,0.0
1990,8,2,0.0,0.0
1990,8,3,0.0,0.0
1990,8,4,0.0,0.0
1990,8,5,0.0,0.0
1990,8,6,0.0,0.0
1990,8,7,0.0,0.0
1990,8,8,0.006,1.6666666666666667
1990,8,9,0.04,11.11111111111111
1990,8,10,0.129,35.833333333333336
1990,8,11,0.254,70.55555555555556
1990,8,12,0.34,94.44444444444444
1990,8,13,0.355,98.6111111111111
1990,8,14,0.285,79.16666666666666
1990,8,15,0.169,46.94444444444445
1990,8,16,0.053,14.722222222222221
1990,8,17,0.006,1.6666666666666667
1990,8,18,0.0,0.0
1990,8,19,0.0,0.0
1990,8,20,0.0,0.0
1990,8,21,0.0,0.0
1990,8,22,0.0,0.0
1990,8,23,0.0,0.0
1990,8,24,0.0,0.0
1990,9,1,0.0,0.0
1990,9,2,0.0,0.0
1990,9,3,0.0,0.0
1990,9,4,0.0,0.0
1990,9,5,0.0,0.0
1990,9,6,0.005,1.3888888888888888
1990,9,7,0.088,24.444444444444443
1990,9,8,0.313,86.94444444444444
1990,9,9,0.598,166.11111111111111
1990,9,10,0.814,226.1111111111111
1990,9,11,0.961,266.94444444444446
1990,9,12,1.032,286.6666666666667
1990,9,13,1.052,292.22222222222223
1990,9,14,0.952,264.4444444444444
1990,9,15,0.791,219.72222222222223
1990,9,16,0.546,151.66666666666669
1990,9,17,0.284,78.88888888888889
1990,9,18,0.089,24.72222222222222
1990,9,19,0.002,0.5555555555555556
1990,9,20,0.0,0.0
1990,9,21,0.0,0.0
1990,9,22,0.0,0.0
1990,9,23,0.0,0.0
1990,9,24,0.0,0.0
1990,10,1,0.0,0.0
1990,10,2,0.0,0.0
1990,10,3,0.0,0.0
1990,10,4,0.008,2.2222222222222223
1990,10,5,0.087,24.166666666666664
1990,10,6,0.261,72.5
1990,10,7,0.573,159.16666666666666
1990,10,8,0.858,238.33333333333331
1990,10,9,1.107,307.5
1990,10,10,1.305,362.5
1990,10,11,1.496,415.55555555555554
1990,10,12,1.646,457.2222222222222
1990,10,13,1.643,456.38888888888886
1990,10,14,1.486,412.77777777777777
1990,10,15,1.334,370.55555555555554
1990,10,16,1.151,319.72222222222223
1990,10,17,0.894,248.33333333333334
1990,10,18,0.563,156.38888888888886
1990,10,19,0.28,77.77777777777779
1990,10,20,0.06,16.666666666666664
1990,10,21,0.002,0.5555555555555556
1990,10,22,0.0,0.0
1990,10,23,0.0,0.0
1990,10,24,0.0,0.0
1990,11,1,0.013,3.6111111111111107
1990,11,2,0.03,8.333333333333332
1990,11,3,0.143,39.72222222222222
1990,11,4,0.375,104.16666666666666
1990,11,5,0.639,177.5
1990,11,6,0.889,246.94444444444443
1990,11,7,1.21,336.1111111111111
1990,11,8,1.51,419.44444444444446
1990,11,9,1.791,497.49999999999994
1990,11,10,2.058,571.6666666666666
1990,11,11,2.226,618.3333333333333
1990,11,12,2.37,658.3333333333334
1990,11,13,2.303,639.7222222222222
1990,11,14,2.22,616.6666666666667
1990,11,15,2.069,574.7222222222222
1990,11,16,1.873,520.2777777777777
1990,11,17,1.536,426.6666666666667
1990,11,18,1.21,336.1111111111111
1990,11,19,0.881,244.72222222222223
1990,11,20,0.587,163.05555555555554
1990,11,21,0.324,90.0
1990,11,22,0.078,21.666666666666668
1990,11,23,0.021,5.833333333333334
1990,11,24,0.01,2.7777777777777777
1990,12,1,0.106,29.444444444444443
1990,12,2,0.165,45.833333333333336
1990,12,3,0.419,116.38888888888889
1990,12,4,0.614,170.55555555555554
1990,12,5,0.842,233.88888888888889
1990,12,6,1.137,315.8333333333333
1990,12,7,1.509,419.16666666666663
1990,12,8,1.817,504.7222222222222
1990,12,9,2.134,592.7777777777777
1990,12,10,2.463,684.1666666666666
1990,12,11,2.671,741.9444444444443
1990,12,12,2.769,769.1666666666666
1990,12,13,2.651,736.3888888888888
1990,12,14,2.649,735.8333333333334
1990,12,15,2.441,678.0555555555555
1990,12,16,2.13,591.6666666666666
1990,12,17,1.748,485.55555555555554
1990,12,18,1.45,402.77777777777777
1990,12,19,1.137,315.8333333333333
1990,12,20,0.888,246.66666666666666
1990,12,21,0.654,181.66666666666666
1990,12,22,0.418,116.1111111111111
1990,12,23,0.152,42.22222222222222
1990,12,24,0.106,29.444444444444443
1991,1,1,0.011,3.0555555555555554
1991,1,2,0.021,5.833333333333334
1991,1,3,0.113,31.38888888888889
1991,1,4,0.266,73.88888888888889
1991,1,5,0.465,129.16666666666666
1991,1,6,0.731,203.05555555555554
1991,1,7,1.051,291.9444444444444
1991,1,8,1.369,380.27777777777777
1991,1,9,1.759,488.6111111111111
1991,1,10,2.026,562.7777777777777
1991,1,11,2.183,606.3888888888888
1991,1,12,2.27,630.5555555555555
1991,1,13,2.251,625.2777777777777
1991,1,14,2.155,598.6111111111111
1991,1,15,1.941,539.1666666666666
1991,1,16,1.814,503.8888888888889
1991,1,17,1.5,416.66666666666663
1991,1,18,1.135,315.27777777777777
1991,1,19,0.831,230.83333333333331
1991,1,20,0.56,155.55555555555557
1991,1,21,0.362,100.55555555555556
1991,1,22,0.155,43.05555555555556
1991,1,23,0.03,8.333333333333332
1991,1,24,0.021,5.833333333333334
1991,2,1,0.0,0.0
1991,2,2,0.001,0.2777777777777778
1991,2,3,0.005,1.3888888888888888
1991,2,4,0.061,16.944444444444443
1991,2,5,0.214,59.44444444444444
1991,2,6,0.428,118.88888888888889
1991,2,7,0.595,165.27777777777777
1991,2,8,0.858,238.33333333333331
1991,2,9,1.015,281.9444444444444
1991,2,10,1.26,350.0
1991,2,11,1.469,408.05555555555554
1991,2,12,1.398,388.3333333333333
1991,2,13,1.565,434.7222222222222
1991,2,14,1.564,434.44444444444446
1991,2,15,1.383,384.1666666666667
1991,2,16,1.183,328.61111111111114
1991,2,17,0.954,265.0
1991,2,18,0.701,194.7222222222222
1991,2,19,0.439,121.94444444444444
1991,2,20,0.246,68.33333333333333
1991,2,21,0.07,19.444444444444446
1991,2,22,0.008,2.2222222222222223
1991,2,23,0.001,0.2777777777777778
1991,2,24,0.0,0.0
1991,3,1,0.0,0.0
1991,3,2,0.0,0.0
1991,3,3,0.0,0.0
1991,3,4,0.0,0.0
1991,3,5,0.002,0.5555555555555556
1991,3,6,0.048,13.333333333333334
1991,3,7,0.171,47.5
1991,3,8,0.415,115.27777777777777
1991,3,9,0.612,170.0
1991,3,10,0.804,223.33333333333334
1991,3,11,0.981,272.5
1991,3,12,1.108,307.77777777777777
1991,3,13,1.126,312.7777777777777
1991,3,14,1.037,288.05555555555554
1991,3,15,0.868,241.11111111111111
1991,3,16,0.647,179.72222222222223
1991,3,17,0.451,125.27777777777777
1991,3,18,0.241,66.94444444444444
1991,3,19,0.066,18.333333333333332
1991,3,20,0.001,0.2777777777777778
1991,3,21,0.0,0.0
1991,3,22,0.0,0.0
1991,3,23,,
1991,3,24,,
1991,4,1,0.0,0.0
1991,4,2,0.0,0.0
1991,4,3,0.0,0.0
1991,4,4,0.0,0.0
1991,4,5,0.0,0.0
1991,4,6,0.0,0.0
1991,4,7,0.0,0.0
1991,4,8,0.027,7.5
1991,4,9,0.143,39.72222222222222
1991,4,10,0.293,81.38888888888889
1991,4,11,0.438,121.66666666666666
1991,4,12,0.516,143.33333333333334
1991,4,13,0.524,145.55555555555557
1991,4,14,0.457,126.94444444444444
1991,4,15,0.316,87.77777777777777
1991,4,16,0.158,43.888888888888886
1991,4,17,0.036,9.999999999999998
1991,4,18,0.0,0.0
1991,4,19,0.0,0.0
1991,4,20,0.0,0.0
1991,4,21,0.0,0.0
1991,4,22,0.0,0.0
1991,4,23,0.0,0.0
1991,4,24,0.0,0.0
1991,5,1,0.0,0.0
1991,5,2,0.0,0.0
1991,5,3,0.0,0.0
1991,5,4,0.0,0.0
1991,5,5,0.0,0.0
1991,5,6,0.0,0.0
1991,5,7,0.0,0.0
1991,5,8,0.0,0.0
1991,5,9,0.0,0.0
1991,5,10,0.003,0.8333333333333334
1991,5,11,0.043,11.944444444444443
1991,5,12,0.106,29.444444444444443
1991,5,13,0.114,31.666666666666668
1991,5,14,0.061,16.944444444444443
1991,5,15,0.011,3.0555555555555554
1991,5,16,0.0,0.0
1991,5,17,0.0,0.0
1991,5,18,0.0,0.0
1991,5,19,0.0,0.0
1991,5,20,0.0,0.0
1991,5,21,0.0,0.0
1991,5,22,0.0,0.0
1991,5,23,0.0,0.0
1991,5,24,0.0,0.0
1991,6,1,,
1991,6,2,,
1991,6,3,,
1991,6,4,,
1991,6,5,,
1991,6,6,,
1991,6,7,,
1991,6,8,,
1991,6,9,,
1991,6,10,,
1991,6,11,,
1991,6,12,,
1991,6,13,,
1991,6,14,,
1991,6,15,,
1991,6,16,,
1991,6,17,,
1991,6,18,,
1991,6,19,,
1991,6,20,,
1991,6,21,,
1991,6,22,,
1991,6,23,,
1991,6,24,,
1991,7,1,0.0,0.0
1991,7,2,0.0,0.0
1991,7,3,0.0,0.0
1991,7,4,0.0,0.0
1991,7,5,0.0,0.0
1991,7,6,0.0,0.0
1991,7,7,0.0,0.0
1991,7,8,0.0,0.0
1991,7,9,0.0,0.0
1991,7,10,0.0,0.0
1991,7,11,0.003,0.8333333333333334
1991,7,12,0.035,9.722222222222223
1991,7,13,0.048,13.333333333333334
1991,7,14,0.005,1.3888888888888888
1991,7,15,0.0,0.0
1991,7,16,0.0,0.0
1991,7,17,0.0,0.0
1991,7,18,0.0,0.0
1991,7,19,0.0,0.0
1991,7,20,0.0,0.0
1991,7,21,0.0,0.0
1991,7,22,0.0,0.0
1991,7,23,0.0,0.0
1991,7,24,0.0,0.0
1991,8,1,0.0,0.0
1991,8,2,0.0,0.0
1991,8,3,0.0,0.0
1991,8,4,0.0,0.0
1991,8,5,0.0,0.0
1991,8,6,0.0,0.0
1991,8,7,0.0,0.0
1991,8,8,0.001,0.2777777777777778
1991,8,9,0.023,6.388888888888888
1991,8,10,0.109,30.27777777777778
1991,8,11,0.201,55.833333333333336
1991,8,12,0.271,75.27777777777779
1991,8,13,0.274,76.11111111111111
1991,8,14,0.217,60.27777777777778
1991,8,15,0.123,34.166666666666664
1991,8,16,0.031,8.61111111111111
1991,8,17,0.001,0.2777777777777778
1991,8,18,0.0,0.0
1991,8,19,0.0,0.0
1991,8,20,0.0,0.0
1991,8,21,0.0,0.0
1991,8,22,0.0,0.0
1991,8,23,0.0,0.0
1991,8,24,0.0,0.0
1991,9,1,0.0,0.0
1991,9,2,0.0,0.0
1991,9,3,0.0,0.0
1991,9,4,0.0,0.0
1991,9,5,0.0,0.0
1991,9,6,0.003,0.8333333333333334
1991,9,7,0.039,10.833333333333334
1991,9,8,0.197,54.72222222222222
1991,9,9,0.417,115.83333333333333
1991,9,10,0.64,177.77777777777777
1991,9,11,0.798,221.66666666666669
1991,9,12,0.904,251.11111111111111
1991,9,13,0.916,254.44444444444446
1991,9,14,0.82,227.77777777777777
1991,9,15,0.637,176.94444444444446
1991,9,16,0.443,123.05555555555556
1991,9,17,0.194,53.888888888888886
1991,9,18,0.037,10.277777777777777
1991,9,19,0.002,0.5555555555555556
1991,9,20,0.0,0.0
1991,9,21,0.0,0.0
1991,9,22,0.0,0.0
1991,9,23,0.0,0.0
1991,9,24,0.0,0.0
1991,10,1,0.0,0.0
1991,10,2,0.0,0.0
1991,10,3,0.0,0.0
1991,10,4,0.011,3.0555555555555554
1991,10,5,0.093,25.833333333333332
1991,10,6,0.287,79.72222222222221
1991,10,7,0.599,166.38888888888889
1991,10,8,0.926,257.22222222222223
1991,10,9,1.252,347.77777777777777
1991,10,10,1.496,415.55555555555554
1991,10,11,1.688,468.88888888888886
1991,10,12,1.799,499.7222222222222
1991,10,13,1.779,494.16666666666663
1991,10,14,1.677,465.8333333333333
1991,10,15,1.499,416.3888888888889
1991,10,16,1.226,340.55555555555554
1991,10,17,0.936,260.0
1991,10,18,0.635,176.38888888888889
1991,10,19,0.324,90.0
1991,10,20,0.097,26.944444444444443
1991,10,21,0.017,4.722222222222222
1991,10,22,0.001,0.2777777777777778
1991,10,23,0.0,0.0
1991,10,24,0.0,0.0
1991,11,1,0.01,2.7777777777777777
1991,11,2,0.02,5.555555555555555
1991,11,3,0.076,21.11111111111111
1991,11,4,0.234,65.0
1991,11,5,0.477,132.5
1991,11,6,0.751,208.61111111111111
1991,11,7,1.061,294.7222222222222
1991,11,8,1.374,381.6666666666667
1991,11,9,1.691,469.72222222222223
1991,11,10,1.97,547.2222222222222
1991,11,11,2.137,593.6111111111111
1991,11,12,2.231,619.7222222222222
1991,11,13,2.182,606.1111111111111
1991,11,14,2.061,572.5
1991,11,15,1.909,530.2777777777778
1991,11,16,1.673,464.72222222222223
1991,11,17,1.377,382.5
1991,11,18,1.068,296.6666666666667
1991,11,19,0.782,217.22222222222223
1991,11,20,0.498,138.33333333333334
1991,11,21,0.257,71.38888888888889
1991,11,22,0.084,23.333333333333336
1991,11,23,0.024,6.666666666666667
1991,11,24,0.011,3.0555555555555554
1991,12,1,0.115,31.944444444444446
1991,12,2,0.161,44.72222222222222
1991,12,3,0.259,71.94444444444444
1991,12,4,0.422,117.22222222222221
1991,12,5,0.635,176.38888888888889
1991,12,6,0.929,258.05555555555554
1991,12,7,1.178,327.2222222222222
1991,12,8,1.479,410.83333333333337
1991,12,9,1.813,503.6111111111111
1991,12,10,2.032,564.4444444444445
1991,12,11,2.2,611.1111111111112
1991,12,12,2.289,635.8333333333334
1991,12,13,2.243,623.0555555555555
1991,12,14,2.134,592.7777777777777
1991,12,15,1.986,551.6666666666666
1991,12,16,1.781,494.7222222222222
1991,12,17,1.545,429.16666666666663
1991,12,18,1.269,352.49999999999994
1991,12,19,0.965,268.05555555555554
1991,12,20,0.694,192.77777777777777
1991,12,21,0.493,136.94444444444443
1991,12,22,0.315,87.5
1991,12,23,0.171,47.5
1991,12,24,0.119,33.05555555555555
1992,1,1,0.0,0.0
1992,1,2,0.027,7.5
1992,1,3,0.054,15.0
1992,1,4,0.116,32.22222222222222
1992,1,5,0.177,49.166666666666664
1992,1,6,0.319,88.61111111111111
1992,1,7,0.493,136.94444444444443
1992,1,8,0.684,190.0
1992,1,9,0.913,253.61111111111111
1992,1,10,1.074,298.33333333333337
1992,1,11,1.396,387.77777777777777
1992,1,12,1.61,447.22222222222223
1992,1,13,1.759,488.6111111111111
1992,1,14,1.687,468.61111111111114
1992,1,15,1.476,410.0
1992,1,16,1.337,371.38888888888886
1992,1,17,1.106,307.22222222222223
1992,1,18,0.764,212.22222222222223
1992,1,19,0.48,133.33333333333331
1992,1,20,0.324,90.0
1992,1,21,0.151,41.94444444444444
1992,1,22,0.057,15.833333333333334
1992,1,23,0.02,5.555555555555555
1992,1,24,0.0,0.0
1992,2,1,0.0,0.0
1992,2,2,0.003,0.8333333333333334
1992,2,3,0.02,5.555555555555555
1992,2,4,0.082,22.77777777777778
1992,2,5,0.195,54.166666666666664
1992,2,6,0.38,105.55555555555556
1992,2,7,0.688,191.1111111111111
1992,2,8,0.982,272.77777777777777
1992,2,9,1.197,332.5
1992,2,10,1.482,411.66666666666663
1992,2,11,1.697,471.3888888888889
1992,2,12,1.751,486.38888888888886
1992,2,13,1.636,454.4444444444444
1992,2,14,1.489,413.61111111111114
1992,2,15,1.347,374.16666666666663
1992,2,16,1.145,318.05555555555554
1992,2,17,0.91,252.77777777777777
1992,2,18,0.641,178.05555555555554
1992,2,19,0.373,103.61111111111111
1992,2,20,0.154,42.77777777777778
1992,2,21,0.058,16.11111111111111
1992,2,22,0.011,3.0555555555555554
1992,2,23,0.002,0.5555555555555556
1992,2,24,0.0,0.0
1992,3,1,0.0,0.0
1992,3,2,0.0,0.0
1992,3,3,0.0,0.0
1992,3,4,0.0,0.0
1992,3,5,0.002,0.5555555555555556
1992,3,6,0.023,6.388888888888888
1992,3,7,0.131,36.38888888888889
1992,3,8,0.333,92.5
1992,3,9,0.512,142.22222222222223
1992,3,10,0.692,192.2222222222222
1992,3,11,0.818,227.2222222222222
1992,3,12,0.923,256.3888888888889
1992,3,13,0.927,257.5
1992,3,14,0.855,237.5
1992,3,15,0.741,205.83333333333331
1992,3,16,0.536,148.88888888888889
1992,3,17,0.32,88.88888888888889
1992,3,18,0.126,35.0
1992,3,19,0.022,6.111111111111111
1992,3,20,0.0,0.0
1992,3,21,0.0,0.0
1992,3,22,0.0,0.0
1992,3,23,0.0,0.0
1992,3,24,0.0,0.0
1992,4,1,0.0,0.0
1992,4,2,0.0,0.0
1992,4,3,0.0,0.0
1992,4,4,0.0,0.0
1992,4,5,0.0,0.0
1992,4,6,0.0,0.0
1992,4,7,0.0,0.0
1992,4,8,0.03,8.333333333333332
1992,4,9,0.125,34.72222222222222
1992,4,10,0.25,69.44444444444444
1992,4,11,0.383,106.38888888888889
1992,4,12,0.455,126.38888888888889
1992,4,13,0.467,129.72222222222223
1992,4,14,0.401,111.38888888888889
1992,4,15,0.261,72.5
1992,4,16,0.123,34.166666666666664
1992,4,17,0.027,7.5
1992,4,18,0.0,0.0
1992,4,19,0.0,0.0
1992,4,20,0.0,0.0
1992,4,21,0.0,0.0
1992,4,22,0.0,0.0
1992,4,23,0.0,0.0
1992,4,24,0.0,0.0
1992,5,1,0.0,0.0
1992,5,2,0.0,0.0
1992,5,3,0.0,0.0
1992,5,4,0.0,0.0
1992,5,5,0.0,0.0
1992,5,6,0.0,0.0
1992,5,7,0.0,0.0
1992,5,8,0.0,0.0
1992,5,9,0.0,0.0
1992,5,10,0.005,1.3888888888888888
1992,5,11,0.055,15.277777777777777
1992,5,12,0.092,25.555555555555554
1992,5,13,0.107,29.72222222222222
1992,5,14,0.071,19.72222222222222
1992,5,15,0.014,3.888888888888889
1992,5,16,0.0,0.0
1992,5,17,0.0,0.0
1992,5,18,0.0,0.0
1992,5,19,0.0,0.0
1992,5,20,0.0,0.0
1992,5,21,0.0,0.0
1992,5,22,0.0,0.0
1992,5,23,0.0,0.0
1992,5,24,0.0,0.0
1992,6,1,,
1992,6,2,,
1992,6,3,,
1992,6,4,,
1992,6,5,,
1992,6,6,,
1992,6,7,,
1992,6,8,,
1992,6,9,,
1992,6,10,,
1992,6,11,,
1992,6,12,,
1992,6,13,,
1992,6,14,,
1992,6,15,,
1992,6,16,,
1992,6,17,,
1992,6,18,,
1992,6,19,,
1992,6,20,,
1992,6,21,,
1992,6,22,,
1992,6,23,,
1992,6,24,,
1992,7,1,,
1992,7,2,,
1992,7,3,,
1992,7,4,,
1992,7,5,,
1992,7,6,,
1992,7,7,,
1992,7,8,,
1992,7,9,,
1992,7,10,,
1992,7,11,,
1992,7,12,,
1992,7,13,,
1992,7,14,,
1992,7,15,,
1992,7,16,,
1992,7,17,,
1992,7,18,,
1992,7,19,,
1992,7,20,,
1992,7,21,,
1992,7,22,,
1992,7,23,,
1992,7,24,,
1992,8,1,0.0,0.0
1992,8,2,0.0,0.0
1992,8,3,0.0,0.0
1992,8,4,0.0,0.0
1992,8,5,0.0,0.0
1992,8,6,0.0,0.0
1992,8,7,0.0,0.0
1992,8,8,0.005,1.3888888888888888
1992,8,9,0.039,10.833333333333334
1992,8,10,0.116,32.22222222222222
1992,8,11,0.223,61.94444444444444
1992,8,12,0.282,78.33333333333333
1992,8,13,0.284,78.88888888888889
1992,8,14,0.226,62.77777777777778
1992,8,15,0.133,36.94444444444444
1992,8,16,0.047,13.055555555555555
1992,8,17,0.005,1.3888888888888888
1992,8,18,0.0,0.0
1992,8,19,0.0,0.0
1992,8,20,0.0,0.0
1992,8,21,0.0,0.0
1992,8,22,0.0,0.0
1992,8,23,0.0,0.0
1992,8,24,0.0,0.0
1992,9,1,0.0,0.0
1992,9,2,0.0,0.0
1992,9,3,0.0,0.0
1992,9,4,0.0,0.0
1992,9,5,0.0,0.0
1992,9,6,0.003,0.8333333333333334
1992,9,7,0.056,15.555555555555555
1992,9,8,0.232,64.44444444444444
1992,9,9,0.475,131.94444444444443
1992,9,10,0.721,200.27777777777777
1992,9,11,0.901,250.27777777777777
1992,9,12,1.011,280.8333333333333
1992,9,13,1.027,285.27777777777777
1992,9,14,0.96,266.66666666666663
1992,9,15,0.774,215.0
1992,9,16,0.526,146.11111111111111
1992,9,17,0.28,77.77777777777779
1992,9,18,0.091,25.277777777777775
1992,9,19,0.009,2.4999999999999996
1992,9,20,0.0,0.0
1992,9,21,0.0,0.0
1992,9,22,0.0,0.0
1992,9,23,0.0,0.0
1992,9,24,0.0,0.0
1992,10,1,0.0,0.0
1992,10,2,0.0,0.0
1992,10,3,0.001,0.2777777777777778
1992,10,4,0.021,5.833333333333334
1992,10,5,0.091,25.277777777777775
1992,10,6,0.277,76.94444444444444
1992,10,7,0.56,155.55555555555557
1992,10,8,0.881,244.72222222222223
1992,10,9,1.175,326.3888888888889
1992,10,10,1.422,395.0
1992,10,11,1.647,457.5
1992,10,12,1.791,497.49999999999994
1992,10,13,1.802,500.55555555555554
1992,10,14,1.699,471.94444444444446
1992,10,15,1.499,416.3888888888889
1992,10,16,1.268,352.22222222222223
1992,10,17,0.965,268.05555555555554
1992,10,18,0.644,178.88888888888889
1992,10,19,0.306,85.0
1992,10,20,0.098,27.22222222222222
1992,10,21,0.013,3.6111111111111107
1992,10,22,0.0,0.0
1992,10,23,0.0,0.0
1992,10,24,0.0,0.0
1992,11,1,0.002,0.5555555555555556
1992,11,2,0.02,5.555555555555555
1992,11,3,0.111,30.833333333333332
1992,11,4,0.288,79.99999999999999
1992,11,5,0.543,150.83333333333334
1992,11,6,0.838,232.77777777777777
1992,11,7,1.212,336.66666666666663
1992,11,8,1.518,421.6666666666667
1992,11,9,1.865,518.0555555555555
1992,11,10,2.069,574.7222222222222
1992,11,11,2.318,643.8888888888889
1992,11,12,2.424,673.3333333333333
1992,11,13,2.445,679.1666666666666
1992,11,14,2.338,649.4444444444445
1992,11,15,2.142,595.0
1992,11,16,1.893,525.8333333333334
1992,11,17,1.58,438.8888888888889
1992,11,18,1.242,345.0
1992,11,19,0.902,250.55555555555554
1992,11,20,0.586,162.77777777777777
1992,11,21,0.315,87.5
1992,11,22,0.124,34.44444444444444
1992,11,23,0.028,7.777777777777778
1992,11,24,0.002,0.5555555555555556
1992,12,1,0.014,3.888888888888889
1992,12,2,0.082,22.77777777777778
1992,12,3,0.218,60.55555555555556
1992,12,4,0.369,102.5
1992,12,5,0.588,163.33333333333331
1992,12,6,0.86,238.88888888888889
1992,12,7,1.166,323.88888888888886
1992,12,8,1.505,418.05555555555554
1992,12,9,1.813,503.6111111111111
1992,12,10,2.106,585.0
1992,12,11,2.26,627.7777777777777
1992,12,12,2.392,664.4444444444445
1992,12,13,2.427,674.1666666666666
1992,12,14,2.337,649.1666666666667
1992,12,15,2.152,597.7777777777778
1992,12,16,1.776,493.3333333333333
1992,12,17,1.449,402.5
1992,12,18,1.166,323.88888888888886
1992,12,19,0.837,232.49999999999997
1992,12,20,0.598,166.11111111111111
1992,12,21,0.446,123.88888888888889
1992,12,22,0.235,65.27777777777777
1992,12,23,0.082,22.77777777777778
1992,12,24,0.026,7.222222222222221
1993,1,1,0.029,8.055555555555555
1993,1,2,0.076,21.11111111111111
1993,1,3,0.173,48.05555555555555
1993,1,4,0.303,84.16666666666666
1993,1,5,0.536,148.88888888888889
1993,1,6,0.809,224.72222222222223
1993,1,7,1.12,311.11111111111114
1993,1,8,1.447,401.94444444444446
1993,1,9,1.705,473.61111111111114
1993,1,10,1.968,546.6666666666666
1993,1,11,2.112,586.6666666666666
1993,1,12,2.262,628.3333333333334
1993,1,13,2.236,621.1111111111112
1993,1,14,2.074,576.1111111111111
1993,1,15,1.948,541.1111111111111
1993,1,16,1.766,490.55555555555554
1993,1,17,1.428,396.66666666666663
1993,1,18,1.118,310.5555555555556
1993,1,19,0.842,233.88888888888889
1993,1,20,0.549,152.5
1993,1,21,0.347,96.38888888888889
1993,1,22,0.184,51.11111111111111
1993,1,23,0.074,20.555555555555554
1993,1,24,0.028,7.777777777777778
1993,2,1,0.0,0.0
1993,2,2,0.001,0.2777777777777778
1993,2,3,0.01,2.7777777777777777
1993,2,4,0.044,12.222222222222221
1993,2,5,0.167,46.38888888888889
1993,2,6,0.323,89.72222222222223
1993,2,7,0.54,150.0
1993,2,8,0.8,222.22222222222223
1993,2,9,1.038,288.3333333333333
1993,2,10,1.291,358.6111111111111
1993,2,11,1.524,423.3333333333333
1993,2,12,1.565,434.7222222222222
1993,2,13,1.506,418.3333333333333
1993,2,14,1.486,412.77777777777777
1993,2,15,1.313,364.7222222222222
1993,2,16,1.104,306.6666666666667
1993,2,17,0.894,248.33333333333334
1993,2,18,0.652,181.11111111111111
1993,2,19,0.396,110.0
1993,2,20,0.185,51.388888888888886
1993,2,21,0.053,14.722222222222221
1993,2,22,0.01,2.7777777777777777
1993,2,23,0.0,0.0
1993,2,24,0.0,0.0
1993,3,1,0.0,0.0
1993,3,2,0.0,0.0
1993,3,3,0.0,0.0
1993,3,4,0.0,0.0
1993,3,5,0.002,0.5555555555555556
1993,3,6,0.041,11.38888888888889
1993,3,7,0.205,56.94444444444444
1993,3,8,0.456,126.66666666666667
1993,3,9,0.722,200.55555555555554
1993,3,10,0.893,248.05555555555554
1993,3,11,1.023,284.16666666666663
1993,3,12,1.071,297.5
1993,3,13,1.086,301.6666666666667
1993,3,14,1.034,287.22222222222223
1993,3,15,0.872,242.22222222222223
1993,3,16,0.657,182.5
1993,3,17,0.418,116.1111111111111
1993,3,18,0.19,52.77777777777778
1993,3,19,0.04,11.11111111111111
1993,3,20,0.003,0.8333333333333334
1993,3,21,0.0,0.0
1993,3,22,0.0,0.0
1993,3,23,0.0,0.0
1993,3,24,0.0,0.0
1993,4,1,0.0,0.0
1993,4,2,0.0,0.0
1993,4,3,0.0,0.0
1993,4,4,0.0,0.0
1993,4,5,0.0,0.0
1993,4,6,0.001,0.2777777777777778
1993,4,7,0.007,1.9444444444444444
1993,4,8,0.046,12.777777777777777
1993,4,9,0.148,41.11111111111111
1993,4,10,0.268,74.44444444444444
1993,4,11,0.39,108.33333333333333
1993,4,12,0.459,127.5
1993,4,13,0.442,122.77777777777777
1993,4,14,0.4,111.11111111111111
1993,4,15,0.259,71.94444444444444
1993,4,16,0.123,34.166666666666664
1993,4,17,0.038,10.555555555555555
1993,4,18,0.007,1.9444444444444444
1993,4,19,0.001,0.2777777777777778
1993,4,20,0.0,0.0
1993,4,21,0.0,0.0
1993,4,22,0.0,0.0
1993,4,23,0.0,0.0
1993,4,24,0.0,0.0
1993,5,1,0.0,0.0
1993,5,2,0.0,0.0
1993,5,3,0.0,0.0
1993,5,4,0.0,0.0
1993,5,5,0.0,0.0
1993,5,6,0.0,0.0
1993,5,7,0.0,0.0
1993,5,8,0.001,0.2777777777777778
1993,5,9,0.001,0.2777777777777778
1993,5,10,0.011,3.0555555555555554
1993,5,11,0.037,10.277777777777777
1993,5,12,0.077,21.38888888888889
1993,5,13,0.081,22.5
1993,5,14,0.039,10.833333333333334
1993,5,15,0.007,1.9444444444444444
1993,5,16,0.0,0.0
1993,5,17,0.0,0.0
1993,5,18,0.0,0.0
1993,5,19,0.0,0.0
1993,5,20,0.0,0.0
1993,5,21,0.0,0.0
1993,5,22,0.0,0.0
1993,5,23,0.0,0.0
1993,5,24,0.0,0.0
1993,6,1,,
1993,6,2,,
1993,6,3,,
1993,6,4,,
1993,6,5,,
1993,6,6,,
1993,6,7,,
1993,6,8,,
1993,6,9,,
1993,6,10,,
1993,6,11,,
1993,6,12,,
1993,6,13,,
1993,6,14,,
1993,6,15,,
1993,6,16,,
1993,6,17,,
1993,6,18,,
1993,6,19,,
1993,6,20,,
1993,6,21,,
1993,6,22,,
1993,6,23,,
1993,6,24,,
1993,7,1,0.0,0.0
1993,7,2,0.0,0.0
1993,7,3,0.0,0.0
1993,7,4,0.0,0.0
1993,7,5,0.0,0.0
1993,7,6,0.0,0.0
1993,7,7,0.0,0.0
1993,7,8,0.0,0.0
1993,7,9,0.0,0.0
1993,7,10,0.0,0.0
1993,7,11,0.005,1.3888888888888888
1993,7,12,0.022,6.111111111111111
1993,7,13,0.022,6.111111111111111
1993,7,14,0.005,1.3888888888888888
1993,7,15,0.0,0.0
1993,7,16,0.0,0.0
1993,7,17,0.0,0.0
1993,7,18,0.0,0.0
1993,7,19,0.0,0.0
1993,7,20,0.0,0.0
1993,7,21,0.0,0.0
1993,7,22,0.0,0.0
1993,7,23,0.0,0.0
1993,7,24,0.0,0.0
1993,8,1,0.0,0.0
1993,8,2,0.0,0.0
1993,8,3,0.0,0.0
1993,8,4,0.0,0.0
1993,8,5,0.0,0.0
1993,8,6,0.0,0.0
1993,8,7,0.0,0.0
1993,8,8,0.003,0.8333333333333334
1993,8,9,0.043,11.944444444444443
1993,8,10,0.134,37.22222222222222
1993,8,11,0.235,65.27777777777777
1993,8,12,0.297,82.5
1993,8,13,0.307,85.27777777777777
1993,8,14,0.253,70.27777777777777
1993,8,15,0.148,41.11111111111111
1993,8,16,0.044,12.222222222222221
1993,8,17,0.003,0.8333333333333334
1993,8,18,0.0,0.0
1993,8,19,0.0,0.0
1993,8,20,0.0,0.0
1993,8,21,0.0,0.0
1993,8,22,0.0,0.0
1993,8,23,0.0,0.0
1993,8,24,0.0,0.0
1993,9,1,0.0,0.0
1993,9,2,0.0,0.0
1993,9,3,0.0,0.0
1993,9,4,0.0,0.0
1993,9,5,0.0,0.0
1993,9,6,0.005,1.3888888888888888
1993,9,7,0.065,18.055555555555557
1993,9,8,0.225,62.5
1993,9,9,0.42,116.66666666666666
1993,9,10,0.614,170.55555555555554
1993,9,11,0.749,208.05555555555554
1993,9,12,0.832,231.1111111111111
1993,9,13,0.846,235.0
1993,9,14,0.771,214.16666666666666
1993,9,15,0.626,173.88888888888889
1993,9,16,0.403,111.94444444444444
1993,9,17,0.207,57.49999999999999
1993,9,18,0.063,17.5
1993,9,19,0.006,1.6666666666666667
1993,9,20,0.0,0.0
1993,9,21,0.0,0.0
1993,9,22,0.0,0.0
1993,9,23,0.0,0.0
1993,9,24,0.0,0.0
1993,10,1,0.0,0.0
1993,10,2,0.0,0.0
1993,10,3,0.0,0.0
1993,10,4,0.012,3.3333333333333335
1993,10,5,0.077,21.38888888888889
1993,10,6,0.222,61.666666666666664
1993,10,7,0.469,130.27777777777777
1993,10,8,0.755,209.72222222222223
1993,10,9,1.023,284.16666666666663
1993,10,10,1.309,363.6111111111111
1993,10,11,1.484,412.22222222222223
1993,10,12,1.553,431.38888888888886
1993,10,13,1.62,450.0
1993,10,14,1.505,418.05555555555554
1993,10,15,1.331,369.72222222222223
1993,10,16,1.084,301.11111111111114
1993,10,17,0.794,220.55555555555557
1993,10,18,0.521,144.72222222222223
1993,10,19,0.264,73.33333333333333
1993,10,20,0.085,23.61111111111111
1993,10,21,0.019,5.277777777777778
1993,10,22,0.002,0.5555555555555556
1993,10,23,0.0,0.0
1993,10,24,0.0,0.0
1993,11,1,0.036,9.999999999999998
1993,11,2,0.054,15.0
1993,11,3,0.172,47.77777777777777
1993,11,4,0.414,114.99999999999999
1993,11,5,0.706,196.1111111111111
1993,11,6,1.04,288.8888888888889
1993,11,7,1.362,378.33333333333337
1993,11,8,1.683,467.5
1993,11,9,2.004,556.6666666666666
1993,11,10,2.281,633.6111111111111
1993,11,11,2.491,691.9444444444445
1993,11,12,2.606,723.8888888888888
1993,11,13,2.609,724.7222222222222
1993,11,14,2.556,710.0
1993,11,15,2.344,651.1111111111111
1993,11,16,2.099,583.0555555555555
1993,11,17,1.731,480.83333333333337
1993,11,18,1.336,371.11111111111114
1993,11,19,1.017,282.49999999999994
1993,11,20,0.702,194.99999999999997
1993,11,21,0.41,113.88888888888889
1993,11,22,0.154,42.77777777777778
1993,11,23,0.057,15.833333333333334
1993,11,24,0.042,11.666666666666668
1993,12,1,0.12,33.33333333333333
1993,12,2,0.193,53.611111111111114
1993,12,3,0.317,88.05555555555556
1993,12,4,0.454,126.11111111111111
1993,12,5,0.595,165.27777777777777
1993,12,6,0.87,241.66666666666666
1993,12,7,1.114,309.44444444444446
1993,12,8,1.45,402.77777777777777
1993,12,9,1.757,488.05555555555554
1993,12,10,1.957,543.6111111111111
1993,12,11,2.125,590.2777777777777
1993,12,12,2.184,606.6666666666667
1993,12,13,2.127,590.8333333333333
1993,12,14,2.077,576.9444444444445
1993,12,15,1.984,551.1111111111111
1993,12,16,1.808,502.22222222222223
1993,12,17,1.601,444.72222222222223
1993,12,18,1.263,350.8333333333333
1993,12,19,1.017,282.49999999999994
1993,12,20,0.734,203.88888888888889
1993,12,21,0.513,142.5
1993,12,22,0.325,90.27777777777779
1993,12,23,0.163,45.27777777777778
1993,12,24,0.116,32.22222222222222
1994,1,1,0.0,0.0
1994,1,2,0.042,11.666666666666668
1994,1,3,0.171,47.5
1994,1,4,0.374,103.88888888888889
1994,1,5,0.632,175.55555555555554
1994,1,6,0.894,248.33333333333334
1994,1,7,1.268,352.22222222222223
1994,1,8,1.57,436.11111111111114
1994,1,9,1.916,532.2222222222222
1994,1,10,2.194,609.4444444444445
1994,1,11,2.37,658.3333333333334
1994,1,12,2.479,688.6111111111111
1994,1,13,2.55,708.3333333333333
1994,1,14,2.412,670.0
1994,1,15,2.191,608.6111111111111
1994,1,16,1.912,531.1111111111111
1994,1,17,1.662,461.66666666666663
1994,1,18,1.279,355.27777777777777
1994,1,19,0.976,271.1111111111111
1994,1,20,0.629,174.72222222222223
1994,1,21,0.369,102.5
1994,1,22,0.156,43.333333333333336
1994,1,23,0.031,8.61111111111111
1994,1,24,0.002,0.5555555555555556
1994,2,1,0.0,0.0
1994,2,2,0.0,0.0
1994,2,3,0.028,7.777777777777778
1994,2,4,0.114,31.666666666666668
1994,2,5,0.327,90.83333333333333
1994,2,6,0.587,163.05555555555554
1994,2,7,0.955,265.27777777777777
1994,2,8,1.356,376.6666666666667
1994,2,9,1.714,476.1111111111111
1994,2,10,1.955,543.0555555555555
1994,2,11,2.2,611.1111111111112
1994,2,12,2.23,619.4444444444445
1994,2,13,2.359,655.2777777777777
1994,2,14,2.194,609.4444444444445
1994,2,15,2.12,588.8888888888889
1994,2,16,1.777,493.6111111111111
1994,2,17,1.318,366.11111111111114
1994,2,18,0.986,273.88888888888886
1994,2,19,0.651,180.83333333333334
1994,2,20,0.313,86.94444444444444
1994,2,21,0.078,21.666666666666668
1994,2,22,0.026,7.222222222222221
1994,2,23,0.0,0.0
1994,2,24,0.0,0.0
1994,3,1,0.0,0.0
1994,3,2,0.0,0.0
1994,3,3,0.0,0.0
1994,3,4,0.0,0.0
1994,3,5,0.029,8.055555555555555
1994,3,6,0.076,21.11111111111111
1994,3,7,0.217,60.27777777777778
1994,3,8,0.433,120.27777777777777
1994,3,9,0.696,193.33333333333331
1994,3,10,0.941,261.38888888888886
1994,3,11,1.13,313.88888888888886
1994,3,12,1.202,333.88888888888886
1994,3,13,1.206,335.0
1994,3,14,1.158,321.66666666666663
1994,3,15,0.986,273.88888888888886
1994,3,16,0.764,212.22222222222223
1994,3,17,0.507,140.83333333333334
1994,3,18,0.223,61.94444444444444
1994,3,19,0.046,12.777777777777777
1994,3,20,0.008,2.2222222222222223
1994,3,21,0.0,0.0
1994,3,22,0.0,0.0
1994,3,23,0.0,0.0
1994,3,24,0.0,0.0
1994,4,1,0.0,0.0
1994,4,2,0.0,0.0
1994,4,3,0.0,0.0
1994,4,4,0.0,0.0
1994,4,5,0.0,0.0
1994,4,6,0.0,0.0
1994,4,7,0.002,0.5555555555555556
1994,4,8,0.024,6.666666666666667
1994,4,9,0.055,15.277777777777777
1994,4,10,0.117,32.5
1994,4,11,0.214,59.44444444444444
1994,4,12,0.278,77.22222222222223
1994,4,13,0.264,73.33333333333333
1994,4,14,0.219,60.83333333333333
1994,4,15,0.217,60.27777777777778
1994,4,16,0.138,38.333333333333336
1994,4,17,0.066,18.333333333333332
1994,4,18,0.0,0.0
1994,4,19,0.0,0.0
1994,4,20,0.0,0.0
1994,4,21,0.0,0.0
1994,4,22,0.0,0.0
1994,4,23,0.0,0.0
1994,4,24,0.0,0.0
1994,5,1,0.0,0.0
1994,5,2,0.0,0.0
1994,5,3,0.0,0.0
1994,5,4,0.0,0.0
1994,5,5,0.0,0.0
1994,5,6,0.0,0.0
1994,5,7,0.0,0.0
1994,5,8,0.0,0.0
1994,5,9,0.0,0.0
1994,5,10,0.011,3.0555555555555554
1994,5,11,0.062,17.22222222222222
1994,5,12,0.133,36.94444444444444
1994,5,13,0.134,37.22222222222222
1994,5,14,0.089,24.72222222222222
1994,5,15,0.029,8.055555555555555
1994,5,16,0.002,0.5555555555555556
1994,5,17,0.0,0.0
1994,5,18,0.0,0.0
1994,5,19,0.0,0.0
1994,5,20,0.0,0.0
1994,5,21,0.0,0.0
1994,5,22,0.0,0.0
1994,5,23,0.0,0.0
1994,5,24,0.0,0.0
1994,6,1,,
1994,6,2,,
1994,6,3,,
1994,6,4,,
1994,6,5,,
1994,6,6,,
1994,6,7,,
1994,6,8,,
1994,6,9,,
1994,6,10,,
1994,6,11,,
1994,6,12,,
1994,6,13,,
1994,6,14,,
1994,6,15,,
1994,6,16,,
1994,6,17,,
1994,6,18,,
1994,6,19,,
1994,6,20,,
1994,6,21,,
1994,6,22,,
1994,6,23,,
1994,6,24,,
1994,7,1,0.0,0.0
1994,7,2,0.0,0.0
1994,7,3,0.0,0.0
1994,7,4,0.0,0.0
1994,7,5,0.0,0.0
1994,7,6,0.0,0.0
1994,7,7,0.0,0.0
1994,7,8,0.0,0.0
1994,7,9,0.0,0.0
1994,7,10,0.0,0.0
1994,7,11,0.01,2.7777777777777777
1994,7,12,0.07,19.444444444444446
1994,7,13,0.09,25.0
1994,7,14,0.04,11.11111111111111
1994,7,15,0.015,4.166666666666666
1994,7,16,0.0,0.0
1994,7,17,0.0,0.0
1994,7,18,0.0,0.0
1994,7,19,0.0,0.0
1994,7,20,0.0,0.0
1994,7,21,0.0,0.0
1994,7,22,0.0,0.0
1994,7,23,0.0,0.0
1994,7,24,0.0,0.0
1994,8,1,0.0,0.0
1994,8,2,0.0,0.0
1994,8,3,0.0,0.0
1994,8,4,0.0,0.0
1994,8,5,0.0,0.0
1994,8,6,0.0,0.0
1994,8,7,0.0,0.0
1994,8,8,0.009,2.4999999999999996
1994,8,9,0.061,16.944444444444443
1994,8,10,0.141,39.166666666666664
1994,8,11,0.204,56.666666666666664
1994,8,12,0.252,70.0
1994,8,13,0.238,66.1111111111111
1994,8,14,0.179,49.72222222222222
1994,8,15,0.108,30.0
1994,8,16,0.033,9.166666666666666
1994,8,17,0.003,0.8333333333333334
1994,8,18,0.0,0.0
1994,8,19,0.0,0.0
1994,8,20,0.0,0.0
1994,8,21,0.0,0.0
1994,8,22,0.0,0.0
1994,8,23,0.0,0.0
1994,8,24,0.0,0.0
1994,9,1,0.0,0.0
1994,9,2,0.0,0.0
1994,9,3,0.0,0.0
1994,9,4,0.0,0.0
1994,9,5,0.0,0.0
1994,9,6,0.012,3.3333333333333335
1994,9,7,0.092,25.555555555555554
1994,9,8,0.281,78.05555555555556
1994,9,9,0.492,136.66666666666666
1994,9,10,0.694,192.77777777777777
1994,9,11,0.839,233.05555555555554
1994,9,12,0.909,252.5
1994,9,13,0.93,258.3333333333333
1994,9,14,0.869,241.38888888888889
1994,9,15,0.718,199.44444444444443
1994,9,16,0.512,142.22222222222223
1994,9,17,0.278,77.22222222222223
1994,9,18,0.099,27.5
1994,9,19,0.007,1.9444444444444444
1994,9,20,0.0,0.0
1994,9,21,0.0,0.0
1994,9,22,0.0,0.0
1994,9,23,0.0,0.0
1994,9,24,0.0,0.0
1994,10,1,0.0,0.0
1994,10,2,0.0,0.0
1994,10,3,0.001,0.2777777777777778
1994,10,4,0.027,7.5
1994,10,5,0.129,35.833333333333336
1994,10,6,0.28,77.77777777777779
1994,10,7,0.545,151.38888888888889
1994,10,8,0.833,231.38888888888889
1994,10,9,1.158,321.66666666666663
1994,10,10,1.359,377.5
1994,10,11,1.543,428.6111111111111
1994,10,12,1.667,463.05555555555554
1994,10,13,1.601,444.72222222222223
1994,10,14,1.547,429.7222222222222
1994,10,15,1.373,381.38888888888886
1994,10,16,1.123,311.94444444444446
1994,10,17,0.902,250.55555555555554
1994,10,18,0.61,169.44444444444443
1994,10,19,0.35,97.22222222222221
1994,10,20,0.131,36.38888888888889
1994,10,21,0.031,8.61111111111111
1994,10,22,0.003,0.8333333333333334
1994,10,23,0.0,0.0
1994,10,24,0.0,0.0
1994,11,1,0.005,1.3888888888888888
1994,11,2,0.017,4.722222222222222
1994,11,3,0.138,38.333333333333336
1994,11,4,0.347,96.38888888888889
1994,11,5,0.573,159.16666666666666
1994,11,6,0.802,222.77777777777777
1994,11,7,1.13,313.88888888888886
1994,11,8,1.393,386.94444444444446
1994,11,9,1.763,489.7222222222222
1994,11,10,2.082,578.3333333333333
1994,11,11,2.29,636.1111111111111
1994,11,12,2.388,663.3333333333333
1994,11,13,2.403,667.5
1994,11,14,2.32,644.4444444444443
1994,11,15,2.079,577.5
1994,11,16,1.738,482.77777777777777
1994,11,17,1.391,386.38888888888886
1994,11,18,1.152,319.99999999999994
1994,11,19,0.927,257.5
1994,11,20,0.593,164.7222222222222
1994,11,21,0.336,93.33333333333334
1994,11,22,0.124,34.44444444444444
1994,11,23,0.029,8.055555555555555
1994,11,24,0.013,3.6111111111111107
1994,12,1,0.015,4.166666666666666
1994,12,2,0.081,22.5
1994,12,3,0.251,69.72222222222221
1994,12,4,0.421,116.94444444444444
1994,12,5,0.627,174.16666666666666
1994,12,6,0.902,250.55555555555554
1994,12,7,1.281,355.8333333333333
1994,12,8,1.555,431.9444444444444
1994,12,9,1.815,504.16666666666663
1994,12,10,2.138,593.8888888888888
1994,12,11,2.247,624.1666666666666
1994,12,12,2.323,645.2777777777777
1994,12,13,2.398,666.1111111111111
1994,12,14,2.37,658.3333333333334
1994,12,15,2.208,613.3333333333334
1994,12,16,1.973,548.0555555555555
1994,12,17,1.633,453.6111111111111
1994,12,18,1.341,372.5
1994,12,19,1.029,285.8333333333333
1994,12,20,0.74,205.55555555555554
1994,12,21,0.467,129.72222222222223
1994,12,22,0.281,78.05555555555556
1994,12,23,0.092,25.555555555555554
1994,12,24,0.025,6.944444444444445
1995,1,1,0.042,11.666666666666668
1995,1,2,0.068,18.88888888888889
1995,1,3,0.174,48.33333333333333
1995,1,4,0.343,95.27777777777779
1995,1,5,0.568,157.77777777777777
1995,1,6,0.822,228.33333333333331
1995,1,7,1.171,325.27777777777777
1995,1,8,1.539,427.49999999999994
1995,1,9,1.9,527.7777777777777
1995,1,10,2.124,590.0
1995,1,11,2.238,621.6666666666666
1995,1,12,2.376,660.0
1995,1,13,2.469,685.8333333333333
1995,1,14,2.309,641.3888888888889
1995,1,15,2.145,595.8333333333334
1995,1,16,1.879,521.9444444444445
1995,1,17,1.586,440.55555555555554
1995,1,18,1.209,335.83333333333337
1995,1,19,0.897,249.16666666666666
1995,1,20,0.606,168.33333333333331
1995,1,21,0.39,108.33333333333333
1995,1,22,0.181,50.27777777777778
1995,1,23,0.077,21.38888888888889
1995,1,24,0.046,12.777777777777777
1995,2,1,0.006,1.6666666666666667
1995,2,2,0.007,1.9444444444444444
1995,2,3,0.022,6.111111111111111
1995,2,4,0.091,25.277777777777775
1995,2,5,0.249,69.16666666666667
1995,2,6,0.435,120.83333333333333
1995,2,7,0.645,179.16666666666666
1995,2,8,0.88,244.44444444444443
1995,2,9,1.111,308.6111111111111
1995,2,10,1.332,370.0
1995,2,11,1.46,405.55555555555554
1995,2,12,1.662,461.66666666666663
1995,2,13,1.646,457.2222222222222
1995,2,14,1.594,442.77777777777777
1995,2,15,1.406,390.55555555555554
1995,2,16,1.155,320.8333333333333
1995,2,17,0.924,256.6666666666667
1995,2,18,0.728,202.2222222222222
1995,2,19,0.474,131.66666666666666
1995,2,20,0.234,65.0
1995,2,21,0.082,22.77777777777778
1995,2,22,0.024,6.666666666666667
1995,2,23,0.006,1.6666666666666667
1995,2,24,0.003,0.8333333333333334
1995,3,1,0.0,0.0
1995,3,2,0.0,0.0
1995,3,3,0.0,0.0
1995,3,4,0.0,0.0
1995,3,5,0.005,1.3888888888888888
1995,3,6,0.05,13.88888888888889
1995,3,7,0.22,61.11111111111111
1995,3,8,0.474,131.66666666666666
1995,3,9,0.732,203.33333333333331
1995,3,10,1.007,279.7222222222222
1995,3,11,1.132,314.4444444444444
1995,3,12,1.151,319.72222222222223
1995,3,13,1.175,326.3888888888889
1995,3,14,1.127,313.05555555555554
1995,3,15,0.992,275.55555555555554
1995,3,16,0.777,215.83333333333334
1995,3,17,0.534,148.33333333333334
1995,3,18,0.285,79.16666666666666
1995,3,19,0.086,23.888888888888886
1995,3,20,0.006,1.6666666666666667
1995,3,21,0.0,0.0
1995,3,22,0.0,0.0
1995,3,23,0.0,0.0
1995,3,24,0.0,0.0
1995,4,1,0.0,0.0
1995,4,2,0.0,0.0
1995,4,3,0.0,0.0
1995,4,4,0.0,0.0
1995,4,5,0.0,0.0
1995,4,6,0.0,0.0
1995,4,7,0.0,0.0
1995,4,8,0.012,3.3333333333333335
1995,4,9,0.075,20.833333333333332
1995,4,10,0.236,65.55555555555556
1995,4,11,0.317,88.05555555555556
1995,4,12,0.358,99.44444444444444
1995,4,13,0.322,89.44444444444444
1995,4,14,0.311,86.38888888888889
1995,4,15,0.234,65.0
1995,4,16,0.115,31.944444444444446
1995,4,17,0.028,7.777777777777778
1995,4,18,0.002,0.5555555555555556
1995,4,19,0.0,0.0
1995,4,20,0.0,0.0
1995,4,21,0.0,0.0
1995,4,22,0.0,0.0
1995,4,23,0.0,0.0
1995,4,24,0.0,0.0
1995,5,1,0.0,0.0
1995,5,2,0.0,0.0
1995,5,3,0.0,0.0
1995,5,4,0.0,0.0
1995,5,5,0.0,0.0
1995,5,6,0.0,0.0
1995,5,7,0.0,0.0
1995,5,8,0.0,0.0
1995,5,9,0.0,0.0
1995,5,10,0.008,2.2222222222222223
1995,5,11,0.045,12.5
1995,5,12,0.072,19.999999999999996
1995,5,13,0.073,20.277777777777775
1995,5,14,0.042,11.666666666666668
1995,5,15,0.017,4.722222222222222
1995,5,16,0.003,0.8333333333333334
1995,5,17,0.0,0.0
1995,5,18,0.0,0.0
1995,5,19,0.0,0.0
1995,5,20,0.0,0.0
1995,5,21,0.0,0.0
1995,5,22,0.0,0.0
1995,5,23,0.0,0.0
1995,5,24,0.0,0.0
1995,6,1,,
1995,6,2,,
1995,6,3,,
1995,6,4,,
1995,6,5,,
1995,6,6,,
1995,6,7,,
1995,6,8,,
1995,6,9,,
1995,6,10,,
1995,6,11,,
1995,6,12,,
1995,6,13,,
1995,6,14,,
1995,6,15,,
1995,6,16,,
1995,6,17,,
1995,6,18,,
1995,6,19,,
1995,6,20,,
1995,6,21,,
1995,6,22,,
1995,6,23,,
1995,6,24,,
1995,7,1,0.0,0.0
1995,7,2,0.0,0.0
1995,7,3,0.0,0.0
1995,7,4,0.0,0.0
1995,7,5,0.0,0.0
1995,7,6,0.0,0.0
1995,7,7,0.0,0.0
1995,7,8,0.0,0.0
1995,7,9,0.0,0.0
1995,7,10,0.002,0.5555555555555556
1995,7,11,0.024,6.666666666666667
1995,7,12,0.057,15.833333333333334
1995,7,13,0.053,14.722222222222221
1995,7,14,0.026,7.222222222222221
1995,7,15,0.003,0.8333333333333334
1995,7,16,0.0,0.0
1995,7,17,0.0,0.0
1995,7,18,0.0,0.0
1995,7,19,0.0,0.0
1995,7,20,0.0,0.0
1995,7,21,0.0,0.0
1995,7,22,0.0,0.0
1995,7,23,0.0,0.0
1995,7,24,0.0,0.0
1995,8,1,0.0,0.0
1995,8,2,0.0,0.0
1995,8,3,0.0,0.0
1995,8,4,0.0,0.0
1995,8,5,0.0,0.0
1995,8,6,0.0,0.0
1995,8,7,0.0,0.0
1995,8,8,0.002,0.5555555555555556
1995,8,9,0.019,5.277777777777778
1995,8,10,0.091,25.277777777777775
1995,8,11,0.196,54.44444444444444
1995,8,12,0.257,71.38888888888889
1995,8,13,0.256,71.11111111111111
1995,8,14,0.173,48.05555555555555
1995,8,15,0.091,25.277777777777775
1995,8,16,0.034,9.444444444444445
1995,8,17,0.007,1.9444444444444444
1995,8,18,0.001,0.2777777777777778
1995,8,19,0.0,0.0
1995,8,20,0.0,0.0
1995,8,21,0.0,0.0
1995,8,22,0.0,0.0
1995,8,23,0.0,0.0
1995,8,24,0.0,0.0
1995,9,1,0.0,0.0
1995,9,2,0.0,0.0
1995,9,3,0.0,0.0
1995,9,4,0.0,0.0
1995,9,5,0.0,0.0
1995,9,6,0.007,1.9444444444444444
1995,9,7,0.086,23.888888888888886
1995,9,8,0.311,86.38888888888889
1995,9,9,0.583,161.94444444444443
1995,9,10,0.796,221.11111111111111
1995,9,11,0.945,262.5
1995,9,12,1.015,281.9444444444444
1995,9,13,1.027,285.27777777777777
1995,9,14,0.949,263.6111111111111
1995,9,15,0.801,222.5
1995,9,16,0.553,153.61111111111111
1995,9,17,0.278,77.22222222222223
1995,9,18,0.079,21.944444444444443
1995,9,19,0.006,1.6666666666666667
1995,9,20,0.0,0.0
1995,9,21,0.0,0.0
1995,9,22,0.0,0.0
1995,9,23,0.0,0.0
1995,9,24,0.0,0.0
1995,10,1,0.0,0.0
1995,10,2,0.0,0.0
1995,10,3,0.004,1.1111111111111112
1995,10,4,0.02,5.555555555555555
1995,10,5,0.103,28.611111111111107
1995,10,6,0.271,75.27777777777779
1995,10,7,0.52,144.44444444444446
1995,10,8,0.832,231.1111111111111
1995,10,9,1.156,321.1111111111111
1995,10,10,1.414,392.77777777777777
1995,10,11,1.624,451.11111111111114
1995,10,12,1.731,480.83333333333337
1995,10,13,1.717,476.94444444444446
1995,10,14,1.64,455.55555555555554
1995,10,15,1.458,405.0
1995,10,16,1.188,330.0
1995,10,17,0.918,255.0
1995,10,18,0.61,169.44444444444443
1995,10,19,0.298,82.77777777777777
1995,10,20,0.088,24.444444444444443
1995,10,21,0.01,2.7777777777777777
1995,10,22,0.0,0.0
1995,10,23,0.0,0.0
1995,10,24,0.0,0.0
1995,11,1,0.0,0.0
1995,11,2,0.006,1.6666666666666667
1995,11,3,0.1,27.77777777777778
1995,11,4,0.246,68.33333333333333
1995,11,5,0.466,129.44444444444446
1995,11,6,0.697,193.6111111111111
1995,11,7,0.97,269.44444444444446
1995,11,8,1.237,343.61111111111114
1995,11,9,1.542,428.3333333333333
1995,11,10,1.749,485.83333333333337
1995,11,11,1.921,533.6111111111111
1995,11,12,1.984,551.1111111111111
1995,11,13,1.933,536.9444444444445
1995,11,14,1.916,532.2222222222222
1995,11,15,1.773,492.49999999999994
1995,11,16,1.585,440.27777777777777
1995,11,17,1.275,354.16666666666663
1995,11,18,0.981,272.5
1995,11,19,0.722,200.55555555555554
1995,11,20,0.45,125.0
1995,11,21,0.24,66.66666666666666
1995,11,22,0.061,16.944444444444443
1995,11,23,0.007,1.9444444444444444
1995,11,24,0.003,0.8333333333333334
1995,12,1,0.094,26.11111111111111
1995,12,2,0.18,50.0
1995,12,3,0.289,80.27777777777777
1995,12,4,0.442,122.77777777777777
1995,12,5,0.631,175.27777777777777
1995,12,6,0.91,252.77777777777777
1995,12,7,1.193,331.3888888888889
1995,12,8,1.453,403.61111111111114
1995,12,9,1.677,465.8333333333333
1995,12,10,1.978,549.4444444444445
1995,12,11,2.115,587.5
1995,12,12,2.154,598.3333333333333
1995,12,13,2.182,606.1111111111111
1995,12,14,2.081,578.0555555555555
1995,12,15,1.807,501.9444444444444
1995,12,16,1.597,443.6111111111111
1995,12,17,1.391,386.38888888888886
1995,12,18,1.159,321.94444444444446
1995,12,19,0.919,255.27777777777777
1995,12,20,0.7,194.44444444444443
1995,12,21,0.481,133.61111111111111
1995,12,22,0.322,89.44444444444444
1995,12,23,0.162,45.0
1995,12,24,0.097,26.944444444444443
1996,1,1,0.015,4.166666666666666
1996,1,2,0.138,38.333333333333336
1996,1,3,0.333,92.5
1996,1,4,0.574,159.44444444444443
1996,1,5,0.845,234.7222222222222
1996,1,6,1.205,334.72222222222223
1996,1,7,1.554,431.6666666666667
1996,1,8,1.933,536.9444444444445
1996,1,9,2.206,612.7777777777777
1996,1,10,2.354,653.8888888888889
1996,1,11,2.571,714.1666666666667
1996,1,12,2.619,727.5
1996,1,13,2.484,690.0
1996,1,14,2.256,626.6666666666666
1996,1,15,2.01,558.3333333333333
1996,1,16,1.631,453.05555555555554
1996,1,17,1.292,358.8888888888889
1996,1,18,0.967,268.6111111111111
1996,1,19,0.678,188.33333333333334
1996,1,20,0.408,113.33333333333333
1996,1,21,0.155,43.05555555555556
1996,1,22,0.075,20.833333333333332
1996,1,23,0.019,5.277777777777778
1996,1,24,0.005,1.3888888888888888
1996,2,1,0.0,0.0
1996,2,2,0.0,0.0
1996,2,3,0.073,20.277777777777775
1996,2,4,0.248,68.88888888888889
1996,2,5,0.466,129.44444444444446
1996,2,6,0.715,198.6111111111111
1996,2,7,0.86,238.88888888888889
1996,2,8,1.164,323.3333333333333
1996,2,9,1.265,351.38888888888886
1996,2,10,1.432,397.77777777777777
1996,2,11,1.536,426.6666666666667
1996,2,12,1.574,437.22222222222223
1996,2,13,1.567,435.27777777777777
1996,2,14,1.427,396.3888888888889
1996,2,15,1.129,313.6111111111111
1996,2,16,0.875,243.05555555555554
1996,2,17,0.598,166.11111111111111
1996,2,18,0.37,102.77777777777777
1996,2,19,0.185,51.388888888888886
1996,2,20,0.042,11.666666666666668
1996,2,21,0.007,1.9444444444444444
1996,2,22,0.003,0.8333333333333334
1996,2,23,0.0,0.0
1996,2,24,0.0,0.0
1996,3,1,0.0,0.0
1996,3,2,0.0,0.0
1996,3,3,0.0,0.0
1996,3,4,0.007,1.9444444444444444
1996,3,5,0.087,24.166666666666664
1996,3,6,0.285,79.16666666666666
1996,3,7,0.563,156.38888888888886
1996,3,8,0.802,222.77777777777777
1996,3,9,1.007,279.7222222222222
1996,3,10,1.129,313.6111111111111
1996,3,11,1.2,333.3333333333333
1996,3,12,1.183,328.61111111111114
1996,3,13,1.085,301.38888888888886
1996,3,14,0.938,260.55555555555554
1996,3,15,0.673,186.94444444444446
1996,3,16,0.403,111.94444444444444
1996,3,17,0.161,44.72222222222222
1996,3,18,0.025,6.944444444444445
1996,3,19,0.001,0.2777777777777778
1996,3,20,0.0,0.0
1996,3,21,0.0,0.0
1996,3,22,0.0,0.0
1996,3,23,0.0,0.0
1996,3,24,0.0,0.0
1996,4,1,0.0,0.0
1996,4,2,0.0,0.0
1996,4,3,0.0,0.0
1996,4,4,0.0,0.0
1996,4,5,0.0,0.0
1996,4,6,0.011,3.0555555555555554
1996,4,7,0.075,20.833333333333332
1996,4,8,0.213,59.166666666666664
1996,4,9,0.344,95.55555555555554
1996,4,10,0.446,123.88888888888889
1996,4,11,0.472,131.11111111111111
1996,4,12,0.426,118.33333333333333
1996,4,13,0.313,86.94444444444444
1996,4,14,0.181,50.27777777777778
1996,4,15,0.07,19.444444444444446
1996,4,16,0.013,3.6111111111111107
1996,4,17,0.006,1.6666666666666667
1996,4,18,0.0,0.0
1996,4,19,0.0,0.0
1996,4,20,0.0,0.0
1996,4,21,0.0,0.0
1996,4,22,0.0,0.0
1996,4,23,0.0,0.0
1996,4,24,0.0,0.0
1996,5,1,,
1996,5,2,,
1996,5,3,,
1996,5,4,,
1996,5,5,,
1996,5,6,,
1996,5,7,,
1996,5,8,,
1996,5,9,,
1996,5,10,,
1996,5,11,,
1996,5,12,,
1996,5,13,,
1996,5,14,,
1996,5,15,,
1996,5,16,,
1996,5,17,,
1996,5,18,,
1996,5,19,,
1996,5,20,,
1996,5,21,,
1996,5,22,,
1996,5,23,,
1996,5,24,,
1996,6,1,,
1996,6,2,,
1996,6,3,,
1996,6,4,,
1996,6,5,,
1996,6,6,,
1996,6,7,,
1996,6,8,,
1996,6,9,,
1996,6,10,,
1996,6,11,,
1996,6,12,,
1996,6,13,,
1996,6,14,,
1996,6,15,,
1996,6,16,,
1996,6,17,,
1996,6,18,,
1996,6,19,,
1996,6,20,,
1996,6,21,,
1996,6,22,,
1996,6,23,,
1996,6,24,,
1996,7,1,0.0,0.0
1996,7,2,0.0,0.0
1996,7,3,0.0,0.0
1996,7,4,0.0,0.0
1996,7,5,0.0,0.0
1996,7,6,0.0,0.0
1996,7,7,0.0,0.0
1996,7,8,0.0,0.0
1996,7,9,0.004,1.1111111111111112
1996,7,10,0.014,3.888888888888889
1996,7,11,0.026,7.222222222222221
1996,7,12,0.016,4.444444444444445
1996,7,13,0.011,3.0555555555555554
1996,7,14,0.004,1.1111111111111112
1996,7,15,0.0,0.0
1996,7,16,0.0,0.0
1996,7,17,0.0,0.0
1996,7,18,0.0,0.0
1996,7,19,0.0,0.0
1996,7,20,0.0,0.0
1996,7,21,0.0,0.0
1996,7,22,0.0,0.0
1996,7,23,0.0,0.0
1996,7,24,0.0,0.0
1996,8,1,0.0,0.0
1996,8,2,0.0,0.0
1996,8,3,0.0,0.0
1996,8,4,0.0,0.0
1996,8,5,0.0,0.0
1996,8,6,0.0,0.0
1996,8,7,0.009,2.4999999999999996
1996,8,8,0.062,17.22222222222222
1996,8,9,0.146,40.55555555555555
1996,8,10,0.237,65.83333333333333
1996,8,11,0.287,79.72222222222221
1996,8,12,0.265,73.61111111111111
1996,8,13,0.174,48.33333333333333
1996,8,14,0.067,18.61111111111111
1996,8,15,0.01,2.7777777777777777
1996,8,16,0.0,0.0
1996,8,17,0.0,0.0
1996,8,18,0.0,0.0
1996,8,19,0.0,0.0
1996,8,20,0.0,0.0
1996,8,21,0.0,0.0
1996,8,22,0.0,0.0
1996,8,23,0.0,0.0
1996,8,24,0.0,0.0
1996,9,1,0.0,0.0
1996,9,2,0.0,0.0
1996,9,3,0.0,0.0
1996,9,4,0.001,0.2777777777777778
1996,9,5,0.028,7.777777777777778
1996,9,6,0.121,33.61111111111111
1996,9,7,0.28,77.77777777777779
1996,9,8,0.467,129.72222222222223
1996,9,9,0.595,165.27777777777777
1996,9,10,0.672,186.66666666666669
1996,9,11,0.727,201.94444444444443
1996,9,12,0.63,175.0
1996,9,13,0.522,145.0
1996,9,14,0.4,111.11111111111111
1996,9,15,0.214,59.44444444444444
1996,9,16,0.077,21.38888888888889
1996,9,17,0.019,5.277777777777778
1996,9,18,0.002,0.5555555555555556
1996,9,19,0.0,0.0
1996,9,20,0.0,0.0
1996,9,21,0.0,0.0
1996,9,22,0.0,0.0
1996,9,23,0.0,0.0
1996,9,24,0.0,0.0
1996,10,1,0.0,0.0
1996,10,2,0.013,3.6111111111111107
1996,10,3,0.096,26.666666666666668
1996,10,4,0.219,60.83333333333333
1996,10,5,0.473,131.38888888888889
1996,10,6,0.727,201.94444444444443
1996,10,7,0.996,276.6666666666667
1996,10,8,1.249,346.94444444444446
1996,10,9,1.403,389.72222222222223
1996,10,10,1.511,419.7222222222222
1996,10,11,1.504,417.77777777777777
1996,10,12,1.419,394.1666666666667
1996,10,13,1.308,363.3333333333333
1996,10,14,1.096,304.44444444444446
1996,10,15,0.81,225.0
1996,10,16,0.53,147.22222222222223
1996,10,17,0.276,76.66666666666667
1996,10,18,0.1,27.77777777777778
1996,10,19,0.005,1.3888888888888888
1996,10,20,0.0,0.0
1996,10,21,0.0,0.0
1996,10,22,0.0,0.0
1996,10,23,0.0,0.0
1996,10,24,0.0,0.0
1996,11,1,0.096,26.666666666666668
1996,11,2,0.293,81.38888888888889
1996,11,3,0.549,152.5
1996,11,4,0.79,219.44444444444446
1996,11,5,1.091,303.05555555555554
1996,11,6,1.424,395.55555555555554
1996,11,7,1.742,483.88888888888886
1996,11,8,2.01,558.3333333333333
1996,11,9,2.18,605.5555555555555
1996,11,10,2.252,625.5555555555554
1996,11,11,2.226,618.3333333333333
1996,11,12,2.131,591.9444444444443
1996,11,13,1.918,532.7777777777777
1996,11,14,1.659,460.8333333333333
1996,11,15,1.395,387.5
1996,11,16,1.071,297.5
1996,11,17,0.796,221.11111111111111
1996,11,18,0.582,161.66666666666666
1996,11,19,0.304,84.44444444444444
1996,11,20,0.118,32.77777777777778
1996,11,21,0.044,12.222222222222221
1996,11,22,0.025,6.944444444444445
1996,11,23,0.024,6.666666666666667
1996,11,24,0.029,8.055555555555555
1996,12,1,0.275,76.3888888888889
1996,12,2,0.44,122.22222222222221
1996,12,3,0.626,173.88888888888889
1996,12,4,0.879,244.16666666666666
1996,12,5,1.18,327.77777777777777
1996,12,6,1.436,398.88888888888886
1996,12,7,1.722,478.3333333333333
1996,12,8,1.981,550.2777777777778
1996,12,9,2.128,591.1111111111111
1996,12,10,2.289,635.8333333333334
1996,12,11,2.365,656.9444444444445
1996,12,12,2.363,656.3888888888889
1996,12,13,2.153,598.0555555555555
1996,12,14,1.872,520.0
1996,12,15,1.625,451.38888888888886
1996,12,16,1.328,368.8888888888889
1996,12,17,1.056,293.3333333333333
1996,12,18,0.805,223.61111111111111
1996,12,19,0.554,153.88888888888889
1996,12,20,0.355,98.6111111111111
1996,12,21,0.13,36.111111111111114
1996,12,22,0.062,17.22222222222222
1996,12,23,0.026,7.222222222222221
1996,12,24,0.013,3.6111111111111107
1997,1,1,0.018,4.999999999999999
1997,1,2,0.088,24.444444444444443
1997,1,3,0.242,67.22222222222221
1997,1,4,0.41,113.88888888888889
1997,1,5,0.611,169.72222222222223
1997,1,6,0.9,250.0
1997,1,7,1.271,353.05555555555554
1997,1,8,1.552,431.1111111111111
1997,1,9,1.872,520.0
1997,1,10,2.158,599.4444444444445
1997,1,11,2.372,658.8888888888888
1997,1,12,2.421,672.4999999999999
1997,1,13,2.493,692.5
1997,1,14,2.337,649.1666666666667
1997,1,15,2.202,611.6666666666666
1997,1,16,1.932,536.6666666666666
1997,1,17,1.625,451.38888888888886
1997,1,18,1.316,365.55555555555554
1997,1,19,1.003,278.6111111111111
1997,1,20,0.7,194.44444444444443
1997,1,21,0.443,123.05555555555556
1997,1,22,0.207,57.49999999999999
1997,1,23,0.049,13.61111111111111
1997,1,24,0.015,4.166666666666666
1997,2,1,0.003,0.8333333333333334
1997,2,2,0.006,1.6666666666666667
1997,2,3,0.01,2.7777777777777777
1997,2,4,0.063,17.5
1997,2,5,0.249,69.16666666666667
1997,2,6,0.445,123.61111111111111
1997,2,7,0.686,190.55555555555557
1997,2,8,0.937,260.27777777777777
1997,2,9,1.229,341.3888888888889
1997,2,10,1.476,410.0
1997,2,11,1.714,476.1111111111111
1997,2,12,1.817,504.7222222222222
1997,2,13,1.947,540.8333333333334
1997,2,14,1.925,534.7222222222222
1997,2,15,1.791,497.49999999999994
1997,2,16,1.534,426.1111111111111
1997,2,17,1.269,352.49999999999994
1997,2,18,0.948,263.3333333333333
1997,2,19,0.652,181.11111111111111
1997,2,20,0.378,105.0
1997,2,21,0.11,30.555555555555554
1997,2,22,0.021,5.833333333333334
1997,2,23,0.001,0.2777777777777778
1997,2,24,0.0,0.0
1997,3,1,0.0,0.0
1997,3,2,0.0,0.0
1997,3,3,0.0,0.0
1997,3,4,0.0,0.0
1997,3,5,0.001,0.2777777777777778
1997,3,6,0.023,6.388888888888888
1997,3,7,0.17,47.22222222222222
1997,3,8,0.441,122.5
1997,3,9,0.713,198.05555555555554
1997,3,10,0.979,271.94444444444446
1997,3,11,1.079,299.72222222222223
1997,3,12,1.132,314.4444444444444
1997,3,13,1.156,321.1111111111111
1997,3,14,1.046,290.55555555555554
1997,3,15,0.908,252.22222222222223
1997,3,16,0.683,189.72222222222223
1997,3,17,0.434,120.55555555555556
1997,3,18,0.182,50.55555555555555
1997,3,19,0.046,12.777777777777777
1997,3,20,0.005,1.3888888888888888
1997,3,21,0.0,0.0
1997,3,22,0.0,0.0
1997,3,23,0.0,0.0
1997,3,24,0.0,0.0
1997,4,1,0.0,0.0
1997,4,2,0.0,0.0
1997,4,3,0.0,0.0
1997,4,4,0.0,0.0
1997,4,5,0.0,0.0
1997,4,6,0.0,0.0
1997,4,7,0.0,0.0
1997,4,8,0.019,5.277777777777778
1997,4,9,0.135,37.5
1997,4,10,0.271,75.27777777777779
1997,4,11,0.373,103.61111111111111
1997,4,12,0.45,125.0
1997,4,13,0.421,116.94444444444444
1997,4,14,0.324,90.0
1997,4,15,0.22,61.11111111111111
1997,4,16,0.105,29.166666666666664
1997,4,17,0.013,3.6111111111111107
1997,4,18,0.0,0.0
1997,4,19,0.0,0.0
1997,4,20,0.0,0.0
1997,4,21,0.0,0.0
1997,4,22,0.0,0.0
1997,4,23,0.0,0.0
1997,4,24,0.0,0.0
1997,5,1,0.0,0.0
1997,5,2,0.0,0.0
1997,5,3,0.0,0.0
1997,5,4,0.0,0.0
1997,5,5,0.0,0.0
1997,5,6,0.0,0.0
1997,5,7,0.0,0.0
1997,5,8,0.0,0.0
1997,5,9,0.0,0.0
1997,5,10,0.005,1.3888888888888888
1997,5,11,0.043,11.944444444444443
1997,5,12,0.076,21.11111111111111
1997,5,13,0.068,18.88888888888889
1997,5,14,0.046,12.777777777777777
1997,5,15,0.011,3.0555555555555554
1997,5,16,0.001,0.2777777777777778
1997,5,17,0.0,0.0
1997,5,18,0.0,0.0
1997,5,19,0.0,0.0
1997,5,20,0.0,0.0
1997,5,21,0.0,0.0
1997,5,22,0.0,0.0
1997,5,23,0.0,0.0
1997,5,24,0.0,0.0
1997,6,1,,
1997,6,2,,
1997,6,3,,
1997,6,4,,
1997,6,5,,
1997,6,6,,
1997,6,7,,
1997,6,8,,
1997,6,9,,
1997,6,10,,
1997,6,11,,
1997,6,12,,
1997,6,13,,
1997,6,14,,
1997,6,15,,
1997,6,16,,
1997,6,17,,
1997,6,18,,
1997,6,19,,
1997,6,20,,
1997,6,21,,
1997,6,22,,
1997,6,23,,
1997,6,24,,
1997,7,1,,
1997,7,2,,
1997,7,3,,
1997,7,4,,
1997,7,5,,
1997,7,6,,
1997,7,7,,
1997,7,8,,
1997,7,9,,
1997,7,10,,
1997,7,11,,
1997,7,12,,
1997,7,13,,
1997,7,14,,
1997,7,15,,
1997,7,16,,
1997,7,17,,
1997,7,18,,
1997,7,19,,
1997,7,20,,
1997,7,21,,
1997,7,22,,
1997,7,23,,
1997,7,24,,
1997,8,1,0.0,0.0
1997,8,2,0.0,0.0
1997,8,3,0.0,0.0
1997,8,4,0.0,0.0
1997,8,5,0.0,0.0
1997,8,6,0.0,0.0
1997,8,7,0.0,0.0
1997,8,8,0.003,0.8333333333333334
1997,8,9,0.038,10.555555555555555
1997,8,10,0.127,35.27777777777778
1997,8,11,0.237,65.83333333333333
1997,8,12,0.309,85.83333333333333
1997,8,13,0.309,85.83333333333333
1997,8,14,0.251,69.72222222222221
1997,8,15,0.145,40.27777777777777
1997,8,16,0.054,15.0
1997,8,17,0.006,1.6666666666666667
1997,8,18,0.0,0.0
1997,8,19,0.0,0.0
1997,8,20,0.0,0.0
1997,8,21,0.0,0.0
1997,8,22,0.0,0.0
1997,8,23,0.0,0.0
1997,8,24,0.0,0.0
1997,9,1,0.0,0.0
1997,9,2,0.0,0.0
1997,9,3,0.0,0.0
1997,9,4,0.0,0.0
1997,9,5,0.0,0.0
1997,9,6,0.002,0.5555555555555556
1997,9,7,0.051,14.166666666666666
1997,9,8,0.211,58.61111111111111
1997,9,9,0.432,120.0
1997,9,10,0.641,178.05555555555554
1997,9,11,0.792,220.0
1997,9,12,0.844,234.44444444444443
1997,9,13,0.854,237.2222222222222
1997,9,14,0.77,213.88888888888889
1997,9,15,0.621,172.5
1997,9,16,0.425,118.05555555555554
1997,9,17,0.223,61.94444444444444
1997,9,18,0.063,17.5
1997,9,19,0.005,1.3888888888888888
1997,9,20,0.0,0.0
1997,9,21,0.0,0.0
1997,9,22,0.0,0.0
1997,9,23,0.0,0.0
1997,9,24,0.0,0.0
1997,10,1,0.0,0.0
1997,10,2,0.0,0.0
1997,10,3,0.0,0.0
1997,10,4,0.025,6.944444444444445
1997,10,5,0.155,43.05555555555556
1997,10,6,0.357,99.16666666666666
1997,10,7,0.691,191.94444444444443
1997,10,8,1.022,283.8888888888889
1997,10,9,1.325,368.05555555555554
1997,10,10,1.617,449.16666666666663
1997,10,11,1.814,503.8888888888889
1997,10,12,1.841,511.38888888888886
1997,10,13,1.826,507.22222222222223
1997,10,14,1.713,475.83333333333337
1997,10,15,1.537,426.9444444444444
1997,10,16,1.238,343.88888888888886
1997,10,17,0.977,271.38888888888886
1997,10,18,0.699,194.16666666666666
1997,10,19,0.409,113.6111111111111
1997,10,20,0.133,36.94444444444444
1997,10,21,0.016,4.444444444444445
1997,10,22,0.001,0.2777777777777778
1997,10,23,0.0,0.0
1997,10,24,0.0,0.0
1997,11,1,0.006,1.6666666666666667
1997,11,2,0.011,3.0555555555555554
1997,11,3,0.079,21.944444444444443
1997,11,4,0.236,65.55555555555556
1997,11,5,0.418,116.1111111111111
1997,11,6,0.639,177.5
1997,11,7,0.907,251.94444444444446
1997,11,8,1.178,327.2222222222222
1997,11,9,1.431,397.5
1997,11,10,1.666,462.77777777777777
1997,11,11,1.832,508.8888888888889
1997,11,12,1.95,541.6666666666666
1997,11,13,2.028,563.3333333333334
1997,11,14,2.012,558.8888888888889
1997,11,15,1.767,490.8333333333333
1997,11,16,1.541,428.05555555555554
1997,11,17,1.253,348.05555555555554
1997,11,18,0.955,265.27777777777777
1997,11,19,0.7,194.44444444444443
1997,11,20,0.451,125.27777777777777
1997,11,21,0.231,64.16666666666667
1997,11,22,0.085,23.61111111111111
1997,11,23,0.019,5.277777777777778
1997,11,24,0.008,2.2222222222222223
1997,12,1,0.02,5.555555555555555
1997,12,2,0.135,37.5
1997,12,3,0.338,93.8888888888889
1997,12,4,0.496,137.77777777777777
1997,12,5,0.718,199.44444444444443
1997,12,6,1.009,280.2777777777777
1997,12,7,1.366,379.44444444444446
1997,12,8,1.681,466.94444444444446
1997,12,9,1.995,554.1666666666666
1997,12,10,2.317,643.6111111111112
1997,12,11,2.507,696.3888888888889
1997,12,12,2.611,725.2777777777778
1997,12,13,2.545,706.9444444444445
1997,12,14,2.562,711.6666666666666
1997,12,15,2.407,668.6111111111111
1997,12,16,2.118,588.3333333333333
1997,12,17,1.741,483.61111111111114
1997,12,18,1.415,393.05555555555554
1997,12,19,1.095,304.16666666666663
1997,12,20,0.788,218.88888888888889
1997,12,21,0.533,148.05555555555557
1997,12,22,0.343,95.27777777777779
1997,12,23,0.091,25.277777777777775
1997,12,24,0.02,5.555555555555555
1998,1,1,0.007,1.9444444444444444
1998,1,2,0.064,17.77777777777778
1998,1,3,0.22,61.11111111111111
1998,1,4,0.416,115.55555555555554
1998,1,5,0.586,162.77777777777777
1998,1,6,0.876,243.33333333333331
1998,1,7,1.143,317.5
1998,1,8,1.498,416.1111111111111
1998,1,9,1.807,501.9444444444444
1998,1,10,2.027,563.0555555555555
1998,1,11,2.246,623.8888888888889
1998,1,12,2.305,640.2777777777778
1998,1,13,2.3,638.8888888888888
1998,1,14,2.237,621.3888888888889
1998,1,15,2.054,570.5555555555555
1998,1,16,1.755,487.49999999999994
1998,1,17,1.458,405.0
1998,1,18,1.079,299.72222222222223
1998,1,19,0.808,224.44444444444446
1998,1,20,0.578,160.55555555555554
1998,1,21,0.366,101.66666666666666
1998,1,22,0.185,51.388888888888886
1998,1,23,0.041,11.38888888888889
1998,1,24,0.007,1.9444444444444444
1998,2,1,0.004,1.1111111111111112
1998,2,2,0.01,2.7777777777777777
1998,2,3,0.051,14.166666666666666
1998,2,4,0.135,37.5
1998,2,5,0.285,79.16666666666666
1998,2,6,0.565,156.94444444444443
1998,2,7,0.887,246.38888888888889
1998,2,8,1.185,329.1666666666667
1998,2,9,1.524,423.3333333333333
1998,2,10,1.753,486.9444444444444
1998,2,11,1.916,532.2222222222222
1998,2,12,1.981,550.2777777777778
1998,2,13,1.924,534.4444444444445
1998,2,14,1.852,514.4444444444445
1998,2,15,1.68,466.66666666666663
1998,2,16,1.378,382.7777777777777
1998,2,17,1.084,301.11111111111114
1998,2,18,0.795,220.83333333333334
1998,2,19,0.493,136.94444444444443
1998,2,20,0.239,66.38888888888889
1998,2,21,0.057,15.833333333333334
1998,2,22,0.014,3.888888888888889
1998,2,23,0.006,1.6666666666666667
1998,2,24,0.004,1.1111111111111112
1998,3,1,0.0,0.0
1998,3,2,0.0,0.0
1998,3,3,0.0,0.0
1998,3,4,0.002,0.5555555555555556
1998,3,5,0.025,6.944444444444445
1998,3,6,0.139,38.611111111111114
1998,3,7,0.357,99.16666666666666
1998,3,8,0.597,165.83333333333331
1998,3,9,0.781,216.94444444444446
1998,3,10,0.88,244.44444444444443
1998,3,11,0.973,270.27777777777777
1998,3,12,0.969,269.16666666666663
1998,3,13,0.913,253.61111111111111
1998,3,14,0.804,223.33333333333334
1998,3,15,0.632,175.55555555555554
1998,3,16,0.459,127.5
1998,3,17,0.241,66.94444444444444
1998,3,18,0.085,23.61111111111111
1998,3,19,0.022,6.111111111111111
1998,3,20,0.015,4.166666666666666
1998,3,21,0.001,0.2777777777777778
1998,3,22,0.0,0.0
1998,3,23,0.0,0.0
1998,3,24,0.0,0.0
1998,4,1,0.0,0.0
1998,4,2,0.0,0.0
1998,4,3,0.0,0.0
1998,4,4,0.0,0.0
1998,4,5,0.0,0.0
1998,4,6,0.001,0.2777777777777778
1998,4,7,0.041,11.38888888888889
1998,4,8,0.192,53.333333333333336
1998,4,9,0.374,103.88888888888889
1998,4,10,0.53,147.22222222222223
1998,4,11,0.606,168.33333333333331
1998,4,12,0.59,163.88888888888889
1998,4,13,0.479,133.05555555555554
1998,4,14,0.335,93.05555555555556
1998,4,15,0.154,42.77777777777778
1998,4,16,0.029,8.055555555555555
1998,4,17,0.002,0.5555555555555556
1998,4,18,0.0,0.0
1998,4,19,0.0,0.0
1998,4,20,0.0,0.0
1998,4,21,0.0,0.0
1998,4,22,0.0,0.0
1998,4,23,0.0,0.0
1998,4,24,0.0,0.0
1998,5,1,0.0,0.0
1998,5,2,0.0,0.0
1998,5,3,0.0,0.0
1998,5,4,0.0,0.0
1998,5,5,0.0,0.0
1998,5,6,0.0,0.0
1998,5,7,0.0,0.0
1998,5,8,0.0,0.0
1998,5,9,0.005,1.3888888888888888
1998,5,10,0.049,13.61111111111111
1998,5,11,0.09,25.0
1998,5,12,0.089,24.72222222222222
1998,5,13,0.051,14.166666666666666
1998,5,14,0.012,3.3333333333333335
1998,5,15,0.0,0.0
1998,5,16,0.0,0.0
1998,5,17,0.0,0.0
1998,5,18,0.0,0.0
1998,5,19,0.0,0.0
1998,5,20,0.0,0.0
1998,5,21,0.0,0.0
1998,5,22,0.0,0.0
1998,5,23,0.0,0.0
1998,5,24,0.0,0.0
1998,6,1,,
1998,6,2,,
1998,6,3,,
1998,6,4,,
1998,6,5,,
1998,6,6,,
1998,6,7,,
1998,6,8,,
1998,6,9,,
1998,6,10,,
1998,6,11,,
1998,6,12,,
1998,6,13,,
1998,6,14,,
1998,6,15,,
1998,6,16,,
1998,6,17,,
1998,6,18,,
1998,6,19,,
1998,6,20,,
1998,6,21,,
1998,6,22,,
1998,6,23,,
1998,6,24,,
1998,7,1,,
1998,7,2,,
1998,7,3,,
1998,7,4,,
1998,7,5,,
1998,7,6,,
1998,7,7,,
1998,7,8,,
1998,7,9,,
1998,7,10,,
1998,7,11,,
1998,7,12,,
1998,7,13,,
1998,7,14,,
1998,7,15,,
1998,7,16,,
1998,7,17,,
1998,7,18,,
1998,7,19,,
1998,7,20,,
1998,7,21,,
1998,7,22,,
1998,7,23,,
1998,7,24,,
1998,8,1,0.0,0.0
1998,8,2,0.0,0.0
1998,8,3,0.0,0.0
1998,8,4,0.0,0.0
1998,8,5,0.0,0.0
1998,8,6,0.0,0.0
1998,8,7,0.0,0.0
1998,8,8,0.026,7.222222222222221
1998,8,9,0.118,32.77777777777778
1998,8,10,0.226,62.77777777777778
1998,8,11,0.286,79.44444444444444
1998,8,12,0.3,83.33333333333333
1998,8,13,0.243,67.5
1998,8,14,0.145,40.27777777777777
1998,8,15,0.039,10.833333333333334
1998,8,16,0.002,0.5555555555555556
1998,8,17,0.0,0.0
1998,8,18,0.0,0.0
1998,8,19,0.0,0.0
1998,8,20,0.0,0.0
1998,8,21,0.0,0.0
1998,8,22,0.0,0.0
1998,8,23,0.0,0.0
1998,8,24,0.0,0.0
1998,9,1,0.0,0.0
1998,9,2,0.0,0.0
1998,9,3,0.0,0.0
1998,9,4,0.0,0.0
1998,9,5,0.004,1.1111111111111112
1998,9,6,0.073,20.277777777777775
1998,9,7,0.297,82.5
1998,9,8,0.558,155.0
1998,9,9,0.765,212.5
1998,9,10,0.898,249.44444444444446
1998,9,11,0.99,275.0
1998,9,12,0.956,265.55555555555554
1998,9,13,0.887,246.38888888888889
1998,9,14,0.757,210.27777777777777
1998,9,15,0.547,151.94444444444446
1998,9,16,0.291,80.83333333333333
1998,9,17,0.098,27.22222222222222
1998,9,18,0.014,3.888888888888889
1998,9,19,0.002,0.5555555555555556
1998,9,20,0.0,0.0
1998,9,21,0.0,0.0
1998,9,22,0.0,0.0
1998,9,23,0.0,0.0
1998,9,24,0.0,0.0
1998,10,1,0.0,0.0
1998,10,2,0.001,0.2777777777777778
1998,10,3,0.015,4.166666666666666
1998,10,4,0.101,28.055555555555557
1998,10,5,0.315,87.5
1998,10,6,0.61,169.44444444444443
1998,10,7,0.924,256.6666666666667
1998,10,8,1.218,338.3333333333333
1998,10,9,1.434,398.3333333333333
1998,10,10,1.596,443.33333333333337
1998,10,11,1.695,470.8333333333333
1998,10,12,1.668,463.3333333333333
1998,10,13,1.556,432.22222222222223
1998,10,14,1.394,387.2222222222222
1998,10,15,1.107,307.5
1998,10,16,0.812,225.55555555555557
1998,10,17,0.535,148.61111111111111
1998,10,18,0.249,69.16666666666667
1998,10,19,0.075,20.833333333333332
1998,10,20,0.01,2.7777777777777777
1998,10,21,0.002,0.5555555555555556
1998,10,22,0.0,0.0
1998,10,23,0.0,0.0
1998,10,24,0.0,0.0
1998,11,1,0.029,8.055555555555555
1998,11,2,0.149,41.388888888888886
1998,11,3,0.345,95.83333333333333
1998,11,4,0.58,161.1111111111111
1998,11,5,0.907,251.94444444444446
1998,11,6,1.212,336.66666666666663
1998,11,7,1.572,436.6666666666667
1998,11,8,1.869,519.1666666666666
1998,11,9,2.123,589.7222222222223
1998,11,10,2.285,634.7222222222223
1998,11,11,2.352,653.3333333333333
1998,11,12,2.349,652.5
1998,11,13,2.297,638.0555555555555
1998,11,14,2.114,587.2222222222222
1998,11,15,1.861,516.9444444444445
1998,11,16,1.585,440.27777777777777
1998,11,17,1.241,344.72222222222223
1998,11,18,0.91,252.77777777777777
1998,11,19,0.626,173.88888888888889
1998,11,20,0.362,100.55555555555556
1998,11,21,0.138,38.333333333333336
1998,11,22,0.018,4.999999999999999
1998,11,23,0.003,0.8333333333333334
1998,11,24,0.0,0.0
1998,12,1,0.158,43.888888888888886
1998,12,2,0.352,97.77777777777777
1998,12,3,0.501,139.16666666666666
1998,12,4,0.737,204.72222222222223
1998,12,5,0.988,274.44444444444446
1998,12,6,1.306,362.77777777777777
1998,12,7,1.615,448.6111111111111
1998,12,8,1.933,536.9444444444445
1998,12,9,2.147,596.3888888888888
1998,12,10,2.305,640.2777777777778
1998,12,11,2.387,663.0555555555555
1998,12,12,2.421,672.4999999999999
1998,12,13,2.376,660.0
1998,12,14,2.097,582.5
1998,12,15,1.885,523.6111111111111
1998,12,16,1.549,430.27777777777777
1998,12,17,1.254,348.3333333333333
1998,12,18,0.972,270.0
1998,12,19,0.726,201.66666666666666
1998,12,20,0.548,152.22222222222223
1998,12,21,0.332,92.22222222222223
1998,12,22,0.114,31.666666666666668
1998,12,23,0.013,3.6111111111111107
1998,12,24,0.002,0.5555555555555556
1999,1,1,0.02,5.555555555555555
1999,1,2,0.111,30.833333333333332
1999,1,3,0.278,77.22222222222223
1999,1,4,0.429,119.16666666666666
1999,1,5,0.662,183.88888888888889
1999,1,6,0.894,248.33333333333334
1999,1,7,1.204,334.4444444444444
1999,1,8,1.58,438.8888888888889
1999,1,9,1.835,509.72222222222223
1999,1,10,1.98,550.0
1999,1,11,2.072,575.5555555555555
1999,1,12,1.985,551.3888888888889
1999,1,13,2.119,588.6111111111112
1999,1,14,1.929,535.8333333333334
1999,1,15,1.812,503.3333333333333
1999,1,16,1.534,426.1111111111111
1999,1,17,1.259,349.7222222222222
1999,1,18,0.945,262.5
1999,1,19,0.628,174.44444444444443
1999,1,20,0.399,110.83333333333334
1999,1,21,0.223,61.94444444444444
1999,1,22,0.062,17.22222222222222
1999,1,23,0.009,2.4999999999999996
1999,1,24,0.004,1.1111111111111112
1999,2,1,0.0,0.0
1999,2,2,0.0,0.0
1999,2,3,0.036,9.999999999999998
1999,2,4,0.165,45.833333333333336
1999,2,5,0.351,97.49999999999999
1999,2,6,0.624,173.33333333333334
1999,2,7,0.902,250.55555555555554
1999,2,8,1.181,328.05555555555554
1999,2,9,1.474,409.44444444444446
1999,2,10,1.657,460.27777777777777
1999,2,11,1.822,506.11111111111114
1999,2,12,1.897,526.9444444444445
1999,2,13,1.819,505.27777777777777
1999,2,14,1.666,462.77777777777777
1999,2,15,1.448,402.22222222222223
1999,2,16,1.226,340.55555555555554
1999,2,17,0.929,258.05555555555554
1999,2,18,0.635,176.38888888888889
1999,2,19,0.349,96.94444444444444
1999,2,20,0.125,34.72222222222222
1999,2,21,0.021,5.833333333333334
1999,2,22,0.001,0.2777777777777778
1999,2,23,0.0,0.0
1999,2,24,0.0,0.0
1999,3,1,0.0,0.0
1999,3,2,0.0,0.0
1999,3,3,0.0,0.0
1999,3,4,0.0,0.0
1999,3,5,0.018,4.999999999999999
1999,3,6,0.142,39.44444444444444
1999,3,7,0.384,106.66666666666667
1999,3,8,0.623,173.05555555555554
1999,3,9,0.817,226.94444444444443
1999,3,10,1.02,283.3333333333333
1999,3,11,1.142,317.2222222222222
1999,3,12,1.148,318.88888888888886
1999,3,13,1.138,316.1111111111111
1999,3,14,0.969,269.16666666666663
1999,3,15,0.772,214.44444444444446
1999,3,16,0.526,146.11111111111111
1999,3,17,0.266,73.88888888888889
1999,3,18,0.091,25.277777777777775
1999,3,19,0.012,3.3333333333333335
1999,3,20,0.0,0.0
1999,3,21,0.0,0.0
1999,3,22,0.0,0.0
1999,3,23,0.0,0.0
1999,3,24,0.0,0.0
1999,4,1,0.0,0.0
1999,4,2,0.0,0.0
1999,4,3,0.0,0.0
1999,4,4,0.0,0.0
1999,4,5,0.0,0.0
1999,4,6,0.0,0.0
1999,4,7,0.021,5.833333333333334
1999,4,8,0.141,39.166666666666664
1999,4,9,0.328,91.11111111111111
1999,4,10,0.477,132.5
1999,4,11,0.547,151.94444444444446
1999,4,12,0.596,165.55555555555554
1999,4,13,0.538,149.44444444444446
1999,4,14,0.392,108.88888888888889
1999,4,15,0.213,59.166666666666664
1999,4,16,0.061,16.944444444444443
1999,4,17,0.004,1.1111111111111112
1999,4,18,0.0,0.0
1999,4,19,0.0,0.0
1999,4,20,0.0,0.0
1999,4,21,0.0,0.0
1999,4,22,0.0,0.0
1999,4,23,0.0,0.0
1999,4,24,0.0,0.0
1999,5,1,0.0,0.0
1999,5,2,0.0,0.0
1999,5,3,0.0,0.0
1999,5,4,0.0,0.0
1999,5,5,0.0,0.0
1999,5,6,0.0,0.0
1999,5,7,0.0,0.0
1999,5,8,0.0,0.0
1999,5,9,0.003,0.8333333333333334
1999,5,10,0.056,15.555555555555555
1999,5,11,0.114,31.666666666666668
1999,5,12,0.121,33.61111111111111
1999,5,13,0.074,20.555555555555554
1999,5,14,0.013,3.6111111111111107
1999,5,15,0.0,0.0
1999,5,16,0.0,0.0
1999,5,17,0.0,0.0
1999,5,18,0.0,0.0
1999,5,19,0.0,0.0
1999,5,20,0.0,0.0
1999,5,21,0.0,0.0
1999,5,22,0.0,0.0
1999,5,23,0.0,0.0
1999,5,24,0.0,0.0
1999,6,1,,
1999,6,2,,
1999,6,3,,
1999,6,4,,
1999,6,5,,
1999,6,6,,
1999,6,7,,
1999,6,8,,
1999,6,9,,
1999,6,10,,
1999,6,11,,
1999,6,12,,
1999,6,13,,
1999,6,14,,
1999,6,15,,
1999,6,16,,
1999,6,17,,
1999,6,18,,
1999,6,19,,
1999,6,20,,
1999,6,21,,
1999,6,22,,
1999,6,23,,
1999,6,24,,
1999,7,1,0.0,0.0
1999,7,2,0.0,0.0
1999,7,3,0.0,0.0
1999,7,4,0.0,0.0
1999,7,5,0.0,0.0
1999,7,6,0.0,0.0
1999,7,7,0.0,0.0
1999,7,8,0.0,0.0
1999,7,9,0.0,0.0
1999,7,10,0.0,0.0
1999,7,11,0.053,14.722222222222221
1999,7,12,0.07,19.444444444444446
1999,7,13,0.017,4.722222222222222
1999,7,14,0.0,0.0
1999,7,15,0.0,0.0
1999,7,16,0.0,0.0
1999,7,17,0.0,0.0
1999,7,18,0.0,0.0
1999,7,19,0.0,0.0
1999,7,20,0.0,0.0
1999,7,21,0.0,0.0
1999,7,22,0.0,0.0
1999,7,23,0.0,0.0
1999,7,24,0.0,0.0
1999,8,1,0.0,0.0
1999,8,2,0.0,0.0
1999,8,3,0.0,0.0
1999,8,4,0.0,0.0
1999,8,5,0.0,0.0
1999,8,6,0.0,0.0
1999,8,7,0.0,0.0
1999,8,8,0.011,3.0555555555555554
1999,8,9,0.055,15.277777777777777
1999,8,10,0.133,36.94444444444444
1999,8,11,0.173,48.05555555555555
1999,8,12,0.17,47.22222222222222
1999,8,13,0.143,39.72222222222222
1999,8,14,0.086,23.888888888888886
1999,8,15,0.027,7.5
1999,8,16,0.002,0.5555555555555556
1999,8,17,0.0,0.0
1999,8,18,0.0,0.0
1999,8,19,0.0,0.0
1999,8,20,0.0,0.0
1999,8,21,0.0,0.0
1999,8,22,0.0,0.0
1999,8,23,0.0,0.0
1999,8,24,0.0,0.0
1999,9,1,0.0,0.0
1999,9,2,0.0,0.0
1999,9,3,0.0,0.0
1999,9,4,0.0,0.0
1999,9,5,0.006,1.6666666666666667
1999,9,6,0.056,15.555555555555555
1999,9,7,0.204,56.666666666666664
1999,9,8,0.42,116.66666666666666
1999,9,9,0.612,170.0
1999,9,10,0.772,214.44444444444446
1999,9,11,0.875,243.05555555555554
1999,9,12,0.907,251.94444444444446
1999,9,13,0.854,237.2222222222222
1999,9,14,0.703,195.27777777777777
1999,9,15,0.51,141.66666666666666
1999,9,16,0.284,78.88888888888889
1999,9,17,0.099,27.5
1999,9,18,0.005,1.3888888888888888
1999,9,19,0.0,0.0
1999,9,20,0.0,0.0
1999,9,21,0.0,0.0
1999,9,22,0.0,0.0
1999,9,23,0.0,0.0
1999,9,24,0.0,0.0
1999,10,1,0.0,0.0
1999,10,2,0.0,0.0
1999,10,3,0.013,3.6111111111111107
1999,10,4,0.095,26.38888888888889
1999,10,5,0.267,74.16666666666667
1999,10,6,0.59,163.88888888888889
1999,10,7,0.979,271.94444444444446
1999,10,8,1.307,363.05555555555554
1999,10,9,1.569,435.8333333333333
1999,10,10,1.765,490.2777777777777
1999,10,11,1.825,506.9444444444444
1999,10,12,1.843,511.9444444444444
1999,10,13,1.71,475.0
1999,10,14,1.555,431.9444444444444
1999,10,15,1.289,358.05555555555554
1999,10,16,0.946,262.77777777777777
1999,10,17,0.608,168.88888888888889
1999,10,18,0.306,85.0
1999,10,19,0.084,23.333333333333336
1999,10,20,0.009,2.4999999999999996
1999,10,21,0.0,0.0
1999,10,22,0.0,0.0
1999,10,23,0.0,0.0
1999,10,24,0.0,0.0
1999,11,1,0.017,4.722222222222222
1999,11,2,0.146,40.55555555555555
1999,11,3,0.398,110.55555555555556
1999,11,4,0.667,185.27777777777777
1999,11,5,0.969,269.16666666666663
1999,11,6,1.284,356.6666666666667
1999,11,7,1.588,441.11111111111114
1999,11,8,1.898,527.2222222222222
1999,11,9,2.132,592.2222222222223
1999,11,10,2.331,647.5
1999,11,11,2.387,663.0555555555555
1999,11,12,2.389,663.6111111111111
1999,11,13,2.311,641.9444444444445
1999,11,14,2.159,599.7222222222222
1999,11,15,1.914,531.6666666666666
1999,11,16,1.644,456.66666666666663
1999,11,17,1.263,350.8333333333333
1999,11,18,0.927,257.5
1999,11,19,0.649,180.27777777777777
1999,11,20,0.372,103.33333333333333
1999,11,21,0.105,29.166666666666664
1999,11,22,0.016,4.444444444444445
1999,11,23,0.005,1.3888888888888888
1999,11,24,0.0,0.0
1999,12,1,0.063,17.5
1999,12,2,0.228,63.333333333333336
1999,12,3,0.404,112.22222222222223
1999,12,4,0.658,182.77777777777777
1999,12,5,0.964,267.77777777777777
1999,12,6,1.293,359.16666666666663
1999,12,7,1.648,457.7777777777777
1999,12,8,1.948,541.1111111111111
1999,12,9,2.218,616.1111111111111
1999,12,10,2.545,706.9444444444445
1999,12,11,2.652,736.6666666666667
1999,12,12,2.66,738.8888888888889
1999,12,13,2.458,682.7777777777778
1999,12,14,2.378,660.5555555555555
1999,12,15,2.073,575.8333333333333
1999,12,16,1.71,475.0
1999,12,17,1.429,396.94444444444446
1999,12,18,1.077,299.16666666666663
1999,12,19,0.776,215.55555555555554
1999,12,20,0.519,144.16666666666666
1999,12,21,0.277,76.94444444444444
1999,12,22,0.092,25.555555555555554
1999,12,23,0.009,2.4999999999999996
1999,12,24,0.001,0.2777777777777778
2000,1,1,0.125,34.72222222222222
2000,1,2,0.312,86.66666666666667
2000,1,3,0.558,155.0
2000,1,4,0.825,229.16666666666666
2000,1,5,1.167,324.1666666666667
2000,1,6,1.544,428.8888888888889
2000,1,7,1.871,519.7222222222222
2000,1,8,2.189,608.0555555555555
2000,1,9,2.406,668.3333333333334
2000,1,10,2.556,710.0
2000,1,11,2.62,727.7777777777778
2000,1,12,2.562,711.6666666666666
2000,1,13,2.437,676.9444444444443
2000,1,14,2.26,627.7777777777777
2000,1,15,2.013,559.1666666666666
2000,1,16,1.697,471.3888888888889
2000,1,17,1.288,357.77777777777777
2000,1,18,0.91,252.77777777777777
2000,1,19,0.668,185.55555555555557
2000,1,20,0.391,108.61111111111111
2000,1,21,0.144,39.99999999999999
2000,1,22,0.061,16.944444444444443
2000,1,23,0.052,14.444444444444443
2000,1,24,0.054,15.0
2000,2,1,0.0,0.0
2000,2,2,0.007,1.9444444444444444
2000,2,3,0.077,21.38888888888889
2000,2,4,0.265,73.61111111111111
2000,2,5,0.486,135.0
2000,2,6,0.797,221.38888888888889
2000,2,7,1.132,314.4444444444444
2000,2,8,1.417,393.6111111111111
2000,2,9,1.646,457.2222222222222
2000,2,10,1.817,504.7222222222222
2000,2,11,1.929,535.8333333333334
2000,2,12,1.873,520.2777777777777
2000,2,13,1.868,518.8888888888889
2000,2,14,1.685,468.05555555555554
2000,2,15,1.45,402.77777777777777
2000,2,16,1.144,317.77777777777777
2000,2,17,0.79,219.44444444444446
2000,2,18,0.551,153.05555555555557
2000,2,19,0.271,75.27777777777779
2000,2,20,0.045,12.5
2000,2,21,0.0,0.0
2000,2,22,0.0,0.0
2000,2,23,0.0,0.0
2000,2,24,0.0,0.0
2000,3,1,0.0,0.0
2000,3,2,0.003,0.8333333333333334
2000,3,3,0.037,10.277777777777777
2000,3,4,0.129,35.833333333333336
2000,3,5,0.263,73.05555555555556
2000,3,6,0.501,139.16666666666666
2000,3,7,0.807,224.16666666666669
2000,3,8,1.056,293.3333333333333
2000,3,9,1.286,357.22222222222223
2000,3,10,1.461,405.83333333333337
2000,3,11,1.553,431.38888888888886
2000,3,12,1.522,422.77777777777777
2000,3,13,1.457,404.72222222222223
2000,3,14,1.277,354.7222222222222
2000,3,15,1.04,288.8888888888889
2000,3,16,0.763,211.94444444444443
2000,3,17,0.477,132.5
2000,3,18,0.295,81.94444444444444
2000,3,19,0.134,37.22222222222222
2000,3,20,0.022,6.111111111111111
2000,3,21,0.0,0.0
2000,3,22,0.0,0.0
2000,3,23,0.0,0.0
2000,3,24,0.0,0.0
2000,4,1,0.0,0.0
2000,4,2,0.0,0.0
2000,4,3,0.0,0.0
2000,4,4,0.0,0.0
2000,4,5,0.0,0.0
2000,4,6,0.003,0.8333333333333334
2000,4,7,0.047,13.055555555555555
2000,4,8,0.144,39.99999999999999
2000,4,9,0.284,78.88888888888889
2000,4,10,0.383,106.38888888888889
2000,4,11,0.423,117.5
2000,4,12,0.378,105.0
2000,4,13,0.283,78.6111111111111
2000,4,14,0.166,46.111111111111114
2000,4,15,0.054,15.0
2000,4,16,0.003,0.8333333333333334
2000,4,17,0.0,0.0
2000,4,18,0.0,0.0
2000,4,19,0.0,0.0
2000,4,20,0.0,0.0
2000,4,21,0.0,0.0
2000,4,22,0.0,0.0
2000,4,23,0.0,0.0
2000,4,24,0.0,0.0
2000,5,1,0.0,0.0
2000,5,2,0.0,0.0
2000,5,3,0.0,0.0
2000,5,4,0.0,0.0
2000,5,5,0.0,0.0
2000,5,6,0.0,0.0
2000,5,7,0.0,0.0
2000,5,8,0.0,0.0
2000,5,9,0.009,2.4999999999999996
2000,5,10,0.039,10.833333333333334
2000,5,11,0.055,15.277777777777777
2000,5,12,0.058,16.11111111111111
2000,5,13,0.011,3.0555555555555554
2000,5,14,0.0,0.0
2000,5,15,0.0,0.0
2000,5,16,0.0,0.0
2000,5,17,0.0,0.0
2000,5,18,0.0,0.0
2000,5,19,0.0,0.0
2000,5,20,0.0,0.0
2000,5,21,0.0,0.0
2000,5,22,0.0,0.0
2000,5,23,0.0,0.0
2000,5,24,0.0,0.0
2000,6,1,,
2000,6,2,,
2000,6,3,,
2000,6,4,,
2000,6,5,,
2000,6,6,,
2000,6,7,,
2000,6,8,,
2000,6,9,,
2000,6,10,,
2000,6,11,,
2000,6,12,,
2000,6,13,,
2000,6,14,,
2000,6,15,,
2000,6,16,,
2000,6,17,,
2000,6,18,,
2000,6,19,,
2000,6,20,,
2000,6,21,,
2000,6,22,,
2000,6,23,,
2000,6,24,,
2000,7,1,0.0,0.0
2000,7,2,0.0,0.0
2000,7,3,0.0,0.0
2000,7,4,0.0,0.0
2000,7,5,0.0,0.0
2000,7,6,0.0,0.0
2000,7,7,0.0,0.0
2000,7,8,0.0,0.0
2000,7,9,0.0,0.0
2000,7,10,0.028,7.777777777777778
2000,7,11,0.065,18.055555555555557
2000,7,12,0.072,19.999999999999996
2000,7,13,0.028,7.777777777777778
2000,7,14,0.0,0.0
2000,7,15,0.0,0.0
2000,7,16,0.0,0.0
2000,7,17,0.0,0.0
2000,7,18,0.0,0.0
2000,7,19,0.0,0.0
2000,7,20,0.0,0.0
2000,7,21,0.0,0.0
2000,7,22,0.0,0.0
2000,7,23,0.0,0.0
2000,7,24,0.0,0.0
2000,8,1,0.0,0.0
2000,8,2,0.0,0.0
2000,8,3,0.0,0.0
2000,8,4,0.0,0.0
2000,8,5,0.0,0.0
2000,8,6,0.0,0.0
2000,8,7,0.002,0.5555555555555556
2000,8,8,0.035,9.722222222222223
2000,8,9,0.101,28.055555555555557
2000,8,10,0.174,48.33333333333333
2000,8,11,0.215,59.72222222222222
2000,8,12,0.202,56.111111111111114
2000,8,13,0.127,35.27777777777778
2000,8,14,0.037,10.277777777777777
2000,8,15,0.003,0.8333333333333334
2000,8,16,0.0,0.0
2000,8,17,0.0,0.0
2000,8,18,0.0,0.0
2000,8,19,0.0,0.0
2000,8,20,0.0,0.0
2000,8,21,0.0,0.0
2000,8,22,0.0,0.0
2000,8,23,0.0,0.0
2000,8,24,0.0,0.0
2000,9,1,0.0,0.0
2000,9,2,0.0,0.0
2000,9,3,0.0,0.0
2000,9,4,0.004,1.1111111111111112
2000,9,5,0.04,11.11111111111111
2000,9,6,0.138,38.333333333333336
2000,9,7,0.332,92.22222222222223
2000,9,8,0.523,145.27777777777777
2000,9,9,0.691,191.94444444444443
2000,9,10,0.803,223.05555555555557
2000,9,11,0.858,238.33333333333331
2000,9,12,0.813,225.83333333333331
2000,9,13,0.705,195.83333333333331
2000,9,14,0.51,141.66666666666666
2000,9,15,0.261,72.5
2000,9,16,0.077,21.38888888888889
2000,9,17,0.008,2.2222222222222223
2000,9,18,0.001,0.2777777777777778
2000,9,19,0.0,0.0
2000,9,20,0.0,0.0
2000,9,21,0.0,0.0
2000,9,22,0.0,0.0
2000,9,23,0.0,0.0
2000,9,24,0.0,0.0
2000,10,1,0.0,0.0
2000,10,2,0.016,4.444444444444445
2000,10,3,0.094,26.11111111111111
2000,10,4,0.249,69.16666666666667
2000,10,5,0.526,146.11111111111111
2000,10,6,0.834,231.66666666666666
2000,10,7,1.108,307.77777777777777
2000,10,8,1.353,375.8333333333333
2000,10,9,1.586,440.55555555555554
2000,10,10,1.693,470.27777777777777
2000,10,11,1.743,484.1666666666667
2000,10,12,1.645,456.94444444444446
2000,10,13,1.438,399.4444444444444
2000,10,14,1.199,333.05555555555554
2000,10,15,0.909,252.5
2000,10,16,0.587,163.05555555555554
2000,10,17,0.307,85.27777777777777
2000,10,18,0.089,24.72222222222222
2000,10,19,0.015,4.166666666666666
2000,10,20,0.003,0.8333333333333334
2000,10,21,0.001,0.2777777777777778
2000,10,22,0.0,0.0
2000,10,23,0.0,0.0
2000,10,24,0.0,0.0
2000,11,1,0.099,27.5
2000,11,2,0.251,69.72222222222221
2000,11,3,0.487,135.27777777777777
2000,11,4,0.772,214.44444444444446
2000,11,5,1.076,298.8888888888889
2000,11,6,1.405,390.27777777777777
2000,11,7,1.632,453.3333333333333
2000,11,8,1.817,504.7222222222222
2000,11,9,2.056,571.1111111111111
2000,11,10,2.205,612.5
2000,11,11,2.144,595.5555555555555
2000,11,12,2.09,580.5555555555555
2000,11,13,1.958,543.8888888888889
2000,11,14,1.713,475.83333333333337
2000,11,15,1.456,404.4444444444444
2000,11,16,1.096,304.44444444444446
2000,11,17,0.786,218.33333333333334
2000,11,18,0.503,139.72222222222223
2000,11,19,0.254,70.55555555555556
2000,11,20,0.121,33.61111111111111
2000,11,21,0.046,12.777777777777777
2000,11,22,0.027,7.5
2000,11,23,0.019,5.277777777777778
2000,11,24,0.021,5.833333333333334
2000,12,1,0.274,76.11111111111111
2000,12,2,0.427,118.6111111111111
2000,12,3,0.687,190.83333333333334
2000,12,4,0.932,258.8888888888889
2000,12,5,1.27,352.77777777777777
2000,12,6,1.691,469.72222222222223
2000,12,7,1.977,549.1666666666666
2000,12,8,2.116,587.7777777777778
2000,12,9,2.357,654.7222222222223
2000,12,10,2.579,716.3888888888889
2000,12,11,2.736,760.0
2000,12,12,2.505,695.8333333333333
2000,12,13,2.327,646.3888888888889
2000,12,14,2.113,586.9444444444445
2000,12,15,1.788,496.6666666666667
2000,12,16,1.473,409.1666666666667
2000,12,17,1.133,314.72222222222223
2000,12,18,0.815,226.38888888888886
2000,12,19,0.578,160.55555555555554
2000,12,20,0.383,106.38888888888889
2000,12,21,0.164,45.55555555555556
2000,12,22,0.055,15.277777777777777
2000,12,23,0.047,13.055555555555555
2000,12,24,0.072,19.999999999999996
