year,month,source_hour,irradiance_w_m2,pv_capacity_kw,performance_ratio,availability_factor,pv_generation_kw,generation_type
1985,1,2,11.38888888888889,100.0,0.8,1.0,0.9111111111111111,MODELED_SCENARIO
1985,1,3,44.16666666666666,100.0,0.8,1.0,3.533333333333333,MODELED_SCENARIO
1985,1,4,123.88888888888889,100.0,0.8,1.0,9.911111111111111,MODELED_SCENARIO
1985,1,5,200.0,100.0,0.8,1.0,16.0,MODELED_SCENARIO
1985,1,6,270.8333333333333,100.0,0.8,1.0,21.666666666666668,MODELED_SCENARIO
1985,1,7,368.33333333333337,100.0,0.8,1.0,29.46666666666667,MODELED_SCENARIO
1985,1,8,449.44444444444446,100.0,0.8,1.0,35.95555555555556,MODELED_SCENARIO
1985,1,9,548.6111111111111,100.0,0.8,1.0,43.888888888888886,MODELED_SCENARIO
1985,1,10,618.0555555555555,100.0,0.8,1.0,49.44444444444445,MODELED_SCENARIO
1985,1,11,667.7777777777777,100.0,0.8,1.0,53.42222222222222,MODELED_SCENARIO
1985,1,12,700.5555555555554,100.0,0.8,1.0,56.04444444444444,MODELED_SCENARIO
1985,1,13,675.8333333333333,100.0,0.8,1.0,54.06666666666666,MODELED_SCENARIO
1985,1,14,637.7777777777777,100.0,0.8,1.0,51.02222222222221,MODELED_SCENARIO
1985,1,15,578.0555555555555,100.0,0.8,1.0,46.24444444444445,MODELED_SCENARIO
1985,1,16,486.1111111111111,100.0,0.8,1.0,38.888888888888886,MODELED_SCENARIO
1985,1,17,404.72222222222223,100.0,0.8,1.0,32.37777777777778,MODELED_SCENARIO
1985,1,18,312.5,100.0,0.8,1.0,25.0,MODELED_SCENARIO
1985,1,19,223.0555555555556,100.0,0.8,1.0,17.84444444444445,MODELED_SCENARIO
1985,1,20,142.22222222222223,100.0,0.8,1.0,11.377777777777778,MODELED_SCENARIO
1985,1,21,83.88888888888889,100.0,0.8,1.0,6.711111111111112,MODELED_SCENARIO
1985,1,22,45.0,100.0,0.8,1.0,3.6,MODELED_SCENARIO
1985,1,23,23.05555555555556,100.0,0.8,1.0,1.844444444444445,MODELED_SCENARIO
1985,1,24,9.999999999999998,100.0,0.8,1.0,0.7999999999999999,MODELED_SCENARIO
1985,2,1,2.2222222222222223,100.0,0.8,1.0,0.17777777777777778,MODELED_SCENARIO
1985,2,2,4.999999999999999,100.0,0.8,1.0,0.39999999999999997,MODELED_SCENARIO
1985,2,3,11.944444444444445,100.0,0.8,1.0,0.9555555555555556,MODELED_SCENARIO
1985,2,4,39.44444444444444,100.0,0.8,1.0,3.1555555555555554,MODELED_SCENARIO
1985,2,5,85.55555555555556,100.0,0.8,1.0,6.844444444444445,MODELED_SCENARIO
1985,2,6,151.11111111111111,100.0,0.8,1.0,12.088888888888889,MODELED_SCENARIO
1985,2,7,239.7222222222222,100.0,0.8,1.0,19.177777777777777,MODELED_SCENARIO
1985,2,8,335.83333333333337,100.0,0.8,1.0,26.86666666666667,MODELED_SCENARIO
1985,2,9,416.6666666666666,100.0,0.8,1.0,33.33333333333333,MODELED_SCENARIO
1985,2,10,493.05555555555554,100.0,0.8,1.0,39.44444444444444,MODELED_SCENARIO
1985,2,11,559.4444444444443,100.0,0.8,1.0,44.755555555555546,MODELED_SCENARIO
1985,2,12,600.2777777777778,100.0,0.8,1.0,48.022222222222226,MODELED_SCENARIO
1985,2,13,579.1666666666666,100.0,0.8,1.0,46.33333333333333,MODELED_SCENARIO
1985,2,14,540.0,100.0,0.8,1.0,43.2,MODELED_SCENARIO
1985,2,15,474.72222222222223,100.0,0.8,1.0,37.97777777777778,MODELED_SCENARIO
1985,2,16,388.6111111111111,100.0,0.8,1.0,31.08888888888889,MODELED_SCENARIO
1985,2,17,306.94444444444446,100.0,0.8,1.0,24.555555555555557,MODELED_SCENARIO
1985,2,18,230.0,100.0,0.8,1.0,18.400000000000002,MODELED_SCENARIO
1985,2,19,138.61111111111111,100.0,0.8,1.0,11.088888888888889,MODELED_SCENARIO
1985,2,20,79.44444444444444,100.0,0.8,1.0,6.355555555555556,MODELED_SCENARIO
1985,2,21,38.05555555555556,100.0,0.8,1.0,3.0444444444444447,MODELED_SCENARIO
1985,2,22,21.11111111111111,100.0,0.8,1.0,1.688888888888889,MODELED_SCENARIO
1985,2,23,11.11111111111111,100.0,0.8,1.0,0.888888888888889,MODELED_SCENARIO
1985,2,24,6.666666666666667,100.0,0.8,1.0,0.5333333333333334,MODELED_SCENARIO
1985,3,1,0.0,100.0,0.8,1.0,0.0,MODELED_SCENARIO
1985,3,2,0.0,100.0,0.8,1.0,0.0,MODELED_SCENARIO
1985,3,3,0.0,100.0,0.8,1.0,0.0,MODELED_SCENARIO
1985,3,4,0.0,100.0,0.8,1.0,0.0,MODELED_SCENARIO
1985,3,5,0.5555555555555556,100.0,0.8,1.0,0.044444444444444446,MODELED_SCENARIO
1985,3,6,15.833333333333334,100.0,0.8,1.0,1.2666666666666668,MODELED_SCENARIO
1985,3,7,71.94444444444444,100.0,0.8,1.0,5.755555555555556,MODELED_SCENARIO
1985,3,8,160.55555555555554,100.0,0.8,1.0,12.844444444444443,MODELED_SCENARIO
1985,3,9,271.1111111111111,100.0,0.8,1.0,21.688888888888886,MODELED_SCENARIO
1985,3,10,346.1111111111111,100.0,0.8,1.0,27.688888888888886,MODELED_SCENARIO
1985,3,11,432.5,100.0,0.8,1.0,34.6,MODELED_SCENARIO
1985,3,12,469.1666666666667,100.0,0.8,1.0,37.53333333333333,MODELED_SCENARIO
1985,3,13,467.2222222222222,100.0,0.8,1.0,37.37777777777777,MODELED_SCENARIO
1985,3,14,414.1666666666667,100.0,0.8,1.0,33.13333333333334,MODELED_SCENARIO
1985,3,15,346.1111111111111,100.0,0.8,1.0,27.688888888888886,MODELED_SCENARIO
1985,3,16,269.44444444444446,100.0,0.8,1.0,21.555555555555557,MODELED_SCENARIO
1985,3,17,164.16666666666666,100.0,0.8,1.0,13.133333333333333,MODELED_SCENARIO
1985,3,18,73.88888888888889,100.0,0.8,1.0,5.9111111111111105,MODELED_SCENARIO
1985,3,19,20.0,100.0,0.8,1.0,1.6,MODELED_SCENARIO
1985,3,20,0.5555555555555556,100.0,0.8,1.0,0.044444444444444446,MODELED_SCENARIO
1985,3,21,0.0,100.0,0.8,1.0,0.0,MODELED_SCENARIO
1985,3,22,0.0,100.0,0.8,1.0,0.0,MODELED_SCENARIO
1985,3,23,0.0,100.0,0.8,1.0,0.0,MODELED_SCENARIO
1985,3,24,0.0,100.0,0.8,1.0,0.0,MODELED_SCENARIO
1985,4,1,0.0,100.0,0.8,1.0,0.0,MODELED_SCENARIO
1985,4,2,0.0,100.0,0.8,1.0,0.0,MODELED_SCENARIO
1985,4,3,0.0,100.0,0.8,1.0,0.0,MODELED_SCENARIO
1985,4,4,0.0,100.0,0.8,1.0,0.0,MODELED_SCENARIO
1985,4,5,0.0,100.0,0.8,1.0,0.0,MODELED_SCENARIO
1985,4,6,0.0,100.0,0.8,1.0,0.0,MODELED_SCENARIO
1985,4,7,2.2222222222222223,100.0,0.8,1.0,0.17777777777777778,MODELED_SCENARIO
1985,4,8,53.333333333333336,100.0,0.8,1.0,4.2666666666666675,MODELED_SCENARIO
1985,4,9,56.66666666666666,100.0,0.8,1.0,4.533333333333333,MODELED_SCENARIO
1985,4,10,124.16666666666669,100.0,0.8,1.0,9.933333333333337,MODELED_SCENARIO
1985,4,11,158.33333333333331,100.0,0.8,1.0,12.666666666666666,MODELED_SCENARIO
1985,4,12,221.66666666666669,100.0,0.8,1.0,17.733333333333334,MODELED_SCENARIO
1985,4,13,187.5,100.0,0.8,1.0,15.0,MODELED_SCENARIO
1985,4,14,162.5,100.0,0.8,1.0,13.0,MODELED_SCENARIO
1985,4,15,118.33333333333331,100.0,0.8,1.0,9.466666666666667,MODELED_SCENARIO
1985,4,16,57.77777777777777,100.0,0.8,1.0,4.622222222222222,MODELED_SCENARIO
1985,4,17,31.11111111111111,100.0,0.8,1.0,2.488888888888889,MODELED_SCENARIO
1985,4,18,3.888888888888889,100.0,0.8,1.0,0.3111111111111111,MODELED_SCENARIO
1985,4,19,0.0,100.0,0.8,1.0,0.0,MODELED_SCENARIO
1985,4,20,0.0,100.0,0.8,1.0,0.0,MODELED_SCENARIO
1985,4,21,0.0,100.0,0.8,1.0,0.0,MODELED_SCENARIO
1985,4,22,0.0,100.0,0.8,1.0,0.0,MODELED_SCENARIO
1985,4,23,0.0,100.0,0.8,1.0,0.0,MODELED_SCENARIO
1985,4,24,0.0,100.0,0.8,1.0,0.0,MODELED_SCENARIO
1985,5,1,,100.0,0.8,1.0,,MODELED_SCENARIO
1985,5,2,,100.0,0.8,1.0,,MODELED_SCENARIO
1985,5,3,,100.0,0.8,1.0,,MODELED_SCENARIO
1985,5,4,,100.0,0.8,1.0,,MODELED_SCENARIO
1985,5,5,,100.0,0.8,1.0,,MODELED_SCENARIO
1985,5,6,,100.0,0.8,1.0,,MODELED_SCENARIO
1985,5,7,,100.0,0.8,1.0,,MODELED_SCENARIO
1985,5,8,,100.0,0.8,1.0,,MODELED_SCENARIO
1985,5,9,,100.0,0.8,1.0,,MODELED_SCENARIO
1985,5,10,,100.0,0.8,1.0,,MODELED_SCENARIO
1985,5,11,,100.0,0.8,1.0,,MODELED_SCENARIO
1985,5,12,,100.0,0.8,1.0,,MODELED_SCENARIO
1985,5,13,,100.0,0.8,1.0,,MODELED_SCENARIO
1985,5,14,,100.0,0.8,1.0,,MODELED_SCENARIO
1985,5,15,,100.0,0.8,1.0,,MODELED_SCENARIO
1985,5,16,,100.0,0.8,1.0,,MODELED_SCENARIO
1985,5,17,,100.0,0.8,1.0,,MODELED_SCENARIO
1985,5,18,,100.0,0.8,1.0,,MODELED_SCENARIO
1985,5,19,,100.0,0.8,1.0,,MODELED_SCENARIO
1985,5,20,,100.0,0.8,1.0,,MODELED_SCENARIO
1985,5,21,,100.0,0.8,1.0,,MODELED_SCENARIO
1985,5,22,,100.0,0.8,1.0,,MODELED_SCENARIO
1985,5,23,,100.0,0.8,1.0,,MODELED_SCENARIO
1985,5,24,,100.0,0.8,1.0,,MODELED_SCENARIO
1985,6,1,,100.0,0.8,1.0,,MODELED_SCENARIO
1985,6,2,,100.0,0.8,1.0,,MODELED_SCENARIO
1985,6,3,,100.0,0.8,1.0,,MODELED_SCENARIO
1985,6,4,,100.0,0.8,1.0,,MODELED_SCENARIO
1985,6,5,,100.0,0.8,1.0,,MODELED_SCENARIO
1985,6,6,,100.0,0.8,1.0,,MODELED_SCENARIO
1985,6,7,,100.0,0.8,1.0,,MODELED_SCENARIO
1985,6,8,,100.0,0.8,1.0,,MODELED_SCENARIO
1985,6,9,,100.0,0.8,1.0,,MODELED_SCENARIO
1985,6,10,,100.0,0.8,1.0,,MODELED_SCENARIO
1985,6,11,,100.0,0.8,1.0,,MODELED_SCENARIO
1985,6,12,,100.0,0.8,1.0,,MODELED_SCENARIO
1985,6,13,,100.0,0.8,1.0,,MODELED_SCENARIO
1985,6,14,,100.0,0.8,1.0,,MODELED_SCENARIO
1985,6,15,,100.0,0.8,1.0,,MODELED_SCENARIO
1985,6,16,,100.0,0.8,1.0,,MODELED_SCENARIO
1985,6,17,,100.0,0.8,1.0,,MODELED_SCENARIO
1985,6,18,,100.0,0.8,1.0,,MODELED_SCENARIO
1985,6,19,,100.0,0.8,1.0,,MODELED_SCENARIO
1985,6,20,,100.0,0.8,1.0,,MODELED_SCENARIO
1985,6,21,,100.0,0.8,1.0,,MODELED_SCENARIO
1985,6,22,,100.0,0.8,1.0,,MODELED_SCENARIO
1985,6,23,,100.0,0.8,1.0,,MODELED_SCENARIO
1985,6,24,,100.0,0.8,1.0,,MODELED_SCENARIO
1985,7,1,,100.0,0.8,1.0,,MODELED_SCENARIO
1985,7,2,,100.0,0.8,1.0,,MODELED_SCENARIO
1985,7,3,,100.0,0.8,1.0,,MODELED_SCENARIO
1985,7,4,,100.0,0.8,1.0,,MODELED_SCENARIO
1985,7,5,,100.0,0.8,1.0,,MODELED_SCENARIO
1985,7,6,,100.0,0.8,1.0,,MODELED_SCENARIO
1985,7,7,,100.0,0.8,1.0,,MODELED_SCENARIO
1985,7,8,,100.0,0.8,1.0,,MODELED_SCENARIO
1985,7,9,,100.0,0.8,1.0,,MODELED_SCENARIO
1985,7,10,,100.0,0.8,1.0,,MODELED_SCENARIO
1985,7,11,,100.0,0.8,1.0,,MODELED_SCENARIO
1985,7,12,,100.0,0.8,1.0,,MODELED_SCENARIO
1985,7,13,,100.0,0.8,1.0,,MODELED_SCENARIO
1985,7,14,,100.0,0.8,1.0,,MODELED_SCENARIO
1985,7,15,,100.0,0.8,1.0,,MODELED_SCENARIO
1985,7,16,,100.0,0.8,1.0,,MODELED_SCENARIO
1985,7,17,,100.0,0.8,1.0,,MODELED_SCENARIO
1985,7,18,,100.0,0.8,1.0,,MODELED_SCENARIO
1985,7,19,,100.0,0.8,1.0,,MODELED_SCENARIO
1985,7,20,,100.0,0.8,1.0,,MODELED_SCENARIO
1985,7,21,,100.0,0.8,1.0,,MODELED_SCENARIO
1985,7,22,,100.0,0.8,1.0,,MODELED_SCENARIO
1985,7,23,,100.0,0.8,1.0,,MODELED_SCENARIO
1985,7,24,,100.0,0.8,1.0,,MODELED_SCENARIO
1985,8,1,0.0,100.0,0.8,1.0,0.0,MODELED_SCENARIO
1985,8,2,0.0,100.0,0.8,1.0,0.0,MODELED_SCENARIO
1985,8,3,0.0,100.0,0.8,1.0,0.0,MODELED_SCENARIO
1985,8,4,0.0,100.0,0.8,1.0,0.0,MODELED_SCENARIO
1985,8,5,0.0,100.0,0.8,1.0,0.0,MODELED_SCENARIO
1985,8,6,0.0,100.0,0.8,1.0,0.0,MODELED_SCENARIO
1985,8,7,0.0,100.0,0.8,1.0,0.0,MODELED_SCENARIO
1985,8,8,11.38888888888889,100.0,0.8,1.0,0.9111111111111111,MODELED_SCENARIO
1985,8,9,44.44444444444444,100.0,0.8,1.0,3.555555555555556,MODELED_SCENARIO
1985,8,10,104.16666666666666,100.0,0.8,1.0,8.333333333333334,MODELED_SCENARIO
1985,8,11,134.72222222222223,100.0,0.8,1.0,10.777777777777779,MODELED_SCENARIO
1985,8,12,151.38888888888889,100.0,0.8,1.0,12.11111111111111,MODELED_SCENARIO
1985,8,13,147.5,100.0,0.8,1.0,11.8,MODELED_SCENARIO
1985,8,14,112.22222222222224,100.0,0.8,1.0,8.97777777777778,MODELED_SCENARIO
1985,8,15,111.38888888888889,100.0,0.8,1.0,8.911111111111111,MODELED_SCENARIO
1985,8,16,35.55555555555556,100.0,0.8,1.0,2.8444444444444446,MODELED_SCENARIO
1985,8,17,20.555555555555557,100.0,0.8,1.0,1.6444444444444448,MODELED_SCENARIO
1985,8,18,0.0,100.0,0.8,1.0,0.0,MODELED_SCENARIO
1985,8,19,0.0,100.0,0.8,1.0,0.0,MODELED_SCENARIO
1985,8,20,0.0,100.0,0.8,1.0,0.0,MODELED_SCENARIO
1985,8,21,0.0,100.0,0.8,1.0,0.0,MODELED_SCENARIO
1985,8,22,0.0,100.0,0.8,1.0,0.0,MODELED_SCENARIO
1985,8,23,0.0,100.0,0.8,1.0,0.0,MODELED_SCENARIO
1985,8,24,0.0,100.0,0.8,1.0,0.0,MODELED_SCENARIO
1985,9,1,0.0,100.0,0.8,1.0,0.0,MODELED_SCENARIO
1985,9,2,0.0,100.0,0.8,1.0,0.0,MODELED_SCENARIO
1985,9,3,0.0,100.0,0.8,1.0,0.0,MODELED_SCENARIO
1985,9,4,0.0,100.0,0.8,1.0,0.0,MODELED_SCENARIO
1985,9,5,0.0,100.0,0.8,1.0,0.0,MODELED_SCENARIO
1985,9,6,0.5555555555555556,100.0,0.8,1.0,0.044444444444444446,MODELED_SCENARIO
1985,9,7,33.888888888888886,100.0,0.8,1.0,2.711111111111111,MODELED_SCENARIO
1985,9,8,76.11111111111111,100.0,0.8,1.0,6.0888888888888895,MODELED_SCENARIO
1985,9,9,143.05555555555554,100.0,0.8,1.0,11.444444444444445,MODELED_SCENARIO
1985,9,10,202.77777777777777,100.0,0.8,1.0,16.222222222222225,MODELED_SCENARIO
1985,9,11,260.0,100.0,0.8,1.0,20.8,MODELED_SCENARIO
1985,9,12,292.22222222222223,100.0,0.8,1.0,23.37777777777778,MODELED_SCENARIO
1985,9,13,284.16666666666663,100.0,0.8,1.0,22.73333333333333,MODELED_SCENARIO
1985,9,14,251.94444444444449,100.0,0.8,1.0,20.15555555555556,MODELED_SCENARIO
1985,9,15,198.05555555555557,100.0,0.8,1.0,15.844444444444447,MODELED_SCENARIO
1985,9,16,123.88888888888889,100.0,0.8,1.0,9.911111111111111,MODELED_SCENARIO
1985,9,17,71.94444444444444,100.0,0.8,1.0,5.755555555555556,MODELED_SCENARIO
1985,9,18,29.166666666666664,100.0,0.8,1.0,2.3333333333333335,MODELED_SCENARIO
1985,9,19,0.8333333333333334,100.0,0.8,1.0,0.06666666666666668,MODELED_SCENARIO
1985,9,20,0.0,100.0,0.8,1.0,0.0,MODELED_SCENARIO
1985,9,21,0.0,100.0,0.8,1.0,0.0,MODELED_SCENARIO
1985,9,22,0.0,100.0,0.8,1.0,0.0,MODELED_SCENARIO
1985,9,23,0.0,100.0,0.8,1.0,0.0,MODELED_SCENARIO
1985,9,24,0.0,100.0,0.8,1.0,0.0,MODELED_SCENARIO
1985,10,1,0.0,100.0,0.8,1.0,0.0,MODELED_SCENARIO
1985,10,2,0.0,100.0,0.8,1.0,0.0,MODELED_SCENARIO
1985,10,3,0.0,100.0,0.8,1.0,0.0,MODELED_SCENARIO
1985,10,4,9.444444444444445,100.0,0.8,1.0,0.7555555555555555,MODELED_SCENARIO
1985,10,5,35.55555555555556,100.0,0.8,1.0,2.8444444444444446,MODELED_SCENARIO
1985,10,6,84.16666666666666,100.0,0.8,1.0,6.733333333333333,MODELED_SCENARIO
1985,10,7,165.27777777777777,100.0,0.8,1.0,13.222222222222223,MODELED_SCENARIO
1985,10,8,268.88888888888886,100.0,0.8,1.0,21.51111111111111,MODELED_SCENARIO
1985,10,9,361.38888888888886,100.0,0.8,1.0,28.91111111111111,MODELED_SCENARIO
1985,10,10,457.5,100.0,0.8,1.0,36.6,MODELED_SCENARIO
1985,10,11,524.1666666666666,100.0,0.8,1.0,41.93333333333334,MODELED_SCENARIO
1985,10,12,527.2222222222222,100.0,0.8,1.0,42.17777777777778,MODELED_SCENARIO
1985,10,13,522.2222222222222,100.0,0.8,1.0,41.77777777777777,MODELED_SCENARIO
1985,10,14,495.27777777777777,100.0,0.8,1.0,39.62222222222223,MODELED_SCENARIO
1985,10,15,423.6111111111111,100.0,0.8,1.0,33.888888888888886,MODELED_SCENARIO
1985,10,16,339.44444444444446,100.0,0.8,1.0,27.155555555555555,MODELED_SCENARIO
1985,10,17,248.61111111111111,100.0,0.8,1.0,19.88888888888889,MODELED_SCENARIO
1985,10,18,160.55555555555554,100.0,0.8,1.0,12.844444444444443,MODELED_SCENARIO
1985,10,19,91.11111111111111,100.0,0.8,1.0,7.288888888888889,MODELED_SCENARIO
1985,10,20,37.5,100.0,0.8,1.0,3.0,MODELED_SCENARIO
1985,10,21,6.111111111111111,100.0,0.8,1.0,0.4888888888888889,MODELED_SCENARIO
1985,10,22,0.0,100.0,0.8,1.0,0.0,MODELED_SCENARIO
1985,10,23,0.0,100.0,0.8,1.0,0.0,MODELED_SCENARIO
1985,10,24,0.0,100.0,0.8,1.0,0.0,MODELED_SCENARIO
1985,11,1,15.833333333333334,100.0,0.8,1.0,1.2666666666666668,MODELED_SCENARIO
1985,11,2,27.5,100.0,0.8,1.0,2.2,MODELED_SCENARIO
1985,11,3,40.55555555555555,100.0,0.8,1.0,3.2444444444444445,MODELED_SCENARIO
1985,11,4,93.05555555555556,100.0,0.8,1.0,7.444444444444445,MODELED_SCENARIO
1985,11,5,145.27777777777777,100.0,0.8,1.0,11.622222222222224,MODELED_SCENARIO
1985,11,6,215.83333333333331,100.0,0.8,1.0,17.266666666666666,MODELED_SCENARIO
1985,11,7,293.6111111111111,100.0,0.8,1.0,23.48888888888889,MODELED_SCENARIO
1985,11,8,391.6666666666666,100.0,0.8,1.0,31.33333333333333,MODELED_SCENARIO
1985,11,9,493.6111111111111,100.0,0.8,1.0,39.488888888888894,MODELED_SCENARIO
1985,11,10,579.7222222222223,100.0,0.8,1.0,46.37777777777779,MODELED_SCENARIO
1985,11,11,638.3333333333334,100.0,0.8,1.0,51.06666666666668,MODELED_SCENARIO
1985,11,12,678.8888888888889,100.0,0.8,1.0,54.31111111111111,MODELED_SCENARIO
1985,11,13,678.0555555555555,100.0,0.8,1.0,54.24444444444445,MODELED_SCENARIO
1985,11,14,652.2222222222222,100.0,0.8,1.0,52.17777777777778,MODELED_SCENARIO
1985,11,15,592.2222222222223,100.0,0.8,1.0,47.37777777777779,MODELED_SCENARIO
1985,11,16,530.8333333333334,100.0,0.8,1.0,42.46666666666667,MODELED_SCENARIO
1985,11,17,474.1666666666667,100.0,0.8,1.0,37.93333333333334,MODELED_SCENARIO
1985,11,18,384.72222222222223,100.0,0.8,1.0,30.77777777777778,MODELED_SCENARIO
1985,11,19,286.6666666666667,100.0,0.8,1.0,22.933333333333337,MODELED_SCENARIO
1985,11,20,194.16666666666663,100.0,0.8,1.0,15.533333333333331,MODELED_SCENARIO
1985,11,21,104.16666666666666,100.0,0.8,1.0,8.333333333333334,MODELED_SCENARIO
1985,11,22,56.94444444444444,100.0,0.8,1.0,4.555555555555556,MODELED_SCENARIO
1985,11,23,40.27777777777777,100.0,0.8,1.0,3.2222222222222223,MODELED_SCENARIO
1985,11,24,13.88888888888889,100.0,0.8,1.0,1.1111111111111114,MODELED_SCENARIO
1985,12,1,35.27777777777778,100.0,0.8,1.0,2.8222222222222224,MODELED_SCENARIO
1985,12,2,69.16666666666667,100.0,0.8,1.0,5.533333333333334,MODELED_SCENARIO
1985,12,3,95.83333333333331,100.0,0.8,1.0,7.666666666666664,MODELED_SCENARIO
1985,12,4,138.61111111111111,100.0,0.8,1.0,11.088888888888889,MODELED_SCENARIO
1985,12,5,206.38888888888889,100.0,0.8,1.0,16.511111111111113,MODELED_SCENARIO
1985,12,6,292.77777777777777,100.0,0.8,1.0,23.42222222222222,MODELED_SCENARIO
1985,12,7,368.05555555555554,100.0,0.8,1.0,29.444444444444443,MODELED_SCENARIO
1985,12,8,475.0,100.0,0.8,1.0,38.0,MODELED_SCENARIO
1985,12,9,564.1666666666667,100.0,0.8,1.0,45.13333333333334,MODELED_SCENARIO
1985,12,10,636.9444444444445,100.0,0.8,1.0,50.955555555555556,MODELED_SCENARIO
1985,12,11,675.2777777777778,100.0,0.8,1.0,54.02222222222223,MODELED_SCENARIO
1985,12,12,708.6111111111111,100.0,0.8,1.0,56.6888888888889,MODELED_SCENARIO
1985,12,13,760.0,100.0,0.8,1.0,60.800000000000004,MODELED_SCENARIO
1985,12,14,738.6111111111111,100.0,0.8,1.0,59.088888888888896,MODELED_SCENARIO
1985,12,15,670.8333333333334,100.0,0.8,1.0,53.66666666666668,MODELED_SCENARIO
1985,12,16,602.7777777777777,100.0,0.8,1.0,48.22222222222222,MODELED_SCENARIO
1985,12,17,503.6111111111111,100.0,0.8,1.0,40.28888888888889,MODELED_SCENARIO
1985,12,18,408.88888888888886,100.0,0.8,1.0,32.71111111111111,MODELED_SCENARIO
1985,12,19,307.22222222222223,100.0,0.8,1.0,24.57777777777778,MODELED_SCENARIO
1985,12,20,226.38888888888889,100.0,0.8,1.0,18.11111111111111,MODELED_SCENARIO
1985,12,21,153.88888888888889,100.0,0.8,1.0,12.31111111111111,MODELED_SCENARIO
1985,12,22,99.16666666666666,100.0,0.8,1.0,7.933333333333334,MODELED_SCENARIO
1985,12,23,59.72222222222222,100.0,0.8,1.0,4.777777777777778,MODELED_SCENARIO
1985,12,24,35.27777777777778,100.0,0.8,1.0,2.8222222222222224,MODELED_SCENARIO
1986,1,1,25.27777777777777,100.0,0.8,1.0,2.0222222222222217,MODELED_SCENARIO
1986,1,2,48.888888888888886,100.0,0.8,1.0,3.911111111111111,MODELED_SCENARIO
1986,1,3,71.11111111111111,100.0,0.8,1.0,5.688888888888889,MODELED_SCENARIO
1986,1,4,98.33333333333331,100.0,0.8,1.0,7.866666666666666,MODELED_SCENARIO
1986,1,5,161.38888888888889,100.0,0.8,1.0,12.911111111111111,MODELED_SCENARIO
1986,1,6,240.0,100.0,0.8,1.0,19.200000000000003,MODELED_SCENARIO
1986,1,7,329.72222222222223,100.0,0.8,1.0,26.377777777777784,MODELED_SCENARIO
1986,1,8,416.1111111111111,100.0,0.8,1.0,33.288888888888884,MODELED_SCENARIO
1986,1,9,508.3333333333333,100.0,0.8,1.0,40.666666666666664,MODELED_SCENARIO
1986,1,10,582.5,100.0,0.8,1.0,46.6,MODELED_SCENARIO
1986,1,11,654.1666666666666,100.0,0.8,1.0,52.33333333333334,MODELED_SCENARIO
1986,1,12,701.6666666666666,100.0,0.8,1.0,56.13333333333334,MODELED_SCENARIO
1986,1,13,698.3333333333333,100.0,0.8,1.0,55.86666666666667,MODELED_SCENARIO
1986,1,14,697.7777777777777,100.0,0.8,1.0,55.82222222222222,MODELED_SCENARIO
1986,1,15,641.3888888888889,100.0,0.8,1.0,51.31111111111111,MODELED_SCENARIO
1986,1,16,546.9444444444445,100.0,0.8,1.0,43.75555555555556,MODELED_SCENARIO
1986,1,17,465.8333333333333,100.0,0.8,1.0,37.266666666666666,MODELED_SCENARIO
1986,1,18,376.6666666666667,100.0,0.8,1.0,30.13333333333334,MODELED_SCENARIO
1986,1,19,270.0,100.0,0.8,1.0,21.6,MODELED_SCENARIO
1986,1,20,178.33333333333334,100.0,0.8,1.0,14.26666666666667,MODELED_SCENARIO
1986,1,21,124.44444444444444,100.0,0.8,1.0,9.955555555555556,MODELED_SCENARIO
1986,1,22,83.33333333333333,100.0,0.8,1.0,6.666666666666666,MODELED_SCENARIO
1986,1,23,48.61111111111111,100.0,0.8,1.0,3.888888888888889,MODELED_SCENARIO
1986,1,24,25.27777777777777,100.0,0.8,1.0,2.0222222222222217,MODELED_SCENARIO
1986,2,1,0.0,100.0,0.8,1.0,0.0,MODELED_SCENARIO
1986,2,2,0.0,100.0,0.8,1.0,0.0,MODELED_SCENARIO
1986,2,3,4.999999999999999,100.0,0.8,1.0,0.39999999999999997,MODELED_SCENARIO
1986,2,4,32.5,100.0,0.8,1.0,2.6,MODELED_SCENARIO
1986,2,5,47.5,100.0,0.8,1.0,3.8000000000000003,MODELED_SCENARIO
1986,2,6,106.38888888888889,100.0,0.8,1.0,8.511111111111111,MODELED_SCENARIO
1986,2,7,177.5,100.0,0.8,1.0,14.200000000000001,MODELED_SCENARIO
1986,2,8,253.88888888888889,100.0,0.8,1.0,20.311111111111114,MODELED_SCENARIO
1986,2,9,313.6111111111111,100.0,0.8,1.0,25.08888888888889,MODELED_SCENARIO
1986,2,10,422.77777777777777,100.0,0.8,1.0,33.82222222222222,MODELED_SCENARIO
1986,2,11,445.8333333333333,100.0,0.8,1.0,35.666666666666664,MODELED_SCENARIO
1986,2,12,484.44444444444446,100.0,0.8,1.0,38.75555555555556,MODELED_SCENARIO
1986,2,13,507.22222222222223,100.0,0.8,1.0,40.57777777777778,MODELED_SCENARIO
1986,2,14,514.4444444444445,100.0,0.8,1.0,41.155555555555566,MODELED_SCENARIO
1986,2,15,443.8888888888889,100.0,0.8,1.0,35.51111111111111,MODELED_SCENARIO
1986,2,16,394.72222222222223,100.0,0.8,1.0,31.577777777777783,MODELED_SCENARIO
1986,2,17,318.6111111111111,100.0,0.8,1.0,25.488888888888887,MODELED_SCENARIO
1986,2,18,232.5,100.0,0.8,1.0,18.6,MODELED_SCENARIO
1986,2,19,131.11111111111111,100.0,0.8,1.0,10.48888888888889,MODELED_SCENARIO
1986,2,20,70.0,100.0,0.8,1.0,5.600000000000001,MODELED_SCENARIO
1986,2,21,31.666666666666668,100.0,0.8,1.0,2.5333333333333337,MODELED_SCENARIO
1986,2,22,16.11111111111111,100.0,0.8,1.0,1.288888888888889,MODELED_SCENARIO
1986,2,23,0.0,100.0,0.8,1.0,0.0,MODELED_SCENARIO
1986,2,24,0.0,100.0,0.8,1.0,0.0,MODELED_SCENARIO
1986,3,1,0.0,100.0,0.8,1.0,0.0,MODELED_SCENARIO
1986,3,2,0.0,100.0,0.8,1.0,0.0,MODELED_SCENARIO
1986,3,3,0.0,100.0,0.8,1.0,0.0,MODELED_SCENARIO
1986,3,4,0.0,100.0,0.8,1.0,0.0,MODELED_SCENARIO
1986,3,5,0.2777777777777778,100.0,0.8,1.0,0.022222222222222223,MODELED_SCENARIO
1986,3,6,8.055555555555555,100.0,0.8,1.0,0.6444444444444445,MODELED_SCENARIO
1986,3,7,46.94444444444445,100.0,0.8,1.0,3.755555555555556,MODELED_SCENARIO
1986,3,8,123.33333333333331,100.0,0.8,1.0,9.866666666666665,MODELED_SCENARIO
1986,3,9,208.05555555555557,100.0,0.8,1.0,16.644444444444446,MODELED_SCENARIO
1986,3,10,277.22222222222223,100.0,0.8,1.0,22.177777777777777,MODELED_SCENARIO
1986,3,11,322.5,100.0,0.8,1.0,25.8,MODELED_SCENARIO
1986,3,12,381.1111111111112,100.0,0.8,1.0,30.488888888888894,MODELED_SCENARIO
1986,3,13,392.5,100.0,0.8,1.0,31.400000000000002,MODELED_SCENARIO
1986,3,14,360.0,100.0,0.8,1.0,28.8,MODELED_SCENARIO
1986,3,15,293.3333333333333,100.0,0.8,1.0,23.46666666666667,MODELED_SCENARIO
1986,3,16,245.0,100.0,0.8,1.0,19.6,MODELED_SCENARIO
1986,3,17,170.0,100.0,0.8,1.0,13.600000000000001,MODELED_SCENARIO
1986,3,18,88.88888888888889,100.0,0.8,1.0,7.111111111111112,MODELED_SCENARIO
1986,3,19,28.611111111111107,100.0,0.8,1.0,2.2888888888888888,MODELED_SCENARIO
1986,3,20,1.9444444444444444,100.0,0.8,1.0,0.15555555555555556,MODELED_SCENARIO
1986,3,21,0.0,100.0,0.8,1.0,0.0,MODELED_SCENARIO
1986,3,22,0.0,100.0,0.8,1.0,0.0,MODELED_SCENARIO
1986,3,23,0.0,100.0,0.8,1.0,0.0,MODELED_SCENARIO
1986,3,24,0.0,100.0,0.8,1.0,0.0,MODELED_SCENARIO
1986,4,1,0.0,100.0,0.8,1.0,0.0,MODELED_SCENARIO
1986,4,2,0.0,100.0,0.8,1.0,0.0,MODELED_SCENARIO
1986,4,3,0.0,100.0,0.8,1.0,0.0,MODELED_SCENARIO
1986,4,4,0.0,100.0,0.8,1.0,0.0,MODELED_SCENARIO
1986,4,5,0.0,100.0,0.8,1.0,0.0,MODELED_SCENARIO
1986,4,6,0.0,100.0,0.8,1.0,0.0,MODELED_SCENARIO
1986,4,7,0.8333333333333334,100.0,0.8,1.0,0.06666666666666668,MODELED_SCENARIO
1986,4,8,7.777777777777778,100.0,0.8,1.0,0.6222222222222222,MODELED_SCENARIO
1986,4,9,34.72222222222222,100.0,0.8,1.0,2.777777777777778,MODELED_SCENARIO
1986,4,10,73.33333333333333,100.0,0.8,1.0,5.866666666666667,MODELED_SCENARIO
1986,4,11,106.94444444444444,100.0,0.8,1.0,8.555555555555555,MODELED_SCENARIO
1986,4,12,128.05555555555557,100.0,0.8,1.0,10.244444444444445,MODELED_SCENARIO
1986,4,13,141.11111111111111,100.0,0.8,1.0,11.28888888888889,MODELED_SCENARIO
1986,4,14,127.22222222222224,100.0,0.8,1.0,10.177777777777779,MODELED_SCENARIO
1986,4,15,95.0,100.0,0.8,1.0,7.6000000000000005,MODELED_SCENARIO
1986,4,16,47.5,100.0,0.8,1.0,3.8000000000000003,MODELED_SCENARIO
1986,4,17,13.88888888888889,100.0,0.8,1.0,1.1111111111111114,MODELED_SCENARIO
1986,4,18,0.8333333333333334,100.0,0.8,1.0,0.06666666666666668,MODELED_SCENARIO
1986,4,19,0.0,100.0,0.8,1.0,0.0,MODELED_SCENARIO
1986,4,20,0.0,100.0,0.8,1.0,0.0,MODELED_SCENARIO
1986,4,21,0.0,100.0,0.8,1.0,0.0,MODELED_SCENARIO
1986,4,22,0.0,100.0,0.8,1.0,0.0,MODELED_SCENARIO
1986,4,23,0.0,100.0,0.8,1.0,0.0,MODELED_SCENARIO
1986,4,24,0.0,100.0,0.8,1.0,0.0,MODELED_SCENARIO
1986,5,1,0.0,100.0,0.8,1.0,0.0,MODELED_SCENARIO
1986,5,2,0.0,100.0,0.8,1.0,0.0,MODELED_SCENARIO
1986,5,3,0.0,100.0,0.8,1.0,0.0,MODELED_SCENARIO
1986,5,4,0.0,100.0,0.8,1.0,0.0,MODELED_SCENARIO
1986,5,5,0.0,100.0,0.8,1.0,0.0,MODELED_SCENARIO
1986,5,6,0.0,100.0,0.8,1.0,0.0,MODELED_SCENARIO
1986,5,7,0.0,100.0,0.8,1.0,0.0,MODELED_SCENARIO
1986,5,8,0.0,100.0,0.8,1.0,0.0,MODELED_SCENARIO
1986,5,9,0.8333333333333334,100.0,0.8,1.0,0.06666666666666668,MODELED_SCENARIO
1986,5,10,5.277777777777778,100.0,0.8,1.0,0.4222222222222223,MODELED_SCENARIO
1986,5,11,17.77777777777778,100.0,0.8,1.0,1.4222222222222223,MODELED_SCENARIO
1986,5,12,30.27777777777778,100.0,0.8,1.0,2.4222222222222225,MODELED_SCENARIO
1986,5,13,29.444444444444443,100.0,0.8,1.0,2.3555555555555556,MODELED_SCENARIO
1986,5,14,18.88888888888889,100.0,0.8,1.0,1.511111111111111,MODELED_SCENARIO
1986,5,15,4.444444444444445,100.0,0.8,1.0,0.35555555555555557,MODELED_SCENARIO
1986,5,16,0.2777777777777778,100.0,0.8,1.0,0.022222222222222223,MODELED_SCENARIO
1986,5,17,0.0,100.0,0.8,1.0,0.0,MODELED_SCENARIO
1986,5,18,0.0,100.0,0.8,1.0,0.0,MODELED_SCENARIO
1986,5,19,0.0,100.0,0.8,1.0,0.0,MODELED_SCENARIO
1986,5,20,0.0,100.0,0.8,1.0,0.0,MODELED_SCENARIO
1986,5,21,0.0,100.0,0.8,1.0,0.0,MODELED_SCENARIO
1986,5,22,0.0,100.0,0.8,1.0,0.0,MODELED_SCENARIO
1986,5,23,0.0,100.0,0.8,1.0,0.0,MODELED_SCENARIO
1986,5,24,0.0,100.0,0.8,1.0,0.0,MODELED_SCENARIO
1986,6,1,,100.0,0.8,1.0,,MODELED_SCENARIO
1986,6,2,,100.0,0.8,1.0,,MODELED_SCENARIO
1986,6,3,,100.0,0.8,1.0,,MODELED_SCENARIO
1986,6,4,,100.0,0.8,1.0,,MODELED_SCENARIO
1986,6,5,,100.0,0.8,1.0,,MODELED_SCENARIO
1986,6,6,,100.0,0.8,1.0,,MODELED_SCENARIO
1986,6,7,,100.0,0.8,1.0,,MODELED_SCENARIO
1986,6,8,,100.0,0.8,1.0,,MODELED_SCENARIO
1986,6,9,,100.0,0.8,1.0,,MODELED_SCENARIO
1986,6,10,,100.0,0.8,1.0,,MODELED_SCENARIO
1986,6,11,,100.0,0.8,1.0,,MODELED_SCENARIO
1986,6,12,,100.0,0.8,1.0,,MODELED_SCENARIO
1986,6,13,,100.0,0.8,1.0,,MODELED_SCENARIO
1986,6,14,,100.0,0.8,1.0,,MODELED_SCENARIO
1986,6,15,,100.0,0.8,1.0,,MODELED_SCENARIO
1986,6,16,,100.0,0.8,1.0,,MODELED_SCENARIO
1986,6,17,,100.0,0.8,1.0,,MODELED_SCENARIO
1986,6,18,,100.0,0.8,1.0,,MODELED_SCENARIO
1986,6,19,,100.0,0.8,1.0,,MODELED_SCENARIO
1986,6,20,,100.0,0.8,1.0,,MODELED_SCENARIO
1986,6,21,,100.0,0.8,1.0,,MODELED_SCENARIO
1986,6,22,,100.0,0.8,1.0,,MODELED_SCENARIO
1986,6,23,,100.0,0.8,1.0,,MODELED_SCENARIO
1986,6,24,,100.0,0.8,1.0,,MODELED_SCENARIO
1986,7,1,0.0,100.0,0.8,1.0,0.0,MODELED_SCENARIO
1986,7,2,0.0,100.0,0.8,1.0,0.0,MODELED_SCENARIO
1986,7,3,0.0,100.0,0.8,1.0,0.0,MODELED_SCENARIO
1986,7,4,0.0,100.0,0.8,1.0,0.0,MODELED_SCENARIO
1986,7,5,0.0,100.0,0.8,1.0,0.0,MODELED_SCENARIO
1986,7,6,0.0,100.0,0.8,1.0,0.0,MODELED_SCENARIO
1986,7,7,0.0,100.0,0.8,1.0,0.0,MODELED_SCENARIO
1986,7,8,0.0,100.0,0.8,1.0,0.0,MODELED_SCENARIO
1986,7,9,0.2777777777777778,100.0,0.8,1.0,0.022222222222222223,MODELED_SCENARIO
1986,7,10,1.9444444444444444,100.0,0.8,1.0,0.15555555555555556,MODELED_SCENARIO
1986,7,11,7.222222222222221,100.0,0.8,1.0,0.5777777777777777,MODELED_SCENARIO
1986,7,12,17.5,100.0,0.8,1.0,1.4000000000000004,MODELED_SCENARIO
1986,7,13,18.33333333333333,100.0,0.8,1.0,1.4666666666666666,MODELED_SCENARIO
1986,7,14,7.222222222222221,100.0,0.8,1.0,0.5777777777777777,MODELED_SCENARIO
1986,7,15,0.8333333333333334,100.0,0.8,1.0,0.06666666666666668,MODELED_SCENARIO
1986,7,16,0.0,100.0,0.8,1.0,0.0,MODELED_SCENARIO
1986,7,17,0.0,100.0,0.8,1.0,0.0,MODELED_SCENARIO
1986,7,18,0.0,100.0,0.8,1.0,0.0,MODELED_SCENARIO
1986,7,19,0.0,100.0,0.8,1.0,0.0,MODELED_SCENARIO
1986,7,20,0.0,100.0,0.8,1.0,0.0,MODELED_SCENARIO
1986,7,21,0.0,100.0,0.8,1.0,0.0,MODELED_SCENARIO
1986,7,22,0.0,100.0,0.8,1.0,0.0,MODELED_SCENARIO
1986,7,23,0.0,100.0,0.8,1.0,0.0,MODELED_SCENARIO
1986,7,24,0.0,100.0,0.8,1.0,0.0,MODELED_SCENARIO
1986,8,1,0.0,100.0,0.8,1.0,0.0,MODELED_SCENARIO
1986,8,2,0.0,100.0,0.8,1.0,0.0,MODELED_SCENARIO
1986,8,3,0.0,100.0,0.8,1.0,0.0,MODELED_SCENARIO
1986,8,4,0.0,100.0,0.8,1.0,0.0,MODELED_SCENARIO
1986,8,5,0.0,100.0,0.8,1.0,0.0,MODELED_SCENARIO
1986,8,6,0.0,100.0,0.8,1.0,0.0,MODELED_SCENARIO
1986,8,7,0.0,100.0,0.8,1.0,0.0,MODELED_SCENARIO
1986,8,8,0.8333333333333334,100.0,0.8,1.0,0.06666666666666668,MODELED_SCENARIO
1986,8,9,13.61111111111111,100.0,0.8,1.0,1.0888888888888888,MODELED_SCENARIO
1986,8,10,38.61111111111112,100.0,0.8,1.0,3.0888888888888903,MODELED_SCENARIO
1986,8,11,64.72222222222223,100.0,0.8,1.0,5.177777777777778,MODELED_SCENARIO
1986,8,12,81.66666666666666,100.0,0.8,1.0,6.533333333333331,MODELED_SCENARIO
1986,8,13,86.66666666666667,100.0,0.8,1.0,6.9333333333333345,MODELED_SCENARIO
1986,8,14,71.11111111111111,100.0,0.8,1.0,5.688888888888889,MODELED_SCENARIO
1986,8,15,46.66666666666667,100.0,0.8,1.0,3.733333333333334,MODELED_SCENARIO
1986,8,16,15.833333333333334,100.0,0.8,1.0,1.2666666666666668,MODELED_SCENARIO
1986,8,17,1.6666666666666667,100.0,0.8,1.0,0.13333333333333336,MODELED_SCENARIO
1986,8,18,0.0,100.0,0.8,1.0,0.0,MODELED_SCENARIO
1986,8,19,0.0,100.0,0.8,1.0,0.0,MODELED_SCENARIO
1986,8,20,0.0,100.0,0.8,1.0,0.0,MODELED_SCENARIO
1986,8,21,0.0,100.0,0.8,1.0,0.0,MODELED_SCENARIO
1986,8,22,0.0,100.0,0.8,1.0,0.0,MODELED_SCENARIO
1986,8,23,0.0,100.0,0.8,1.0,0.0,MODELED_SCENARIO
1986,8,24,0.0,100.0,0.8,1.0,0.0,MODELED_SCENARIO
1986,9,1,0.0,100.0,0.8,1.0,0.0,MODELED_SCENARIO
1986,9,2,0.0,100.0,0.8,1.0,0.0,MODELED_SCENARIO
1986,9,3,0.0,100.0,0.8,1.0,0.0,MODELED_SCENARIO
1986,9,4,0.0,100.0,0.8,1.0,0.0,MODELED_SCENARIO
1986,9,5,0.0,100.0,0.8,1.0,0.0,MODELED_SCENARIO
1986,9,6,1.9444444444444444,100.0,0.8,1.0,0.15555555555555556,MODELED_SCENARIO
1986,9,7,18.05555555555556,100.0,0.8,1.0,1.4444444444444449,MODELED_SCENARIO
1986,9,8,70.0,100.0,0.8,1.0,5.600000000000001,MODELED_SCENARIO
1986,9,9,155.55555555555557,100.0,0.8,1.0,12.444444444444445,MODELED_SCENARIO
1986,9,10,243.05555555555557,100.0,0.8,1.0,19.444444444444446,MODELED_SCENARIO
1986,9,11,313.3333333333333,100.0,0.8,1.0,25.066666666666663,MODELED_SCENARIO
1986,9,12,345.55555555555554,100.0,0.8,1.0,27.644444444444446,MODELED_SCENARIO
1986,9,13,352.22222222222223,100.0,0.8,1.0,28.177777777777777,MODELED_SCENARIO
1986,9,14,258.61111111111114,100.0,0.8,1.0,20.688888888888894,MODELED_SCENARIO
1986,9,15,230.8333333333333,100.0,0.8,1.0,18.466666666666665,MODELED_SCENARIO
1986,9,16,153.61111111111111,100.0,0.8,1.0,12.28888888888889,MODELED_SCENARIO
1986,9,17,83.05555555555556,100.0,0.8,1.0,6.644444444444446,MODELED_SCENARIO
1986,9,18,31.38888888888889,100.0,0.8,1.0,2.511111111111111,MODELED_SCENARIO
1986,9,19,4.722222222222222,100.0,0.8,1.0,0.37777777777777777,MODELED_SCENARIO
1986,9,20,0.0,100.0,0.8,1.0,0.0,MODELED_SCENARIO
1986,9,21,0.0,100.0,0.8,1.0,0.0,MODELED_SCENARIO
1986,9,22,0.0,100.0,0.8,1.0,0.0,MODELED_SCENARIO
1986,9,23,0.0,100.0,0.8,1.0,0.0,MODELED_SCENARIO
1986,9,24,0.0,100.0,0.8,1.0,0.0,MODELED_SCENARIO
1986,10,1,0.0,100.0,0.8,1.0,0.0,MODELED_SCENARIO
1986,10,2,0.0,100.0,0.8,1.0,0.0,MODELED_SCENARIO
1986,10,3,0.2777777777777778,100.0,0.8,1.0,0.022222222222222223,MODELED_SCENARIO
1986,10,4,10.277777777777777,100.0,0.8,1.0,0.8222222222222222,MODELED_SCENARIO
1986,10,5,40.55555555555555,100.0,0.8,1.0,3.2444444444444445,MODELED_SCENARIO
1986,10,6,110.0,100.0,0.8,1.0,8.8,MODELED_SCENARIO
1986,10,7,209.72222222222223,100.0,0.8,1.0,16.77777777777778,MODELED_SCENARIO
1986,10,8,306.38888888888886,100.0,0.8,1.0,24.511111111111113,MODELED_SCENARIO
1986,10,9,331.1111111111111,100.0,0.8,1.0,26.488888888888887,MODELED_SCENARIO
1986,10,10,427.22222222222223,100.0,0.8,1.0,34.17777777777778,MODELED_SCENARIO
1986,10,11,424.7222222222222,100.0,0.8,1.0,33.977777777777774,MODELED_SCENARIO
1986,10,12,552.5,100.0,0.8,1.0,44.2,MODELED_SCENARIO
1986,10,13,484.72222222222223,100.0,0.8,1.0,38.77777777777778,MODELED_SCENARIO
1986,10,14,478.6111111111112,100.0,0.8,1.0,38.2888888888889,MODELED_SCENARIO
1986,10,15,420.8333333333333,100.0,0.8,1.0,33.66666666666667,MODELED_SCENARIO
1986,10,16,428.6111111111111,100.0,0.8,1.0,34.28888888888889,MODELED_SCENARIO
1986,10,17,336.3888888888889,100.0,0.8,1.0,26.911111111111115,MODELED_SCENARIO
1986,10,18,213.88888888888889,100.0,0.8,1.0,17.11111111111111,MODELED_SCENARIO
1986,10,19,190.2777777777778,100.0,0.8,1.0,15.222222222222223,MODELED_SCENARIO
1986,10,20,99.16666666666666,100.0,0.8,1.0,7.933333333333334,MODELED_SCENARIO
1986,10,21,20.27777777777777,100.0,0.8,1.0,1.6222222222222218,MODELED_SCENARIO
1986,10,22,0.8333333333333334,100.0,0.8,1.0,0.06666666666666668,MODELED_SCENARIO
1986,10,23,0.0,100.0,0.8,1.0,0.0,MODELED_SCENARIO
1986,10,24,0.0,100.0,0.8,1.0,0.0,MODELED_SCENARIO
1986,11,1,0.0,100.0,0.8,1.0,0.0,MODELED_SCENARIO
1986,11,2,0.2777777777777778,100.0,0.8,1.0,0.022222222222222223,MODELED_SCENARIO
1986,11,3,3.611111111111111,100.0,0.8,1.0,0.2888888888888889,MODELED_SCENARIO
1986,11,4,18.33333333333333,100.0,0.8,1.0,1.4666666666666666,MODELED_SCENARIO
1986,11,5,58.05555555555555,100.0,0.8,1.0,4.644444444444444,MODELED_SCENARIO
1986,11,6,116.1111111111111,100.0,0.8,1.0,9.288888888888888,MODELED_SCENARIO
1986,11,7,223.33333333333331,100.0,0.8,1.0,17.866666666666667,MODELED_SCENARIO
1986,11,8,298.8888888888889,100.0,0.8,1.0,23.911111111111115,MODELED_SCENARIO
1986,11,9,377.77777777777777,100.0,0.8,1.0,30.222222222222225,MODELED_SCENARIO
1986,11,10,464.4444444444444,100.0,0.8,1.0,37.15555555555555,MODELED_SCENARIO
1986,11,11,526.3888888888889,100.0,0.8,1.0,42.111111111111114,MODELED_SCENARIO
1986,11,12,561.3888888888888,100.0,0.8,1.0,44.91111111111111,MODELED_SCENARIO
1986,11,13,575.5555555555555,100.0,0.8,1.0,46.04444444444445,MODELED_SCENARIO
1986,11,14,557.7777777777777,100.0,0.8,1.0,44.62222222222222,MODELED_SCENARIO
1986,11,15,520.5555555555555,100.0,0.8,1.0,41.644444444444446,MODELED_SCENARIO
1986,11,16,465.55555555555554,100.0,0.8,1.0,37.24444444444445,MODELED_SCENARIO
1986,11,17,388.05555555555554,100.0,0.8,1.0,31.044444444444448,MODELED_SCENARIO
1986,11,18,294.16666666666663,100.0,0.8,1.0,23.53333333333333,MODELED_SCENARIO
1986,11,19,205.27777777777777,100.0,0.8,1.0,16.422222222222224,MODELED_SCENARIO
1986,11,20,109.16666666666669,100.0,0.8,1.0,8.733333333333336,MODELED_SCENARIO
1986,11,21,35.833333333333336,100.0,0.8,1.0,2.866666666666667,MODELED_SCENARIO
1986,11,22,6.944444444444445,100.0,0.8,1.0,0.5555555555555557,MODELED_SCENARIO
1986,11,23,0.0,100.0,0.8,1.0,0.0,MODELED_SCENARIO
1986,11,24,0.0,100.0,0.8,1.0,0.0,MODELED_SCENARIO
1986,12,1,31.944444444444446,100.0,0.8,1.0,2.5555555555555562,MODELED_SCENARIO
1986,12,2,41.66666666666666,100.0,0.8,1.0,3.333333333333333,MODELED_SCENARIO
1986,12,3,69.72222222222221,100.0,0.8,1.0,5.5777777777777775,MODELED_SCENARIO
1986,12,4,113.88888888888889,100.0,0.8,1.0,9.111111111111112,MODELED_SCENARIO
1986,12,5,187.22222222222223,100.0,0.8,1.0,14.977777777777781,MODELED_SCENARIO
1986,12,6,247.77777777777777,100.0,0.8,1.0,19.822222222222223,MODELED_SCENARIO
1986,12,7,354.44444444444446,100.0,0.8,1.0,28.355555555555554,MODELED_SCENARIO
1986,12,8,438.05555555555554,100.0,0.8,1.0,35.044444444444444,MODELED_SCENARIO
1986,12,9,544.1666666666666,100.0,0.8,1.0,43.53333333333333,MODELED_SCENARIO
1986,12,10,626.6666666666666,100.0,0.8,1.0,50.133333333333326,MODELED_SCENARIO
1986,12,11,678.0555555555555,100.0,0.8,1.0,54.24444444444445,MODELED_SCENARIO
1986,12,12,698.8888888888889,100.0,0.8,1.0,55.91111111111111,MODELED_SCENARIO
1986,12,13,730.0,100.0,0.8,1.0,58.400000000000006,MODELED_SCENARIO
1986,12,14,711.6666666666666,100.0,0.8,1.0,56.93333333333334,MODELED_SCENARIO
1986,12,15,669.1666666666666,100.0,0.8,1.0,53.53333333333333,MODELED_SCENARIO
1986,12,16,600.5555555555555,100.0,0.8,1.0,48.044444444444444,MODELED_SCENARIO
1986,12,17,521.9444444444445,100.0,0.8,1.0,41.75555555555556,MODELED_SCENARIO
1986,12,18,427.77777777777777,100.0,0.8,1.0,34.22222222222222,MODELED_SCENARIO
1986,12,19,337.77777777777777,100.0,0.8,1.0,27.022222222222226,MODELED_SCENARIO
1986,12,20,241.38888888888889,100.0,0.8,1.0,19.31111111111111,MODELED_SCENARIO
1986,12,21,145.83333333333334,100.0,0.8,1.0,11.666666666666668,MODELED_SCENARIO
1986,12,22,83.33333333333333,100.0,0.8,1.0,6.666666666666666,MODELED_SCENARIO
1986,12,23,56.94444444444444,100.0,0.8,1.0,4.555555555555556,MODELED_SCENARIO
1986,12,24,33.05555555555555,100.0,0.8,1.0,2.6444444444444444,MODELED_SCENARIO
1987,1,1,12.777777777777777,100.0,0.8,1.0,1.0222222222222221,MODELED_SCENARIO
1987,1,2,21.944444444444443,100.0,0.8,1.0,1.7555555555555555,MODELED_SCENARIO
1987,1,3,66.66666666666666,100.0,0.8,1.0,5.333333333333332,MODELED_SCENARIO
1987,1,4,113.6111111111111,100.0,0.8,1.0,9.088888888888887,MODELED_SCENARIO
1987,1,5,184.16666666666669,100.0,0.8,1.0,14.733333333333334,MODELED_SCENARIO
1987,1,6,246.38888888888889,100.0,0.8,1.0,19.711111111111112,MODELED_SCENARIO
1987,1,7,358.3333333333333,100.0,0.8,1.0,28.66666666666667,MODELED_SCENARIO
1987,1,8,467.5,100.0,0.8,1.0,37.4,MODELED_SCENARIO
1987,1,9,547.5,100.0,0.8,1.0,43.800000000000004,MODELED_SCENARIO
1987,1,10,655.8333333333334,100.0,0.8,1.0,52.466666666666676,MODELED_SCENARIO
1987,1,11,690.0,100.0,0.8,1.0,55.2,MODELED_SCENARIO
1987,1,12,772.2222222222222,100.0,0.8,1.0,61.77777777777777,MODELED_SCENARIO
1987,1,13,774.4444444444443,100.0,0.8,1.0,61.955555555555556,MODELED_SCENARIO
1987,1,14,743.3333333333334,100.0,0.8,1.0,59.466666666666676,MODELED_SCENARIO
1987,1,15,683.6111111111111,100.0,0.8,1.0,54.68888888888888,MODELED_SCENARIO
1987,1,16,605.5555555555555,100.0,0.8,1.0,48.44444444444444,MODELED_SCENARIO
1987,1,17,491.38888888888886,100.0,0.8,1.0,39.31111111111111,MODELED_SCENARIO
1987,1,18,390.8333333333333,100.0,0.8,1.0,31.266666666666666,MODELED_SCENARIO
1987,1,19,294.44444444444446,100.0,0.8,1.0,23.555555555555557,MODELED_SCENARIO
1987,1,20,180.83333333333331,100.0,0.8,1.0,14.466666666666667,MODELED_SCENARIO
1987,1,21,110.0,100.0,0.8,1.0,8.8,MODELED_SCENARIO
1987,1,22,51.94444444444444,100.0,0.8,1.0,4.155555555555556,MODELED_SCENARIO
1987,1,23,26.38888888888889,100.0,0.8,1.0,2.111111111111111,MODELED_SCENARIO
1987,1,24,12.777777777777777,100.0,0.8,1.0,1.0222222222222221,MODELED_SCENARIO
1987,2,1,0.0,100.0,0.8,1.0,0.0,MODELED_SCENARIO
1987,2,2,1.3888888888888888,100.0,0.8,1.0,0.11111111111111112,MODELED_SCENARIO
1987,2,3,4.722222222222222,100.0,0.8,1.0,0.37777777777777777,MODELED_SCENARIO
1987,2,4,25.0,100.0,0.8,1.0,2.0,MODELED_SCENARIO
1987,2,5,65.0,100.0,0.8,1.0,5.2,MODELED_SCENARIO
1987,2,6,127.5,100.0,0.8,1.0,10.200000000000001,MODELED_SCENARIO
1987,2,7,217.22222222222223,100.0,0.8,1.0,17.37777777777778,MODELED_SCENARIO
1987,2,8,298.6111111111111,100.0,0.8,1.0,23.88888888888889,MODELED_SCENARIO
1987,2,9,373.6111111111111,100.0,0.8,1.0,29.888888888888886,MODELED_SCENARIO
1987,2,10,472.77777777777777,100.0,0.8,1.0,37.82222222222222,MODELED_SCENARIO
1987,2,11,524.7222222222222,100.0,0.8,1.0,41.97777777777778,MODELED_SCENARIO
1987,2,12,550.0,100.0,0.8,1.0,44.00000000000001,MODELED_SCENARIO
1987,2,13,574.9999999999999,100.0,0.8,1.0,45.99999999999999,MODELED_SCENARIO
1987,2,14,548.0555555555555,100.0,0.8,1.0,43.84444444444444,MODELED_SCENARIO
1987,2,15,473.88888888888886,100.0,0.8,1.0,37.91111111111111,MODELED_SCENARIO
1987,2,16,393.6111111111111,100.0,0.8,1.0,31.488888888888887,MODELED_SCENARIO
1987,2,17,308.8888888888889,100.0,0.8,1.0,24.711111111111116,MODELED_SCENARIO
1987,2,18,211.11111111111111,100.0,0.8,1.0,16.88888888888889,MODELED_SCENARIO
1987,2,19,126.11111111111111,100.0,0.8,1.0,10.08888888888889,MODELED_SCENARIO
1987,2,20,66.1111111111111,100.0,0.8,1.0,5.288888888888889,MODELED_SCENARIO
1987,2,21,25.555555555555557,100.0,0.8,1.0,2.0444444444444447,MODELED_SCENARIO
1987,2,22,4.444444444444445,100.0,0.8,1.0,0.35555555555555557,MODELED_SCENARIO
1987,2,23,0.2777777777777778,100.0,0.8,1.0,0.022222222222222223,MODELED_SCENARIO
1987,2,24,0.0,100.0,0.8,1.0,0.0,MODELED_SCENARIO
1987,3,1,0.0,100.0,0.8,1.0,0.0,MODELED_SCENARIO
1987,3,2,0.0,100.0,0.8,1.0,0.0,MODELED_SCENARIO
1987,3,3,0.0,100.0,0.8,1.0,0.0,MODELED_SCENARIO
1987,3,4,0.0,100.0,0.8,1.0,0.0,MODELED_SCENARIO
1987,3,5,1.6666666666666667,100.0,0.8,1.0,0.13333333333333336,MODELED_SCENARIO
1987,3,6,12.22222222222222,100.0,0.8,1.0,0.9777777777777775,MODELED_SCENARIO
1987,3,7,65.55555555555556,100.0,0.8,1.0,5.244444444444445,MODELED_SCENARIO
1987,3,8,145.55555555555557,100.0,0.8,1.0,11.644444444444446,MODELED_SCENARIO
1987,3,9,212.5,100.0,0.8,1.0,17.0,MODELED_SCENARIO
1987,3,10,282.22222222222223,100.0,0.8,1.0,22.57777777777778,MODELED_SCENARIO
1987,3,11,324.72222222222223,100.0,0.8,1.0,25.977777777777778,MODELED_SCENARIO
1987,3,12,346.6666666666667,100.0,0.8,1.0,27.733333333333338,MODELED_SCENARIO
1987,3,13,354.16666666666663,100.0,0.8,1.0,28.333333333333332,MODELED_SCENARIO
1987,3,14,355.55555555555554,100.0,0.8,1.0,28.444444444444446,MODELED_SCENARIO
1987,3,15,310.27777777777777,100.0,0.8,1.0,24.822222222222223,MODELED_SCENARIO
1987,3,16,210.27777777777777,100.0,0.8,1.0,16.82222222222222,MODELED_SCENARIO
1987,3,17,141.94444444444446,100.0,0.8,1.0,11.355555555555558,MODELED_SCENARIO
1987,3,18,65.55555555555556,100.0,0.8,1.0,5.244444444444445,MODELED_SCENARIO
1987,3,19,22.5,100.0,0.8,1.0,1.8,MODELED_SCENARIO
1987,3,20,1.9444444444444444,100.0,0.8,1.0,0.15555555555555556,MODELED_SCENARIO
1987,3,21,0.0,100.0,0.8,1.0,0.0,MODELED_SCENARIO
1987,3,22,0.0,100.0,0.8,1.0,0.0,MODELED_SCENARIO
1987,3,23,0.0,100.0,0.8,1.0,0.0,MODELED_SCENARIO
1987,3,24,0.0,100.0,0.8,1.0,0.0,MODELED_SCENARIO
1987,4,1,0.0,100.0,0.8,1.0,0.0,MODELED_SCENARIO
1987,4,2,0.0,100.0,0.8,1.0,0.0,MODELED_SCENARIO
1987,4,3,0.0,100.0,0.8,1.0,0.0,MODELED_SCENARIO
1987,4,4,0.0,100.0,0.8,1.0,0.0,MODELED_SCENARIO
1987,4,5,0.0,100.0,0.8,1.0,0.0,MODELED_SCENARIO
1987,4,6,0.0,100.0,0.8,1.0,0.0,MODELED_SCENARIO
1987,4,7,0.5555555555555556,100.0,0.8,1.0,0.044444444444444446,MODELED_SCENARIO
1987,4,8,8.88888888888889,100.0,0.8,1.0,0.7111111111111111,MODELED_SCENARIO
1987,4,9,34.72222222222222,100.0,0.8,1.0,2.777777777777778,MODELED_SCENARIO
1987,4,10,76.66666666666667,100.0,0.8,1.0,6.133333333333335,MODELED_SCENARIO
1987,4,11,100.55555555555556,100.0,0.8,1.0,8.044444444444444,MODELED_SCENARIO
1987,4,12,133.05555555555554,100.0,0.8,1.0,10.644444444444444,MODELED_SCENARIO
1987,4,13,133.33333333333331,100.0,0.8,1.0,10.666666666666664,MODELED_SCENARIO
1987,4,14,124.16666666666669,100.0,0.8,1.0,9.933333333333337,MODELED_SCENARIO
1987,4,15,92.5,100.0,0.8,1.0,7.4,MODELED_SCENARIO
1987,4,16,45.27777777777778,100.0,0.8,1.0,3.6222222222222222,MODELED_SCENARIO
1987,4,17,13.61111111111111,100.0,0.8,1.0,1.0888888888888888,MODELED_SCENARIO
1987,4,18,1.1111111111111112,100.0,0.8,1.0,0.08888888888888889,MODELED_SCENARIO
1987,4,19,0.0,100.0,0.8,1.0,0.0,MODELED_SCENARIO
1987,4,20,0.0,100.0,0.8,1.0,0.0,MODELED_SCENARIO
1987,4,21,0.0,100.0,0.8,1.0,0.0,MODELED_SCENARIO
1987,4,22,0.0,100.0,0.8,1.0,0.0,MODELED_SCENARIO
1987,4,23,0.0,100.0,0.8,1.0,0.0,MODELED_SCENARIO
1987,4,24,0.0,100.0,0.8,1.0,0.0,MODELED_SCENARIO
1987,5,1,0.0,100.0,0.8,1.0,0.0,MODELED_SCENARIO
1987,5,2,0.0,100.0,0.8,1.0,0.0,MODELED_SCENARIO
1987,5,3,0.0,100.0,0.8,1.0,0.0,MODELED_SCENARIO
1987,5,4,0.0,100.0,0.8,1.0,0.0,MODELED_SCENARIO
1987,5,5,0.0,100.0,0.8,1.0,0.0,MODELED_SCENARIO
1987,5,6,0.0,100.0,0.8,1.0,0.0,MODELED_SCENARIO
1987,5,7,0.0,100.0,0.8,1.0,0.0,MODELED_SCENARIO
1987,5,8,0.0,100.0,0.8,1.0,0.0,MODELED_SCENARIO
1987,5,9,1.1111111111111112,100.0,0.8,1.0,0.08888888888888889,MODELED_SCENARIO
1987,5,10,7.5,100.0,0.8,1.0,0.6000000000000001,MODELED_SCENARIO
1987,5,11,20.555555555555557,100.0,0.8,1.0,1.6444444444444448,MODELED_SCENARIO
1987,5,12,35.0,100.0,0.8,1.0,2.8000000000000007,MODELED_SCENARIO
1987,5,13,37.22222222222222,100.0,0.8,1.0,2.977777777777778,MODELED_SCENARIO
1987,5,14,27.5,100.0,0.8,1.0,2.2,MODELED_SCENARIO
1987,5,15,10.277777777777777,100.0,0.8,1.0,0.8222222222222222,MODELED_SCENARIO
1987,5,16,0.8333333333333334,100.0,0.8,1.0,0.06666666666666668,MODELED_SCENARIO
1987,5,17,0.0,100.0,0.8,1.0,0.0,MODELED_SCENARIO
1987,5,18,0.0,100.0,0.8,1.0,0.0,MODELED_SCENARIO
1987,5,19,0.0,100.0,0.8,1.0,0.0,MODELED_SCENARIO
1987,5,20,0.0,100.0,0.8,1.0,0.0,MODELED_SCENARIO
1987,5,21,0.0,100.0,0.8,1.0,0.0,MODELED_SCENARIO
1987,5,22,0.0,100.0,0.8,1.0,0.0,MODELED_SCENARIO
1987,5,23,0.0,100.0,0.8,1.0,0.0,MODELED_SCENARIO
1987,5,24,0.0,100.0,0.8,1.0,0.0,MODELED_SCENARIO
1987,6,1,,100.0,0.8,1.0,,MODELED_SCENARIO
1987,6,2,,100.0,0.8,1.0,,MODELED_SCENARIO
1987,6,3,,100.0,0.8,1.0,,MODELED_SCENARIO
1987,6,4,,100.0,0.8,1.0,,MODELED_SCENARIO
1987,6,5,,100.0,0.8,1.0,,MODELED_SCENARIO
1987,6,6,,100.0,0.8,1.0,,MODELED_SCENARIO
1987,6,7,,100.0,0.8,1.0,,MODELED_SCENARIO
1987,6,8,,100.0,0.8,1.0,,MODELED_SCENARIO
1987,6,9,,100.0,0.8,1.0,,MODELED_SCENARIO
1987,6,10,,100.0,0.8,1.0,,MODELED_SCENARIO
1987,6,11,,100.0,0.8,1.0,,MODELED_SCENARIO
1987,6,12,,100.0,0.8,1.0,,MODELED_SCENARIO
1987,6,13,,100.0,0.8,1.0,,MODELED_SCENARIO
1987,6,14,,100.0,0.8,1.0,,MODELED_SCENARIO
1987,6,15,,100.0,0.8,1.0,,MODELED_SCENARIO
1987,6,16,,100.0,0.8,1.0,,MODELED_SCENARIO
1987,6,17,,100.0,0.8,1.0,,MODELED_SCENARIO
1987,6,18,,100.0,0.8,1.0,,MODELED_SCENARIO
1987,6,19,,100.0,0.8,1.0,,MODELED_SCENARIO
1987,6,20,,100.0,0.8,1.0,,MODELED_SCENARIO
1987,6,21,,100.0,0.8,1.0,,MODELED_SCENARIO
1987,6,22,,100.0,0.8,1.0,,MODELED_SCENARIO
1987,6,23,,100.0,0.8,1.0,,MODELED_SCENARIO
1987,6,24,,100.0,0.8,1.0,,MODELED_SCENARIO
1987,7,1,,100.0,0.8,1.0,,MODELED_SCENARIO
1987,7,2,,100.0,0.8,1.0,,MODELED_SCENARIO
1987,7,3,,100.0,0.8,1.0,,MODELED_SCENARIO
1987,7,4,,100.0,0.8,1.0,,MODELED_SCENARIO
1987,7,5,,100.0,0.8,1.0,,MODELED_SCENARIO
1987,7,6,,100.0,0.8,1.0,,MODELED_SCENARIO
1987,7,7,,100.0,0.8,1.0,,MODELED_SCENARIO
1987,7,8,,100.0,0.8,1.0,,MODELED_SCENARIO
1987,7,9,,100.0,0.8,1.0,,MODELED_SCENARIO
1987,7,10,,100.0,0.8,1.0,,MODELED_SCENARIO
1987,7,11,,100.0,0.8,1.0,,MODELED_SCENARIO
1987,7,12,,100.0,0.8,1.0,,MODELED_SCENARIO
1987,7,13,,100.0,0.8,1.0,,MODELED_SCENARIO
1987,7,14,,100.0,0.8,1.0,,MODELED_SCENARIO
1987,7,15,,100.0,0.8,1.0,,MODELED_SCENARIO
1987,7,16,,100.0,0.8,1.0,,MODELED_SCENARIO
1987,7,17,,100.0,0.8,1.0,,MODELED_SCENARIO
1987,7,18,,100.0,0.8,1.0,,MODELED_SCENARIO
1987,7,19,,100.0,0.8,1.0,,MODELED_SCENARIO
1987,7,20,,100.0,0.8,1.0,,MODELED_SCENARIO
1987,7,21,,100.0,0.8,1.0,,MODELED_SCENARIO
1987,7,22,,100.0,0.8,1.0,,MODELED_SCENARIO
1987,7,23,,100.0,0.8,1.0,,MODELED_SCENARIO
1987,7,24,,100.0,0.8,1.0,,MODELED_SCENARIO
1987,8,1,0.0,100.0,0.8,1.0,0.0,MODELED_SCENARIO
1987,8,2,0.0,100.0,0.8,1.0,0.0,MODELED_SCENARIO
1987,8,3,0.0,100.0,0.8,1.0,0.0,MODELED_SCENARIO
1987,8,4,0.0,100.0,0.8,1.0,0.0,MODELED_SCENARIO
1987,8,5,0.0,100.0,0.8,1.0,0.0,MODELED_SCENARIO
1987,8,6,0.0,100.0,0.8,1.0,0.0,MODELED_SCENARIO
1987,8,7,0.0,100.0,0.8,1.0,0.0,MODELED_SCENARIO
1987,8,8,0.8333333333333334,100.0,0.8,1.0,0.06666666666666668,MODELED_SCENARIO
1987,8,9,18.33333333333333,100.0,0.8,1.0,1.4666666666666666,MODELED_SCENARIO
1987,8,10,36.66666666666666,100.0,0.8,1.0,2.933333333333333,MODELED_SCENARIO
1987,8,11,60.83333333333333,100.0,0.8,1.0,4.866666666666667,MODELED_SCENARIO
1987,8,12,67.5,100.0,0.8,1.0,5.4,MODELED_SCENARIO
1987,8,13,79.99999999999999,100.0,0.8,1.0,6.3999999999999995,MODELED_SCENARIO
1987,8,14,65.27777777777777,100.0,0.8,1.0,5.222222222222221,MODELED_SCENARIO
1987,8,15,38.61111111111112,100.0,0.8,1.0,3.0888888888888903,MODELED_SCENARIO
1987,8,16,10.277777777777777,100.0,0.8,1.0,0.8222222222222222,MODELED_SCENARIO
1987,8,17,0.2777777777777778,100.0,0.8,1.0,0.022222222222222223,MODELED_SCENARIO
1987,8,18,0.0,100.0,0.8,1.0,0.0,MODELED_SCENARIO
1987,8,19,0.0,100.0,0.8,1.0,0.0,MODELED_SCENARIO
1987,8,20,0.0,100.0,0.8,1.0,0.0,MODELED_SCENARIO
1987,8,21,0.0,100.0,0.8,1.0,0.0,MODELED_SCENARIO
1987,8,22,0.0,100.0,0.8,1.0,0.0,MODELED_SCENARIO
1987,8,23,0.0,100.0,0.8,1.0,0.0,MODELED_SCENARIO
1987,8,24,0.0,100.0,0.8,1.0,0.0,MODELED_SCENARIO
1987,9,1,0.0,100.0,0.8,1.0,0.0,MODELED_SCENARIO
1987,9,2,0.0,100.0,0.8,1.0,0.0,MODELED_SCENARIO
1987,9,3,0.0,100.0,0.8,1.0,0.0,MODELED_SCENARIO
1987,9,4,0.0,100.0,0.8,1.0,0.0,MODELED_SCENARIO
1987,9,5,0.0,100.0,0.8,1.0,0.0,MODELED_SCENARIO
1987,9,6,0.5555555555555556,100.0,0.8,1.0,0.044444444444444446,MODELED_SCENARIO
1987,9,7,14.444444444444445,100.0,0.8,1.0,1.1555555555555557,MODELED_SCENARIO
1987,9,8,63.88888888888889,100.0,0.8,1.0,5.1111111111111125,MODELED_SCENARIO
1987,9,9,134.72222222222223,100.0,0.8,1.0,10.777777777777779,MODELED_SCENARIO
1987,9,10,207.77777777777777,100.0,0.8,1.0,16.622222222222224,MODELED_SCENARIO
1987,9,11,239.44444444444443,100.0,0.8,1.0,19.155555555555555,MODELED_SCENARIO
1987,9,12,272.22222222222223,100.0,0.8,1.0,21.777777777777782,MODELED_SCENARIO
1987,9,13,292.77777777777777,100.0,0.8,1.0,23.42222222222222,MODELED_SCENARIO
1987,9,14,256.3888888888889,100.0,0.8,1.0,20.511111111111113,MODELED_SCENARIO
1987,9,15,196.94444444444443,100.0,0.8,1.0,15.755555555555555,MODELED_SCENARIO
1987,9,16,122.77777777777776,100.0,0.8,1.0,9.822222222222223,MODELED_SCENARIO
1987,9,17,53.888888888888886,100.0,0.8,1.0,4.311111111111112,MODELED_SCENARIO
1987,9,18,15.555555555555555,100.0,0.8,1.0,1.2444444444444445,MODELED_SCENARIO
1987,9,19,1.6666666666666667,100.0,0.8,1.0,0.13333333333333336,MODELED_SCENARIO
1987,9,20,0.0,100.0,0.8,1.0,0.0,MODELED_SCENARIO
1987,9,21,0.0,100.0,0.8,1.0,0.0,MODELED_SCENARIO
1987,9,22,0.0,100.0,0.8,1.0,0.0,MODELED_SCENARIO
1987,9,23,0.0,100.0,0.8,1.0,0.0,MODELED_SCENARIO
1987,9,24,0.0,100.0,0.8,1.0,0.0,MODELED_SCENARIO
1987,10,1,0.0,100.0,0.8,1.0,0.0,MODELED_SCENARIO
1987,10,2,0.0,100.0,0.8,1.0,0.0,MODELED_SCENARIO
1987,10,3,0.2777777777777778,100.0,0.8,1.0,0.022222222222222223,MODELED_SCENARIO
1987,10,4,15.0,100.0,0.8,1.0,1.2000000000000002,MODELED_SCENARIO
1987,10,5,56.38888888888889,100.0,0.8,1.0,4.511111111111112,MODELED_SCENARIO
1987,10,6,130.55555555555554,100.0,0.8,1.0,10.444444444444443,MODELED_SCENARIO
1987,10,7,236.1111111111111,100.0,0.8,1.0,18.888888888888886,MODELED_SCENARIO
1987,10,8,343.88888888888886,100.0,0.8,1.0,27.51111111111111,MODELED_SCENARIO
1987,10,9,436.9444444444444,100.0,0.8,1.0,34.955555555555556,MODELED_SCENARIO
1987,10,10,514.7222222222222,100.0,0.8,1.0,41.17777777777778,MODELED_SCENARIO
1987,10,11,550.5555555555555,100.0,0.8,1.0,44.04444444444445,MODELED_SCENARIO
1987,10,12,584.4444444444445,100.0,0.8,1.0,46.75555555555556,MODELED_SCENARIO
1987,10,13,620.2777777777778,100.0,0.8,1.0,49.62222222222223,MODELED_SCENARIO
1987,10,14,562.2222222222222,100.0,0.8,1.0,44.977777777777774,MODELED_SCENARIO
1987,10,15,526.1111111111111,100.0,0.8,1.0,42.08888888888889,MODELED_SCENARIO
1987,10,16,425.55555555555554,100.0,0.8,1.0,34.044444444444444,MODELED_SCENARIO
1987,10,17,334.72222222222223,100.0,0.8,1.0,26.777777777777786,MODELED_SCENARIO
1987,10,18,220.5555555555556,100.0,0.8,1.0,17.644444444444446,MODELED_SCENARIO
1987,10,19,130.55555555555554,100.0,0.8,1.0,10.444444444444443,MODELED_SCENARIO
1987,10,20,51.66666666666666,100.0,0.8,1.0,4.133333333333333,MODELED_SCENARIO
1987,10,21,14.444444444444445,100.0,0.8,1.0,1.1555555555555557,MODELED_SCENARIO
1987,10,22,1.3888888888888888,100.0,0.8,1.0,0.11111111111111112,MODELED_SCENARIO
1987,10,23,0.0,100.0,0.8,1.0,0.0,MODELED_SCENARIO
1987,10,24,0.0,100.0,0.8,1.0,0.0,MODELED_SCENARIO
1987,11,1,7.777777777777778,100.0,0.8,1.0,0.6222222222222222,MODELED_SCENARIO
1987,11,2,15.555555555555555,100.0,0.8,1.0,1.2444444444444445,MODELED_SCENARIO
1987,11,3,35.833333333333336,100.0,0.8,1.0,2.866666666666667,MODELED_SCENARIO
1987,11,4,75.0,100.0,0.8,1.0,6.0,MODELED_SCENARIO
1987,11,5,136.66666666666666,100.0,0.8,1.0,10.933333333333334,MODELED_SCENARIO
1987,11,6,224.72222222222223,100.0,0.8,1.0,17.97777777777778,MODELED_SCENARIO
1987,11,7,321.3888888888889,100.0,0.8,1.0,25.71111111111111,MODELED_SCENARIO
1987,11,8,443.6111111111111,100.0,0.8,1.0,35.48888888888889,MODELED_SCENARIO
1987,11,9,548.0555555555555,100.0,0.8,1.0,43.84444444444444,MODELED_SCENARIO
1987,11,10,641.6666666666666,100.0,0.8,1.0,51.33333333333333,MODELED_SCENARIO
1987,11,11,691.6666666666667,100.0,0.8,1.0,55.33333333333334,MODELED_SCENARIO
1987,11,12,677.7777777777777,100.0,0.8,1.0,54.22222222222222,MODELED_SCENARIO
1987,11,13,714.9999999999999,100.0,0.8,1.0,57.19999999999999,MODELED_SCENARIO
1987,11,14,672.4999999999999,100.0,0.8,1.0,53.79999999999999,MODELED_SCENARIO
1987,11,15,613.0555555555555,100.0,0.8,1.0,49.04444444444445,MODELED_SCENARIO
1987,11,16,536.3888888888889,100.0,0.8,1.0,42.91111111111112,MODELED_SCENARIO
1987,11,17,443.8888888888889,100.0,0.8,1.0,35.51111111111111,MODELED_SCENARIO
1987,11,18,335.55555555555554,100.0,0.8,1.0,26.84444444444445,MODELED_SCENARIO
1987,11,19,243.3333333333333,100.0,0.8,1.0,19.466666666666665,MODELED_SCENARIO
1987,11,20,150.0,100.0,0.8,1.0,12.0,MODELED_SCENARIO
1987,11,21,84.44444444444444,100.0,0.8,1.0,6.755555555555556,MODELED_SCENARIO
1987,11,22,39.16666666666666,100.0,0.8,1.0,3.133333333333333,MODELED_SCENARIO
1987,11,23,17.22222222222222,100.0,0.8,1.0,1.377777777777778,MODELED_SCENARIO
1987,11,24,9.166666666666666,100.0,0.8,1.0,0.7333333333333334,MODELED_SCENARIO
1987,12,1,31.944444444444446,100.0,0.8,1.0,2.5555555555555562,MODELED_SCENARIO
1987,12,2,58.61111111111111,100.0,0.8,1.0,4.688888888888889,MODELED_SCENARIO
1987,12,3,98.6111111111111,100.0,0.8,1.0,7.8888888888888875,MODELED_SCENARIO
1987,12,4,147.77777777777777,100.0,0.8,1.0,11.822222222222221,MODELED_SCENARIO
1987,12,5,237.5,100.0,0.8,1.0,19.0,MODELED_SCENARIO
1987,12,6,333.3333333333333,100.0,0.8,1.0,26.666666666666664,MODELED_SCENARIO
1987,12,7,406.6666666666666,100.0,0.8,1.0,32.533333333333324,MODELED_SCENARIO
1987,12,8,496.1111111111111,100.0,0.8,1.0,39.68888888888889,MODELED_SCENARIO
1987,12,9,591.6666666666666,100.0,0.8,1.0,47.333333333333336,MODELED_SCENARIO
1987,12,10,663.3333333333333,100.0,0.8,1.0,53.06666666666666,MODELED_SCENARIO
1987,12,11,712.7777777777777,100.0,0.8,1.0,57.02222222222222,MODELED_SCENARIO
1987,12,12,751.3888888888889,100.0,0.8,1.0,60.111111111111114,MODELED_SCENARIO
1987,12,13,765.0,100.0,0.8,1.0,61.2,MODELED_SCENARIO
1987,12,14,753.8888888888889,100.0,0.8,1.0,60.311111111111124,MODELED_SCENARIO
1987,12,15,692.5,100.0,0.8,1.0,55.400000000000006,MODELED_SCENARIO
1987,12,16,606.6666666666667,100.0,0.8,1.0,48.53333333333334,MODELED_SCENARIO
1987,12,17,513.6111111111111,100.0,0.8,1.0,41.088888888888896,MODELED_SCENARIO
1987,12,18,408.3333333333333,100.0,0.8,1.0,32.66666666666667,MODELED_SCENARIO
1987,12,19,303.8888888888889,100.0,0.8,1.0,24.311111111111117,MODELED_SCENARIO
1987,12,20,212.22222222222223,100.0,0.8,1.0,16.977777777777778,MODELED_SCENARIO
1987,12,21,136.11111111111111,100.0,0.8,1.0,10.888888888888891,MODELED_SCENARIO
1987,12,22,85.83333333333333,100.0,0.8,1.0,6.866666666666667,MODELED_SCENARIO
1987,12,23,45.55555555555556,100.0,0.8,1.0,3.6444444444444444,MODELED_SCENARIO
1987,12,24,27.77777777777778,100.0,0.8,1.0,2.2222222222222228,MODELED_SCENARIO
1988,1,1,4.166666666666666,100.0,0.8,1.0,0.33333333333333326,MODELED_SCENARIO
1988,1,2,11.11111111111111,100.0,0.8,1.0,0.888888888888889,MODELED_SCENARIO
1988,1,3,30.0,100.0,0.8,1.0,2.4000000000000004,MODELED_SCENARIO
1988,1,4,46.11111111111112,100.0,0.8,1.0,3.68888888888889,MODELED_SCENARIO
1988,1,5,79.16666666666666,100.0,0.8,1.0,6.333333333333333,MODELED_SCENARIO
1988,1,6,118.6111111111111,100.0,0.8,1.0,9.488888888888887,MODELED_SCENARIO
1988,1,7,171.94444444444443,100.0,0.8,1.0,13.755555555555555,MODELED_SCENARIO
1988,1,8,223.0555555555556,100.0,0.8,1.0,17.84444444444445,MODELED_SCENARIO
1988,1,9,268.3333333333333,100.0,0.8,1.0,21.46666666666667,MODELED_SCENARIO
1988,1,10,298.33333333333337,100.0,0.8,1.0,23.866666666666674,MODELED_SCENARIO
1988,1,11,325.27777777777777,100.0,0.8,1.0,26.022222222222226,MODELED_SCENARIO
1988,1,12,333.05555555555554,100.0,0.8,1.0,26.644444444444446,MODELED_SCENARIO
1988,1,13,347.49999999999994,100.0,0.8,1.0,27.799999999999997,MODELED_SCENARIO
1988,1,14,327.2222222222222,100.0,0.8,1.0,26.177777777777777,MODELED_SCENARIO
1988,1,15,297.22222222222223,100.0,0.8,1.0,23.77777777777778,MODELED_SCENARIO
1988,1,16,253.33333333333331,100.0,0.8,1.0,20.266666666666666,MODELED_SCENARIO
1988,1,17,221.66666666666669,100.0,0.8,1.0,17.733333333333334,MODELED_SCENARIO
1988,1,18,172.22222222222223,100.0,0.8,1.0,13.777777777777779,MODELED_SCENARIO
1988,1,19,121.38888888888889,100.0,0.8,1.0,9.71111111111111,MODELED_SCENARIO
1988,1,20,81.94444444444444,100.0,0.8,1.0,6.555555555555556,MODELED_SCENARIO
1988,1,21,51.11111111111111,100.0,0.8,1.0,4.088888888888889,MODELED_SCENARIO
1988,1,22,26.38888888888889,100.0,0.8,1.0,2.111111111111111,MODELED_SCENARIO
1988,1,23,9.722222222222223,100.0,0.8,1.0,0.7777777777777778,MODELED_SCENARIO
1988,1,24,4.166666666666666,100.0,0.8,1.0,0.33333333333333326,MODELED_SCENARIO
1988,2,1,0.0,100.0,0.8,1.0,0.0,MODELED_SCENARIO
1988,2,2,0.0,100.0,0.8,1.0,0.0,MODELED_SCENARIO
1988,2,3,0.5555555555555556,100.0,0.8,1.0,0.044444444444444446,MODELED_SCENARIO
1988,2,4,6.111111111111111,100.0,0.8,1.0,0.4888888888888889,MODELED_SCENARIO
1988,2,5,45.55555555555556,100.0,0.8,1.0,3.6444444444444444,MODELED_SCENARIO
1988,2,6,128.88888888888889,100.0,0.8,1.0,10.311111111111112,MODELED_SCENARIO
1988,2,7,166.38888888888889,100.0,0.8,1.0,13.311111111111112,MODELED_SCENARIO
1988,2,8,246.94444444444443,100.0,0.8,1.0,19.755555555555556,MODELED_SCENARIO
1988,2,9,341.66666666666663,100.0,0.8,1.0,27.333333333333332,MODELED_SCENARIO
1988,2,10,394.1666666666667,100.0,0.8,1.0,31.53333333333333,MODELED_SCENARIO
1988,2,11,439.72222222222223,100.0,0.8,1.0,35.17777777777778,MODELED_SCENARIO
1988,2,12,459.72222222222223,100.0,0.8,1.0,36.777777777777786,MODELED_SCENARIO
1988,2,13,481.1111111111111,100.0,0.8,1.0,38.48888888888889,MODELED_SCENARIO
1988,2,14,474.4444444444444,100.0,0.8,1.0,37.95555555555555,MODELED_SCENARIO
1988,2,15,410.55555555555554,100.0,0.8,1.0,32.84444444444445,MODELED_SCENARIO
1988,2,16,360.8333333333333,100.0,0.8,1.0,28.86666666666667,MODELED_SCENARIO
1988,2,17,287.49999999999994,100.0,0.8,1.0,22.999999999999996,MODELED_SCENARIO
1988,2,18,207.5,100.0,0.8,1.0,16.6,MODELED_SCENARIO
1988,2,19,129.44444444444446,100.0,0.8,1.0,10.355555555555556,MODELED_SCENARIO
1988,2,20,53.333333333333336,100.0,0.8,1.0,4.2666666666666675,MODELED_SCENARIO
1988,2,21,17.77777777777778,100.0,0.8,1.0,1.4222222222222223,MODELED_SCENARIO
1988,2,22,3.888888888888889,100.0,0.8,1.0,0.3111111111111111,MODELED_SCENARIO
1988,2,23,0.5555555555555556,100.0,0.8,1.0,0.044444444444444446,MODELED_SCENARIO
1988,2,24,0.0,100.0,0.8,1.0,0.0,MODELED_SCENARIO
1988,3,1,0.0,100.0,0.8,1.0,0.0,MODELED_SCENARIO
1988,3,2,0.0,100.0,0.8,1.0,0.0,MODELED_SCENARIO
1988,3,3,0.0,100.0,0.8,1.0,0.0,MODELED_SCENARIO
1988,3,4,0.2777777777777778,100.0,0.8,1.0,0.022222222222222223,MODELED_SCENARIO
1988,3,5,3.333333333333333,100.0,0.8,1.0,0.26666666666666666,MODELED_SCENARIO
1988,3,6,11.11111111111111,100.0,0.8,1.0,0.888888888888889,MODELED_SCENARIO
1988,3,7,83.88888888888889,100.0,0.8,1.0,6.711111111111112,MODELED_SCENARIO
1988,3,8,170.55555555555554,100.0,0.8,1.0,13.644444444444444,MODELED_SCENARIO
1988,3,9,234.44444444444443,100.0,0.8,1.0,18.755555555555556,MODELED_SCENARIO
1988,3,10,301.9444444444444,100.0,0.8,1.0,24.15555555555555,MODELED_SCENARIO
1988,3,11,371.38888888888886,100.0,0.8,1.0,29.71111111111111,MODELED_SCENARIO
1988,3,12,348.88888888888886,100.0,0.8,1.0,27.91111111111111,MODELED_SCENARIO
1988,3,13,379.1666666666666,100.0,0.8,1.0,30.33333333333333,MODELED_SCENARIO
1988,3,14,323.05555555555554,100.0,0.8,1.0,25.84444444444445,MODELED_SCENARIO
1988,3,15,290.0,100.0,0.8,1.0,23.2,MODELED_SCENARIO
1988,3,16,243.61111111111111,100.0,0.8,1.0,19.48888888888889,MODELED_SCENARIO
1988,3,17,178.05555555555554,100.0,0.8,1.0,14.244444444444444,MODELED_SCENARIO
1988,3,18,212.5,100.0,0.8,1.0,17.0,MODELED_SCENARIO
1988,3,19,31.666666666666668,100.0,0.8,1.0,2.5333333333333337,MODELED_SCENARIO
1988,3,20,4.166666666666666,100.0,0.8,1.0,0.33333333333333326,MODELED_SCENARIO
1988,3,21,0.0,100.0,0.8,1.0,0.0,MODELED_SCENARIO
1988,3,22,0.0,100.0,0.8,1.0,0.0,MODELED_SCENARIO
1988,3,23,0.0,100.0,0.8,1.0,0.0,MODELED_SCENARIO
1988,3,24,0.0,100.0,0.8,1.0,0.0,MODELED_SCENARIO
1988,4,1,0.0,100.0,0.8,1.0,0.0,MODELED_SCENARIO
1988,4,2,0.0,100.0,0.8,1.0,0.0,MODELED_SCENARIO
1988,4,3,0.0,100.0,0.8,1.0,0.0,MODELED_SCENARIO
1988,4,4,0.0,100.0,0.8,1.0,0.0,MODELED_SCENARIO
1988,4,5,0.0,100.0,0.8,1.0,0.0,MODELED_SCENARIO
1988,4,6,0.0,100.0,0.8,1.0,0.0,MODELED_SCENARIO
1988,4,7,0.2777777777777778,100.0,0.8,1.0,0.022222222222222223,MODELED_SCENARIO
1988,4,8,11.11111111111111,100.0,0.8,1.0,0.888888888888889,MODELED_SCENARIO
1988,4,9,39.72222222222222,100.0,0.8,1.0,3.177777777777778,MODELED_SCENARIO
1988,4,10,74.72222222222223,100.0,0.8,1.0,5.977777777777779,MODELED_SCENARIO
1988,4,11,116.38888888888889,100.0,0.8,1.0,9.311111111111112,MODELED_SCENARIO
1988,4,12,126.11111111111111,100.0,0.8,1.0,10.08888888888889,MODELED_SCENARIO
1988,4,13,131.11111111111111,100.0,0.8,1.0,10.48888888888889,MODELED_SCENARIO
1988,4,14,105.83333333333331,100.0,0.8,1.0,8.466666666666667,MODELED_SCENARIO
1988,4,15,73.88888888888889,100.0,0.8,1.0,5.9111111111111105,MODELED_SCENARIO
1988,4,16,31.11111111111111,100.0,0.8,1.0,2.488888888888889,MODELED_SCENARIO
1988,4,17,12.777777777777777,100.0,0.8,1.0,1.0222222222222221,MODELED_SCENARIO
1988,4,18,1.6666666666666667,100.0,0.8,1.0,0.13333333333333336,MODELED_SCENARIO
1988,4,19,0.0,100.0,0.8,1.0,0.0,MODELED_SCENARIO
1988,4,20,0.0,100.0,0.8,1.0,0.0,MODELED_SCENARIO
1988,4,21,0.0,100.0,0.8,1.0,0.0,MODELED_SCENARIO
1988,4,22,0.0,100.0,0.8,1.0,0.0,MODELED_SCENARIO
1988,4,23,0.0,100.0,0.8,1.0,0.0,MODELED_SCENARIO
1988,4,24,0.0,100.0,0.8,1.0,0.0,MODELED_SCENARIO
1988,5,1,0.0,100.0,0.8,1.0,0.0,MODELED_SCENARIO
1988,5,2,0.0,100.0,0.8,1.0,0.0,MODELED_SCENARIO
1988,5,3,0.0,100.0,0.8,1.0,0.0,MODELED_SCENARIO
1988,5,4,0.0,100.0,0.8,1.0,0.0,MODELED_SCENARIO
1988,5,5,0.0,100.0,0.8,1.0,0.0,MODELED_SCENARIO
1988,5,6,0.0,100.0,0.8,1.0,0.0,MODELED_SCENARIO
1988,5,7,0.0,100.0,0.8,1.0,0.0,MODELED_SCENARIO
1988,5,8,0.0,100.0,0.8,1.0,0.0,MODELED_SCENARIO
1988,5,9,0.5555555555555556,100.0,0.8,1.0,0.044444444444444446,MODELED_SCENARIO
1988,5,10,10.555555555555555,100.0,0.8,1.0,0.8444444444444446,MODELED_SCENARIO
1988,5,11,32.77777777777778,100.0,0.8,1.0,2.6222222222222227,MODELED_SCENARIO
1988,5,12,44.72222222222222,100.0,0.8,1.0,3.5777777777777775,MODELED_SCENARIO
1988,5,13,48.05555555555555,100.0,0.8,1.0,3.8444444444444446,MODELED_SCENARIO
1988,5,14,34.44444444444444,100.0,0.8,1.0,2.755555555555556,MODELED_SCENARIO
1988,5,15,14.444444444444445,100.0,0.8,1.0,1.1555555555555557,MODELED_SCENARIO
1988,5,16,1.6666666666666667,100.0,0.8,1.0,0.13333333333333336,MODELED_SCENARIO
1988,5,17,0.0,100.0,0.8,1.0,0.0,MODELED_SCENARIO
1988,5,18,0.0,100.0,0.8,1.0,0.0,MODELED_SCENARIO
1988,5,19,0.0,100.0,0.8,1.0,0.0,MODELED_SCENARIO
1988,5,20,0.0,100.0,0.8,1.0,0.0,MODELED_SCENARIO
1988,5,21,0.0,100.0,0.8,1.0,0.0,MODELED_SCENARIO
1988,5,22,0.0,100.0,0.8,1.0,0.0,MODELED_SCENARIO
1988,5,23,0.0,100.0,0.8,1.0,0.0,MODELED_SCENARIO
1988,5,24,0.0,100.0,0.8,1.0,0.0,MODELED_SCENARIO
1988,6,1,,100.0,0.8,1.0,,MODELED_SCENARIO
1988,6,2,,100.0,0.8,1.0,,MODELED_SCENARIO
1988,6,3,,100.0,0.8,1.0,,MODELED_SCENARIO
1988,6,4,,100.0,0.8,1.0,,MODELED_SCENARIO
1988,6,5,,100.0,0.8,1.0,,MODELED_SCENARIO
1988,6,6,,100.0,0.8,1.0,,MODELED_SCENARIO
1988,6,7,,100.0,0.8,1.0,,MODELED_SCENARIO
1988,6,8,,100.0,0.8,1.0,,MODELED_SCENARIO
1988,6,9,,100.0,0.8,1.0,,MODELED_SCENARIO
1988,6,10,,100.0,0.8,1.0,,MODELED_SCENARIO
1988,6,11,,100.0,0.8,1.0,,MODELED_SCENARIO
1988,6,12,,100.0,0.8,1.0,,MODELED_SCENARIO
1988,6,13,,100.0,0.8,1.0,,MODELED_SCENARIO
1988,6,14,,100.0,0.8,1.0,,MODELED_SCENARIO
1988,6,15,,100.0,0.8,1.0,,MODELED_SCENARIO
1988,6,16,,100.0,0.8,1.0,,MODELED_SCENARIO
1988,6,17,,100.0,0.8,1.0,,MODELED_SCENARIO
1988,6,18,,100.0,0.8,1.0,,MODELED_SCENARIO
1988,6,19,,100.0,0.8,1.0,,MODELED_SCENARIO
1988,6,20,,100.0,0.8,1.0,,MODELED_SCENARIO
1988,6,21,,100.0,0.8,1.0,,MODELED_SCENARIO
1988,6,22,,100.0,0.8,1.0,,MODELED_SCENARIO
1988,6,23,,100.0,0.8,1.0,,MODELED_SCENARIO
1988,6,24,,100.0,0.8,1.0,,MODELED_SCENARIO
1988,7,1,,100.0,0.8,1.0,,MODELED_SCENARIO
1988,7,2,,100.0,0.8,1.0,,MODELED_SCENARIO
1988,7,3,,100.0,0.8,1.0,,MODELED_SCENARIO
1988,7,4,,100.0,0.8,1.0,,MODELED_SCENARIO
1988,7,5,,100.0,0.8,1.0,,MODELED_SCENARIO
1988,7,6,,100.0,0.8,1.0,,MODELED_SCENARIO
1988,7,7,,100.0,0.8,1.0,,MODELED_SCENARIO
1988,7,8,,100.0,0.8,1.0,,MODELED_SCENARIO
1988,7,9,,100.0,0.8,1.0,,MODELED_SCENARIO
1988,7,10,,100.0,0.8,1.0,,MODELED_SCENARIO
1988,7,11,,100.0,0.8,1.0,,MODELED_SCENARIO
1988,7,12,,100.0,0.8,1.0,,MODELED_SCENARIO
1988,7,13,,100.0,0.8,1.0,,MODELED_SCENARIO
1988,7,14,,100.0,0.8,1.0,,MODELED_SCENARIO
1988,7,15,,100.0,0.8,1.0,,MODELED_SCENARIO
1988,7,16,,100.0,0.8,1.0,,MODELED_SCENARIO
1988,7,17,,100.0,0.8,1.0,,MODELED_SCENARIO
1988,7,18,,100.0,0.8,1.0,,MODELED_SCENARIO
1988,7,19,,100.0,0.8,1.0,,MODELED_SCENARIO
1988,7,20,,100.0,0.8,1.0,,MODELED_SCENARIO
1988,7,21,,100.0,0.8,1.0,,MODELED_SCENARIO
1988,7,22,,100.0,0.8,1.0,,MODELED_SCENARIO
1988,7,23,,100.0,0.8,1.0,,MODELED_SCENARIO
1988,7,24,,100.0,0.8,1.0,,MODELED_SCENARIO
1988,8,1,0.0,100.0,0.8,1.0,0.0,MODELED_SCENARIO
1988,8,2,0.0,100.0,0.8,1.0,0.0,MODELED_SCENARIO
1988,8,3,0.0,100.0,0.8,1.0,0.0,MODELED_SCENARIO
1988,8,4,0.0,100.0,0.8,1.0,0.0,MODELED_SCENARIO
1988,8,5,0.0,100.0,0.8,1.0,0.0,MODELED_SCENARIO
1988,8,6,0.0,100.0,0.8,1.0,0.0,MODELED_SCENARIO
1988,8,7,0.0,100.0,0.8,1.0,0.0,MODELED_SCENARIO
1988,8,8,1.3888888888888888,100.0,0.8,1.0,0.11111111111111112,MODELED_SCENARIO
1988,8,9,12.5,100.0,0.8,1.0,1.0,MODELED_SCENARIO
1988,8,10,38.333333333333336,100.0,0.8,1.0,3.0666666666666673,MODELED_SCENARIO
1988,8,11,79.44444444444444,100.0,0.8,1.0,6.355555555555556,MODELED_SCENARIO
1988,8,12,95.2777777777778,100.0,0.8,1.0,7.622222222222224,MODELED_SCENARIO
1988,8,13,105.55555555555556,100.0,0.8,1.0,8.444444444444445,MODELED_SCENARIO
1988,8,14,99.16666666666666,100.0,0.8,1.0,7.933333333333334,MODELED_SCENARIO
1988,8,15,60.83333333333333,100.0,0.8,1.0,4.866666666666667,MODELED_SCENARIO
1988,8,16,24.166666666666664,100.0,0.8,1.0,1.933333333333333,MODELED_SCENARIO
1988,8,17,3.055555555555556,100.0,0.8,1.0,0.24444444444444446,MODELED_SCENARIO
1988,8,18,0.0,100.0,0.8,1.0,0.0,MODELED_SCENARIO
1988,8,19,0.0,100.0,0.8,1.0,0.0,MODELED_SCENARIO
1988,8,20,0.0,100.0,0.8,1.0,0.0,MODELED_SCENARIO
1988,8,21,0.0,100.0,0.8,1.0,0.0,MODELED_SCENARIO
1988,8,22,0.0,100.0,0.8,1.0,0.0,MODELED_SCENARIO
1988,8,23,0.0,100.0,0.8,1.0,0.0,MODELED_SCENARIO
1988,8,24,0.0,100.0,0.8,1.0,0.0,MODELED_SCENARIO
1988,9,1,0.0,100.0,0.8,1.0,0.0,MODELED_SCENARIO
1988,9,2,0.0,100.0,0.8,1.0,0.0,MODELED_SCENARIO
1988,9,3,0.0,100.0,0.8,1.0,0.0,MODELED_SCENARIO
1988,9,4,0.0,100.0,0.8,1.0,0.0,MODELED_SCENARIO
1988,9,5,0.0,100.0,0.8,1.0,0.0,MODELED_SCENARIO
1988,9,6,0.0,100.0,0.8,1.0,0.0,MODELED_SCENARIO
1988,9,7,13.333333333333334,100.0,0.8,1.0,1.0666666666666669,MODELED_SCENARIO
1988,9,8,63.05555555555556,100.0,0.8,1.0,5.044444444444445,MODELED_SCENARIO
1988,9,9,118.33333333333331,100.0,0.8,1.0,9.466666666666667,MODELED_SCENARIO
1988,9,10,180.83333333333331,100.0,0.8,1.0,14.466666666666667,MODELED_SCENARIO
1988,9,11,227.2222222222222,100.0,0.8,1.0,18.177777777777774,MODELED_SCENARIO
1988,9,12,258.05555555555554,100.0,0.8,1.0,20.644444444444446,MODELED_SCENARIO
1988,9,13,259.1666666666667,100.0,0.8,1.0,20.733333333333338,MODELED_SCENARIO
1988,9,14,245.83333333333331,100.0,0.8,1.0,19.666666666666668,MODELED_SCENARIO
1988,9,15,206.11111111111111,100.0,0.8,1.0,16.48888888888889,MODELED_SCENARIO
1988,9,16,147.22222222222223,100.0,0.8,1.0,11.777777777777779,MODELED_SCENARIO
1988,9,17,68.05555555555556,100.0,0.8,1.0,5.4444444444444455,MODELED_SCENARIO
1988,9,18,21.666666666666668,100.0,0.8,1.0,1.7333333333333336,MODELED_SCENARIO
1988,9,19,1.9444444444444444,100.0,0.8,1.0,0.15555555555555556,MODELED_SCENARIO
1988,9,20,0.0,100.0,0.8,1.0,0.0,MODELED_SCENARIO
1988,9,21,0.0,100.0,0.8,1.0,0.0,MODELED_SCENARIO
1988,9,22,0.0,100.0,0.8,1.0,0.0,MODELED_SCENARIO
1988,9,23,0.0,100.0,0.8,1.0,0.0,MODELED_SCENARIO
1988,9,24,0.0,100.0,0.8,1.0,0.0,MODELED_SCENARIO
1988,10,1,0.0,100.0,0.8,1.0,0.0,MODELED_SCENARIO
1988,10,2,0.0,100.0,0.8,1.0,0.0,MODELED_SCENARIO
1988,10,3,0.0,100.0,0.8,1.0,0.0,MODELED_SCENARIO
1988,10,4,4.444444444444445,100.0,0.8,1.0,0.35555555555555557,MODELED_SCENARIO
1988,10,5,23.61111111111111,100.0,0.8,1.0,1.888888888888889,MODELED_SCENARIO
1988,10,6,74.16666666666667,100.0,0.8,1.0,5.933333333333334,MODELED_SCENARIO
1988,10,7,143.05555555555554,100.0,0.8,1.0,11.444444444444445,MODELED_SCENARIO
1988,10,8,231.1111111111111,100.0,0.8,1.0,18.488888888888887,MODELED_SCENARIO
1988,10,9,312.5,100.0,0.8,1.0,25.0,MODELED_SCENARIO
1988,10,10,389.1666666666667,100.0,0.8,1.0,31.133333333333333,MODELED_SCENARIO
1988,10,11,437.77777777777777,100.0,0.8,1.0,35.022222222222226,MODELED_SCENARIO
1988,10,12,468.05555555555554,100.0,0.8,1.0,37.44444444444445,MODELED_SCENARIO
1988,10,13,482.77777777777777,100.0,0.8,1.0,38.62222222222222,MODELED_SCENARIO
1988,10,14,471.6666666666666,100.0,0.8,1.0,37.73333333333333,MODELED_SCENARIO
1988,10,15,429.1666666666666,100.0,0.8,1.0,34.33333333333333,MODELED_SCENARIO
1988,10,16,346.1111111111111,100.0,0.8,1.0,27.688888888888886,MODELED_SCENARIO
1988,10,17,286.9444444444444,100.0,0.8,1.0,22.955555555555552,MODELED_SCENARIO
1988,10,18,210.27777777777777,100.0,0.8,1.0,16.82222222222222,MODELED_SCENARIO
1988,10,19,110.83333333333334,100.0,0.8,1.0,8.866666666666667,MODELED_SCENARIO
1988,10,20,38.333333333333336,100.0,0.8,1.0,3.0666666666666673,MODELED_SCENARIO
1988,10,21,8.61111111111111,100.0,0.8,1.0,0.688888888888889,MODELED_SCENARIO
1988,10,22,0.8333333333333334,100.0,0.8,1.0,0.06666666666666668,MODELED_SCENARIO
1988,10,23,0.0,100.0,0.8,1.0,0.0,MODELED_SCENARIO
1988,10,24,0.0,100.0,0.8,1.0,0.0,MODELED_SCENARIO
1988,11,1,4.722222222222222,100.0,0.8,1.0,0.37777777777777777,MODELED_SCENARIO
1988,11,2,18.88888888888889,100.0,0.8,1.0,1.511111111111111,MODELED_SCENARIO
1988,11,3,52.77777777777778,100.0,0.8,1.0,4.222222222222222,MODELED_SCENARIO
1988,11,4,105.55555555555556,100.0,0.8,1.0,8.444444444444445,MODELED_SCENARIO
1988,11,5,155.83333333333334,100.0,0.8,1.0,12.466666666666669,MODELED_SCENARIO
1988,11,6,239.7222222222222,100.0,0.8,1.0,19.177777777777777,MODELED_SCENARIO
1988,11,7,333.05555555555554,100.0,0.8,1.0,26.644444444444446,MODELED_SCENARIO
1988,11,8,415.55555555555554,100.0,0.8,1.0,33.24444444444445,MODELED_SCENARIO
1988,11,9,500.55555555555554,100.0,0.8,1.0,40.044444444444444,MODELED_SCENARIO
1988,11,10,574.9999999999999,100.0,0.8,1.0,45.99999999999999,MODELED_SCENARIO
1988,11,11,648.8888888888888,100.0,0.8,1.0,51.91111111111111,MODELED_SCENARIO
1988,11,12,670.5555555555555,100.0,0.8,1.0,53.644444444444446,MODELED_SCENARIO
1988,11,13,670.2777777777777,100.0,0.8,1.0,53.62222222222222,MODELED_SCENARIO
1988,11,14,637.7777777777777,100.0,0.8,1.0,51.02222222222221,MODELED_SCENARIO
1988,11,15,616.9444444444445,100.0,0.8,1.0,49.355555555555554,MODELED_SCENARIO
1988,11,16,557.5,100.0,0.8,1.0,44.6,MODELED_SCENARIO
1988,11,17,488.6111111111111,100.0,0.8,1.0,39.088888888888896,MODELED_SCENARIO
1988,11,18,370.55555555555554,100.0,0.8,1.0,29.644444444444442,MODELED_SCENARIO
1988,11,19,270.55555555555554,100.0,0.8,1.0,21.644444444444446,MODELED_SCENARIO
1988,11,20,184.16666666666669,100.0,0.8,1.0,14.733333333333334,MODELED_SCENARIO
1988,11,21,110.0,100.0,0.8,1.0,8.8,MODELED_SCENARIO
1988,11,22,55.0,100.0,0.8,1.0,4.4,MODELED_SCENARIO
1988,11,23,18.05555555555556,100.0,0.8,1.0,1.4444444444444449,MODELED_SCENARIO
1988,11,24,5.277777777777778,100.0,0.8,1.0,0.4222222222222223,MODELED_SCENARIO
1988,12,1,30.0,100.0,0.8,1.0,2.4000000000000004,MODELED_SCENARIO
1988,12,2,48.888888888888886,100.0,0.8,1.0,3.911111111111111,MODELED_SCENARIO
1988,12,3,86.11111111111111,100.0,0.8,1.0,6.888888888888889,MODELED_SCENARIO
1988,12,4,141.11111111111111,100.0,0.8,1.0,11.28888888888889,MODELED_SCENARIO
1988,12,5,203.3333333333333,100.0,0.8,1.0,16.266666666666662,MODELED_SCENARIO
1988,12,6,286.6666666666667,100.0,0.8,1.0,22.933333333333337,MODELED_SCENARIO
1988,12,7,388.3333333333333,100.0,0.8,1.0,31.066666666666663,MODELED_SCENARIO
1988,12,8,473.05555555555554,100.0,0.8,1.0,37.84444444444445,MODELED_SCENARIO
1988,12,9,536.6666666666666,100.0,0.8,1.0,42.93333333333334,MODELED_SCENARIO
1988,12,10,600.8333333333333,100.0,0.8,1.0,48.06666666666666,MODELED_SCENARIO
1988,12,11,654.7222222222223,100.0,0.8,1.0,52.37777777777779,MODELED_SCENARIO
1988,12,12,688.3333333333334,100.0,0.8,1.0,55.06666666666666,MODELED_SCENARIO
1988,12,13,705.5555555555555,100.0,0.8,1.0,56.444444444444436,MODELED_SCENARIO
1988,12,14,687.7777777777777,100.0,0.8,1.0,55.02222222222222,MODELED_SCENARIO
1988,12,15,645.5555555555555,100.0,0.8,1.0,51.644444444444446,MODELED_SCENARIO
1988,12,16,583.6111111111111,100.0,0.8,1.0,46.68888888888889,MODELED_SCENARIO
1988,12,17,503.8888888888889,100.0,0.8,1.0,40.31111111111112,MODELED_SCENARIO
1988,12,18,406.1111111111111,100.0,0.8,1.0,32.48888888888889,MODELED_SCENARIO
1988,12,19,309.16666666666663,100.0,0.8,1.0,24.733333333333334,MODELED_SCENARIO
1988,12,20,227.77777777777777,100.0,0.8,1.0,18.222222222222225,MODELED_SCENARIO
1988,12,21,147.5,100.0,0.8,1.0,11.8,MODELED_SCENARIO
1988,12,22,93.8888888888889,100.0,0.8,1.0,7.511111111111112,MODELED_SCENARIO
1988,12,23,55.55555555555556,100.0,0.8,1.0,4.4444444444444455,MODELED_SCENARIO
1988,12,24,33.33333333333333,100.0,0.8,1.0,2.666666666666666,MODELED_SCENARIO
1989,1,1,21.11111111111111,100.0,0.8,1.0,1.688888888888889,MODELED_SCENARIO
1989,1,2,28.611111111111107,100.0,0.8,1.0,2.2888888888888888,MODELED_SCENARIO
1989,1,3,52.77777777777778,100.0,0.8,1.0,4.222222222222222,MODELED_SCENARIO
1989,1,4,87.5,100.0,0.8,1.0,7.0,MODELED_SCENARIO
1989,1,5,121.38888888888889,100.0,0.8,1.0,9.71111111111111,MODELED_SCENARIO
1989,1,6,206.11111111111111,100.0,0.8,1.0,16.48888888888889,MODELED_SCENARIO
1989,1,7,280.55555555555554,100.0,0.8,1.0,22.444444444444446,MODELED_SCENARIO
1989,1,8,361.6666666666667,100.0,0.8,1.0,28.933333333333337,MODELED_SCENARIO
1989,1,9,438.6111111111111,100.0,0.8,1.0,35.08888888888889,MODELED_SCENARIO
1989,1,10,517.5,100.0,0.8,1.0,41.4,MODELED_SCENARIO
1989,1,11,597.2222222222222,100.0,0.8,1.0,47.77777777777778,MODELED_SCENARIO
1989,1,12,619.1666666666666,100.0,0.8,1.0,49.53333333333333,MODELED_SCENARIO
1989,1,13,620.2777777777778,100.0,0.8,1.0,49.62222222222223,MODELED_SCENARIO
1989,1,14,609.4444444444445,100.0,0.8,1.0,48.75555555555556,MODELED_SCENARIO
1989,1,15,552.7777777777777,100.0,0.8,1.0,44.22222222222222,MODELED_SCENARIO
1989,1,16,452.7777777777777,100.0,0.8,1.0,36.22222222222222,MODELED_SCENARIO
1989,1,17,365.8333333333333,100.0,0.8,1.0,29.266666666666666,MODELED_SCENARIO
1989,1,18,292.77777777777777,100.0,0.8,1.0,23.42222222222222,MODELED_SCENARIO
1989,1,19,219.72222222222223,100.0,0.8,1.0,17.57777777777778,MODELED_SCENARIO
1989,1,20,137.77777777777777,100.0,0.8,1.0,11.022222222222224,MODELED_SCENARIO
1989,1,21,93.33333333333334,100.0,0.8,1.0,7.466666666666668,MODELED_SCENARIO
1989,1,22,47.22222222222222,100.0,0.8,1.0,3.777777777777778,MODELED_SCENARIO
1989,1,23,29.444444444444443,100.0,0.8,1.0,2.3555555555555556,MODELED_SCENARIO
1989,1,24,16.11111111111111,100.0,0.8,1.0,1.288888888888889,MODELED_SCENARIO
1989,2,1,0.0,100.0,0.8,1.0,0.0,MODELED_SCENARIO
1989,2,2,0.0,100.0,0.8,1.0,0.0,MODELED_SCENARIO
1989,2,3,1.6666666666666667,100.0,0.8,1.0,0.13333333333333336,MODELED_SCENARIO
1989,2,4,14.166666666666666,100.0,0.8,1.0,1.1333333333333333,MODELED_SCENARIO
1989,2,5,44.72222222222222,100.0,0.8,1.0,3.5777777777777775,MODELED_SCENARIO
1989,2,6,100.83333333333331,100.0,0.8,1.0,8.066666666666666,MODELED_SCENARIO
1989,2,7,170.55555555555554,100.0,0.8,1.0,13.644444444444444,MODELED_SCENARIO
1989,2,8,246.66666666666663,100.0,0.8,1.0,19.73333333333333,MODELED_SCENARIO
1989,2,9,300.8333333333333,100.0,0.8,1.0,24.06666666666667,MODELED_SCENARIO
1989,2,10,375.27777777777777,100.0,0.8,1.0,30.022222222222226,MODELED_SCENARIO
1989,2,11,440.0,100.0,0.8,1.0,35.2,MODELED_SCENARIO
1989,2,12,450.27777777777777,100.0,0.8,1.0,36.022222222222226,MODELED_SCENARIO
1989,2,13,470.0,100.0,0.8,1.0,37.6,MODELED_SCENARIO
1989,2,14,445.8333333333333,100.0,0.8,1.0,35.666666666666664,MODELED_SCENARIO
1989,2,15,398.3333333333333,100.0,0.8,1.0,31.866666666666664,MODELED_SCENARIO
1989,2,16,333.3333333333333,100.0,0.8,1.0,26.666666666666664,MODELED_SCENARIO
1989,2,17,279.7222222222222,100.0,0.8,1.0,22.377777777777773,MODELED_SCENARIO
1989,2,18,196.38888888888889,100.0,0.8,1.0,15.711111111111112,MODELED_SCENARIO
1989,2,19,121.38888888888889,100.0,0.8,1.0,9.71111111111111,MODELED_SCENARIO
1989,2,20,66.66666666666666,100.0,0.8,1.0,5.333333333333332,MODELED_SCENARIO
1989,2,21,18.05555555555556,100.0,0.8,1.0,1.4444444444444449,MODELED_SCENARIO
1989,2,22,2.7777777777777777,100.0,0.8,1.0,0.22222222222222224,MODELED_SCENARIO
1989,2,23,0.0,100.0,0.8,1.0,0.0,MODELED_SCENARIO
1989,2,24,0.0,100.0,0.8,1.0,0.0,MODELED_SCENARIO
1989,3,1,0.0,100.0,0.8,1.0,0.0,MODELED_SCENARIO
1989,3,2,0.0,100.0,0.8,1.0,0.0,MODELED_SCENARIO
1989,3,3,0.0,100.0,0.8,1.0,0.0,MODELED_SCENARIO
1989,3,4,0.0,100.0,0.8,1.0,0.0,MODELED_SCENARIO
1989,3,5,0.8333333333333334,100.0,0.8,1.0,0.06666666666666668,MODELED_SCENARIO
1989,3,6,11.666666666666668,100.0,0.8,1.0,0.9333333333333335,MODELED_SCENARIO
1989,3,7,48.888888888888886,100.0,0.8,1.0,3.911111111111111,MODELED_SCENARIO
1989,3,8,105.55555555555556,100.0,0.8,1.0,8.444444444444445,MODELED_SCENARIO
1989,3,9,165.55555555555554,100.0,0.8,1.0,13.244444444444444,MODELED_SCENARIO
1989,3,10,223.0555555555556,100.0,0.8,1.0,17.84444444444445,MODELED_SCENARIO
1989,3,11,266.38888888888886,100.0,0.8,1.0,21.31111111111111,MODELED_SCENARIO
1989,3,12,300.27777777777777,100.0,0.8,1.0,24.022222222222222,MODELED_SCENARIO
1989,3,13,311.6666666666667,100.0,0.8,1.0,24.933333333333337,MODELED_SCENARIO
1989,3,14,293.05555555555554,100.0,0.8,1.0,23.444444444444446,MODELED_SCENARIO
1989,3,15,238.61111111111111,100.0,0.8,1.0,19.08888888888889,MODELED_SCENARIO
1989,3,16,180.83333333333331,100.0,0.8,1.0,14.466666666666667,MODELED_SCENARIO
1989,3,17,118.6111111111111,100.0,0.8,1.0,9.488888888888887,MODELED_SCENARIO
1989,3,18,55.0,100.0,0.8,1.0,4.4,MODELED_SCENARIO
1989,3,19,12.777777777777777,100.0,0.8,1.0,1.0222222222222221,MODELED_SCENARIO
1989,3,20,0.5555555555555556,100.0,0.8,1.0,0.044444444444444446,MODELED_SCENARIO
1989,3,21,0.0,100.0,0.8,1.0,0.0,MODELED_SCENARIO
1989,3,22,0.0,100.0,0.8,1.0,0.0,MODELED_SCENARIO
1989,3,23,0.0,100.0,0.8,1.0,0.0,MODELED_SCENARIO
1989,3,24,0.0,100.0,0.8,1.0,0.0,MODELED_SCENARIO
1989,4,1,0.0,100.0,0.8,1.0,0.0,MODELED_SCENARIO
1989,4,2,0.0,100.0,0.8,1.0,0.0,MODELED_SCENARIO
1989,4,3,0.0,100.0,0.8,1.0,0.0,MODELED_SCENARIO
1989,4,4,0.0,100.0,0.8,1.0,0.0,MODELED_SCENARIO
1989,4,5,0.0,100.0,0.8,1.0,0.0,MODELED_SCENARIO
1989,4,6,0.0,100.0,0.8,1.0,0.0,MODELED_SCENARIO
1989,4,7,0.8333333333333334,100.0,0.8,1.0,0.06666666666666668,MODELED_SCENARIO
1989,4,8,9.444444444444445,100.0,0.8,1.0,0.7555555555555555,MODELED_SCENARIO
1989,4,9,38.05555555555556,100.0,0.8,1.0,3.0444444444444447,MODELED_SCENARIO
1989,4,10,78.6111111111111,100.0,0.8,1.0,6.288888888888889,MODELED_SCENARIO
1989,4,11,114.16666666666666,100.0,0.8,1.0,9.133333333333333,MODELED_SCENARIO
1989,4,12,129.16666666666666,100.0,0.8,1.0,10.333333333333332,MODELED_SCENARIO
1989,4,13,125.83333333333331,100.0,0.8,1.0,10.066666666666666,MODELED_SCENARIO
1989,4,14,113.33333333333331,100.0,0.8,1.0,9.066666666666666,MODELED_SCENARIO
1989,4,15,82.22222222222221,100.0,0.8,1.0,6.5777777777777775,MODELED_SCENARIO
1989,4,16,43.61111111111111,100.0,0.8,1.0,3.488888888888889,MODELED_SCENARIO
1989,4,17,9.722222222222223,100.0,0.8,1.0,0.7777777777777778,MODELED_SCENARIO
1989,4,18,0.2777777777777778,100.0,0.8,1.0,0.022222222222222223,MODELED_SCENARIO
1989,4,19,0.0,100.0,0.8,1.0,0.0,MODELED_SCENARIO
1989,4,20,0.0,100.0,0.8,1.0,0.0,MODELED_SCENARIO
1989,4,21,0.0,100.0,0.8,1.0,0.0,MODELED_SCENARIO
1989,4,22,0.0,100.0,0.8,1.0,0.0,MODELED_SCENARIO
1989,4,23,0.0,100.0,0.8,1.0,0.0,MODELED_SCENARIO
1989,4,24,0.0,100.0,0.8,1.0,0.0,MODELED_SCENARIO
1989,5,1,0.0,100.0,0.8,1.0,0.0,MODELED_SCENARIO
1989,5,2,0.0,100.0,0.8,1.0,0.0,MODELED_SCENARIO
1989,5,3,0.0,100.0,0.8,1.0,0.0,MODELED_SCENARIO
1989,5,4,0.0,100.0,0.8,1.0,0.0,MODELED_SCENARIO
1989,5,5,0.0,100.0,0.8,1.0,0.0,MODELED_SCENARIO
1989,5,6,0.0,100.0,0.8,1.0,0.0,MODELED_SCENARIO
1989,5,7,0.0,100.0,0.8,1.0,0.0,MODELED_SCENARIO
1989,5,8,0.0,100.0,0.8,1.0,0.0,MODELED_SCENARIO
1989,5,9,0.0,100.0,0.8,1.0,0.0,MODELED_SCENARIO
1989,5,10,1.9444444444444444,100.0,0.8,1.0,0.15555555555555556,MODELED_SCENARIO
1989,5,11,9.722222222222223,100.0,0.8,1.0,0.7777777777777778,MODELED_SCENARIO
1989,5,12,16.666666666666664,100.0,0.8,1.0,1.333333333333333,MODELED_SCENARIO
1989,5,13,25.27777777777777,100.0,0.8,1.0,2.0222222222222217,MODELED_SCENARIO
1989,5,14,16.38888888888889,100.0,0.8,1.0,1.3111111111111113,MODELED_SCENARIO
1989,5,15,2.7777777777777777,100.0,0.8,1.0,0.22222222222222224,MODELED_SCENARIO
1989,5,16,0.0,100.0,0.8,1.0,0.0,MODELED_SCENARIO
1989,5,17,0.0,100.0,0.8,1.0,0.0,MODELED_SCENARIO
1989,5,18,0.0,100.0,0.8,1.0,0.0,MODELED_SCENARIO
1989,5,19,0.0,100.0,0.8,1.0,0.0,MODELED_SCENARIO
1989,5,20,0.0,100.0,0.8,1.0,0.0,MODELED_SCENARIO
1989,5,21,0.0,100.0,0.8,1.0,0.0,MODELED_SCENARIO
1989,5,22,0.0,100.0,0.8,1.0,0.0,MODELED_SCENARIO
1989,5,23,0.0,100.0,0.8,1.0,0.0,MODELED_SCENARIO
1989,5,24,0.0,100.0,0.8,1.0,0.0,MODELED_SCENARIO
1989,6,1,,100.0,0.8,1.0,,MODELED_SCENARIO
1989,6,2,,100.0,0.8,1.0,,MODELED_SCENARIO
1989,6,3,,100.0,0.8,1.0,,MODELED_SCENARIO
1989,6,4,,100.0,0.8,1.0,,MODELED_SCENARIO
1989,6,5,,100.0,0.8,1.0,,MODELED_SCENARIO
1989,6,6,,100.0,0.8,1.0,,MODELED_SCENARIO
1989,6,7,,100.0,0.8,1.0,,MODELED_SCENARIO
1989,6,8,,100.0,0.8,1.0,,MODELED_SCENARIO
1989,6,9,,100.0,0.8,1.0,,MODELED_SCENARIO
1989,6,10,,100.0,0.8,1.0,,MODELED_SCENARIO
1989,6,11,,100.0,0.8,1.0,,MODELED_SCENARIO
1989,6,12,,100.0,0.8,1.0,,MODELED_SCENARIO
1989,6,13,,100.0,0.8,1.0,,MODELED_SCENARIO
1989,6,14,,100.0,0.8,1.0,,MODELED_SCENARIO
1989,6,15,,100.0,0.8,1.0,,MODELED_SCENARIO
1989,6,16,,100.0,0.8,1.0,,MODELED_SCENARIO
1989,6,17,,100.0,0.8,1.0,,MODELED_SCENARIO
1989,6,18,,100.0,0.8,1.0,,MODELED_SCENARIO
1989,6,19,,100.0,0.8,1.0,,MODELED_SCENARIO
1989,6,20,,100.0,0.8,1.0,,MODELED_SCENARIO
1989,6,21,,100.0,0.8,1.0,,MODELED_SCENARIO
1989,6,22,,100.0,0.8,1.0,,MODELED_SCENARIO
1989,6,23,,100.0,0.8,1.0,,MODELED_SCENARIO
1989,6,24,,100.0,0.8,1.0,,MODELED_SCENARIO
1989,7,1,0.0,100.0,0.8,1.0,0.0,MODELED_SCENARIO
1989,7,2,0.0,100.0,0.8,1.0,0.0,MODELED_SCENARIO
1989,7,3,0.0,100.0,0.8,1.0,0.0,MODELED_SCENARIO
1989,7,4,0.0,100.0,0.8,1.0,0.0,MODELED_SCENARIO
1989,7,5,0.0,100.0,0.8,1.0,0.0,MODELED_SCENARIO
1989,7,6,0.0,100.0,0.8,1.0,0.0,MODELED_SCENARIO
1989,7,7,0.0,100.0,0.8,1.0,0.0,MODELED_SCENARIO
1989,7,8,0.0,100.0,0.8,1.0,0.0,MODELED_SCENARIO
1989,7,9,0.0,100.0,0.8,1.0,0.0,MODELED_SCENARIO
1989,7,10,0.8333333333333334,100.0,0.8,1.0,0.06666666666666668,MODELED_SCENARIO
1989,7,11,6.111111111111111,100.0,0.8,1.0,0.4888888888888889,MODELED_SCENARIO
1989,7,12,18.05555555555556,100.0,0.8,1.0,1.4444444444444449,MODELED_SCENARIO
1989,7,13,19.444444444444446,100.0,0.8,1.0,1.5555555555555556,MODELED_SCENARIO
1989,7,14,8.333333333333332,100.0,0.8,1.0,0.6666666666666665,MODELED_SCENARIO
1989,7,15,0.5555555555555556,100.0,0.8,1.0,0.044444444444444446,MODELED_SCENARIO
1989,7,16,0.0,100.0,0.8,1.0,0.0,MODELED_SCENARIO
1989,7,17,0.0,100.0,0.8,1.0,0.0,MODELED_SCENARIO
1989,7,18,0.0,100.0,0.8,1.0,0.0,MODELED_SCENARIO
1989,7,19,0.0,100.0,0.8,1.0,0.0,MODELED_SCENARIO
1989,7,20,0.0,100.0,0.8,1.0,0.0,MODELED_SCENARIO
1989,7,21,0.0,100.0,0.8,1.0,0.0,MODELED_SCENARIO
1989,7,22,0.0,100.0,0.8,1.0,0.0,MODELED_SCENARIO
1989,7,23,0.0,100.0,0.8,1.0,0.0,MODELED_SCENARIO
1989,7,24,0.0,100.0,0.8,1.0,0.0,MODELED_SCENARIO
1989,8,1,0.0,100.0,0.8,1.0,0.0,MODELED_SCENARIO
1989,8,2,0.0,100.0,0.8,1.0,0.0,MODELED_SCENARIO
1989,8,3,0.0,100.0,0.8,1.0,0.0,MODELED_SCENARIO
1989,8,4,0.0,100.0,0.8,1.0,0.0,MODELED_SCENARIO
1989,8,5,0.0,100.0,0.8,1.0,0.0,MODELED_SCENARIO
1989,8,6,0.0,100.0,0.8,1.0,0.0,MODELED_SCENARIO
1989,8,7,0.0,100.0,0.8,1.0,0.0,MODELED_SCENARIO
1989,8,8,1.6666666666666667,100.0,0.8,1.0,0.13333333333333336,MODELED_SCENARIO
1989,8,9,12.22222222222222,100.0,0.8,1.0,0.9777777777777775,MODELED_SCENARIO
1989,8,10,38.61111111111112,100.0,0.8,1.0,3.0888888888888903,MODELED_SCENARIO
1989,8,11,72.77777777777779,100.0,0.8,1.0,5.822222222222223,MODELED_SCENARIO
1989,8,12,89.44444444444444,100.0,0.8,1.0,7.155555555555555,MODELED_SCENARIO
1989,8,13,92.5,100.0,0.8,1.0,7.4,MODELED_SCENARIO
1989,8,14,75.0,100.0,0.8,1.0,6.0,MODELED_SCENARIO
1989,8,15,48.33333333333333,100.0,0.8,1.0,3.866666666666666,MODELED_SCENARIO
1989,8,16,17.22222222222222,100.0,0.8,1.0,1.377777777777778,MODELED_SCENARIO
1989,8,17,2.5,100.0,0.8,1.0,0.2,MODELED_SCENARIO
1989,8,18,0.0,100.0,0.8,1.0,0.0,MODELED_SCENARIO
1989,8,19,0.0,100.0,0.8,1.0,0.0,MODELED_SCENARIO
1989,8,20,0.0,100.0,0.8,1.0,0.0,MODELED_SCENARIO
1989,8,21,0.0,100.0,0.8,1.0,0.0,MODELED_SCENARIO
1989,8,22,0.0,100.0,0.8,1.0,0.0,MODELED_SCENARIO
1989,8,23,0.0,100.0,0.8,1.0,0.0,MODELED_SCENARIO
1989,8,24,0.0,100.0,0.8,1.0,0.0,MODELED_SCENARIO
1989,9,1,0.0,100.0,0.8,1.0,0.0,MODELED_SCENARIO
1989,9,2,0.0,100.0,0.8,1.0,0.0,MODELED_SCENARIO
1989,9,3,0.0,100.0,0.8,1.0,0.0,MODELED_SCENARIO
1989,9,4,0.0,100.0,0.8,1.0,0.0,MODELED_SCENARIO
1989,9,5,0.0,100.0,0.8,1.0,0.0,MODELED_SCENARIO
1989,9,6,1.6666666666666667,100.0,0.8,1.0,0.13333333333333336,MODELED_SCENARIO
1989,9,7,21.666666666666668,100.0,0.8,1.0,1.7333333333333336,MODELED_SCENARIO
1989,9,8,75.27777777777779,100.0,0.8,1.0,6.022222222222224,MODELED_SCENARIO
1989,9,9,136.66666666666666,100.0,0.8,1.0,10.933333333333334,MODELED_SCENARIO
1989,9,10,201.94444444444443,100.0,0.8,1.0,16.155555555555555,MODELED_SCENARIO
1989,9,11,250.83333333333331,100.0,0.8,1.0,20.066666666666663,MODELED_SCENARIO
1989,9,12,274.72222222222223,100.0,0.8,1.0,21.977777777777778,MODELED_SCENARIO
1989,9,13,282.22222222222223,100.0,0.8,1.0,22.57777777777778,MODELED_SCENARIO
1989,9,14,267.22222222222223,100.0,0.8,1.0,21.37777777777778,MODELED_SCENARIO
1989,9,15,221.94444444444449,100.0,0.8,1.0,17.755555555555556,MODELED_SCENARIO
1989,9,16,172.22222222222223,100.0,0.8,1.0,13.777777777777779,MODELED_SCENARIO
1989,9,17,89.72222222222223,100.0,0.8,1.0,7.177777777777779,MODELED_SCENARIO
1989,9,18,32.5,100.0,0.8,1.0,2.6,MODELED_SCENARIO
1989,9,19,3.333333333333333,100.0,0.8,1.0,0.26666666666666666,MODELED_SCENARIO
1989,9,20,0.0,100.0,0.8,1.0,0.0,MODELED_SCENARIO
1989,9,21,0.0,100.0,0.8,1.0,0.0,MODELED_SCENARIO
1989,9,22,0.0,100.0,0.8,1.0,0.0,MODELED_SCENARIO
1989,9,23,0.0,100.0,0.8,1.0,0.0,MODELED_SCENARIO
1989,9,24,0.0,100.0,0.8,1.0,0.0,MODELED_SCENARIO
1989,10,1,0.0,100.0,0.8,1.0,0.0,MODELED_SCENARIO
1989,10,2,0.0,100.0,0.8,1.0,0.0,MODELED_SCENARIO
1989,10,3,0.0,100.0,0.8,1.0,0.0,MODELED_SCENARIO
1989,10,4,5.277777777777778,100.0,0.8,1.0,0.4222222222222223,MODELED_SCENARIO
1989,10,5,28.611111111111107,100.0,0.8,1.0,2.2888888888888888,MODELED_SCENARIO
1989,10,6,79.44444444444444,100.0,0.8,1.0,6.355555555555556,MODELED_SCENARIO
1989,10,7,148.33333333333334,100.0,0.8,1.0,11.866666666666667,MODELED_SCENARIO
1989,10,8,226.38888888888889,100.0,0.8,1.0,18.11111111111111,MODELED_SCENARIO
1989,10,9,303.6111111111111,100.0,0.8,1.0,24.28888888888889,MODELED_SCENARIO
1989,10,10,366.1111111111112,100.0,0.8,1.0,29.2888888888889,MODELED_SCENARIO
1989,10,11,426.9444444444444,100.0,0.8,1.0,34.15555555555556,MODELED_SCENARIO
1989,10,12,462.2222222222222,100.0,0.8,1.0,36.977777777777774,MODELED_SCENARIO
1989,10,13,468.05555555555554,100.0,0.8,1.0,37.44444444444445,MODELED_SCENARIO
1989,10,14,452.7777777777777,100.0,0.8,1.0,36.22222222222222,MODELED_SCENARIO
1989,10,15,408.88888888888886,100.0,0.8,1.0,32.71111111111111,MODELED_SCENARIO
1989,10,16,340.83333333333337,100.0,0.8,1.0,27.26666666666667,MODELED_SCENARIO
1989,10,17,268.3333333333333,100.0,0.8,1.0,21.46666666666667,MODELED_SCENARIO
1989,10,18,191.1111111111111,100.0,0.8,1.0,15.28888888888889,MODELED_SCENARIO
1989,10,19,95.83333333333331,100.0,0.8,1.0,7.666666666666664,MODELED_SCENARIO
1989,10,20,31.666666666666668,100.0,0.8,1.0,2.5333333333333337,MODELED_SCENARIO
1989,10,21,4.722222222222222,100.0,0.8,1.0,0.37777777777777777,MODELED_SCENARIO
1989,10,22,0.2777777777777778,100.0,0.8,1.0,0.022222222222222223,MODELED_SCENARIO
1989,10,23,0.0,100.0,0.8,1.0,0.0,MODELED_SCENARIO
1989,10,24,0.0,100.0,0.8,1.0,0.0,MODELED_SCENARIO
1989,11,1,7.222222222222221,100.0,0.8,1.0,0.5777777777777777,MODELED_SCENARIO
1989,11,2,11.11111111111111,100.0,0.8,1.0,0.888888888888889,MODELED_SCENARIO
1989,11,3,29.444444444444443,100.0,0.8,1.0,2.3555555555555556,MODELED_SCENARIO
1989,11,4,71.38888888888889,100.0,0.8,1.0,5.711111111111112,MODELED_SCENARIO
1989,11,5,118.6111111111111,100.0,0.8,1.0,9.488888888888887,MODELED_SCENARIO
1989,11,6,194.16666666666663,100.0,0.8,1.0,15.533333333333331,MODELED_SCENARIO
1989,11,7,282.22222222222223,100.0,0.8,1.0,22.57777777777778,MODELED_SCENARIO
1989,11,8,369.1666666666666,100.0,0.8,1.0,29.533333333333328,MODELED_SCENARIO
1989,11,9,456.38888888888886,100.0,0.8,1.0,36.51111111111111,MODELED_SCENARIO
1989,11,10,543.6111111111111,100.0,0.8,1.0,43.48888888888889,MODELED_SCENARIO
1989,11,11,589.1666666666666,100.0,0.8,1.0,47.13333333333333,MODELED_SCENARIO
1989,11,12,617.5,100.0,0.8,1.0,49.400000000000006,MODELED_SCENARIO
1989,11,13,614.7222222222223,100.0,0.8,1.0,49.177777777777784,MODELED_SCENARIO
1989,11,14,598.8888888888889,100.0,0.8,1.0,47.91111111111112,MODELED_SCENARIO
1989,11,15,559.7222222222223,100.0,0.8,1.0,44.77777777777778,MODELED_SCENARIO
1989,11,16,495.55555555555554,100.0,0.8,1.0,39.644444444444446,MODELED_SCENARIO
1989,11,17,429.1666666666666,100.0,0.8,1.0,34.33333333333333,MODELED_SCENARIO
1989,11,18,332.5,100.0,0.8,1.0,26.6,MODELED_SCENARIO
1989,11,19,255.5555555555556,100.0,0.8,1.0,20.44444444444445,MODELED_SCENARIO
1989,11,20,171.11111111111111,100.0,0.8,1.0,13.68888888888889,MODELED_SCENARIO
1989,11,21,94.16666666666669,100.0,0.8,1.0,7.533333333333336,MODELED_SCENARIO
1989,11,22,45.833333333333336,100.0,0.8,1.0,3.6666666666666674,MODELED_SCENARIO
1989,11,23,18.33333333333333,100.0,0.8,1.0,1.4666666666666666,MODELED_SCENARIO
1989,11,24,8.055555555555555,100.0,0.8,1.0,0.6444444444444445,MODELED_SCENARIO
1989,12,1,46.66666666666667,100.0,0.8,1.0,3.733333333333334,MODELED_SCENARIO
1989,12,2,55.833333333333336,100.0,0.8,1.0,4.466666666666668,MODELED_SCENARIO
1989,12,3,78.6111111111111,100.0,0.8,1.0,6.288888888888889,MODELED_SCENARIO
1989,12,4,118.88888888888889,100.0,0.8,1.0,9.511111111111111,MODELED_SCENARIO
1989,12,5,163.6111111111111,100.0,0.8,1.0,13.088888888888889,MODELED_SCENARIO
1989,12,6,241.66666666666663,100.0,0.8,1.0,19.333333333333332,MODELED_SCENARIO
1989,12,7,326.94444444444446,100.0,0.8,1.0,26.155555555555562,MODELED_SCENARIO
1989,12,8,445.55555555555554,100.0,0.8,1.0,35.644444444444446,MODELED_SCENARIO
1989,12,9,539.7222222222222,100.0,0.8,1.0,43.17777777777778,MODELED_SCENARIO
1989,12,10,622.2222222222223,100.0,0.8,1.0,49.77777777777778,MODELED_SCENARIO
1989,12,11,671.1111111111111,100.0,0.8,1.0,53.6888888888889,MODELED_SCENARIO
1989,12,12,692.7777777777778,100.0,0.8,1.0,55.42222222222223,MODELED_SCENARIO
1989,12,13,707.5,100.0,0.8,1.0,56.6,MODELED_SCENARIO
1989,12,14,709.7222222222223,100.0,0.8,1.0,56.777777777777786,MODELED_SCENARIO
1989,12,15,687.5,100.0,0.8,1.0,55.0,MODELED_SCENARIO
1989,12,16,616.1111111111111,100.0,0.8,1.0,49.28888888888889,MODELED_SCENARIO
1989,12,17,529.4444444444445,100.0,0.8,1.0,42.35555555555556,MODELED_SCENARIO
1989,12,18,425.27777777777777,100.0,0.8,1.0,34.022222222222226,MODELED_SCENARIO
1989,12,19,316.94444444444446,100.0,0.8,1.0,25.355555555555558,MODELED_SCENARIO
1989,12,20,225.5555555555556,100.0,0.8,1.0,18.044444444444448,MODELED_SCENARIO
1989,12,21,150.27777777777777,100.0,0.8,1.0,12.022222222222222,MODELED_SCENARIO
1989,12,22,88.05555555555556,100.0,0.8,1.0,7.044444444444444,MODELED_SCENARIO
1989,12,23,64.16666666666667,100.0,0.8,1.0,5.133333333333335,MODELED_SCENARIO
1989,12,24,49.72222222222222,100.0,0.8,1.0,3.977777777777778,MODELED_SCENARIO
1990,1,1,,100.0,0.8,1.0,,MODELED_SCENARIO
1990,1,2,,100.0,0.8,1.0,,MODELED_SCENARIO
1990,1,3,,100.0,0.8,1.0,,MODELED_SCENARIO
1990,1,4,,100.0,0.8,1.0,,MODELED_SCENARIO
1990,1,5,,100.0,0.8,1.0,,MODELED_SCENARIO
1990,1,6,,100.0,0.8,1.0,,MODELED_SCENARIO
1990,1,7,,100.0,0.8,1.0,,MODELED_SCENARIO
1990,1,8,,100.0,0.8,1.0,,MODELED_SCENARIO
1990,1,9,,100.0,0.8,1.0,,MODELED_SCENARIO
1990,1,10,,100.0,0.8,1.0,,MODELED_SCENARIO
1990,1,11,,100.0,0.8,1.0,,MODELED_SCENARIO
1990,1,12,,100.0,0.8,1.0,,MODELED_SCENARIO
1990,1,13,,100.0,0.8,1.0,,MODELED_SCENARIO
1990,1,14,,100.0,0.8,1.0,,MODELED_SCENARIO
1990,1,15,,100.0,0.8,1.0,,MODELED_SCENARIO
1990,1,16,,100.0,0.8,1.0,,MODELED_SCENARIO
1990,1,17,,100.0,0.8,1.0,,MODELED_SCENARIO
1990,1,18,,100.0,0.8,1.0,,MODELED_SCENARIO
1990,1,19,,100.0,0.8,1.0,,MODELED_SCENARIO
1990,1,20,,100.0,0.8,1.0,,MODELED_SCENARIO
1990,1,21,,100.0,0.8,1.0,,MODELED_SCENARIO
1990,1,22,,100.0,0.8,1.0,,MODELED_SCENARIO
1990,1,23,,100.0,0.8,1.0,,MODELED_SCENARIO
1990,1,24,,100.0,0.8,1.0,,MODELED_SCENARIO
1990,2,1,0.0,100.0,0.8,1.0,0.0,MODELED_SCENARIO
1990,2,2,0.0,100.0,0.8,1.0,0.0,MODELED_SCENARIO
1990,2,3,0.0,100.0,0.8,1.0,0.0,MODELED_SCENARIO
1990,2,4,2.7777777777777777,100.0,0.8,1.0,0.22222222222222224,MODELED_SCENARIO
1990,2,5,38.333333333333336,100.0,0.8,1.0,3.0666666666666673,MODELED_SCENARIO
1990,2,6,118.88888888888889,100.0,0.8,1.0,9.511111111111111,MODELED_SCENARIO
1990,2,7,187.5,100.0,0.8,1.0,15.0,MODELED_SCENARIO
1990,2,8,282.49999999999994,100.0,0.8,1.0,22.599999999999994,MODELED_SCENARIO
1990,2,9,357.49999999999994,100.0,0.8,1.0,28.599999999999994,MODELED_SCENARIO
1990,2,10,416.1111111111111,100.0,0.8,1.0,33.288888888888884,MODELED_SCENARIO
1990,2,11,455.0,100.0,0.8,1.0,36.4,MODELED_SCENARIO
1990,2,12,426.38888888888886,100.0,0.8,1.0,34.11111111111111,MODELED_SCENARIO
1990,2,13,498.6111111111111,100.0,0.8,1.0,39.888888888888886,MODELED_SCENARIO
1990,2,14,506.9444444444444,100.0,0.8,1.0,40.55555555555556,MODELED_SCENARIO
1990,2,15,427.22222222222223,100.0,0.8,1.0,34.17777777777778,MODELED_SCENARIO
1990,2,16,331.3888888888889,100.0,0.8,1.0,26.511111111111116,MODELED_SCENARIO
1990,2,17,250.0,100.0,0.8,1.0,20.0,MODELED_SCENARIO
1990,2,18,143.61111111111111,100.0,0.8,1.0,11.488888888888889,MODELED_SCENARIO
1990,2,19,74.16666666666667,100.0,0.8,1.0,5.933333333333334,MODELED_SCENARIO
1990,2,20,15.833333333333334,100.0,0.8,1.0,1.2666666666666668,MODELED_SCENARIO
1990,2,21,1.3888888888888888,100.0,0.8,1.0,0.11111111111111112,MODELED_SCENARIO
1990,2,22,0.0,100.0,0.8,1.0,0.0,MODELED_SCENARIO
1990,2,23,0.0,100.0,0.8,1.0,0.0,MODELED_SCENARIO
1990,2,24,0.0,100.0,0.8,1.0,0.0,MODELED_SCENARIO
1990,3,1,0.0,100.0,0.8,1.0,0.0,MODELED_SCENARIO
1990,3,2,0.0,100.0,0.8,1.0,0.0,MODELED_SCENARIO
1990,3,3,0.0,100.0,0.8,1.0,0.0,MODELED_SCENARIO
1990,3,4,0.0,100.0,0.8,1.0,0.0,MODELED_SCENARIO
1990,3,5,0.8333333333333334,100.0,0.8,1.0,0.06666666666666668,MODELED_SCENARIO
1990,3,6,16.944444444444443,100.0,0.8,1.0,1.3555555555555554,MODELED_SCENARIO
1990,3,7,54.44444444444444,100.0,0.8,1.0,4.355555555555555,MODELED_SCENARIO
1990,3,8,116.38888888888889,100.0,0.8,1.0,9.311111111111112,MODELED_SCENARIO
1990,3,9,181.94444444444449,100.0,0.8,1.0,14.55555555555556,MODELED_SCENARIO
1990,3,10,236.66666666666663,100.0,0.8,1.0,18.933333333333334,MODELED_SCENARIO
1990,3,11,281.6666666666667,100.0,0.8,1.0,22.533333333333335,MODELED_SCENARIO
1990,3,12,292.5,100.0,0.8,1.0,23.400000000000002,MODELED_SCENARIO
1990,3,13,297.77777777777777,100.0,0.8,1.0,23.822222222222223,MODELED_SCENARIO
1990,3,14,293.05555555555554,100.0,0.8,1.0,23.444444444444446,MODELED_SCENARIO
1990,3,15,261.9444444444444,100.0,0.8,1.0,20.955555555555556,MODELED_SCENARIO
1990,3,16,198.05555555555557,100.0,0.8,1.0,15.844444444444447,MODELED_SCENARIO
1990,3,17,130.27777777777777,100.0,0.8,1.0,10.422222222222222,MODELED_SCENARIO
1990,3,18,53.888888888888886,100.0,0.8,1.0,4.311111111111112,MODELED_SCENARIO
1990,3,19,16.38888888888889,100.0,0.8,1.0,1.3111111111111113,MODELED_SCENARIO
1990,3,20,0.5555555555555556,100.0,0.8,1.0,0.044444444444444446,MODELED_SCENARIO
1990,3,21,0.0,100.0,0.8,1.0,0.0,MODELED_SCENARIO
1990,3,22,0.0,100.0,0.8,1.0,0.0,MODELED_SCENARIO
1990,3,23,0.0,100.0,0.8,1.0,0.0,MODELED_SCENARIO
1990,3,24,0.0,100.0,0.8,1.0,0.0,MODELED_SCENARIO
1990,4,1,0.0,100.0,0.8,1.0,0.0,MODELED_SCENARIO
1990,4,2,0.0,100.0,0.8,1.0,0.0,MODELED_SCENARIO
1990,4,3,0.0,100.0,0.8,1.0,0.0,MODELED_SCENARIO
1990,4,4,0.0,100.0,0.8,1.0,0.0,MODELED_SCENARIO
1990,4,5,0.0,100.0,0.8,1.0,0.0,MODELED_SCENARIO
1990,4,6,0.0,100.0,0.8,1.0,0.0,MODELED_SCENARIO
1990,4,7,0.0,100.0,0.8,1.0,0.0,MODELED_SCENARIO
1990,4,8,5.555555555555555,100.0,0.8,1.0,0.4444444444444445,MODELED_SCENARIO
1990,4,9,31.944444444444446,100.0,0.8,1.0,2.5555555555555562,MODELED_SCENARIO
1990,4,10,71.66666666666667,100.0,0.8,1.0,5.733333333333334,MODELED_SCENARIO
1990,4,11,103.05555555555556,100.0,0.8,1.0,8.244444444444445,MODELED_SCENARIO
1990,4,12,123.05555555555556,100.0,0.8,1.0,9.844444444444445,MODELED_SCENARIO
1990,4,13,129.44444444444446,100.0,0.8,1.0,10.355555555555556,MODELED_SCENARIO
1990,4,14,111.11111111111111,100.0,0.8,1.0,8.888888888888891,MODELED_SCENARIO
1990,4,15,75.83333333333334,100.0,0.8,1.0,6.066666666666667,MODELED_SCENARIO
1990,4,16,38.61111111111112,100.0,0.8,1.0,3.0888888888888903,MODELED_SCENARIO
1990,4,17,11.944444444444445,100.0,0.8,1.0,0.9555555555555556,MODELED_SCENARIO
1990,4,18,0.0,100.0,0.8,1.0,0.0,MODELED_SCENARIO
1990,4,19,0.0,100.0,0.8,1.0,0.0,MODELED_SCENARIO
1990,4,20,0.0,100.0,0.8,1.0,0.0,MODELED_SCENARIO
1990,4,21,0.0,100.0,0.8,1.0,0.0,MODELED_SCENARIO
1990,4,22,0.0,100.0,0.8,1.0,0.0,MODELED_SCENARIO
1990,4,23,0.0,100.0,0.8,1.0,0.0,MODELED_SCENARIO
1990,4,24,0.0,100.0,0.8,1.0,0.0,MODELED_SCENARIO
1990,5,1,0.0,100.0,0.8,1.0,0.0,MODELED_SCENARIO
1990,5,2,0.0,100.0,0.8,1.0,0.0,MODELED_SCENARIO
1990,5,3,0.0,100.0,0.8,1.0,0.0,MODELED_SCENARIO
1990,5,4,0.0,100.0,0.8,1.0,0.0,MODELED_SCENARIO
1990,5,5,0.0,100.0,0.8,1.0,0.0,MODELED_SCENARIO
1990,5,6,0.0,100.0,0.8,1.0,0.0,MODELED_SCENARIO
1990,5,7,0.0,100.0,0.8,1.0,0.0,MODELED_SCENARIO
1990,5,8,0.0,100.0,0.8,1.0,0.0,MODELED_SCENARIO
1990,5,9,0.0,100.0,0.8,1.0,0.0,MODELED_SCENARIO
1990,5,10,0.0,100.0,0.8,1.0,0.0,MODELED_SCENARIO
1990,5,11,2.5,100.0,0.8,1.0,0.2,MODELED_SCENARIO
1990,5,12,13.333333333333334,100.0,0.8,1.0,1.0666666666666669,MODELED_SCENARIO
1990,5,13,16.11111111111111,100.0,0.8,1.0,1.288888888888889,MODELED_SCENARIO
1990,5,14,7.222222222222221,100.0,0.8,1.0,0.5777777777777777,MODELED_SCENARIO
1990,5,15,2.2222222222222223,100.0,0.8,1.0,0.17777777777777778,MODELED_SCENARIO
1990,5,16,0.0,100.0,0.8,1.0,0.0,MODELED_SCENARIO
1990,5,17,0.0,100.0,0.8,1.0,0.0,MODELED_SCENARIO
1990,5,18,0.0,100.0,0.8,1.0,0.0,MODELED_SCENARIO
1990,5,19,0.0,100.0,0.8,1.0,0.0,MODELED_SCENARIO
1990,5,20,0.0,100.0,0.8,1.0,0.0,MODELED_SCENARIO
1990,5,21,0.0,100.0,0.8,1.0,0.0,MODELED_SCENARIO
1990,5,22,0.0,100.0,0.8,1.0,0.0,MODELED_SCENARIO
1990,5,23,0.0,100.0,0.8,1.0,0.0,MODELED_SCENARIO
1990,5,24,0.0,100.0,0.8,1.0,0.0,MODELED_SCENARIO
1990,6,1,,100.0,0.8,1.0,,MODELED_SCENARIO
1990,6,2,,100.0,0.8,1.0,,MODELED_SCENARIO
1990,6,3,,100.0,0.8,1.0,,MODELED_SCENARIO
1990,6,4,,100.0,0.8,1.0,,MODELED_SCENARIO
1990,6,5,,100.0,0.8,1.0,,MODELED_SCENARIO
1990,6,6,,100.0,0.8,1.0,,MODELED_SCENARIO
1990,6,7,,100.0,0.8,1.0,,MODELED_SCENARIO
1990,6,8,,100.0,0.8,1.0,,MODELED_SCENARIO
1990,6,9,,100.0,0.8,1.0,,MODELED_SCENARIO
1990,6,10,,100.0,0.8,1.0,,MODELED_SCENARIO
1990,6,11,,100.0,0.8,1.0,,MODELED_SCENARIO
1990,6,12,,100.0,0.8,1.0,,MODELED_SCENARIO
1990,6,13,,100.0,0.8,1.0,,MODELED_SCENARIO
1990,6,14,,100.0,0.8,1.0,,MODELED_SCENARIO
1990,6,15,,100.0,0.8,1.0,,MODELED_SCENARIO
1990,6,16,,100.0,0.8,1.0,,MODELED_SCENARIO
1990,6,17,,100.0,0.8,1.0,,MODELED_SCENARIO
1990,6,18,,100.0,0.8,1.0,,MODELED_SCENARIO
1990,6,19,,100.0,0.8,1.0,,MODELED_SCENARIO
1990,6,20,,100.0,0.8,1.0,,MODELED_SCENARIO
1990,6,21,,100.0,0.8,1.0,,MODELED_SCENARIO
1990,6,22,,100.0,0.8,1.0,,MODELED_SCENARIO
1990,6,23,,100.0,0.8,1.0,,MODELED_SCENARIO
1990,6,24,,100.0,0.8,1.0,,MODELED_SCENARIO
1990,7,1,0.0,100.0,0.8,1.0,0.0,MODELED_SCENARIO
1990,7,2,0.0,100.0,0.8,1.0,0.0,MODELED_SCENARIO
1990,7,3,0.0,100.0,0.8,1.0,0.0,MODELED_SCENARIO
1990,7,4,0.0,100.0,0.8,1.0,0.0,MODELED_SCENARIO
1990,7,5,0.0,100.0,0.8,1.0,0.0,MODELED_SCENARIO
1990,7,6,0.0,100.0,0.8,1.0,0.0,MODELED_SCENARIO
1990,7,7,0.0,100.0,0.8,1.0,0.0,MODELED_SCENARIO
1990,7,8,0.0,100.0,0.8,1.0,0.0,MODELED_SCENARIO
1990,7,9,0.0,100.0,0.8,1.0,0.0,MODELED_SCENARIO
1990,7,10,0.0,100.0,0.8,1.0,0.0,MODELED_SCENARIO
1990,7,11,0.0,100.0,0.8,1.0,0.0,MODELED_SCENARIO
1990,7,12,5.555555555555555,100.0,0.8,1.0,0.4444444444444445,MODELED_SCENARIO
1990,7,13,6.388888888888888,100.0,0.8,1.0,0.5111111111111111,MODELED_SCENARIO
1990,7,14,0.8333333333333334,100.0,0.8,1.0,0.06666666666666668,MODELED_SCENARIO
1990,7,15,0.0,100.0,0.8,1.0,0.0,MODELED_SCENARIO
1990,7,16,0.0,100.0,0.8,1.0,0.0,MODELED_SCENARIO
1990,7,17,0.0,100.0,0.8,1.0,0.0,MODELED_SCENARIO
1990,7,18,0.0,100.0,0.8,1.0,0.0,MODELED_SCENARIO
1990,7,19,0.0,100.0,0.8,1.0,0.0,MODELED_SCENARIO
1990,7,20,0.0,100.0,0.8,1.0,0.0,MODELED_SCENARIO
1990,7,21,0.0,100.0,0.8,1.0,0.0,MODELED_SCENARIO
1990,7,22,0.0,100.0,0.8,1.0,0.0,MODELED_SCENARIO
1990,7,23,0.0,100.0,0.8,1.0,0.0,MODELED_SCENARIO
1990,7,24,0.0,100.0,0.8,1.0,0.0,MODELED_SCENARIO
1990,8,1,0.0,100.0,0.8,1.0,0.0,MODELED_SCENARIO
1990,8,2,0.0,100.0,0.8,1.0,0.0,MODELED_SCENARIO
1990,8,3,0.0,100.0,0.8,1.0,0.0,MODELED_SCENARIO
1990,8,4,0.0,100.0,0.8,1.0,0.0,MODELED_SCENARIO
1990,8,5,0.0,100.0,0.8,1.0,0.0,MODELED_SCENARIO
1990,8,6,0.0,100.0,0.8,1.0,0.0,MODELED_SCENARIO
1990,8,7,0.0,100.0,0.8,1.0,0.0,MODELED_SCENARIO
1990,8,8,1.6666666666666667,100.0,0.8,1.0,0.13333333333333336,MODELED_SCENARIO
1990,8,9,11.11111111111111,100.0,0.8,1.0,0.888888888888889,MODELED_SCENARIO
1990,8,10,35.833333333333336,100.0,0.8,1.0,2.866666666666667,MODELED_SCENARIO
1990,8,11,70.55555555555556,100.0,0.8,1.0,5.644444444444445,MODELED_SCENARIO
1990,8,12,94.44444444444444,100.0,0.8,1.0,7.555555555555556,MODELED_SCENARIO
1990,8,13,98.6111111111111,100.0,0.8,1.0,7.8888888888888875,MODELED_SCENARIO
1990,8,14,79.16666666666666,100.0,0.8,1.0,6.333333333333333,MODELED_SCENARIO
1990,8,15,46.94444444444445,100.0,0.8,1.0,3.755555555555556,MODELED_SCENARIO
1990,8,16,14.72222222222222,100.0,0.8,1.0,1.1777777777777776,MODELED_SCENARIO
1990,8,17,1.6666666666666667,100.0,0.8,1.0,0.13333333333333336,MODELED_SCENARIO
1990,8,18,0.0,100.0,0.8,1.0,0.0,MODELED_SCENARIO
1990,8,19,0.0,100.0,0.8,1.0,0.0,MODELED_SCENARIO
1990,8,20,0.0,100.0,0.8,1.0,0.0,MODELED_SCENARIO
1990,8,21,0.0,100.0,0.8,1.0,0.0,MODELED_SCENARIO
1990,8,22,0.0,100.0,0.8,1.0,0.0,MODELED_SCENARIO
1990,8,23,0.0,100.0,0.8,1.0,0.0,MODELED_SCENARIO
1990,8,24,0.0,100.0,0.8,1.0,0.0,MODELED_SCENARIO
1990,9,1,0.0,100.0,0.8,1.0,0.0,MODELED_SCENARIO
1990,9,2,0.0,100.0,0.8,1.0,0.0,MODELED_SCENARIO
1990,9,3,0.0,100.0,0.8,1.0,0.0,MODELED_SCENARIO
1990,9,4,0.0,100.0,0.8,1.0,0.0,MODELED_SCENARIO
1990,9,5,0.0,100.0,0.8,1.0,0.0,MODELED_SCENARIO
1990,9,6,1.3888888888888888,100.0,0.8,1.0,0.11111111111111112,MODELED_SCENARIO
1990,9,7,24.444444444444443,100.0,0.8,1.0,1.9555555555555555,MODELED_SCENARIO
1990,9,8,86.94444444444444,100.0,0.8,1.0,6.955555555555556,MODELED_SCENARIO
1990,9,9,166.11111111111111,100.0,0.8,1.0,13.288888888888891,MODELED_SCENARIO
1990,9,10,226.1111111111111,100.0,0.8,1.0,18.08888888888889,MODELED_SCENARIO
1990,9,11,266.94444444444446,100.0,0.8,1.0,21.35555555555556,MODELED_SCENARIO
1990,9,12,286.6666666666667,100.0,0.8,1.0,22.933333333333337,MODELED_SCENARIO
1990,9,13,292.22222222222223,100.0,0.8,1.0,23.37777777777778,MODELED_SCENARIO
1990,9,14,264.4444444444444,100.0,0.8,1.0,21.155555555555555,MODELED_SCENARIO
1990,9,15,219.72222222222223,100.0,0.8,1.0,17.57777777777778,MODELED_SCENARIO
1990,9,16,151.66666666666669,100.0,0.8,1.0,12.133333333333335,MODELED_SCENARIO
1990,9,17,78.88888888888889,100.0,0.8,1.0,6.311111111111111,MODELED_SCENARIO
1990,9,18,24.72222222222222,100.0,0.8,1.0,1.9777777777777779,MODELED_SCENARIO
1990,9,19,0.5555555555555556,100.0,0.8,1.0,0.044444444444444446,MODELED_SCENARIO
1990,9,20,0.0,100.0,0.8,1.0,0.0,MODELED_SCENARIO
1990,9,21,0.0,100.0,0.8,1.0,0.0,MODELED_SCENARIO
1990,9,22,0.0,100.0,0.8,1.0,0.0,MODELED_SCENARIO
1990,9,23,0.0,100.0,0.8,1.0,0.0,MODELED_SCENARIO
1990,9,24,0.0,100.0,0.8,1.0,0.0,MODELED_SCENARIO
1990,10,1,0.0,100.0,0.8,1.0,0.0,MODELED_SCENARIO
1990,10,2,0.0,100.0,0.8,1.0,0.0,MODELED_SCENARIO
1990,10,3,0.0,100.0,0.8,1.0,0.0,MODELED_SCENARIO
1990,10,4,2.2222222222222223,100.0,0.8,1.0,0.17777777777777778,MODELED_SCENARIO
1990,10,5,24.166666666666664,100.0,0.8,1.0,1.933333333333333,MODELED_SCENARIO
1990,10,6,72.5,100.0,0.8,1.0,5.8,MODELED_SCENARIO
1990,10,7,159.16666666666666,100.0,0.8,1.0,12.733333333333333,MODELED_SCENARIO
1990,10,8,238.3333333333333,100.0,0.8,1.0,19.066666666666663,MODELED_SCENARIO
1990,10,9,307.5,100.0,0.8,1.0,24.6,MODELED_SCENARIO
1990,10,10,362.5,100.0,0.8,1.0,29.0,MODELED_SCENARIO
1990,10,11,415.55555555555554,100.0,0.8,1.0,33.24444444444445,MODELED_SCENARIO
1990,10,12,457.2222222222222,100.0,0.8,1.0,36.577777777777776,MODELED_SCENARIO
1990,10,13,456.38888888888886,100.0,0.8,1.0,36.51111111111111,MODELED_SCENARIO
1990,10,14,412.77777777777777,100.0,0.8,1.0,33.022222222222226,MODELED_SCENARIO
1990,10,15,370.55555555555554,100.0,0.8,1.0,29.644444444444442,MODELED_SCENARIO
1990,10,16,319.72222222222223,100.0,0.8,1.0,25.577777777777783,MODELED_SCENARIO
1990,10,17,248.33333333333331,100.0,0.8,1.0,19.866666666666667,MODELED_SCENARIO
1990,10,18,156.38888888888886,100.0,0.8,1.0,12.51111111111111,MODELED_SCENARIO
1990,10,19,77.77777777777779,100.0,0.8,1.0,6.222222222222222,MODELED_SCENARIO
1990,10,20,16.666666666666664,100.0,0.8,1.0,1.333333333333333,MODELED_SCENARIO
1990,10,21,0.5555555555555556,100.0,0.8,1.0,0.044444444444444446,MODELED_SCENARIO
1990,10,22,0.0,100.0,0.8,1.0,0.0,MODELED_SCENARIO
1990,10,23,0.0,100.0,0.8,1.0,0.0,MODELED_SCENARIO
1990,10,24,0.0,100.0,0.8,1.0,0.0,MODELED_SCENARIO
1990,11,1,3.611111111111111,100.0,0.8,1.0,0.2888888888888889,MODELED_SCENARIO
1990,11,2,8.333333333333332,100.0,0.8,1.0,0.6666666666666665,MODELED_SCENARIO
1990,11,3,39.72222222222222,100.0,0.8,1.0,3.177777777777778,MODELED_SCENARIO
1990,11,4,104.16666666666666,100.0,0.8,1.0,8.333333333333334,MODELED_SCENARIO
1990,11,5,177.5,100.0,0.8,1.0,14.200000000000001,MODELED_SCENARIO
1990,11,6,246.94444444444443,100.0,0.8,1.0,19.755555555555556,MODELED_SCENARIO
1990,11,7,336.1111111111111,100.0,0.8,1.0,26.888888888888886,MODELED_SCENARIO
1990,11,8,419.44444444444446,100.0,0.8,1.0,33.55555555555556,MODELED_SCENARIO
1990,11,9,497.5,100.0,0.8,1.0,39.800000000000004,MODELED_SCENARIO
1990,11,10,571.6666666666666,100.0,0.8,1.0,45.733333333333334,MODELED_SCENARIO
1990,11,11,618.3333333333333,100.0,0.8,1.0,49.46666666666667,MODELED_SCENARIO
1990,11,12,658.3333333333334,100.0,0.8,1.0,52.666666666666664,MODELED_SCENARIO
1990,11,13,639.7222222222222,100.0,0.8,1.0,51.17777777777778,MODELED_SCENARIO
1990,11,14,616.6666666666667,100.0,0.8,1.0,49.33333333333334,MODELED_SCENARIO
1990,11,15,574.7222222222222,100.0,0.8,1.0,45.977777777777774,MODELED_SCENARIO
1990,11,16,520.2777777777777,100.0,0.8,1.0,41.62222222222222,MODELED_SCENARIO
1990,11,17,426.6666666666667,100.0,0.8,1.0,34.13333333333334,MODELED_SCENARIO
1990,11,18,336.1111111111111,100.0,0.8,1.0,26.888888888888886,MODELED_SCENARIO
1990,11,19,244.72222222222223,100.0,0.8,1.0,19.57777777777778,MODELED_SCENARIO
1990,11,20,163.05555555555554,100.0,0.8,1.0,13.044444444444444,MODELED_SCENARIO
1990,11,21,90.0,100.0,0.8,1.0,7.2,MODELED_SCENARIO
1990,11,22,21.666666666666668,100.0,0.8,1.0,1.7333333333333336,MODELED_SCENARIO
1990,11,23,5.833333333333334,100.0,0.8,1.0,0.46666666666666673,MODELED_SCENARIO
1990,11,24,2.7777777777777777,100.0,0.8,1.0,0.22222222222222224,MODELED_SCENARIO
1990,12,1,29.444444444444443,100.0,0.8,1.0,2.3555555555555556,MODELED_SCENARIO
1990,12,2,45.833333333333336,100.0,0.8,1.0,3.6666666666666674,MODELED_SCENARIO
1990,12,3,116.38888888888889,100.0,0.8,1.0,9.311111111111112,MODELED_SCENARIO
1990,12,4,170.55555555555554,100.0,0.8,1.0,13.644444444444444,MODELED_SCENARIO
1990,12,5,233.88888888888889,100.0,0.8,1.0,18.711111111111112,MODELED_SCENARIO
1990,12,6,315.8333333333333,100.0,0.8,1.0,25.266666666666666,MODELED_SCENARIO
1990,12,7,419.1666666666666,100.0,0.8,1.0,33.533333333333324,MODELED_SCENARIO
1990,12,8,504.7222222222222,100.0,0.8,1.0,40.37777777777778,MODELED_SCENARIO
1990,12,9,592.7777777777777,100.0,0.8,1.0,47.42222222222222,MODELED_SCENARIO
1990,12,10,684.1666666666666,100.0,0.8,1.0,54.73333333333333,MODELED_SCENARIO
1990,12,11,741.9444444444443,100.0,0.8,1.0,59.35555555555555,MODELED_SCENARIO
1990,12,12,769.1666666666666,100.0,0.8,1.0,61.53333333333334,MODELED_SCENARIO
1990,12,13,736.3888888888888,100.0,0.8,1.0,58.9111111111111,MODELED_SCENARIO
1990,12,14,735.8333333333334,100.0,0.8,1.0,58.86666666666667,MODELED_SCENARIO
1990,12,15,678.0555555555555,100.0,0.8,1.0,54.24444444444445,MODELED_SCENARIO
1990,12,16,591.6666666666666,100.0,0.8,1.0,47.333333333333336,MODELED_SCENARIO
1990,12,17,485.55555555555554,100.0,0.8,1.0,38.84444444444444,MODELED_SCENARIO
1990,12,18,402.77777777777777,100.0,0.8,1.0,32.22222222222222,MODELED_SCENARIO
1990,12,19,315.8333333333333,100.0,0.8,1.0,25.266666666666666,MODELED_SCENARIO
1990,12,20,246.66666666666663,100.0,0.8,1.0,19.73333333333333,MODELED_SCENARIO
1990,12,21,181.66666666666663,100.0,0.8,1.0,14.53333333333333,MODELED_SCENARIO
1990,12,22,116.1111111111111,100.0,0.8,1.0,9.288888888888888,MODELED_SCENARIO
1990,12,23,42.22222222222222,100.0,0.8,1.0,3.377777777777778,MODELED_SCENARIO
1990,12,24,29.444444444444443,100.0,0.8,1.0,2.3555555555555556,MODELED_SCENARIO
1991,1,1,3.055555555555556,100.0,0.8,1.0,0.24444444444444446,MODELED_SCENARIO
1991,1,2,5.833333333333334,100.0,0.8,1.0,0.46666666666666673,MODELED_SCENARIO
1991,1,3,31.38888888888889,100.0,0.8,1.0,2.511111111111111,MODELED_SCENARIO
1991,1,4,73.88888888888889,100.0,0.8,1.0,5.9111111111111105,MODELED_SCENARIO
1991,1,5,129.16666666666666,100.0,0.8,1.0,10.333333333333332,MODELED_SCENARIO
1991,1,6,203.05555555555557,100.0,0.8,1.0,16.244444444444447,MODELED_SCENARIO
1991,1,7,291.9444444444444,100.0,0.8,1.0,23.355555555555554,MODELED_SCENARIO
1991,1,8,380.27777777777777,100.0,0.8,1.0,30.422222222222224,MODELED_SCENARIO
1991,1,9,488.6111111111111,100.0,0.8,1.0,39.088888888888896,MODELED_SCENARIO
1991,1,10,562.7777777777777,100.0,0.8,1.0,45.02222222222222,MODELED_SCENARIO
1991,1,11,606.3888888888888,100.0,0.8,1.0,48.511111111111106,MODELED_SCENARIO
1991,1,12,630.5555555555555,100.0,0.8,1.0,50.44444444444445,MODELED_SCENARIO
1991,1,13,625.2777777777777,100.0,0.8,1.0,50.02222222222222,MODELED_SCENARIO
1991,1,14,598.6111111111111,100.0,0.8,1.0,47.888888888888886,MODELED_SCENARIO
1991,1,15,539.1666666666666,100.0,0.8,1.0,43.13333333333334,MODELED_SCENARIO
1991,1,16,503.8888888888889,100.0,0.8,1.0,40.31111111111112,MODELED_SCENARIO
1991,1,17,416.6666666666666,100.0,0.8,1.0,33.33333333333333,MODELED_SCENARIO
1991,1,18,315.27777777777777,100.0,0.8,1.0,25.222222222222225,MODELED_SCENARIO
1991,1,19,230.8333333333333,100.0,0.8,1.0,18.466666666666665,MODELED_SCENARIO
1991,1,20,155.55555555555557,100.0,0.8,1.0,12.444444444444445,MODELED_SCENARIO
1991,1,21,100.55555555555556,100.0,0.8,1.0,8.044444444444444,MODELED_SCENARIO
1991,1,22,43.05555555555556,100.0,0.8,1.0,3.4444444444444446,MODELED_SCENARIO
1991,1,23,8.333333333333332,100.0,0.8,1.0,0.6666666666666665,MODELED_SCENARIO
1991,1,24,5.833333333333334,100.0,0.8,1.0,0.46666666666666673,MODELED_SCENARIO
1991,2,1,0.0,100.0,0.8,1.0,0.0,MODELED_SCENARIO
1991,2,2,0.2777777777777778,100.0,0.8,1.0,0.022222222222222223,MODELED_SCENARIO
1991,2,3,1.3888888888888888,100.0,0.8,1.0,0.11111111111111112,MODELED_SCENARIO
1991,2,4,16.944444444444443,100.0,0.8,1.0,1.3555555555555554,MODELED_SCENARIO
1991,2,5,59.44444444444444,100.0,0.8,1.0,4.7555555555555555,MODELED_SCENARIO
1991,2,6,118.88888888888889,100.0,0.8,1.0,9.511111111111111,MODELED_SCENARIO
1991,2,7,165.27777777777777,100.0,0.8,1.0,13.222222222222223,MODELED_SCENARIO
1991,2,8,238.3333333333333,100.0,0.8,1.0,19.066666666666663,MODELED_SCENARIO
1991,2,9,281.9444444444444,100.0,0.8,1.0,22.555555555555554,MODELED_SCENARIO
1991,2,10,350.0,100.0,0.8,1.0,28.0,MODELED_SCENARIO
1991,2,11,408.05555555555554,100.0,0.8,1.0,32.644444444444446,MODELED_SCENARIO
1991,2,12,388.3333333333333,100.0,0.8,1.0,31.066666666666663,MODELED_SCENARIO
1991,2,13,434.7222222222222,100.0,0.8,1.0,34.77777777777777,MODELED_SCENARIO
1991,2,14,434.44444444444446,100.0,0.8,1.0,34.75555555555556,MODELED_SCENARIO
1991,2,15,384.1666666666667,100.0,0.8,1.0,30.733333333333338,MODELED_SCENARIO
1991,2,16,328.61111111111114,100.0,0.8,1.0,26.28888888888889,MODELED_SCENARIO
1991,2,17,265.0,100.0,0.8,1.0,21.200000000000003,MODELED_SCENARIO
1991,2,18,194.7222222222222,100.0,0.8,1.0,15.577777777777778,MODELED_SCENARIO
1991,2,19,121.94444444444444,100.0,0.8,1.0,9.755555555555556,MODELED_SCENARIO
1991,2,20,68.33333333333333,100.0,0.8,1.0,5.466666666666667,MODELED_SCENARIO
1991,2,21,19.444444444444446,100.0,0.8,1.0,1.5555555555555556,MODELED_SCENARIO
1991,2,22,2.2222222222222223,100.0,0.8,1.0,0.17777777777777778,MODELED_SCENARIO
1991,2,23,0.2777777777777778,100.0,0.8,1.0,0.022222222222222223,MODELED_SCENARIO
1991,2,24,0.0,100.0,0.8,1.0,0.0,MODELED_SCENARIO
1991,3,1,0.0,100.0,0.8,1.0,0.0,MODELED_SCENARIO
1991,3,2,0.0,100.0,0.8,1.0,0.0,MODELED_SCENARIO
1991,3,3,0.0,100.0,0.8,1.0,0.0,MODELED_SCENARIO
1991,3,4,0.0,100.0,0.8,1.0,0.0,MODELED_SCENARIO
1991,3,5,0.5555555555555556,100.0,0.8,1.0,0.044444444444444446,MODELED_SCENARIO
1991,3,6,13.333333333333334,100.0,0.8,1.0,1.0666666666666669,MODELED_SCENARIO
1991,3,7,47.5,100.0,0.8,1.0,3.8000000000000003,MODELED_SCENARIO
1991,3,8,115.27777777777776,100.0,0.8,1.0,9.22222222222222,MODELED_SCENARIO
1991,3,9,170.0,100.0,0.8,1.0,13.600000000000001,MODELED_SCENARIO
1991,3,10,223.33333333333331,100.0,0.8,1.0,17.866666666666667,MODELED_SCENARIO
1991,3,11,272.5,100.0,0.8,1.0,21.800000000000004,MODELED_SCENARIO
1991,3,12,307.77777777777777,100.0,0.8,1.0,24.62222222222222,MODELED_SCENARIO
1991,3,13,312.7777777777777,100.0,0.8,1.0,25.02222222222222,MODELED_SCENARIO
1991,3,14,288.05555555555554,100.0,0.8,1.0,23.044444444444448,MODELED_SCENARIO
1991,3,15,241.11111111111111,100.0,0.8,1.0,19.28888888888889,MODELED_SCENARIO
1991,3,16,179.72222222222223,100.0,0.8,1.0,14.377777777777778,MODELED_SCENARIO
1991,3,17,125.27777777777776,100.0,0.8,1.0,10.022222222222222,MODELED_SCENARIO
1991,3,18,66.94444444444444,100.0,0.8,1.0,5.355555555555556,MODELED_SCENARIO
1991,3,19,18.33333333333333,100.0,0.8,1.0,1.4666666666666666,MODELED_SCENARIO
1991,3,20,0.2777777777777778,100.0,0.8,1.0,0.022222222222222223,MODELED_SCENARIO
1991,3,21,0.0,100.0,0.8,1.0,0.0,MODELED_SCENARIO
1991,3,22,0.0,100.0,0.8,1.0,0.0,MODELED_SCENARIO
1991,3,23,,100.0,0.8,1.0,,MODELED_SCENARIO
1991,3,24,,100.0,0.8,1.0,,MODELED_SCENARIO
1991,4,1,0.0,100.0,0.8,1.0,0.0,MODELED_SCENARIO
1991,4,2,0.0,100.0,0.8,1.0,0.0,MODELED_SCENARIO
1991,4,3,0.0,100.0,0.8,1.0,0.0,MODELED_SCENARIO
1991,4,4,0.0,100.0,0.8,1.0,0.0,MODELED_SCENARIO
1991,4,5,0.0,100.0,0.8,1.0,0.0,MODELED_SCENARIO
1991,4,6,0.0,100.0,0.8,1.0,0.0,MODELED_SCENARIO
1991,4,7,0.0,100.0,0.8,1.0,0.0,MODELED_SCENARIO
1991,4,8,7.5,100.0,0.8,1.0,0.6000000000000001,MODELED_SCENARIO
1991,4,9,39.72222222222222,100.0,0.8,1.0,3.177777777777778,MODELED_SCENARIO
1991,4,10,81.38888888888889,100.0,0.8,1.0,6.511111111111112,MODELED_SCENARIO
1991,4,11,121.66666666666666,100.0,0.8,1.0,9.733333333333334,MODELED_SCENARIO
1991,4,12,143.33333333333334,100.0,0.8,1.0,11.466666666666669,MODELED_SCENARIO
1991,4,13,145.55555555555557,100.0,0.8,1.0,11.644444444444446,MODELED_SCENARIO
1991,4,14,126.94444444444444,100.0,0.8,1.0,10.155555555555557,MODELED_SCENARIO
1991,4,15,87.77777777777777,100.0,0.8,1.0,7.022222222222222,MODELED_SCENARIO
1991,4,16,43.888888888888886,100.0,0.8,1.0,3.511111111111111,MODELED_SCENARIO
1991,4,17,9.999999999999998,100.0,0.8,1.0,0.7999999999999999,MODELED_SCENARIO
1991,4,18,0.0,100.0,0.8,1.0,0.0,MODELED_SCENARIO
1991,4,19,0.0,100.0,0.8,1.0,0.0,MODELED_SCENARIO
1991,4,20,0.0,100.0,0.8,1.0,0.0,MODELED_SCENARIO
1991,4,21,0.0,100.0,0.8,1.0,0.0,MODELED_SCENARIO
1991,4,22,0.0,100.0,0.8,1.0,0.0,MODELED_SCENARIO
1991,4,23,0.0,100.0,0.8,1.0,0.0,MODELED_SCENARIO
1991,4,24,0.0,100.0,0.8,1.0,0.0,MODELED_SCENARIO
1991,5,1,0.0,100.0,0.8,1.0,0.0,MODELED_SCENARIO
1991,5,2,0.0,100.0,0.8,1.0,0.0,MODELED_SCENARIO
1991,5,3,0.0,100.0,0.8,1.0,0.0,MODELED_SCENARIO
1991,5,4,0.0,100.0,0.8,1.0,0.0,MODELED_SCENARIO
1991,5,5,0.0,100.0,0.8,1.0,0.0,MODELED_SCENARIO
1991,5,6,0.0,100.0,0.8,1.0,0.0,MODELED_SCENARIO
1991,5,7,0.0,100.0,0.8,1.0,0.0,MODELED_SCENARIO
1991,5,8,0.0,100.0,0.8,1.0,0.0,MODELED_SCENARIO
1991,5,9,0.0,100.0,0.8,1.0,0.0,MODELED_SCENARIO
1991,5,10,0.8333333333333334,100.0,0.8,1.0,0.06666666666666668,MODELED_SCENARIO
1991,5,11,11.944444444444445,100.0,0.8,1.0,0.9555555555555556,MODELED_SCENARIO
1991,5,12,29.444444444444443,100.0,0.8,1.0,2.3555555555555556,MODELED_SCENARIO
1991,5,13,31.666666666666668,100.0,0.8,1.0,2.5333333333333337,MODELED_SCENARIO
1991,5,14,16.944444444444443,100.0,0.8,1.0,1.3555555555555554,MODELED_SCENARIO
1991,5,15,3.055555555555556,100.0,0.8,1.0,0.24444444444444446,MODELED_SCENARIO
1991,5,16,0.0,100.0,0.8,1.0,0.0,MODELED_SCENARIO
1991,5,17,0.0,100.0,0.8,1.0,0.0,MODELED_SCENARIO
1991,5,18,0.0,100.0,0.8,1.0,0.0,MODELED_SCENARIO
1991,5,19,0.0,100.0,0.8,1.0,0.0,MODELED_SCENARIO
1991,5,20,0.0,100.0,0.8,1.0,0.0,MODELED_SCENARIO
1991,5,21,0.0,100.0,0.8,1.0,0.0,MODELED_SCENARIO
1991,5,22,0.0,100.0,0.8,1.0,0.0,MODELED_SCENARIO
1991,5,23,0.0,100.0,0.8,1.0,0.0,MODELED_SCENARIO
1991,5,24,0.0,100.0,0.8,1.0,0.0,MODELED_SCENARIO
1991,6,1,,100.0,0.8,1.0,,MODELED_SCENARIO
1991,6,2,,100.0,0.8,1.0,,MODELED_SCENARIO
1991,6,3,,100.0,0.8,1.0,,MODELED_SCENARIO
1991,6,4,,100.0,0.8,1.0,,MODELED_SCENARIO
1991,6,5,,100.0,0.8,1.0,,MODELED_SCENARIO
1991,6,6,,100.0,0.8,1.0,,MODELED_SCENARIO
1991,6,7,,100.0,0.8,1.0,,MODELED_SCENARIO
1991,6,8,,100.0,0.8,1.0,,MODELED_SCENARIO
1991,6,9,,100.0,0.8,1.0,,MODELED_SCENARIO
1991,6,10,,100.0,0.8,1.0,,MODELED_SCENARIO
1991,6,11,,100.0,0.8,1.0,,MODELED_SCENARIO
1991,6,12,,100.0,0.8,1.0,,MODELED_SCENARIO
1991,6,13,,100.0,0.8,1.0,,MODELED_SCENARIO
1991,6,14,,100.0,0.8,1.0,,MODELED_SCENARIO
1991,6,15,,100.0,0.8,1.0,,MODELED_SCENARIO
1991,6,16,,100.0,0.8,1.0,,MODELED_SCENARIO
1991,6,17,,100.0,0.8,1.0,,MODELED_SCENARIO
1991,6,18,,100.0,0.8,1.0,,MODELED_SCENARIO
1991,6,19,,100.0,0.8,1.0,,MODELED_SCENARIO
1991,6,20,,100.0,0.8,1.0,,MODELED_SCENARIO
1991,6,21,,100.0,0.8,1.0,,MODELED_SCENARIO
1991,6,22,,100.0,0.8,1.0,,MODELED_SCENARIO
1991,6,23,,100.0,0.8,1.0,,MODELED_SCENARIO
1991,6,24,,100.0,0.8,1.0,,MODELED_SCENARIO
1991,7,1,0.0,100.0,0.8,1.0,0.0,MODELED_SCENARIO
1991,7,2,0.0,100.0,0.8,1.0,0.0,MODELED_SCENARIO
1991,7,3,0.0,100.0,0.8,1.0,0.0,MODELED_SCENARIO
1991,7,4,0.0,100.0,0.8,1.0,0.0,MODELED_SCENARIO
1991,7,5,0.0,100.0,0.8,1.0,0.0,MODELED_SCENARIO
1991,7,6,0.0,100.0,0.8,1.0,0.0,MODELED_SCENARIO
1991,7,7,0.0,100.0,0.8,1.0,0.0,MODELED_SCENARIO
1991,7,8,0.0,100.0,0.8,1.0,0.0,MODELED_SCENARIO
1991,7,9,0.0,100.0,0.8,1.0,0.0,MODELED_SCENARIO
1991,7,10,0.0,100.0,0.8,1.0,0.0,MODELED_SCENARIO
1991,7,11,0.8333333333333334,100.0,0.8,1.0,0.06666666666666668,MODELED_SCENARIO
1991,7,12,9.722222222222223,100.0,0.8,1.0,0.7777777777777778,MODELED_SCENARIO
1991,7,13,13.333333333333334,100.0,0.8,1.0,1.0666666666666669,MODELED_SCENARIO
1991,7,14,1.3888888888888888,100.0,0.8,1.0,0.11111111111111112,MODELED_SCENARIO
1991,7,15,0.0,100.0,0.8,1.0,0.0,MODELED_SCENARIO
1991,7,16,0.0,100.0,0.8,1.0,0.0,MODELED_SCENARIO
1991,7,17,0.0,100.0,0.8,1.0,0.0,MODELED_SCENARIO
1991,7,18,0.0,100.0,0.8,1.0,0.0,MODELED_SCENARIO
1991,7,19,0.0,100.0,0.8,1.0,0.0,MODELED_SCENARIO
1991,7,20,0.0,100.0,0.8,1.0,0.0,MODELED_SCENARIO
1991,7,21,0.0,100.0,0.8,1.0,0.0,MODELED_SCENARIO
1991,7,22,0.0,100.0,0.8,1.0,0.0,MODELED_SCENARIO
1991,7,23,0.0,100.0,0.8,1.0,0.0,MODELED_SCENARIO
1991,7,24,0.0,100.0,0.8,1.0,0.0,MODELED_SCENARIO
1991,8,1,0.0,100.0,0.8,1.0,0.0,MODELED_SCENARIO
1991,8,2,0.0,100.0,0.8,1.0,0.0,MODELED_SCENARIO
1991,8,3,0.0,100.0,0.8,1.0,0.0,MODELED_SCENARIO
1991,8,4,0.0,100.0,0.8,1.0,0.0,MODELED_SCENARIO
1991,8,5,0.0,100.0,0.8,1.0,0.0,MODELED_SCENARIO
1991,8,6,0.0,100.0,0.8,1.0,0.0,MODELED_SCENARIO
1991,8,7,0.0,100.0,0.8,1.0,0.0,MODELED_SCENARIO
1991,8,8,0.2777777777777778,100.0,0.8,1.0,0.022222222222222223,MODELED_SCENARIO
1991,8,9,6.388888888888888,100.0,0.8,1.0,0.5111111111111111,MODELED_SCENARIO
1991,8,10,30.27777777777778,100.0,0.8,1.0,2.4222222222222225,MODELED_SCENARIO
1991,8,11,55.833333333333336,100.0,0.8,1.0,4.466666666666668,MODELED_SCENARIO
1991,8,12,75.27777777777779,100.0,0.8,1.0,6.022222222222224,MODELED_SCENARIO
1991,8,13,76.11111111111111,100.0,0.8,1.0,6.0888888888888895,MODELED_SCENARIO
1991,8,14,60.27777777777778,100.0,0.8,1.0,4.822222222222223,MODELED_SCENARIO
1991,8,15,34.166666666666664,100.0,0.8,1.0,2.7333333333333334,MODELED_SCENARIO
1991,8,16,8.61111111111111,100.0,0.8,1.0,0.688888888888889,MODELED_SCENARIO
1991,8,17,0.2777777777777778,100.0,0.8,1.0,0.022222222222222223,MODELED_SCENARIO
1991,8,18,0.0,100.0,0.8,1.0,0.0,MODELED_SCENARIO
1991,8,19,0.0,100.0,0.8,1.0,0.0,MODELED_SCENARIO
1991,8,20,0.0,100.0,0.8,1.0,0.0,MODELED_SCENARIO
1991,8,21,0.0,100.0,0.8,1.0,0.0,MODELED_SCENARIO
1991,8,22,0.0,100.0,0.8,1.0,0.0,MODELED_SCENARIO
1991,8,23,0.0,100.0,0.8,1.0,0.0,MODELED_SCENARIO
1991,8,24,0.0,100.0,0.8,1.0,0.0,MODELED_SCENARIO
1991,9,1,0.0,100.0,0.8,1.0,0.0,MODELED_SCENARIO
1991,9,2,0.0,100.0,0.8,1.0,0.0,MODELED_SCENARIO
1991,9,3,0.0,100.0,0.8,1.0,0.0,MODELED_SCENARIO
1991,9,4,0.0,100.0,0.8,1.0,0.0,MODELED_SCENARIO
1991,9,5,0.0,100.0,0.8,1.0,0.0,MODELED_SCENARIO
1991,9,6,0.8333333333333334,100.0,0.8,1.0,0.06666666666666668,MODELED_SCENARIO
1991,9,7,10.833333333333334,100.0,0.8,1.0,0.8666666666666668,MODELED_SCENARIO
1991,9,8,54.72222222222222,100.0,0.8,1.0,4.377777777777778,MODELED_SCENARIO
1991,9,9,115.83333333333331,100.0,0.8,1.0,9.266666666666666,MODELED_SCENARIO
1991,9,10,177.77777777777777,100.0,0.8,1.0,14.222222222222223,MODELED_SCENARIO
1991,9,11,221.66666666666669,100.0,0.8,1.0,17.733333333333334,MODELED_SCENARIO
1991,9,12,251.11111111111111,100.0,0.8,1.0,20.08888888888889,MODELED_SCENARIO
1991,9,13,254.44444444444449,100.0,0.8,1.0,20.355555555555558,MODELED_SCENARIO
1991,9,14,227.77777777777777,100.0,0.8,1.0,18.222222222222225,MODELED_SCENARIO
1991,9,15,176.94444444444446,100.0,0.8,1.0,14.155555555555559,MODELED_SCENARIO
1991,9,16,123.05555555555556,100.0,0.8,1.0,9.844444444444445,MODELED_SCENARIO
1991,9,17,53.888888888888886,100.0,0.8,1.0,4.311111111111112,MODELED_SCENARIO
1991,9,18,10.277777777777777,100.0,0.8,1.0,0.8222222222222222,MODELED_SCENARIO
1991,9,19,0.5555555555555556,100.0,0.8,1.0,0.044444444444444446,MODELED_SCENARIO
1991,9,20,0.0,100.0,0.8,1.0,0.0,MODELED_SCENARIO
1991,9,21,0.0,100.0,0.8,1.0,0.0,MODELED_SCENARIO
1991,9,22,0.0,100.0,0.8,1.0,0.0,MODELED_SCENARIO
1991,9,23,0.0,100.0,0.8,1.0,0.0,MODELED_SCENARIO
1991,9,24,0.0,100.0,0.8,1.0,0.0,MODELED_SCENARIO
1991,10,1,0.0,100.0,0.8,1.0,0.0,MODELED_SCENARIO
1991,10,2,0.0,100.0,0.8,1.0,0.0,MODELED_SCENARIO
1991,10,3,0.0,100.0,0.8,1.0,0.0,MODELED_SCENARIO
1991,10,4,3.055555555555556,100.0,0.8,1.0,0.24444444444444446,MODELED_SCENARIO
1991,10,5,25.83333333333333,100.0,0.8,1.0,2.0666666666666664,MODELED_SCENARIO
1991,10,6,79.72222222222221,100.0,0.8,1.0,6.377777777777776,MODELED_SCENARIO
1991,10,7,166.38888888888889,100.0,0.8,1.0,13.311111111111112,MODELED_SCENARIO
1991,10,8,257.22222222222223,100.0,0.8,1.0,20.577777777777783,MODELED_SCENARIO
1991,10,9,347.77777777777777,100.0,0.8,1.0,27.822222222222223,MODELED_SCENARIO
1991,10,10,415.55555555555554,100.0,0.8,1.0,33.24444444444445,MODELED_SCENARIO
1991,10,11,468.88888888888886,100.0,0.8,1.0,37.51111111111111,MODELED_SCENARIO
1991,10,12,499.7222222222222,100.0,0.8,1.0,39.977777777777774,MODELED_SCENARIO
1991,10,13,494.1666666666666,100.0,0.8,1.0,39.53333333333333,MODELED_SCENARIO
1991,10,14,465.8333333333333,100.0,0.8,1.0,37.266666666666666,MODELED_SCENARIO
1991,10,15,416.3888888888889,100.0,0.8,1.0,33.31111111111112,MODELED_SCENARIO
1991,10,16,340.55555555555554,100.0,0.8,1.0,27.244444444444447,MODELED_SCENARIO
1991,10,17,260.0,100.0,0.8,1.0,20.8,MODELED_SCENARIO
1991,10,18,176.38888888888889,100.0,0.8,1.0,14.111111111111109,MODELED_SCENARIO
1991,10,19,90.0,100.0,0.8,1.0,7.2,MODELED_SCENARIO
1991,10,20,26.944444444444443,100.0,0.8,1.0,2.155555555555556,MODELED_SCENARIO
1991,10,21,4.722222222222222,100.0,0.8,1.0,0.37777777777777777,MODELED_SCENARIO
1991,10,22,0.2777777777777778,100.0,0.8,1.0,0.022222222222222223,MODELED_SCENARIO
1991,10,23,0.0,100.0,0.8,1.0,0.0,MODELED_SCENARIO
1991,10,24,0.0,100.0,0.8,1.0,0.0,MODELED_SCENARIO
1991,11,1,2.7777777777777777,100.0,0.8,1.0,0.22222222222222224,MODELED_SCENARIO
1991,11,2,5.555555555555555,100.0,0.8,1.0,0.4444444444444445,MODELED_SCENARIO
1991,11,3,21.11111111111111,100.0,0.8,1.0,1.688888888888889,MODELED_SCENARIO
1991,11,4,65.0,100.0,0.8,1.0,5.2,MODELED_SCENARIO
1991,11,5,132.5,100.0,0.8,1.0,10.600000000000001,MODELED_SCENARIO
1991,11,6,208.61111111111111,100.0,0.8,1.0,16.68888888888889,MODELED_SCENARIO
1991,11,7,294.7222222222222,100.0,0.8,1.0,23.577777777777776,MODELED_SCENARIO
1991,11,8,381.6666666666667,100.0,0.8,1.0,30.53333333333334,MODELED_SCENARIO
1991,11,9,469.72222222222223,100.0,0.8,1.0,37.577777777777776,MODELED_SCENARIO
1991,11,10,547.2222222222222,100.0,0.8,1.0,43.77777777777777,MODELED_SCENARIO
1991,11,11,593.6111111111111,100.0,0.8,1.0,47.48888888888889,MODELED_SCENARIO
1991,11,12,619.7222222222222,100.0,0.8,1.0,49.577777777777776,MODELED_SCENARIO
1991,11,13,606.1111111111111,100.0,0.8,1.0,48.48888888888889,MODELED_SCENARIO
1991,11,14,572.5,100.0,0.8,1.0,45.800000000000004,MODELED_SCENARIO
1991,11,15,530.2777777777778,100.0,0.8,1.0,42.42222222222223,MODELED_SCENARIO
1991,11,16,464.72222222222223,100.0,0.8,1.0,37.17777777777778,MODELED_SCENARIO
1991,11,17,382.5,100.0,0.8,1.0,30.6,MODELED_SCENARIO
1991,11,18,296.6666666666667,100.0,0.8,1.0,23.733333333333334,MODELED_SCENARIO
1991,11,19,217.22222222222223,100.0,0.8,1.0,17.37777777777778,MODELED_SCENARIO
1991,11,20,138.33333333333334,100.0,0.8,1.0,11.066666666666668,MODELED_SCENARIO
1991,11,21,71.38888888888889,100.0,0.8,1.0,5.711111111111112,MODELED_SCENARIO
1991,11,22,23.333333333333336,100.0,0.8,1.0,1.866666666666667,MODELED_SCENARIO
1991,11,23,6.666666666666667,100.0,0.8,1.0,0.5333333333333334,MODELED_SCENARIO
1991,11,24,3.055555555555556,100.0,0.8,1.0,0.24444444444444446,MODELED_SCENARIO
1991,12,1,31.944444444444446,100.0,0.8,1.0,2.5555555555555562,MODELED_SCENARIO
1991,12,2,44.72222222222222,100.0,0.8,1.0,3.5777777777777775,MODELED_SCENARIO
1991,12,3,71.94444444444444,100.0,0.8,1.0,5.755555555555556,MODELED_SCENARIO
1991,12,4,117.2222222222222,100.0,0.8,1.0,9.377777777777776,MODELED_SCENARIO
1991,12,5,176.38888888888889,100.0,0.8,1.0,14.111111111111109,MODELED_SCENARIO
1991,12,6,258.05555555555554,100.0,0.8,1.0,20.644444444444446,MODELED_SCENARIO
1991,12,7,327.2222222222222,100.0,0.8,1.0,26.177777777777777,MODELED_SCENARIO
1991,12,8,410.83333333333337,100.0,0.8,1.0,32.86666666666667,MODELED_SCENARIO
1991,12,9,503.6111111111111,100.0,0.8,1.0,40.28888888888889,MODELED_SCENARIO
1991,12,10,564.4444444444445,100.0,0.8,1.0,45.15555555555556,MODELED_SCENARIO
1991,12,11,611.1111111111112,100.0,0.8,1.0,48.88888888888889,MODELED_SCENARIO
1991,12,12,635.8333333333334,100.0,0.8,1.0,50.866666666666674,MODELED_SCENARIO
1991,12,13,623.0555555555555,100.0,0.8,1.0,49.84444444444445,MODELED_SCENARIO
1991,12,14,592.7777777777777,100.0,0.8,1.0,47.42222222222222,MODELED_SCENARIO
1991,12,15,551.6666666666666,100.0,0.8,1.0,44.13333333333333,MODELED_SCENARIO
1991,12,16,494.7222222222222,100.0,0.8,1.0,39.577777777777776,MODELED_SCENARIO
1991,12,17,429.1666666666666,100.0,0.8,1.0,34.33333333333333,MODELED_SCENARIO
1991,12,18,352.49999999999994,100.0,0.8,1.0,28.199999999999996,MODELED_SCENARIO
1991,12,19,268.05555555555554,100.0,0.8,1.0,21.444444444444443,MODELED_SCENARIO
1991,12,20,192.77777777777777,100.0,0.8,1.0,15.422222222222224,MODELED_SCENARIO
1991,12,21,136.94444444444443,100.0,0.8,1.0,10.955555555555556,MODELED_SCENARIO
1991,12,22,87.5,100.0,0.8,1.0,7.0,MODELED_SCENARIO
1991,12,23,47.5,100.0,0.8,1.0,3.8000000000000003,MODELED_SCENARIO
1991,12,24,33.05555555555555,100.0,0.8,1.0,2.6444444444444444,MODELED_SCENARIO
1992,1,1,0.0,100.0,0.8,1.0,0.0,MODELED_SCENARIO
1992,1,2,7.5,100.0,0.8,1.0,0.6000000000000001,MODELED_SCENARIO
1992,1,3,15.0,100.0,0.8,1.0,1.2000000000000002,MODELED_SCENARIO
1992,1,4,32.22222222222222,100.0,0.8,1.0,2.577777777777778,MODELED_SCENARIO
1992,1,5,49.16666666666666,100.0,0.8,1.0,3.933333333333333,MODELED_SCENARIO
1992,1,6,88.61111111111111,100.0,0.8,1.0,7.088888888888889,MODELED_SCENARIO
1992,1,7,136.94444444444443,100.0,0.8,1.0,10.955555555555556,MODELED_SCENARIO
1992,1,8,190.0,100.0,0.8,1.0,15.200000000000001,MODELED_SCENARIO
1992,1,9,253.61111111111111,100.0,0.8,1.0,20.28888888888889,MODELED_SCENARIO
1992,1,10,298.33333333333337,100.0,0.8,1.0,23.866666666666674,MODELED_SCENARIO
1992,1,11,387.77777777777777,100.0,0.8,1.0,31.022222222222226,MODELED_SCENARIO
1992,1,12,447.22222222222223,100.0,0.8,1.0,35.77777777777778,MODELED_SCENARIO
1992,1,13,488.6111111111111,100.0,0.8,1.0,39.088888888888896,MODELED_SCENARIO
1992,1,14,468.6111111111112,100.0,0.8,1.0,37.4888888888889,MODELED_SCENARIO
1992,1,15,410.0,100.0,0.8,1.0,32.800000000000004,MODELED_SCENARIO
1992,1,16,371.38888888888886,100.0,0.8,1.0,29.71111111111111,MODELED_SCENARIO
1992,1,17,307.22222222222223,100.0,0.8,1.0,24.57777777777778,MODELED_SCENARIO
1992,1,18,212.22222222222223,100.0,0.8,1.0,16.977777777777778,MODELED_SCENARIO
1992,1,19,133.33333333333331,100.0,0.8,1.0,10.666666666666664,MODELED_SCENARIO
1992,1,20,90.0,100.0,0.8,1.0,7.2,MODELED_SCENARIO
1992,1,21,41.94444444444444,100.0,0.8,1.0,3.355555555555556,MODELED_SCENARIO
1992,1,22,15.833333333333334,100.0,0.8,1.0,1.2666666666666668,MODELED_SCENARIO
1992,1,23,5.555555555555555,100.0,0.8,1.0,0.4444444444444445,MODELED_SCENARIO
1992,1,24,0.0,100.0,0.8,1.0,0.0,MODELED_SCENARIO
1992,2,1,0.0,100.0,0.8,1.0,0.0,MODELED_SCENARIO
1992,2,2,0.8333333333333334,100.0,0.8,1.0,0.06666666666666668,MODELED_SCENARIO
1992,2,3,5.555555555555555,100.0,0.8,1.0,0.4444444444444445,MODELED_SCENARIO
1992,2,4,22.77777777777778,100.0,0.8,1.0,1.8222222222222222,MODELED_SCENARIO
1992,2,5,54.16666666666666,100.0,0.8,1.0,4.333333333333332,MODELED_SCENARIO
1992,2,6,105.55555555555556,100.0,0.8,1.0,8.444444444444445,MODELED_SCENARIO
1992,2,7,191.1111111111111,100.0,0.8,1.0,15.28888888888889,MODELED_SCENARIO
1992,2,8,272.77777777777777,100.0,0.8,1.0,21.822222222222223,MODELED_SCENARIO
1992,2,9,332.5,100.0,0.8,1.0,26.6,MODELED_SCENARIO
1992,2,10,411.6666666666666,100.0,0.8,1.0,32.93333333333333,MODELED_SCENARIO
1992,2,11,471.3888888888889,100.0,0.8,1.0,37.711111111111116,MODELED_SCENARIO
1992,2,12,486.38888888888886,100.0,0.8,1.0,38.91111111111111,MODELED_SCENARIO
1992,2,13,454.4444444444444,100.0,0.8,1.0,36.35555555555555,MODELED_SCENARIO
1992,2,14,413.6111111111112,100.0,0.8,1.0,33.088888888888896,MODELED_SCENARIO
1992,2,15,374.1666666666666,100.0,0.8,1.0,29.933333333333326,MODELED_SCENARIO
1992,2,16,318.05555555555554,100.0,0.8,1.0,25.444444444444443,MODELED_SCENARIO
1992,2,17,252.77777777777777,100.0,0.8,1.0,20.222222222222225,MODELED_SCENARIO
1992,2,18,178.05555555555554,100.0,0.8,1.0,14.244444444444444,MODELED_SCENARIO
1992,2,19,103.61111111111111,100.0,0.8,1.0,8.28888888888889,MODELED_SCENARIO
1992,2,20,42.77777777777778,100.0,0.8,1.0,3.4222222222222225,MODELED_SCENARIO
1992,2,21,16.11111111111111,100.0,0.8,1.0,1.288888888888889,MODELED_SCENARIO
1992,2,22,3.055555555555556,100.0,0.8,1.0,0.24444444444444446,MODELED_SCENARIO
1992,2,23,0.5555555555555556,100.0,0.8,1.0,0.044444444444444446,MODELED_SCENARIO
1992,2,24,0.0,100.0,0.8,1.0,0.0,MODELED_SCENARIO
1992,3,1,0.0,100.0,0.8,1.0,0.0,MODELED_SCENARIO
1992,3,2,0.0,100.0,0.8,1.0,0.0,MODELED_SCENARIO
1992,3,3,0.0,100.0,0.8,1.0,0.0,MODELED_SCENARIO
1992,3,4,0.0,100.0,0.8,1.0,0.0,MODELED_SCENARIO
1992,3,5,0.5555555555555556,100.0,0.8,1.0,0.044444444444444446,MODELED_SCENARIO
1992,3,6,6.388888888888888,100.0,0.8,1.0,0.5111111111111111,MODELED_SCENARIO
1992,3,7,36.38888888888889,100.0,0.8,1.0,2.9111111111111114,MODELED_SCENARIO
1992,3,8,92.5,100.0,0.8,1.0,7.4,MODELED_SCENARIO
1992,3,9,142.22222222222223,100.0,0.8,1.0,11.377777777777778,MODELED_SCENARIO
1992,3,10,192.2222222222222,100.0,0.8,1.0,15.377777777777778,MODELED_SCENARIO
1992,3,11,227.2222222222222,100.0,0.8,1.0,18.177777777777774,MODELED_SCENARIO
1992,3,12,256.3888888888889,100.0,0.8,1.0,20.511111111111113,MODELED_SCENARIO
1992,3,13,257.5,100.0,0.8,1.0,20.6,MODELED_SCENARIO
1992,3,14,237.5,100.0,0.8,1.0,19.0,MODELED_SCENARIO
1992,3,15,205.8333333333333,100.0,0.8,1.0,16.466666666666665,MODELED_SCENARIO
1992,3,16,148.88888888888889,100.0,0.8,1.0,11.911111111111111,MODELED_SCENARIO
1992,3,17,88.88888888888889,100.0,0.8,1.0,7.111111111111112,MODELED_SCENARIO
1992,3,18,35.0,100.0,0.8,1.0,2.8000000000000007,MODELED_SCENARIO
1992,3,19,6.111111111111111,100.0,0.8,1.0,0.4888888888888889,MODELED_SCENARIO
1992,3,20,0.0,100.0,0.8,1.0,0.0,MODELED_SCENARIO
1992,3,21,0.0,100.0,0.8,1.0,0.0,MODELED_SCENARIO
1992,3,22,0.0,100.0,0.8,1.0,0.0,MODELED_SCENARIO
1992,3,23,0.0,100.0,0.8,1.0,0.0,MODELED_SCENARIO
1992,3,24,0.0,100.0,0.8,1.0,0.0,MODELED_SCENARIO
1992,4,1,0.0,100.0,0.8,1.0,0.0,MODELED_SCENARIO
1992,4,2,0.0,100.0,0.8,1.0,0.0,MODELED_SCENARIO
1992,4,3,0.0,100.0,0.8,1.0,0.0,MODELED_SCENARIO
1992,4,4,0.0,100.0,0.8,1.0,0.0,MODELED_SCENARIO
1992,4,5,0.0,100.0,0.8,1.0,0.0,MODELED_SCENARIO
1992,4,6,0.0,100.0,0.8,1.0,0.0,MODELED_SCENARIO
1992,4,7,0.0,100.0,0.8,1.0,0.0,MODELED_SCENARIO
1992,4,8,8.333333333333332,100.0,0.8,1.0,0.6666666666666665,MODELED_SCENARIO
1992,4,9,34.72222222222222,100.0,0.8,1.0,2.777777777777778,MODELED_SCENARIO
1992,4,10,69.44444444444444,100.0,0.8,1.0,5.555555555555556,MODELED_SCENARIO
1992,4,11,106.38888888888889,100.0,0.8,1.0,8.511111111111111,MODELED_SCENARIO
1992,4,12,126.38888888888889,100.0,0.8,1.0,10.111111111111112,MODELED_SCENARIO
1992,4,13,129.72222222222223,100.0,0.8,1.0,10.37777777777778,MODELED_SCENARIO
1992,4,14,111.38888888888889,100.0,0.8,1.0,8.911111111111111,MODELED_SCENARIO
1992,4,15,72.5,100.0,0.8,1.0,5.8,MODELED_SCENARIO
1992,4,16,34.166666666666664,100.0,0.8,1.0,2.7333333333333334,MODELED_SCENARIO
1992,4,17,7.5,100.0,0.8,1.0,0.6000000000000001,MODELED_SCENARIO
1992,4,18,0.0,100.0,0.8,1.0,0.0,MODELED_SCENARIO
1992,4,19,0.0,100.0,0.8,1.0,0.0,MODELED_SCENARIO
1992,4,20,0.0,100.0,0.8,1.0,0.0,MODELED_SCENARIO
1992,4,21,0.0,100.0,0.8,1.0,0.0,MODELED_SCENARIO
1992,4,22,0.0,100.0,0.8,1.0,0.0,MODELED_SCENARIO
1992,4,23,0.0,100.0,0.8,1.0,0.0,MODELED_SCENARIO
1992,4,24,0.0,100.0,0.8,1.0,0.0,MODELED_SCENARIO
1992,5,1,0.0,100.0,0.8,1.0,0.0,MODELED_SCENARIO
1992,5,2,0.0,100.0,0.8,1.0,0.0,MODELED_SCENARIO
1992,5,3,0.0,100.0,0.8,1.0,0.0,MODELED_SCENARIO
1992,5,4,0.0,100.0,0.8,1.0,0.0,MODELED_SCENARIO
1992,5,5,0.0,100.0,0.8,1.0,0.0,MODELED_SCENARIO
1992,5,6,0.0,100.0,0.8,1.0,0.0,MODELED_SCENARIO
1992,5,7,0.0,100.0,0.8,1.0,0.0,MODELED_SCENARIO
1992,5,8,0.0,100.0,0.8,1.0,0.0,MODELED_SCENARIO
1992,5,9,0.0,100.0,0.8,1.0,0.0,MODELED_SCENARIO
1992,5,10,1.3888888888888888,100.0,0.8,1.0,0.11111111111111112,MODELED_SCENARIO
1992,5,11,15.277777777777777,100.0,0.8,1.0,1.2222222222222223,MODELED_SCENARIO
1992,5,12,25.555555555555557,100.0,0.8,1.0,2.0444444444444447,MODELED_SCENARIO
1992,5,13,29.72222222222222,100.0,0.8,1.0,2.3777777777777778,MODELED_SCENARIO
1992,5,14,19.72222222222222,100.0,0.8,1.0,1.5777777777777777,MODELED_SCENARIO
1992,5,15,3.888888888888889,100.0,0.8,1.0,0.3111111111111111,MODELED_SCENARIO
1992,5,16,0.0,100.0,0.8,1.0,0.0,MODELED_SCENARIO
1992,5,17,0.0,100.0,0.8,1.0,0.0,MODELED_SCENARIO
1992,5,18,0.0,100.0,0.8,1.0,0.0,MODELED_SCENARIO
1992,5,19,0.0,100.0,0.8,1.0,0.0,MODELED_SCENARIO
1992,5,20,0.0,100.0,0.8,1.0,0.0,MODELED_SCENARIO
1992,5,21,0.0,100.0,0.8,1.0,0.0,MODELED_SCENARIO
1992,5,22,0.0,100.0,0.8,1.0,0.0,MODELED_SCENARIO
1992,5,23,0.0,100.0,0.8,1.0,0.0,MODELED_SCENARIO
1992,5,24,0.0,100.0,0.8,1.0,0.0,MODELED_SCENARIO
1992,6,1,,100.0,0.8,1.0,,MODELED_SCENARIO
1992,6,2,,100.0,0.8,1.0,,MODELED_SCENARIO
1992,6,3,,100.0,0.8,1.0,,MODELED_SCENARIO
1992,6,4,,100.0,0.8,1.0,,MODELED_SCENARIO
1992,6,5,,100.0,0.8,1.0,,MODELED_SCENARIO
1992,6,6,,100.0,0.8,1.0,,MODELED_SCENARIO
1992,6,7,,100.0,0.8,1.0,,MODELED_SCENARIO
1992,6,8,,100.0,0.8,1.0,,MODELED_SCENARIO
1992,6,9,,100.0,0.8,1.0,,MODELED_SCENARIO
1992,6,10,,100.0,0.8,1.0,,MODELED_SCENARIO
1992,6,11,,100.0,0.8,1.0,,MODELED_SCENARIO
1992,6,12,,100.0,0.8,1.0,,MODELED_SCENARIO
1992,6,13,,100.0,0.8,1.0,,MODELED_SCENARIO
1992,6,14,,100.0,0.8,1.0,,MODELED_SCENARIO
1992,6,15,,100.0,0.8,1.0,,MODELED_SCENARIO
1992,6,16,,100.0,0.8,1.0,,MODELED_SCENARIO
1992,6,17,,100.0,0.8,1.0,,MODELED_SCENARIO
1992,6,18,,100.0,0.8,1.0,,MODELED_SCENARIO
1992,6,19,,100.0,0.8,1.0,,MODELED_SCENARIO
1992,6,20,,100.0,0.8,1.0,,MODELED_SCENARIO
1992,6,21,,100.0,0.8,1.0,,MODELED_SCENARIO
1992,6,22,,100.0,0.8,1.0,,MODELED_SCENARIO
1992,6,23,,100.0,0.8,1.0,,MODELED_SCENARIO
1992,6,24,,100.0,0.8,1.0,,MODELED_SCENARIO
1992,7,1,,100.0,0.8,1.0,,MODELED_SCENARIO
1992,7,2,,100.0,0.8,1.0,,MODELED_SCENARIO
1992,7,3,,100.0,0.8,1.0,,MODELED_SCENARIO
1992,7,4,,100.0,0.8,1.0,,MODELED_SCENARIO
1992,7,5,,100.0,0.8,1.0,,MODELED_SCENARIO
1992,7,6,,100.0,0.8,1.0,,MODELED_SCENARIO
1992,7,7,,100.0,0.8,1.0,,MODELED_SCENARIO
1992,7,8,,100.0,0.8,1.0,,MODELED_SCENARIO
1992,7,9,,100.0,0.8,1.0,,MODELED_SCENARIO
1992,7,10,,100.0,0.8,1.0,,MODELED_SCENARIO
1992,7,11,,100.0,0.8,1.0,,MODELED_SCENARIO
1992,7,12,,100.0,0.8,1.0,,MODELED_SCENARIO
1992,7,13,,100.0,0.8,1.0,,MODELED_SCENARIO
1992,7,14,,100.0,0.8,1.0,,MODELED_SCENARIO
1992,7,15,,100.0,0.8,1.0,,MODELED_SCENARIO
1992,7,16,,100.0,0.8,1.0,,MODELED_SCENARIO
1992,7,17,,100.0,0.8,1.0,,MODELED_SCENARIO
1992,7,18,,100.0,0.8,1.0,,MODELED_SCENARIO
1992,7,19,,100.0,0.8,1.0,,MODELED_SCENARIO
1992,7,20,,100.0,0.8,1.0,,MODELED_SCENARIO
1992,7,21,,100.0,0.8,1.0,,MODELED_SCENARIO
1992,7,22,,100.0,0.8,1.0,,MODELED_SCENARIO
1992,7,23,,100.0,0.8,1.0,,MODELED_SCENARIO
1992,7,24,,100.0,0.8,1.0,,MODELED_SCENARIO
1992,8,1,0.0,100.0,0.8,1.0,0.0,MODELED_SCENARIO
1992,8,2,0.0,100.0,0.8,1.0,0.0,MODELED_SCENARIO
1992,8,3,0.0,100.0,0.8,1.0,0.0,MODELED_SCENARIO
1992,8,4,0.0,100.0,0.8,1.0,0.0,MODELED_SCENARIO
1992,8,5,0.0,100.0,0.8,1.0,0.0,MODELED_SCENARIO
1992,8,6,0.0,100.0,0.8,1.0,0.0,MODELED_SCENARIO
1992,8,7,0.0,100.0,0.8,1.0,0.0,MODELED_SCENARIO
1992,8,8,1.3888888888888888,100.0,0.8,1.0,0.11111111111111112,MODELED_SCENARIO
1992,8,9,10.833333333333334,100.0,0.8,1.0,0.8666666666666668,MODELED_SCENARIO
1992,8,10,32.22222222222222,100.0,0.8,1.0,2.577777777777778,MODELED_SCENARIO
1992,8,11,61.94444444444444,100.0,0.8,1.0,4.955555555555556,MODELED_SCENARIO
1992,8,12,78.33333333333333,100.0,0.8,1.0,6.266666666666666,MODELED_SCENARIO
1992,8,13,78.88888888888889,100.0,0.8,1.0,6.311111111111111,MODELED_SCENARIO
1992,8,14,62.77777777777778,100.0,0.8,1.0,5.022222222222222,MODELED_SCENARIO
1992,8,15,36.94444444444444,100.0,0.8,1.0,2.9555555555555553,MODELED_SCENARIO
1992,8,16,13.055555555555555,100.0,0.8,1.0,1.0444444444444443,MODELED_SCENARIO
1992,8,17,1.3888888888888888,100.0,0.8,1.0,0.11111111111111112,MODELED_SCENARIO
1992,8,18,0.0,100.0,0.8,1.0,0.0,MODELED_SCENARIO
1992,8,19,0.0,100.0,0.8,1.0,0.0,MODELED_SCENARIO
1992,8,20,0.0,100.0,0.8,1.0,0.0,MODELED_SCENARIO
1992,8,21,0.0,100.0,0.8,1.0,0.0,MODELED_SCENARIO
1992,8,22,0.0,100.0,0.8,1.0,0.0,MODELED_SCENARIO
1992,8,23,0.0,100.0,0.8,1.0,0.0,MODELED_SCENARIO
1992,8,24,0.0,100.0,0.8,1.0,0.0,MODELED_SCENARIO
1992,9,1,0.0,100.0,0.8,1.0,0.0,MODELED_SCENARIO
1992,9,2,0.0,100.0,0.8,1.0,0.0,MODELED_SCENARIO
1992,9,3,0.0,100.0,0.8,1.0,0.0,MODELED_SCENARIO
1992,9,4,0.0,100.0,0.8,1.0,0.0,MODELED_SCENARIO
1992,9,5,0.0,100.0,0.8,1.0,0.0,MODELED_SCENARIO
1992,9,6,0.8333333333333334,100.0,0.8,1.0,0.06666666666666668,MODELED_SCENARIO
1992,9,7,15.555555555555555,100.0,0.8,1.0,1.2444444444444445,MODELED_SCENARIO
1992,9,8,64.44444444444444,100.0,0.8,1.0,5.155555555555556,MODELED_SCENARIO
1992,9,9,131.94444444444443,100.0,0.8,1.0,10.555555555555555,MODELED_SCENARIO
1992,9,10,200.27777777777777,100.0,0.8,1.0,16.022222222222222,MODELED_SCENARIO
1992,9,11,250.27777777777777,100.0,0.8,1.0,20.022222222222222,MODELED_SCENARIO
1992,9,12,280.8333333333333,100.0,0.8,1.0,22.46666666666667,MODELED_SCENARIO
1992,9,13,285.27777777777777,100.0,0.8,1.0,22.822222222222223,MODELED_SCENARIO
1992,9,14,266.66666666666663,100.0,0.8,1.0,21.33333333333333,MODELED_SCENARIO
1992,9,15,215.0,100.0,0.8,1.0,17.2,MODELED_SCENARIO
1992,9,16,146.11111111111111,100.0,0.8,1.0,11.68888888888889,MODELED_SCENARIO
1992,9,17,77.77777777777779,100.0,0.8,1.0,6.222222222222222,MODELED_SCENARIO
1992,9,18,25.27777777777777,100.0,0.8,1.0,2.0222222222222217,MODELED_SCENARIO
1992,9,19,2.5,100.0,0.8,1.0,0.2,MODELED_SCENARIO
1992,9,20,0.0,100.0,0.8,1.0,0.0,MODELED_SCENARIO
1992,9,21,0.0,100.0,0.8,1.0,0.0,MODELED_SCENARIO
1992,9,22,0.0,100.0,0.8,1.0,0.0,MODELED_SCENARIO
1992,9,23,0.0,100.0,0.8,1.0,0.0,MODELED_SCENARIO
1992,9,24,0.0,100.0,0.8,1.0,0.0,MODELED_SCENARIO
1992,10,1,0.0,100.0,0.8,1.0,0.0,MODELED_SCENARIO
1992,10,2,0.0,100.0,0.8,1.0,0.0,MODELED_SCENARIO
1992,10,3,0.2777777777777778,100.0,0.8,1.0,0.022222222222222223,MODELED_SCENARIO
1992,10,4,5.833333333333334,100.0,0.8,1.0,0.46666666666666673,MODELED_SCENARIO
1992,10,5,25.27777777777777,100.0,0.8,1.0,2.0222222222222217,MODELED_SCENARIO
1992,10,6,76.94444444444444,100.0,0.8,1.0,6.155555555555555,MODELED_SCENARIO
1992,10,7,155.55555555555557,100.0,0.8,1.0,12.444444444444445,MODELED_SCENARIO
1992,10,8,244.72222222222223,100.0,0.8,1.0,19.57777777777778,MODELED_SCENARIO
1992,10,9,326.3888888888889,100.0,0.8,1.0,26.111111111111114,MODELED_SCENARIO
1992,10,10,395.0,100.0,0.8,1.0,31.6,MODELED_SCENARIO
1992,10,11,457.5,100.0,0.8,1.0,36.6,MODELED_SCENARIO
1992,10,12,497.5,100.0,0.8,1.0,39.800000000000004,MODELED_SCENARIO
1992,10,13,500.55555555555554,100.0,0.8,1.0,40.044444444444444,MODELED_SCENARIO
1992,10,14,471.94444444444446,100.0,0.8,1.0,37.75555555555555,MODELED_SCENARIO
1992,10,15,416.3888888888889,100.0,0.8,1.0,33.31111111111112,MODELED_SCENARIO
1992,10,16,352.22222222222223,100.0,0.8,1.0,28.177777777777777,MODELED_SCENARIO
1992,10,17,268.05555555555554,100.0,0.8,1.0,21.444444444444443,MODELED_SCENARIO
1992,10,18,178.88888888888889,100.0,0.8,1.0,14.31111111111111,MODELED_SCENARIO
1992,10,19,85.0,100.0,0.8,1.0,6.800000000000001,MODELED_SCENARIO
1992,10,20,27.22222222222222,100.0,0.8,1.0,2.1777777777777776,MODELED_SCENARIO
1992,10,21,3.611111111111111,100.0,0.8,1.0,0.2888888888888889,MODELED_SCENARIO
1992,10,22,0.0,100.0,0.8,1.0,0.0,MODELED_SCENARIO
1992,10,23,0.0,100.0,0.8,1.0,0.0,MODELED_SCENARIO
1992,10,24,0.0,100.0,0.8,1.0,0.0,MODELED_SCENARIO
1992,11,1,0.5555555555555556,100.0,0.8,1.0,0.044444444444444446,MODELED_SCENARIO
1992,11,2,5.555555555555555,100.0,0.8,1.0,0.4444444444444445,MODELED_SCENARIO
1992,11,3,30.83333333333333,100.0,0.8,1.0,2.4666666666666663,MODELED_SCENARIO
1992,11,4,79.99999999999999,100.0,0.8,1.0,6.3999999999999995,MODELED_SCENARIO
1992,11,5,150.83333333333334,100.0,0.8,1.0,12.066666666666668,MODELED_SCENARIO
1992,11,6,232.77777777777777,100.0,0.8,1.0,18.622222222222224,MODELED_SCENARIO
1992,11,7,336.66666666666663,100.0,0.8,1.0,26.933333333333334,MODELED_SCENARIO
1992,11,8,421.6666666666667,100.0,0.8,1.0,33.73333333333334,MODELED_SCENARIO
1992,11,9,518.0555555555555,100.0,0.8,1.0,41.44444444444444,MODELED_SCENARIO
1992,11,10,574.7222222222222,100.0,0.8,1.0,45.977777777777774,MODELED_SCENARIO
1992,11,11,643.8888888888889,100.0,0.8,1.0,51.51111111111112,MODELED_SCENARIO
1992,11,12,673.3333333333333,100.0,0.8,1.0,53.86666666666667,MODELED_SCENARIO
1992,11,13,679.1666666666666,100.0,0.8,1.0,54.33333333333333,MODELED_SCENARIO
1992,11,14,649.4444444444445,100.0,0.8,1.0,51.955555555555556,MODELED_SCENARIO
1992,11,15,595.0,100.0,0.8,1.0,47.6,MODELED_SCENARIO
1992,11,16,525.8333333333334,100.0,0.8,1.0,42.06666666666667,MODELED_SCENARIO
1992,11,17,438.8888888888889,100.0,0.8,1.0,35.111111111111114,MODELED_SCENARIO
1992,11,18,345.0,100.0,0.8,1.0,27.6,MODELED_SCENARIO
1992,11,19,250.55555555555557,100.0,0.8,1.0,20.044444444444448,MODELED_SCENARIO
1992,11,20,162.77777777777777,100.0,0.8,1.0,13.022222222222224,MODELED_SCENARIO
1992,11,21,87.5,100.0,0.8,1.0,7.0,MODELED_SCENARIO
1992,11,22,34.44444444444444,100.0,0.8,1.0,2.755555555555556,MODELED_SCENARIO
1992,11,23,7.777777777777778,100.0,0.8,1.0,0.6222222222222222,MODELED_SCENARIO
1992,11,24,0.5555555555555556,100.0,0.8,1.0,0.044444444444444446,MODELED_SCENARIO
1992,12,1,3.888888888888889,100.0,0.8,1.0,0.3111111111111111,MODELED_SCENARIO
1992,12,2,22.77777777777778,100.0,0.8,1.0,1.8222222222222222,MODELED_SCENARIO
1992,12,3,60.55555555555556,100.0,0.8,1.0,4.844444444444445,MODELED_SCENARIO
1992,12,4,102.5,100.0,0.8,1.0,8.200000000000001,MODELED_SCENARIO
1992,12,5,163.33333333333331,100.0,0.8,1.0,13.066666666666663,MODELED_SCENARIO
1992,12,6,238.88888888888889,100.0,0.8,1.0,19.11111111111111,MODELED_SCENARIO
1992,12,7,323.88888888888886,100.0,0.8,1.0,25.91111111111111,MODELED_SCENARIO
1992,12,8,418.05555555555554,100.0,0.8,1.0,33.44444444444445,MODELED_SCENARIO
1992,12,9,503.6111111111111,100.0,0.8,1.0,40.28888888888889,MODELED_SCENARIO
1992,12,10,585.0,100.0,0.8,1.0,46.800000000000004,MODELED_SCENARIO
1992,12,11,627.7777777777777,100.0,0.8,1.0,50.22222222222223,MODELED_SCENARIO
1992,12,12,664.4444444444445,100.0,0.8,1.0,53.155555555555566,MODELED_SCENARIO
1992,12,13,674.1666666666666,100.0,0.8,1.0,53.93333333333333,MODELED_SCENARIO
1992,12,14,649.1666666666667,100.0,0.8,1.0,51.93333333333334,MODELED_SCENARIO
1992,12,15,597.7777777777778,100.0,0.8,1.0,47.82222222222223,MODELED_SCENARIO
1992,12,16,493.3333333333333,100.0,0.8,1.0,39.46666666666667,MODELED_SCENARIO
1992,12,17,402.5,100.0,0.8,1.0,32.2,MODELED_SCENARIO
1992,12,18,323.88888888888886,100.0,0.8,1.0,25.91111111111111,MODELED_SCENARIO
1992,12,19,232.5,100.0,0.8,1.0,18.6,MODELED_SCENARIO
1992,12,20,166.11111111111111,100.0,0.8,1.0,13.288888888888891,MODELED_SCENARIO
1992,12,21,123.88888888888889,100.0,0.8,1.0,9.911111111111111,MODELED_SCENARIO
1992,12,22,65.27777777777777,100.0,0.8,1.0,5.222222222222221,MODELED_SCENARIO
1992,12,23,22.77777777777778,100.0,0.8,1.0,1.8222222222222222,MODELED_SCENARIO
1992,12,24,7.222222222222221,100.0,0.8,1.0,0.5777777777777777,MODELED_SCENARIO
1993,1,1,8.055555555555555,100.0,0.8,1.0,0.6444444444444445,MODELED_SCENARIO
1993,1,2,21.11111111111111,100.0,0.8,1.0,1.688888888888889,MODELED_SCENARIO
1993,1,3,48.05555555555555,100.0,0.8,1.0,3.8444444444444446,MODELED_SCENARIO
1993,1,4,84.16666666666666,100.0,0.8,1.0,6.733333333333333,MODELED_SCENARIO
1993,1,5,148.88888888888889,100.0,0.8,1.0,11.911111111111111,MODELED_SCENARIO
1993,1,6,224.72222222222223,100.0,0.8,1.0,17.97777777777778,MODELED_SCENARIO
1993,1,7,311.11111111111114,100.0,0.8,1.0,24.88888888888889,MODELED_SCENARIO
1993,1,8,401.94444444444446,100.0,0.8,1.0,32.15555555555556,MODELED_SCENARIO
1993,1,9,473.6111111111112,100.0,0.8,1.0,37.8888888888889,MODELED_SCENARIO
1993,1,10,546.6666666666666,100.0,0.8,1.0,43.733333333333334,MODELED_SCENARIO
1993,1,11,586.6666666666666,100.0,0.8,1.0,46.93333333333334,MODELED_SCENARIO
1993,1,12,628.3333333333334,100.0,0.8,1.0,50.26666666666668,MODELED_SCENARIO
1993,1,13,621.1111111111112,100.0,0.8,1.0,49.6888888888889,MODELED_SCENARIO
1993,1,14,576.1111111111111,100.0,0.8,1.0,46.088888888888896,MODELED_SCENARIO
1993,1,15,541.1111111111111,100.0,0.8,1.0,43.28888888888889,MODELED_SCENARIO
1993,1,16,490.55555555555554,100.0,0.8,1.0,39.24444444444444,MODELED_SCENARIO
1993,1,17,396.6666666666666,100.0,0.8,1.0,31.733333333333327,MODELED_SCENARIO
1993,1,18,310.5555555555556,100.0,0.8,1.0,24.84444444444445,MODELED_SCENARIO
1993,1,19,233.88888888888889,100.0,0.8,1.0,18.711111111111112,MODELED_SCENARIO
1993,1,20,152.5,100.0,0.8,1.0,12.200000000000001,MODELED_SCENARIO
1993,1,21,96.38888888888889,100.0,0.8,1.0,7.711111111111112,MODELED_SCENARIO
1993,1,22,51.11111111111111,100.0,0.8,1.0,4.088888888888889,MODELED_SCENARIO
1993,1,23,20.555555555555557,100.0,0.8,1.0,1.6444444444444448,MODELED_SCENARIO
1993,1,24,7.777777777777778,100.0,0.8,1.0,0.6222222222222222,MODELED_SCENARIO
1993,2,1,0.0,100.0,0.8,1.0,0.0,MODELED_SCENARIO
1993,2,2,0.2777777777777778,100.0,0.8,1.0,0.022222222222222223,MODELED_SCENARIO
1993,2,3,2.7777777777777777,100.0,0.8,1.0,0.22222222222222224,MODELED_SCENARIO
1993,2,4,12.22222222222222,100.0,0.8,1.0,0.9777777777777775,MODELED_SCENARIO
1993,2,5,46.38888888888889,100.0,0.8,1.0,3.7111111111111117,MODELED_SCENARIO
1993,2,6,89.72222222222223,100.0,0.8,1.0,7.177777777777779,MODELED_SCENARIO
1993,2,7,150.0,100.0,0.8,1.0,12.0,MODELED_SCENARIO
1993,2,8,222.22222222222223,100.0,0.8,1.0,17.777777777777782,MODELED_SCENARIO
1993,2,9,288.3333333333333,100.0,0.8,1.0,23.066666666666666,MODELED_SCENARIO
1993,2,10,358.6111111111111,100.0,0.8,1.0,28.688888888888886,MODELED_SCENARIO
1993,2,11,423.3333333333333,100.0,0.8,1.0,33.86666666666667,MODELED_SCENARIO
1993,2,12,434.7222222222222,100.0,0.8,1.0,34.77777777777777,MODELED_SCENARIO
1993,2,13,418.3333333333333,100.0,0.8,1.0,33.46666666666667,MODELED_SCENARIO
1993,2,14,412.77777777777777,100.0,0.8,1.0,33.022222222222226,MODELED_SCENARIO
1993,2,15,364.7222222222222,100.0,0.8,1.0,29.177777777777774,MODELED_SCENARIO
1993,2,16,306.6666666666667,100.0,0.8,1.0,24.53333333333334,MODELED_SCENARIO
1993,2,17,248.33333333333331,100.0,0.8,1.0,19.866666666666667,MODELED_SCENARIO
1993,2,18,181.11111111111111,100.0,0.8,1.0,14.488888888888889,MODELED_SCENARIO
1993,2,19,110.0,100.0,0.8,1.0,8.8,MODELED_SCENARIO
1993,2,20,51.388888888888886,100.0,0.8,1.0,4.111111111111111,MODELED_SCENARIO
1993,2,21,14.72222222222222,100.0,0.8,1.0,1.1777777777777776,MODELED_SCENARIO
1993,2,22,2.7777777777777777,100.0,0.8,1.0,0.22222222222222224,MODELED_SCENARIO
1993,2,23,0.0,100.0,0.8,1.0,0.0,MODELED_SCENARIO
1993,2,24,0.0,100.0,0.8,1.0,0.0,MODELED_SCENARIO
1993,3,1,0.0,100.0,0.8,1.0,0.0,MODELED_SCENARIO
1993,3,2,0.0,100.0,0.8,1.0,0.0,MODELED_SCENARIO
1993,3,3,0.0,100.0,0.8,1.0,0.0,MODELED_SCENARIO
1993,3,4,0.0,100.0,0.8,1.0,0.0,MODELED_SCENARIO
1993,3,5,0.5555555555555556,100.0,0.8,1.0,0.044444444444444446,MODELED_SCENARIO
1993,3,6,11.38888888888889,100.0,0.8,1.0,0.9111111111111111,MODELED_SCENARIO
1993,3,7,56.94444444444444,100.0,0.8,1.0,4.555555555555556,MODELED_SCENARIO
1993,3,8,126.66666666666669,100.0,0.8,1.0,10.133333333333335,MODELED_SCENARIO
1993,3,9,200.55555555555557,100.0,0.8,1.0,16.044444444444448,MODELED_SCENARIO
1993,3,10,248.05555555555557,100.0,0.8,1.0,19.84444444444445,MODELED_SCENARIO
1993,3,11,284.16666666666663,100.0,0.8,1.0,22.73333333333333,MODELED_SCENARIO
1993,3,12,297.5,100.0,0.8,1.0,23.8,MODELED_SCENARIO
1993,3,13,301.6666666666667,100.0,0.8,1.0,24.133333333333336,MODELED_SCENARIO
1993,3,14,287.22222222222223,100.0,0.8,1.0,22.977777777777778,MODELED_SCENARIO
1993,3,15,242.22222222222223,100.0,0.8,1.0,19.37777777777778,MODELED_SCENARIO
1993,3,16,182.5,100.0,0.8,1.0,14.600000000000001,MODELED_SCENARIO
1993,3,17,116.1111111111111,100.0,0.8,1.0,9.288888888888888,MODELED_SCENARIO
1993,3,18,52.77777777777778,100.0,0.8,1.0,4.222222222222222,MODELED_SCENARIO
1993,3,19,11.11111111111111,100.0,0.8,1.0,0.888888888888889,MODELED_SCENARIO
1993,3,20,0.8333333333333334,100.0,0.8,1.0,0.06666666666666668,MODELED_SCENARIO
1993,3,21,0.0,100.0,0.8,1.0,0.0,MODELED_SCENARIO
1993,3,22,0.0,100.0,0.8,1.0,0.0,MODELED_SCENARIO
1993,3,23,0.0,100.0,0.8,1.0,0.0,MODELED_SCENARIO
1993,3,24,0.0,100.0,0.8,1.0,0.0,MODELED_SCENARIO
1993,4,1,0.0,100.0,0.8,1.0,0.0,MODELED_SCENARIO
1993,4,2,0.0,100.0,0.8,1.0,0.0,MODELED_SCENARIO
1993,4,3,0.0,100.0,0.8,1.0,0.0,MODELED_SCENARIO
1993,4,4,0.0,100.0,0.8,1.0,0.0,MODELED_SCENARIO
1993,4,5,0.0,100.0,0.8,1.0,0.0,MODELED_SCENARIO
1993,4,6,0.2777777777777778,100.0,0.8,1.0,0.022222222222222223,MODELED_SCENARIO
1993,4,7,1.9444444444444444,100.0,0.8,1.0,0.15555555555555556,MODELED_SCENARIO
1993,4,8,12.777777777777777,100.0,0.8,1.0,1.0222222222222221,MODELED_SCENARIO
1993,4,9,41.11111111111111,100.0,0.8,1.0,3.2888888888888888,MODELED_SCENARIO
1993,4,10,74.44444444444444,100.0,0.8,1.0,5.955555555555556,MODELED_SCENARIO
1993,4,11,108.33333333333331,100.0,0.8,1.0,8.666666666666664,MODELED_SCENARIO
1993,4,12,127.5,100.0,0.8,1.0,10.200000000000001,MODELED_SCENARIO
1993,4,13,122.77777777777776,100.0,0.8,1.0,9.822222222222223,MODELED_SCENARIO
1993,4,14,111.11111111111111,100.0,0.8,1.0,8.888888888888891,MODELED_SCENARIO
1993,4,15,71.94444444444444,100.0,0.8,1.0,5.755555555555556,MODELED_SCENARIO
1993,4,16,34.166666666666664,100.0,0.8,1.0,2.7333333333333334,MODELED_SCENARIO
1993,4,17,10.555555555555555,100.0,0.8,1.0,0.8444444444444446,MODELED_SCENARIO
1993,4,18,1.9444444444444444,100.0,0.8,1.0,0.15555555555555556,MODELED_SCENARIO
1993,4,19,0.2777777777777778,100.0,0.8,1.0,0.022222222222222223,MODELED_SCENARIO
1993,4,20,0.0,100.0,0.8,1.0,0.0,MODELED_SCENARIO
1993,4,21,0.0,100.0,0.8,1.0,0.0,MODELED_SCENARIO
1993,4,22,0.0,100.0,0.8,1.0,0.0,MODELED_SCENARIO
1993,4,23,0.0,100.0,0.8,1.0,0.0,MODELED_SCENARIO
1993,4,24,0.0,100.0,0.8,1.0,0.0,MODELED_SCENARIO
1993,5,1,0.0,100.0,0.8,1.0,0.0,MODELED_SCENARIO
1993,5,2,0.0,100.0,0.8,1.0,0.0,MODELED_SCENARIO
1993,5,3,0.0,100.0,0.8,1.0,0.0,MODELED_SCENARIO
1993,5,4,0.0,100.0,0.8,1.0,0.0,MODELED_SCENARIO
1993,5,5,0.0,100.0,0.8,1.0,0.0,MODELED_SCENARIO
1993,5,6,0.0,100.0,0.8,1.0,0.0,MODELED_SCENARIO
1993,5,7,0.0,100.0,0.8,1.0,0.0,MODELED_SCENARIO
1993,5,8,0.2777777777777778,100.0,0.8,1.0,0.022222222222222223,MODELED_SCENARIO
1993,5,9,0.2777777777777778,100.0,0.8,1.0,0.022222222222222223,MODELED_SCENARIO
1993,5,10,3.055555555555556,100.0,0.8,1.0,0.24444444444444446,MODELED_SCENARIO
1993,5,11,10.277777777777777,100.0,0.8,1.0,0.8222222222222222,MODELED_SCENARIO
1993,5,12,21.38888888888889,100.0,0.8,1.0,1.7111111111111112,MODELED_SCENARIO
1993,5,13,22.5,100.0,0.8,1.0,1.8,MODELED_SCENARIO
1993,5,14,10.833333333333334,100.0,0.8,1.0,0.8666666666666668,MODELED_SCENARIO
1993,5,15,1.9444444444444444,100.0,0.8,1.0,0.15555555555555556,MODELED_SCENARIO
1993,5,16,0.0,100.0,0.8,1.0,0.0,MODELED_SCENARIO
1993,5,17,0.0,100.0,0.8,1.0,0.0,MODELED_SCENARIO
1993,5,18,0.0,100.0,0.8,1.0,0.0,MODELED_SCENARIO
1993,5,19,0.0,100.0,0.8,1.0,0.0,MODELED_SCENARIO
1993,5,20,0.0,100.0,0.8,1.0,0.0,MODELED_SCENARIO
1993,5,21,0.0,100.0,0.8,1.0,0.0,MODELED_SCENARIO
1993,5,22,0.0,100.0,0.8,1.0,0.0,MODELED_SCENARIO
1993,5,23,0.0,100.0,0.8,1.0,0.0,MODELED_SCENARIO
1993,5,24,0.0,100.0,0.8,1.0,0.0,MODELED_SCENARIO
1993,6,1,,100.0,0.8,1.0,,MODELED_SCENARIO
1993,6,2,,100.0,0.8,1.0,,MODELED_SCENARIO
1993,6,3,,100.0,0.8,1.0,,MODELED_SCENARIO
1993,6,4,,100.0,0.8,1.0,,MODELED_SCENARIO
1993,6,5,,100.0,0.8,1.0,,MODELED_SCENARIO
1993,6,6,,100.0,0.8,1.0,,MODELED_SCENARIO
1993,6,7,,100.0,0.8,1.0,,MODELED_SCENARIO
1993,6,8,,100.0,0.8,1.0,,MODELED_SCENARIO
1993,6,9,,100.0,0.8,1.0,,MODELED_SCENARIO
1993,6,10,,100.0,0.8,1.0,,MODELED_SCENARIO
1993,6,11,,100.0,0.8,1.0,,MODELED_SCENARIO
1993,6,12,,100.0,0.8,1.0,,MODELED_SCENARIO
1993,6,13,,100.0,0.8,1.0,,MODELED_SCENARIO
1993,6,14,,100.0,0.8,1.0,,MODELED_SCENARIO
1993,6,15,,100.0,0.8,1.0,,MODELED_SCENARIO
1993,6,16,,100.0,0.8,1.0,,MODELED_SCENARIO
1993,6,17,,100.0,0.8,1.0,,MODELED_SCENARIO
1993,6,18,,100.0,0.8,1.0,,MODELED_SCENARIO
1993,6,19,,100.0,0.8,1.0,,MODELED_SCENARIO
1993,6,20,,100.0,0.8,1.0,,MODELED_SCENARIO
1993,6,21,,100.0,0.8,1.0,,MODELED_SCENARIO
1993,6,22,,100.0,0.8,1.0,,MODELED_SCENARIO
1993,6,23,,100.0,0.8,1.0,,MODELED_SCENARIO
1993,6,24,,100.0,0.8,1.0,,MODELED_SCENARIO
1993,7,1,0.0,100.0,0.8,1.0,0.0,MODELED_SCENARIO
1993,7,2,0.0,100.0,0.8,1.0,0.0,MODELED_SCENARIO
1993,7,3,0.0,100.0,0.8,1.0,0.0,MODELED_SCENARIO
1993,7,4,0.0,100.0,0.8,1.0,0.0,MODELED_SCENARIO
1993,7,5,0.0,100.0,0.8,1.0,0.0,MODELED_SCENARIO
1993,7,6,0.0,100.0,0.8,1.0,0.0,MODELED_SCENARIO
1993,7,7,0.0,100.0,0.8,1.0,0.0,MODELED_SCENARIO
1993,7,8,0.0,100.0,0.8,1.0,0.0,MODELED_SCENARIO
1993,7,9,0.0,100.0,0.8,1.0,0.0,MODELED_SCENARIO
1993,7,10,0.0,100.0,0.8,1.0,0.0,MODELED_SCENARIO
1993,7,11,1.3888888888888888,100.0,0.8,1.0,0.11111111111111112,MODELED_SCENARIO
1993,7,12,6.111111111111111,100.0,0.8,1.0,0.4888888888888889,MODELED_SCENARIO
1993,7,13,6.111111111111111,100.0,0.8,1.0,0.4888888888888889,MODELED_SCENARIO
1993,7,14,1.3888888888888888,100.0,0.8,1.0,0.11111111111111112,MODELED_SCENARIO
1993,7,15,0.0,100.0,0.8,1.0,0.0,MODELED_SCENARIO
1993,7,16,0.0,100.0,0.8,1.0,0.0,MODELED_SCENARIO
1993,7,17,0.0,100.0,0.8,1.0,0.0,MODELED_SCENARIO
1993,7,18,0.0,100.0,0.8,1.0,0.0,MODELED_SCENARIO
1993,7,19,0.0,100.0,0.8,1.0,0.0,MODELED_SCENARIO
1993,7,20,0.0,100.0,0.8,1.0,0.0,MODELED_SCENARIO
1993,7,21,0.0,100.0,0.8,1.0,0.0,MODELED_SCENARIO
1993,7,22,0.0,100.0,0.8,1.0,0.0,MODELED_SCENARIO
1993,7,23,0.0,100.0,0.8,1.0,0.0,MODELED_SCENARIO
1993,7,24,0.0,100.0,0.8,1.0,0.0,MODELED_SCENARIO
1993,8,1,0.0,100.0,0.8,1.0,0.0,MODELED_SCENARIO
1993,8,2,0.0,100.0,0.8,1.0,0.0,MODELED_SCENARIO
1993,8,3,0.0,100.0,0.8,1.0,0.0,MODELED_SCENARIO
1993,8,4,0.0,100.0,0.8,1.0,0.0,MODELED_SCENARIO
1993,8,5,0.0,100.0,0.8,1.0,0.0,MODELED_SCENARIO
1993,8,6,0.0,100.0,0.8,1.0,0.0,MODELED_SCENARIO
1993,8,7,0.0,100.0,0.8,1.0,0.0,MODELED_SCENARIO
1993,8,8,0.8333333333333334,100.0,0.8,1.0,0.06666666666666668,MODELED_SCENARIO
1993,8,9,11.944444444444445,100.0,0.8,1.0,0.9555555555555556,MODELED_SCENARIO
1993,8,10,37.22222222222222,100.0,0.8,1.0,2.977777777777778,MODELED_SCENARIO
1993,8,11,65.27777777777777,100.0,0.8,1.0,5.222222222222221,MODELED_SCENARIO
1993,8,12,82.5,100.0,0.8,1.0,6.6000000000000005,MODELED_SCENARIO
1993,8,13,85.27777777777777,100.0,0.8,1.0,6.822222222222222,MODELED_SCENARIO
1993,8,14,70.27777777777777,100.0,0.8,1.0,5.622222222222222,MODELED_SCENARIO
1993,8,15,41.11111111111111,100.0,0.8,1.0,3.2888888888888888,MODELED_SCENARIO
1993,8,16,12.22222222222222,100.0,0.8,1.0,0.9777777777777775,MODELED_SCENARIO
1993,8,17,0.8333333333333334,100.0,0.8,1.0,0.06666666666666668,MODELED_SCENARIO
1993,8,18,0.0,100.0,0.8,1.0,0.0,MODELED_SCENARIO
1993,8,19,0.0,100.0,0.8,1.0,0.0,MODELED_SCENARIO
1993,8,20,0.0,100.0,0.8,1.0,0.0,MODELED_SCENARIO
1993,8,21,0.0,100.0,0.8,1.0,0.0,MODELED_SCENARIO
1993,8,22,0.0,100.0,0.8,1.0,0.0,MODELED_SCENARIO
1993,8,23,0.0,100.0,0.8,1.0,0.0,MODELED_SCENARIO
1993,8,24,0.0,100.0,0.8,1.0,0.0,MODELED_SCENARIO
1993,9,1,0.0,100.0,0.8,1.0,0.0,MODELED_SCENARIO
1993,9,2,0.0,100.0,0.8,1.0,0.0,MODELED_SCENARIO
1993,9,3,0.0,100.0,0.8,1.0,0.0,MODELED_SCENARIO
1993,9,4,0.0,100.0,0.8,1.0,0.0,MODELED_SCENARIO
1993,9,5,0.0,100.0,0.8,1.0,0.0,MODELED_SCENARIO
1993,9,6,1.3888888888888888,100.0,0.8,1.0,0.11111111111111112,MODELED_SCENARIO
1993,9,7,18.05555555555556,100.0,0.8,1.0,1.4444444444444449,MODELED_SCENARIO
1993,9,8,62.5,100.0,0.8,1.0,5.0,MODELED_SCENARIO
1993,9,9,116.66666666666666,100.0,0.8,1.0,9.333333333333334,MODELED_SCENARIO
1993,9,10,170.55555555555554,100.0,0.8,1.0,13.644444444444444,MODELED_SCENARIO
1993,9,11,208.05555555555557,100.0,0.8,1.0,16.644444444444446,MODELED_SCENARIO
1993,9,12,231.1111111111111,100.0,0.8,1.0,18.488888888888887,MODELED_SCENARIO
1993,9,13,235.0,100.0,0.8,1.0,18.8,MODELED_SCENARIO
1993,9,14,214.16666666666663,100.0,0.8,1.0,17.13333333333333,MODELED_SCENARIO
1993,9,15,173.88888888888889,100.0,0.8,1.0,13.911111111111111,MODELED_SCENARIO
1993,9,16,111.94444444444444,100.0,0.8,1.0,8.955555555555556,MODELED_SCENARIO
1993,9,17,57.49999999999999,100.0,0.8,1.0,4.6000000000000005,MODELED_SCENARIO
1993,9,18,17.5,100.0,0.8,1.0,1.4000000000000004,MODELED_SCENARIO
1993,9,19,1.6666666666666667,100.0,0.8,1.0,0.13333333333333336,MODELED_SCENARIO
1993,9,20,0.0,100.0,0.8,1.0,0.0,MODELED_SCENARIO
1993,9,21,0.0,100.0,0.8,1.0,0.0,MODELED_SCENARIO
1993,9,22,0.0,100.0,0.8,1.0,0.0,MODELED_SCENARIO
1993,9,23,0.0,100.0,0.8,1.0,0.0,MODELED_SCENARIO
1993,9,24,0.0,100.0,0.8,1.0,0.0,MODELED_SCENARIO
1993,10,1,0.0,100.0,0.8,1.0,0.0,MODELED_SCENARIO
1993,10,2,0.0,100.0,0.8,1.0,0.0,MODELED_SCENARIO
1993,10,3,0.0,100.0,0.8,1.0,0.0,MODELED_SCENARIO
1993,10,4,3.333333333333333,100.0,0.8,1.0,0.26666666666666666,MODELED_SCENARIO
1993,10,5,21.38888888888889,100.0,0.8,1.0,1.7111111111111112,MODELED_SCENARIO
1993,10,6,61.66666666666666,100.0,0.8,1.0,4.933333333333333,MODELED_SCENARIO
1993,10,7,130.27777777777777,100.0,0.8,1.0,10.422222222222222,MODELED_SCENARIO
1993,10,8,209.72222222222223,100.0,0.8,1.0,16.77777777777778,MODELED_SCENARIO
1993,10,9,284.16666666666663,100.0,0.8,1.0,22.73333333333333,MODELED_SCENARIO
1993,10,10,363.6111111111111,100.0,0.8,1.0,29.088888888888892,MODELED_SCENARIO
1993,10,11,412.22222222222223,100.0,0.8,1.0,32.97777777777778,MODELED_SCENARIO
1993,10,12,431.38888888888886,100.0,0.8,1.0,34.51111111111111,MODELED_SCENARIO
1993,10,13,450.0,100.0,0.8,1.0,36.0,MODELED_SCENARIO
1993,10,14,418.05555555555554,100.0,0.8,1.0,33.44444444444445,MODELED_SCENARIO
1993,10,15,369.72222222222223,100.0,0.8,1.0,29.57777777777778,MODELED_SCENARIO
1993,10,16,301.11111111111114,100.0,0.8,1.0,24.088888888888896,MODELED_SCENARIO
1993,10,17,220.5555555555556,100.0,0.8,1.0,17.644444444444446,MODELED_SCENARIO
1993,10,18,144.72222222222223,100.0,0.8,1.0,11.57777777777778,MODELED_SCENARIO
1993,10,19,73.33333333333333,100.0,0.8,1.0,5.866666666666667,MODELED_SCENARIO
1993,10,20,23.61111111111111,100.0,0.8,1.0,1.888888888888889,MODELED_SCENARIO
1993,10,21,5.277777777777778,100.0,0.8,1.0,0.4222222222222223,MODELED_SCENARIO
1993,10,22,0.5555555555555556,100.0,0.8,1.0,0.044444444444444446,MODELED_SCENARIO
1993,10,23,0.0,100.0,0.8,1.0,0.0,MODELED_SCENARIO
1993,10,24,0.0,100.0,0.8,1.0,0.0,MODELED_SCENARIO
1993,11,1,9.999999999999998,100.0,0.8,1.0,0.7999999999999999,MODELED_SCENARIO
1993,11,2,15.0,100.0,0.8,1.0,1.2000000000000002,MODELED_SCENARIO
1993,11,3,47.77777777777777,100.0,0.8,1.0,3.8222222222222224,MODELED_SCENARIO
1993,11,4,115.0,100.0,0.8,1.0,9.200000000000001,MODELED_SCENARIO
1993,11,5,196.1111111111111,100.0,0.8,1.0,15.68888888888889,MODELED_SCENARIO
1993,11,6,288.8888888888889,100.0,0.8,1.0,23.111111111111114,MODELED_SCENARIO
1993,11,7,378.33333333333337,100.0,0.8,1.0,30.26666666666667,MODELED_SCENARIO
1993,11,8,467.5,100.0,0.8,1.0,37.4,MODELED_SCENARIO
1993,11,9,556.6666666666666,100.0,0.8,1.0,44.53333333333333,MODELED_SCENARIO
1993,11,10,633.6111111111111,100.0,0.8,1.0,50.6888888888889,MODELED_SCENARIO
1993,11,11,691.9444444444445,100.0,0.8,1.0,55.355555555555554,MODELED_SCENARIO
1993,11,12,723.8888888888888,100.0,0.8,1.0,57.91111111111111,MODELED_SCENARIO
1993,11,13,724.7222222222222,100.0,0.8,1.0,57.977777777777774,MODELED_SCENARIO
1993,11,14,710.0,100.0,0.8,1.0,56.800000000000004,MODELED_SCENARIO
1993,11,15,651.1111111111111,100.0,0.8,1.0,52.088888888888896,MODELED_SCENARIO
1993,11,16,583.0555555555555,100.0,0.8,1.0,46.644444444444446,MODELED_SCENARIO
1993,11,17,480.83333333333337,100.0,0.8,1.0,38.46666666666667,MODELED_SCENARIO
1993,11,18,371.1111111111112,100.0,0.8,1.0,29.688888888888897,MODELED_SCENARIO
1993,11,19,282.49999999999994,100.0,0.8,1.0,22.599999999999994,MODELED_SCENARIO
1993,11,20,195.0,100.0,0.8,1.0,15.600000000000001,MODELED_SCENARIO
1993,11,21,113.88888888888889,100.0,0.8,1.0,9.111111111111112,MODELED_SCENARIO
1993,11,22,42.77777777777778,100.0,0.8,1.0,3.4222222222222225,MODELED_SCENARIO
1993,11,23,15.833333333333334,100.0,0.8,1.0,1.2666666666666668,MODELED_SCENARIO
1993,11,24,11.666666666666668,100.0,0.8,1.0,0.9333333333333335,MODELED_SCENARIO
1993,12,1,33.33333333333333,100.0,0.8,1.0,2.666666666666666,MODELED_SCENARIO
1993,12,2,53.61111111111112,100.0,0.8,1.0,4.2888888888888905,MODELED_SCENARIO
1993,12,3,88.05555555555556,100.0,0.8,1.0,7.044444444444444,MODELED_SCENARIO
1993,12,4,126.11111111111111,100.0,0.8,1.0,10.08888888888889,MODELED_SCENARIO
1993,12,5,165.27777777777777,100.0,0.8,1.0,13.222222222222223,MODELED_SCENARIO
1993,12,6,241.66666666666663,100.0,0.8,1.0,19.333333333333332,MODELED_SCENARIO
1993,12,7,309.44444444444446,100.0,0.8,1.0,24.75555555555556,MODELED_SCENARIO
1993,12,8,402.77777777777777,100.0,0.8,1.0,32.22222222222222,MODELED_SCENARIO
1993,12,9,488.05555555555554,100.0,0.8,1.0,39.044444444444444,MODELED_SCENARIO
1993,12,10,543.6111111111111,100.0,0.8,1.0,43.48888888888889,MODELED_SCENARIO
1993,12,11,590.2777777777777,100.0,0.8,1.0,47.22222222222222,MODELED_SCENARIO
1993,12,12,606.6666666666667,100.0,0.8,1.0,48.53333333333334,MODELED_SCENARIO
1993,12,13,590.8333333333333,100.0,0.8,1.0,47.26666666666666,MODELED_SCENARIO
1993,12,14,576.9444444444445,100.0,0.8,1.0,46.155555555555566,MODELED_SCENARIO
1993,12,15,551.1111111111111,100.0,0.8,1.0,44.088888888888896,MODELED_SCENARIO
1993,12,16,502.22222222222223,100.0,0.8,1.0,40.17777777777778,MODELED_SCENARIO
1993,12,17,444.72222222222223,100.0,0.8,1.0,35.577777777777776,MODELED_SCENARIO
1993,12,18,350.8333333333333,100.0,0.8,1.0,28.06666666666667,MODELED_SCENARIO
1993,12,19,282.49999999999994,100.0,0.8,1.0,22.599999999999994,MODELED_SCENARIO
1993,12,20,203.88888888888889,100.0,0.8,1.0,16.311111111111114,MODELED_SCENARIO
1993,12,21,142.5,100.0,0.8,1.0,11.399999999999999,MODELED_SCENARIO
1993,12,22,90.2777777777778,100.0,0.8,1.0,7.222222222222225,MODELED_SCENARIO
1993,12,23,45.27777777777778,100.0,0.8,1.0,3.6222222222222222,MODELED_SCENARIO
1993,12,24,32.22222222222222,100.0,0.8,1.0,2.577777777777778,MODELED_SCENARIO
1994,1,1,0.0,100.0,0.8,1.0,0.0,MODELED_SCENARIO
1994,1,2,11.666666666666668,100.0,0.8,1.0,0.9333333333333335,MODELED_SCENARIO
1994,1,3,47.5,100.0,0.8,1.0,3.8000000000000003,MODELED_SCENARIO
1994,1,4,103.88888888888889,100.0,0.8,1.0,8.311111111111112,MODELED_SCENARIO
1994,1,5,175.55555555555554,100.0,0.8,1.0,14.044444444444444,MODELED_SCENARIO
1994,1,6,248.33333333333331,100.0,0.8,1.0,19.866666666666667,MODELED_SCENARIO
1994,1,7,352.22222222222223,100.0,0.8,1.0,28.177777777777777,MODELED_SCENARIO
1994,1,8,436.1111111111112,100.0,0.8,1.0,34.8888888888889,MODELED_SCENARIO
1994,1,9,532.2222222222222,100.0,0.8,1.0,42.577777777777776,MODELED_SCENARIO
1994,1,10,609.4444444444445,100.0,0.8,1.0,48.75555555555556,MODELED_SCENARIO
1994,1,11,658.3333333333334,100.0,0.8,1.0,52.666666666666664,MODELED_SCENARIO
1994,1,12,688.6111111111111,100.0,0.8,1.0,55.08888888888888,MODELED_SCENARIO
1994,1,13,708.3333333333333,100.0,0.8,1.0,56.666666666666664,MODELED_SCENARIO
1994,1,14,670.0,100.0,0.8,1.0,53.6,MODELED_SCENARIO
1994,1,15,608.6111111111111,100.0,0.8,1.0,48.68888888888889,MODELED_SCENARIO
1994,1,16,531.1111111111111,100.0,0.8,1.0,42.48888888888889,MODELED_SCENARIO
1994,1,17,461.6666666666666,100.0,0.8,1.0,36.93333333333333,MODELED_SCENARIO
1994,1,18,355.27777777777777,100.0,0.8,1.0,28.422222222222217,MODELED_SCENARIO
1994,1,19,271.1111111111111,100.0,0.8,1.0,21.688888888888886,MODELED_SCENARIO
1994,1,20,174.72222222222223,100.0,0.8,1.0,13.977777777777778,MODELED_SCENARIO
1994,1,21,102.5,100.0,0.8,1.0,8.200000000000001,MODELED_SCENARIO
1994,1,22,43.333333333333336,100.0,0.8,1.0,3.4666666666666672,MODELED_SCENARIO
1994,1,23,8.61111111111111,100.0,0.8,1.0,0.688888888888889,MODELED_SCENARIO
1994,1,24,0.5555555555555556,100.0,0.8,1.0,0.044444444444444446,MODELED_SCENARIO
1994,2,1,0.0,100.0,0.8,1.0,0.0,MODELED_SCENARIO
1994,2,2,0.0,100.0,0.8,1.0,0.0,MODELED_SCENARIO
1994,2,3,7.777777777777778,100.0,0.8,1.0,0.6222222222222222,MODELED_SCENARIO
1994,2,4,31.666666666666668,100.0,0.8,1.0,2.5333333333333337,MODELED_SCENARIO
1994,2,5,90.83333333333331,100.0,0.8,1.0,7.266666666666665,MODELED_SCENARIO
1994,2,6,163.05555555555554,100.0,0.8,1.0,13.044444444444444,MODELED_SCENARIO
1994,2,7,265.27777777777777,100.0,0.8,1.0,21.222222222222225,MODELED_SCENARIO
1994,2,8,376.6666666666667,100.0,0.8,1.0,30.13333333333334,MODELED_SCENARIO
1994,2,9,476.1111111111111,100.0,0.8,1.0,38.08888888888889,MODELED_SCENARIO
1994,2,10,543.0555555555555,100.0,0.8,1.0,43.44444444444444,MODELED_SCENARIO
1994,2,11,611.1111111111112,100.0,0.8,1.0,48.88888888888889,MODELED_SCENARIO
1994,2,12,619.4444444444445,100.0,0.8,1.0,49.55555555555556,MODELED_SCENARIO
1994,2,13,655.2777777777777,100.0,0.8,1.0,52.42222222222222,MODELED_SCENARIO
1994,2,14,609.4444444444445,100.0,0.8,1.0,48.75555555555556,MODELED_SCENARIO
1994,2,15,588.8888888888889,100.0,0.8,1.0,47.111111111111114,MODELED_SCENARIO
1994,2,16,493.6111111111111,100.0,0.8,1.0,39.488888888888894,MODELED_SCENARIO
1994,2,17,366.1111111111112,100.0,0.8,1.0,29.2888888888889,MODELED_SCENARIO
1994,2,18,273.88888888888886,100.0,0.8,1.0,21.91111111111111,MODELED_SCENARIO
1994,2,19,180.83333333333331,100.0,0.8,1.0,14.466666666666667,MODELED_SCENARIO
1994,2,20,86.94444444444444,100.0,0.8,1.0,6.955555555555556,MODELED_SCENARIO
1994,2,21,21.666666666666668,100.0,0.8,1.0,1.7333333333333336,MODELED_SCENARIO
1994,2,22,7.222222222222221,100.0,0.8,1.0,0.5777777777777777,MODELED_SCENARIO
1994,2,23,0.0,100.0,0.8,1.0,0.0,MODELED_SCENARIO
1994,2,24,0.0,100.0,0.8,1.0,0.0,MODELED_SCENARIO
1994,3,1,0.0,100.0,0.8,1.0,0.0,MODELED_SCENARIO
1994,3,2,0.0,100.0,0.8,1.0,0.0,MODELED_SCENARIO
1994,3,3,0.0,100.0,0.8,1.0,0.0,MODELED_SCENARIO
1994,3,4,0.0,100.0,0.8,1.0,0.0,MODELED_SCENARIO
1994,3,5,8.055555555555555,100.0,0.8,1.0,0.6444444444444445,MODELED_SCENARIO
1994,3,6,21.11111111111111,100.0,0.8,1.0,1.688888888888889,MODELED_SCENARIO
1994,3,7,60.27777777777778,100.0,0.8,1.0,4.822222222222223,MODELED_SCENARIO
1994,3,8,120.27777777777776,100.0,0.8,1.0,9.622222222222222,MODELED_SCENARIO
1994,3,9,193.3333333333333,100.0,0.8,1.0,15.466666666666663,MODELED_SCENARIO
1994,3,10,261.38888888888886,100.0,0.8,1.0,20.911111111111108,MODELED_SCENARIO
1994,3,11,313.88888888888886,100.0,0.8,1.0,25.111111111111114,MODELED_SCENARIO
1994,3,12,333.88888888888886,100.0,0.8,1.0,26.71111111111111,MODELED_SCENARIO
1994,3,13,335.0,100.0,0.8,1.0,26.8,MODELED_SCENARIO
1994,3,14,321.66666666666663,100.0,0.8,1.0,25.733333333333334,MODELED_SCENARIO
1994,3,15,273.88888888888886,100.0,0.8,1.0,21.91111111111111,MODELED_SCENARIO
1994,3,16,212.22222222222223,100.0,0.8,1.0,16.977777777777778,MODELED_SCENARIO
1994,3,17,140.83333333333334,100.0,0.8,1.0,11.266666666666667,MODELED_SCENARIO
1994,3,18,61.94444444444444,100.0,0.8,1.0,4.955555555555556,MODELED_SCENARIO
1994,3,19,12.777777777777777,100.0,0.8,1.0,1.0222222222222221,MODELED_SCENARIO
1994,3,20,2.2222222222222223,100.0,0.8,1.0,0.17777777777777778,MODELED_SCENARIO
1994,3,21,0.0,100.0,0.8,1.0,0.0,MODELED_SCENARIO
1994,3,22,0.0,100.0,0.8,1.0,0.0,MODELED_SCENARIO
1994,3,23,0.0,100.0,0.8,1.0,0.0,MODELED_SCENARIO
1994,3,24,0.0,100.0,0.8,1.0,0.0,MODELED_SCENARIO
1994,4,1,0.0,100.0,0.8,1.0,0.0,MODELED_SCENARIO
1994,4,2,0.0,100.0,0.8,1.0,0.0,MODELED_SCENARIO
1994,4,3,0.0,100.0,0.8,1.0,0.0,MODELED_SCENARIO
1994,4,4,0.0,100.0,0.8,1.0,0.0,MODELED_SCENARIO
1994,4,5,0.0,100.0,0.8,1.0,0.0,MODELED_SCENARIO
1994,4,6,0.0,100.0,0.8,1.0,0.0,MODELED_SCENARIO
1994,4,7,0.5555555555555556,100.0,0.8,1.0,0.044444444444444446,MODELED_SCENARIO
1994,4,8,6.666666666666667,100.0,0.8,1.0,0.5333333333333334,MODELED_SCENARIO
1994,4,9,15.277777777777777,100.0,0.8,1.0,1.2222222222222223,MODELED_SCENARIO
1994,4,10,32.5,100.0,0.8,1.0,2.6,MODELED_SCENARIO
1994,4,11,59.44444444444444,100.0,0.8,1.0,4.7555555555555555,MODELED_SCENARIO
1994,4,12,77.22222222222223,100.0,0.8,1.0,6.177777777777779,MODELED_SCENARIO
1994,4,13,73.33333333333333,100.0,0.8,1.0,5.866666666666667,MODELED_SCENARIO
1994,4,14,60.83333333333333,100.0,0.8,1.0,4.866666666666667,MODELED_SCENARIO
1994,4,15,60.27777777777778,100.0,0.8,1.0,4.822222222222223,MODELED_SCENARIO
1994,4,16,38.333333333333336,100.0,0.8,1.0,3.0666666666666673,MODELED_SCENARIO
1994,4,17,18.33333333333333,100.0,0.8,1.0,1.4666666666666666,MODELED_SCENARIO
1994,4,18,0.0,100.0,0.8,1.0,0.0,MODELED_SCENARIO
1994,4,19,0.0,100.0,0.8,1.0,0.0,MODELED_SCENARIO
1994,4,20,0.0,100.0,0.8,1.0,0.0,MODELED_SCENARIO
1994,4,21,0.0,100.0,0.8,1.0,0.0,MODELED_SCENARIO
1994,4,22,0.0,100.0,0.8,1.0,0.0,MODELED_SCENARIO
1994,4,23,0.0,100.0,0.8,1.0,0.0,MODELED_SCENARIO
1994,4,24,0.0,100.0,0.8,1.0,0.0,MODELED_SCENARIO
1994,5,1,0.0,100.0,0.8,1.0,0.0,MODELED_SCENARIO
1994,5,2,0.0,100.0,0.8,1.0,0.0,MODELED_SCENARIO
1994,5,3,0.0,100.0,0.8,1.0,0.0,MODELED_SCENARIO
1994,5,4,0.0,100.0,0.8,1.0,0.0,MODELED_SCENARIO
1994,5,5,0.0,100.0,0.8,1.0,0.0,MODELED_SCENARIO
1994,5,6,0.0,100.0,0.8,1.0,0.0,MODELED_SCENARIO
1994,5,7,0.0,100.0,0.8,1.0,0.0,MODELED_SCENARIO
1994,5,8,0.0,100.0,0.8,1.0,0.0,MODELED_SCENARIO
1994,5,9,0.0,100.0,0.8,1.0,0.0,MODELED_SCENARIO
1994,5,10,3.055555555555556,100.0,0.8,1.0,0.24444444444444446,MODELED_SCENARIO
1994,5,11,17.22222222222222,100.0,0.8,1.0,1.377777777777778,MODELED_SCENARIO
1994,5,12,36.94444444444444,100.0,0.8,1.0,2.9555555555555553,MODELED_SCENARIO
1994,5,13,37.22222222222222,100.0,0.8,1.0,2.977777777777778,MODELED_SCENARIO
1994,5,14,24.72222222222222,100.0,0.8,1.0,1.9777777777777779,MODELED_SCENARIO
1994,5,15,8.055555555555555,100.0,0.8,1.0,0.6444444444444445,MODELED_SCENARIO
1994,5,16,0.5555555555555556,100.0,0.8,1.0,0.044444444444444446,MODELED_SCENARIO
1994,5,17,0.0,100.0,0.8,1.0,0.0,MODELED_SCENARIO
1994,5,18,0.0,100.0,0.8,1.0,0.0,MODELED_SCENARIO
1994,5,19,0.0,100.0,0.8,1.0,0.0,MODELED_SCENARIO
1994,5,20,0.0,100.0,0.8,1.0,0.0,MODELED_SCENARIO
1994,5,21,0.0,100.0,0.8,1.0,0.0,MODELED_SCENARIO
1994,5,22,0.0,100.0,0.8,1.0,0.0,MODELED_SCENARIO
1994,5,23,0.0,100.0,0.8,1.0,0.0,MODELED_SCENARIO
1994,5,24,0.0,100.0,0.8,1.0,0.0,MODELED_SCENARIO
1994,6,1,,100.0,0.8,1.0,,MODELED_SCENARIO
1994,6,2,,100.0,0.8,1.0,,MODELED_SCENARIO
1994,6,3,,100.0,0.8,1.0,,MODELED_SCENARIO
1994,6,4,,100.0,0.8,1.0,,MODELED_SCENARIO
1994,6,5,,100.0,0.8,1.0,,MODELED_SCENARIO
1994,6,6,,100.0,0.8,1.0,,MODELED_SCENARIO
1994,6,7,,100.0,0.8,1.0,,MODELED_SCENARIO
1994,6,8,,100.0,0.8,1.0,,MODELED_SCENARIO
1994,6,9,,100.0,0.8,1.0,,MODELED_SCENARIO
1994,6,10,,100.0,0.8,1.0,,MODELED_SCENARIO
1994,6,11,,100.0,0.8,1.0,,MODELED_SCENARIO
1994,6,12,,100.0,0.8,1.0,,MODELED_SCENARIO
1994,6,13,,100.0,0.8,1.0,,MODELED_SCENARIO
1994,6,14,,100.0,0.8,1.0,,MODELED_SCENARIO
1994,6,15,,100.0,0.8,1.0,,MODELED_SCENARIO
1994,6,16,,100.0,0.8,1.0,,MODELED_SCENARIO
1994,6,17,,100.0,0.8,1.0,,MODELED_SCENARIO
1994,6,18,,100.0,0.8,1.0,,MODELED_SCENARIO
1994,6,19,,100.0,0.8,1.0,,MODELED_SCENARIO
1994,6,20,,100.0,0.8,1.0,,MODELED_SCENARIO
1994,6,21,,100.0,0.8,1.0,,MODELED_SCENARIO
1994,6,22,,100.0,0.8,1.0,,MODELED_SCENARIO
1994,6,23,,100.0,0.8,1.0,,MODELED_SCENARIO
1994,6,24,,100.0,0.8,1.0,,MODELED_SCENARIO
1994,7,1,0.0,100.0,0.8,1.0,0.0,MODELED_SCENARIO
1994,7,2,0.0,100.0,0.8,1.0,0.0,MODELED_SCENARIO
1994,7,3,0.0,100.0,0.8,1.0,0.0,MODELED_SCENARIO
1994,7,4,0.0,100.0,0.8,1.0,0.0,MODELED_SCENARIO
1994,7,5,0.0,100.0,0.8,1.0,0.0,MODELED_SCENARIO
1994,7,6,0.0,100.0,0.8,1.0,0.0,MODELED_SCENARIO
1994,7,7,0.0,100.0,0.8,1.0,0.0,MODELED_SCENARIO
1994,7,8,0.0,100.0,0.8,1.0,0.0,MODELED_SCENARIO
1994,7,9,0.0,100.0,0.8,1.0,0.0,MODELED_SCENARIO
1994,7,10,0.0,100.0,0.8,1.0,0.0,MODELED_SCENARIO
1994,7,11,2.7777777777777777,100.0,0.8,1.0,0.22222222222222224,MODELED_SCENARIO
1994,7,12,19.444444444444446,100.0,0.8,1.0,1.5555555555555556,MODELED_SCENARIO
1994,7,13,25.0,100.0,0.8,1.0,2.0,MODELED_SCENARIO
1994,7,14,11.11111111111111,100.0,0.8,1.0,0.888888888888889,MODELED_SCENARIO
1994,7,15,4.166666666666666,100.0,0.8,1.0,0.33333333333333326,MODELED_SCENARIO
1994,7,16,0.0,100.0,0.8,1.0,0.0,MODELED_SCENARIO
1994,7,17,0.0,100.0,0.8,1.0,0.0,MODELED_SCENARIO
1994,7,18,0.0,100.0,0.8,1.0,0.0,MODELED_SCENARIO
1994,7,19,0.0,100.0,0.8,1.0,0.0,MODELED_SCENARIO
1994,7,20,0.0,100.0,0.8,1.0,0.0,MODELED_SCENARIO
1994,7,21,0.0,100.0,0.8,1.0,0.0,MODELED_SCENARIO
1994,7,22,0.0,100.0,0.8,1.0,0.0,MODELED_SCENARIO
1994,7,23,0.0,100.0,0.8,1.0,0.0,MODELED_SCENARIO
1994,7,24,0.0,100.0,0.8,1.0,0.0,MODELED_SCENARIO
1994,8,1,0.0,100.0,0.8,1.0,0.0,MODELED_SCENARIO
1994,8,2,0.0,100.0,0.8,1.0,0.0,MODELED_SCENARIO
1994,8,3,0.0,100.0,0.8,1.0,0.0,MODELED_SCENARIO
1994,8,4,0.0,100.0,0.8,1.0,0.0,MODELED_SCENARIO
1994,8,5,0.0,100.0,0.8,1.0,0.0,MODELED_SCENARIO
1994,8,6,0.0,100.0,0.8,1.0,0.0,MODELED_SCENARIO
1994,8,7,0.0,100.0,0.8,1.0,0.0,MODELED_SCENARIO
1994,8,8,2.5,100.0,0.8,1.0,0.2,MODELED_SCENARIO
1994,8,9,16.944444444444443,100.0,0.8,1.0,1.3555555555555554,MODELED_SCENARIO
1994,8,10,39.16666666666666,100.0,0.8,1.0,3.133333333333333,MODELED_SCENARIO
1994,8,11,56.66666666666666,100.0,0.8,1.0,4.533333333333333,MODELED_SCENARIO
1994,8,12,70.0,100.0,0.8,1.0,5.600000000000001,MODELED_SCENARIO
1994,8,13,66.1111111111111,100.0,0.8,1.0,5.288888888888889,MODELED_SCENARIO
1994,8,14,49.72222222222222,100.0,0.8,1.0,3.977777777777778,MODELED_SCENARIO
1994,8,15,30.0,100.0,0.8,1.0,2.4000000000000004,MODELED_SCENARIO
1994,8,16,9.166666666666666,100.0,0.8,1.0,0.7333333333333334,MODELED_SCENARIO
1994,8,17,0.8333333333333334,100.0,0.8,1.0,0.06666666666666668,MODELED_SCENARIO
1994,8,18,0.0,100.0,0.8,1.0,0.0,MODELED_SCENARIO
1994,8,19,0.0,100.0,0.8,1.0,0.0,MODELED_SCENARIO
1994,8,20,0.0,100.0,0.8,1.0,0.0,MODELED_SCENARIO
1994,8,21,0.0,100.0,0.8,1.0,0.0,MODELED_SCENARIO
1994,8,22,0.0,100.0,0.8,1.0,0.0,MODELED_SCENARIO
1994,8,23,0.0,100.0,0.8,1.0,0.0,MODELED_SCENARIO
1994,8,24,0.0,100.0,0.8,1.0,0.0,MODELED_SCENARIO
1994,9,1,0.0,100.0,0.8,1.0,0.0,MODELED_SCENARIO
1994,9,2,0.0,100.0,0.8,1.0,0.0,MODELED_SCENARIO
1994,9,3,0.0,100.0,0.8,1.0,0.0,MODELED_SCENARIO
1994,9,4,0.0,100.0,0.8,1.0,0.0,MODELED_SCENARIO
1994,9,5,0.0,100.0,0.8,1.0,0.0,MODELED_SCENARIO
1994,9,6,3.333333333333333,100.0,0.8,1.0,0.26666666666666666,MODELED_SCENARIO
1994,9,7,25.555555555555557,100.0,0.8,1.0,2.0444444444444447,MODELED_SCENARIO
1994,9,8,78.05555555555556,100.0,0.8,1.0,6.244444444444445,MODELED_SCENARIO
1994,9,9,136.66666666666666,100.0,0.8,1.0,10.933333333333334,MODELED_SCENARIO
1994,9,10,192.77777777777777,100.0,0.8,1.0,15.422222222222224,MODELED_SCENARIO
1994,9,11,233.05555555555557,100.0,0.8,1.0,18.644444444444446,MODELED_SCENARIO
1994,9,12,252.5,100.0,0.8,1.0,20.200000000000003,MODELED_SCENARIO
1994,9,13,258.3333333333333,100.0,0.8,1.0,20.666666666666664,MODELED_SCENARIO
1994,9,14,241.38888888888889,100.0,0.8,1.0,19.31111111111111,MODELED_SCENARIO
1994,9,15,199.44444444444443,100.0,0.8,1.0,15.955555555555556,MODELED_SCENARIO
1994,9,16,142.22222222222223,100.0,0.8,1.0,11.377777777777778,MODELED_SCENARIO
1994,9,17,77.22222222222223,100.0,0.8,1.0,6.177777777777779,MODELED_SCENARIO
1994,9,18,27.5,100.0,0.8,1.0,2.2,MODELED_SCENARIO
1994,9,19,1.9444444444444444,100.0,0.8,1.0,0.15555555555555556,MODELED_SCENARIO
1994,9,20,0.0,100.0,0.8,1.0,0.0,MODELED_SCENARIO
1994,9,21,0.0,100.0,0.8,1.0,0.0,MODELED_SCENARIO
1994,9,22,0.0,100.0,0.8,1.0,0.0,MODELED_SCENARIO
1994,9,23,0.0,100.0,0.8,1.0,0.0,MODELED_SCENARIO
1994,9,24,0.0,100.0,0.8,1.0,0.0,MODELED_SCENARIO
1994,10,1,0.0,100.0,0.8,1.0,0.0,MODELED_SCENARIO
1994,10,2,0.0,100.0,0.8,1.0,0.0,MODELED_SCENARIO
1994,10,3,0.2777777777777778,100.0,0.8,1.0,0.022222222222222223,MODELED_SCENARIO
1994,10,4,7.5,100.0,0.8,1.0,0.6000000000000001,MODELED_SCENARIO
1994,10,5,35.833333333333336,100.0,0.8,1.0,2.866666666666667,MODELED_SCENARIO
1994,10,6,77.77777777777779,100.0,0.8,1.0,6.222222222222222,MODELED_SCENARIO
1994,10,7,151.38888888888889,100.0,0.8,1.0,12.11111111111111,MODELED_SCENARIO
1994,10,8,231.38888888888889,100.0,0.8,1.0,18.511111111111113,MODELED_SCENARIO
1994,10,9,321.66666666666663,100.0,0.8,1.0,25.733333333333334,MODELED_SCENARIO
1994,10,10,377.5,100.0,0.8,1.0,30.200000000000003,MODELED_SCENARIO
1994,10,11,428.6111111111111,100.0,0.8,1.0,34.28888888888889,MODELED_SCENARIO
1994,10,12,463.05555555555554,100.0,0.8,1.0,37.044444444444444,MODELED_SCENARIO
1994,10,13,444.72222222222223,100.0,0.8,1.0,35.577777777777776,MODELED_SCENARIO
1994,10,14,429.7222222222222,100.0,0.8,1.0,34.37777777777777,MODELED_SCENARIO
1994,10,15,381.38888888888886,100.0,0.8,1.0,30.51111111111111,MODELED_SCENARIO
1994,10,16,311.94444444444446,100.0,0.8,1.0,24.95555555555556,MODELED_SCENARIO
1994,10,17,250.55555555555557,100.0,0.8,1.0,20.044444444444448,MODELED_SCENARIO
1994,10,18,169.44444444444443,100.0,0.8,1.0,13.555555555555555,MODELED_SCENARIO
1994,10,19,97.2222222222222,100.0,0.8,1.0,7.777777777777776,MODELED_SCENARIO
1994,10,20,36.38888888888889,100.0,0.8,1.0,2.9111111111111114,MODELED_SCENARIO
1994,10,21,8.61111111111111,100.0,0.8,1.0,0.688888888888889,MODELED_SCENARIO
1994,10,22,0.8333333333333334,100.0,0.8,1.0,0.06666666666666668,MODELED_SCENARIO
1994,10,23,0.0,100.0,0.8,1.0,0.0,MODELED_SCENARIO
1994,10,24,0.0,100.0,0.8,1.0,0.0,MODELED_SCENARIO
1994,11,1,1.3888888888888888,100.0,0.8,1.0,0.11111111111111112,MODELED_SCENARIO
1994,11,2,4.722222222222222,100.0,0.8,1.0,0.37777777777777777,MODELED_SCENARIO
1994,11,3,38.333333333333336,100.0,0.8,1.0,3.0666666666666673,MODELED_SCENARIO
1994,11,4,96.38888888888889,100.0,0.8,1.0,7.711111111111112,MODELED_SCENARIO
1994,11,5,159.16666666666666,100.0,0.8,1.0,12.733333333333333,MODELED_SCENARIO
1994,11,6,222.77777777777777,100.0,0.8,1.0,17.822222222222223,MODELED_SCENARIO
1994,11,7,313.88888888888886,100.0,0.8,1.0,25.111111111111114,MODELED_SCENARIO
1994,11,8,386.94444444444446,100.0,0.8,1.0,30.955555555555563,MODELED_SCENARIO
1994,11,9,489.7222222222222,100.0,0.8,1.0,39.17777777777778,MODELED_SCENARIO
1994,11,10,578.3333333333333,100.0,0.8,1.0,46.266666666666666,MODELED_SCENARIO
1994,11,11,636.1111111111111,100.0,0.8,1.0,50.888888888888886,MODELED_SCENARIO
1994,11,12,663.3333333333333,100.0,0.8,1.0,53.06666666666666,MODELED_SCENARIO
1994,11,13,667.5,100.0,0.8,1.0,53.400000000000006,MODELED_SCENARIO
1994,11,14,644.4444444444443,100.0,0.8,1.0,51.55555555555556,MODELED_SCENARIO
1994,11,15,577.5,100.0,0.8,1.0,46.2,MODELED_SCENARIO
1994,11,16,482.77777777777777,100.0,0.8,1.0,38.62222222222222,MODELED_SCENARIO
1994,11,17,386.38888888888886,100.0,0.8,1.0,30.91111111111111,MODELED_SCENARIO
1994,11,18,319.99999999999994,100.0,0.8,1.0,25.599999999999998,MODELED_SCENARIO
1994,11,19,257.5,100.0,0.8,1.0,20.6,MODELED_SCENARIO
1994,11,20,164.7222222222222,100.0,0.8,1.0,13.177777777777775,MODELED_SCENARIO
1994,11,21,93.33333333333334,100.0,0.8,1.0,7.466666666666668,MODELED_SCENARIO
1994,11,22,34.44444444444444,100.0,0.8,1.0,2.755555555555556,MODELED_SCENARIO
1994,11,23,8.055555555555555,100.0,0.8,1.0,0.6444444444444445,MODELED_SCENARIO
1994,11,24,3.611111111111111,100.0,0.8,1.0,0.2888888888888889,MODELED_SCENARIO
1994,12,1,4.166666666666666,100.0,0.8,1.0,0.33333333333333326,MODELED_SCENARIO
1994,12,2,22.5,100.0,0.8,1.0,1.8,MODELED_SCENARIO
1994,12,3,69.72222222222221,100.0,0.8,1.0,5.5777777777777775,MODELED_SCENARIO
1994,12,4,116.94444444444444,100.0,0.8,1.0,9.355555555555556,MODELED_SCENARIO
1994,12,5,174.16666666666666,100.0,0.8,1.0,13.933333333333335,MODELED_SCENARIO
1994,12,6,250.55555555555557,100.0,0.8,1.0,20.044444444444448,MODELED_SCENARIO
1994,12,7,355.8333333333333,100.0,0.8,1.0,28.46666666666667,MODELED_SCENARIO
1994,12,8,431.9444444444444,100.0,0.8,1.0,34.55555555555556,MODELED_SCENARIO
1994,12,9,504.1666666666666,100.0,0.8,1.0,40.33333333333333,MODELED_SCENARIO
1994,12,10,593.8888888888888,100.0,0.8,1.0,47.511111111111106,MODELED_SCENARIO
1994,12,11,624.1666666666666,100.0,0.8,1.0,49.93333333333334,MODELED_SCENARIO
1994,12,12,645.2777777777777,100.0,0.8,1.0,51.62222222222222,MODELED_SCENARIO
1994,12,13,666.1111111111111,100.0,0.8,1.0,53.28888888888889,MODELED_SCENARIO
1994,12,14,658.3333333333334,100.0,0.8,1.0,52.666666666666664,MODELED_SCENARIO
1994,12,15,613.3333333333334,100.0,0.8,1.0,49.06666666666668,MODELED_SCENARIO
1994,12,16,548.0555555555555,100.0,0.8,1.0,43.84444444444444,MODELED_SCENARIO
1994,12,17,453.6111111111111,100.0,0.8,1.0,36.288888888888884,MODELED_SCENARIO
1994,12,18,372.5,100.0,0.8,1.0,29.8,MODELED_SCENARIO
1994,12,19,285.8333333333333,100.0,0.8,1.0,22.866666666666667,MODELED_SCENARIO
1994,12,20,205.55555555555557,100.0,0.8,1.0,16.444444444444446,MODELED_SCENARIO
1994,12,21,129.72222222222223,100.0,0.8,1.0,10.37777777777778,MODELED_SCENARIO
1994,12,22,78.05555555555556,100.0,0.8,1.0,6.244444444444445,MODELED_SCENARIO
1994,12,23,25.555555555555557,100.0,0.8,1.0,2.0444444444444447,MODELED_SCENARIO
1994,12,24,6.944444444444445,100.0,0.8,1.0,0.5555555555555557,MODELED_SCENARIO
1995,1,1,11.666666666666668,100.0,0.8,1.0,0.9333333333333335,MODELED_SCENARIO
1995,1,2,18.88888888888889,100.0,0.8,1.0,1.511111111111111,MODELED_SCENARIO
1995,1,3,48.33333333333333,100.0,0.8,1.0,3.866666666666666,MODELED_SCENARIO
1995,1,4,95.2777777777778,100.0,0.8,1.0,7.622222222222224,MODELED_SCENARIO
1995,1,5,157.77777777777777,100.0,0.8,1.0,12.622222222222222,MODELED_SCENARIO
1995,1,6,228.3333333333333,100.0,0.8,1.0,18.266666666666662,MODELED_SCENARIO
1995,1,7,325.27777777777777,100.0,0.8,1.0,26.022222222222226,MODELED_SCENARIO
1995,1,8,427.5,100.0,0.8,1.0,34.2,MODELED_SCENARIO
1995,1,9,527.7777777777777,100.0,0.8,1.0,42.22222222222222,MODELED_SCENARIO
1995,1,10,590.0,100.0,0.8,1.0,47.2,MODELED_SCENARIO
1995,1,11,621.6666666666666,100.0,0.8,1.0,49.73333333333333,MODELED_SCENARIO
1995,1,12,660.0,100.0,0.8,1.0,52.800000000000004,MODELED_SCENARIO
1995,1,13,685.8333333333333,100.0,0.8,1.0,54.86666666666667,MODELED_SCENARIO
1995,1,14,641.3888888888889,100.0,0.8,1.0,51.31111111111111,MODELED_SCENARIO
1995,1,15,595.8333333333334,100.0,0.8,1.0,47.66666666666667,MODELED_SCENARIO
1995,1,16,521.9444444444445,100.0,0.8,1.0,41.75555555555556,MODELED_SCENARIO
1995,1,17,440.55555555555554,100.0,0.8,1.0,35.24444444444444,MODELED_SCENARIO
1995,1,18,335.83333333333337,100.0,0.8,1.0,26.86666666666667,MODELED_SCENARIO
1995,1,19,249.16666666666663,100.0,0.8,1.0,19.93333333333333,MODELED_SCENARIO
1995,1,20,168.33333333333331,100.0,0.8,1.0,13.466666666666667,MODELED_SCENARIO
1995,1,21,108.33333333333331,100.0,0.8,1.0,8.666666666666664,MODELED_SCENARIO
1995,1,22,50.27777777777778,100.0,0.8,1.0,4.022222222222222,MODELED_SCENARIO
1995,1,23,21.38888888888889,100.0,0.8,1.0,1.7111111111111112,MODELED_SCENARIO
1995,1,24,12.777777777777777,100.0,0.8,1.0,1.0222222222222221,MODELED_SCENARIO
1995,2,1,1.6666666666666667,100.0,0.8,1.0,0.13333333333333336,MODELED_SCENARIO
1995,2,2,1.9444444444444444,100.0,0.8,1.0,0.15555555555555556,MODELED_SCENARIO
1995,2,3,6.111111111111111,100.0,0.8,1.0,0.4888888888888889,MODELED_SCENARIO
1995,2,4,25.27777777777777,100.0,0.8,1.0,2.0222222222222217,MODELED_SCENARIO
1995,2,5,69.16666666666667,100.0,0.8,1.0,5.533333333333334,MODELED_SCENARIO
1995,2,6,120.83333333333331,100.0,0.8,1.0,9.666666666666666,MODELED_SCENARIO
1995,2,7,179.16666666666666,100.0,0.8,1.0,14.333333333333336,MODELED_SCENARIO
1995,2,8,244.44444444444443,100.0,0.8,1.0,19.555555555555557,MODELED_SCENARIO
1995,2,9,308.6111111111111,100.0,0.8,1.0,24.688888888888886,MODELED_SCENARIO
1995,2,10,370.0,100.0,0.8,1.0,29.6,MODELED_SCENARIO
1995,2,11,405.55555555555554,100.0,0.8,1.0,32.44444444444445,MODELED_SCENARIO
1995,2,12,461.6666666666666,100.0,0.8,1.0,36.93333333333333,MODELED_SCENARIO
1995,2,13,457.2222222222222,100.0,0.8,1.0,36.577777777777776,MODELED_SCENARIO
1995,2,14,442.77777777777777,100.0,0.8,1.0,35.422222222222224,MODELED_SCENARIO
1995,2,15,390.55555555555554,100.0,0.8,1.0,31.244444444444447,MODELED_SCENARIO
1995,2,16,320.8333333333333,100.0,0.8,1.0,25.666666666666664,MODELED_SCENARIO
1995,2,17,256.6666666666667,100.0,0.8,1.0,20.53333333333334,MODELED_SCENARIO
1995,2,18,202.2222222222222,100.0,0.8,1.0,16.177777777777774,MODELED_SCENARIO
1995,2,19,131.66666666666666,100.0,0.8,1.0,10.533333333333333,MODELED_SCENARIO
1995,2,20,65.0,100.0,0.8,1.0,5.2,MODELED_SCENARIO
1995,2,21,22.77777777777778,100.0,0.8,1.0,1.8222222222222222,MODELED_SCENARIO
1995,2,22,6.666666666666667,100.0,0.8,1.0,0.5333333333333334,MODELED_SCENARIO
1995,2,23,1.6666666666666667,100.0,0.8,1.0,0.13333333333333336,MODELED_SCENARIO
1995,2,24,0.8333333333333334,100.0,0.8,1.0,0.06666666666666668,MODELED_SCENARIO
1995,3,1,0.0,100.0,0.8,1.0,0.0,MODELED_SCENARIO
1995,3,2,0.0,100.0,0.8,1.0,0.0,MODELED_SCENARIO
1995,3,3,0.0,100.0,0.8,1.0,0.0,MODELED_SCENARIO
1995,3,4,0.0,100.0,0.8,1.0,0.0,MODELED_SCENARIO
1995,3,5,1.3888888888888888,100.0,0.8,1.0,0.11111111111111112,MODELED_SCENARIO
1995,3,6,13.88888888888889,100.0,0.8,1.0,1.1111111111111114,MODELED_SCENARIO
1995,3,7,61.11111111111111,100.0,0.8,1.0,4.888888888888889,MODELED_SCENARIO
1995,3,8,131.66666666666666,100.0,0.8,1.0,10.533333333333333,MODELED_SCENARIO
1995,3,9,203.3333333333333,100.0,0.8,1.0,16.266666666666662,MODELED_SCENARIO
1995,3,10,279.7222222222222,100.0,0.8,1.0,22.377777777777773,MODELED_SCENARIO
1995,3,11,314.4444444444444,100.0,0.8,1.0,25.155555555555555,MODELED_SCENARIO
1995,3,12,319.72222222222223,100.0,0.8,1.0,25.577777777777783,MODELED_SCENARIO
1995,3,13,326.3888888888889,100.0,0.8,1.0,26.111111111111114,MODELED_SCENARIO
1995,3,14,313.05555555555554,100.0,0.8,1.0,25.044444444444444,MODELED_SCENARIO
1995,3,15,275.55555555555554,100.0,0.8,1.0,22.044444444444448,MODELED_SCENARIO
1995,3,16,215.83333333333331,100.0,0.8,1.0,17.266666666666666,MODELED_SCENARIO
1995,3,17,148.33333333333334,100.0,0.8,1.0,11.866666666666667,MODELED_SCENARIO
1995,3,18,79.16666666666666,100.0,0.8,1.0,6.333333333333333,MODELED_SCENARIO
1995,3,19,23.88888888888889,100.0,0.8,1.0,1.9111111111111112,MODELED_SCENARIO
1995,3,20,1.6666666666666667,100.0,0.8,1.0,0.13333333333333336,MODELED_SCENARIO
1995,3,21,0.0,100.0,0.8,1.0,0.0,MODELED_SCENARIO
1995,3,22,0.0,100.0,0.8,1.0,0.0,MODELED_SCENARIO
1995,3,23,0.0,100.0,0.8,1.0,0.0,MODELED_SCENARIO
1995,3,24,0.0,100.0,0.8,1.0,0.0,MODELED_SCENARIO
1995,4,1,0.0,100.0,0.8,1.0,0.0,MODELED_SCENARIO
1995,4,2,0.0,100.0,0.8,1.0,0.0,MODELED_SCENARIO
1995,4,3,0.0,100.0,0.8,1.0,0.0,MODELED_SCENARIO
1995,4,4,0.0,100.0,0.8,1.0,0.0,MODELED_SCENARIO
1995,4,5,0.0,100.0,0.8,1.0,0.0,MODELED_SCENARIO
1995,4,6,0.0,100.0,0.8,1.0,0.0,MODELED_SCENARIO
1995,4,7,0.0,100.0,0.8,1.0,0.0,MODELED_SCENARIO
1995,4,8,3.333333333333333,100.0,0.8,1.0,0.26666666666666666,MODELED_SCENARIO
1995,4,9,20.83333333333333,100.0,0.8,1.0,1.6666666666666665,MODELED_SCENARIO
1995,4,10,65.55555555555556,100.0,0.8,1.0,5.244444444444445,MODELED_SCENARIO
1995,4,11,88.05555555555556,100.0,0.8,1.0,7.044444444444444,MODELED_SCENARIO
1995,4,12,99.44444444444444,100.0,0.8,1.0,7.955555555555556,MODELED_SCENARIO
1995,4,13,89.44444444444444,100.0,0.8,1.0,7.155555555555555,MODELED_SCENARIO
1995,4,14,86.38888888888889,100.0,0.8,1.0,6.911111111111111,MODELED_SCENARIO
1995,4,15,65.0,100.0,0.8,1.0,5.2,MODELED_SCENARIO
1995,4,16,31.944444444444446,100.0,0.8,1.0,2.5555555555555562,MODELED_SCENARIO
1995,4,17,7.777777777777778,100.0,0.8,1.0,0.6222222222222222,MODELED_SCENARIO
1995,4,18,0.5555555555555556,100.0,0.8,1.0,0.044444444444444446,MODELED_SCENARIO
1995,4,19,0.0,100.0,0.8,1.0,0.0,MODELED_SCENARIO
1995,4,20,0.0,100.0,0.8,1.0,0.0,MODELED_SCENARIO
1995,4,21,0.0,100.0,0.8,1.0,0.0,MODELED_SCENARIO
1995,4,22,0.0,100.0,0.8,1.0,0.0,MODELED_SCENARIO
1995,4,23,0.0,100.0,0.8,1.0,0.0,MODELED_SCENARIO
1995,4,24,0.0,100.0,0.8,1.0,0.0,MODELED_SCENARIO
1995,5,1,0.0,100.0,0.8,1.0,0.0,MODELED_SCENARIO
1995,5,2,0.0,100.0,0.8,1.0,0.0,MODELED_SCENARIO
1995,5,3,0.0,100.0,0.8,1.0,0.0,MODELED_SCENARIO
1995,5,4,0.0,100.0,0.8,1.0,0.0,MODELED_SCENARIO
1995,5,5,0.0,100.0,0.8,1.0,0.0,MODELED_SCENARIO
1995,5,6,0.0,100.0,0.8,1.0,0.0,MODELED_SCENARIO
1995,5,7,0.0,100.0,0.8,1.0,0.0,MODELED_SCENARIO
1995,5,8,0.0,100.0,0.8,1.0,0.0,MODELED_SCENARIO
1995,5,9,0.0,100.0,0.8,1.0,0.0,MODELED_SCENARIO
1995,5,10,2.2222222222222223,100.0,0.8,1.0,0.17777777777777778,MODELED_SCENARIO
1995,5,11,12.5,100.0,0.8,1.0,1.0,MODELED_SCENARIO
1995,5,12,20.0,100.0,0.8,1.0,1.6,MODELED_SCENARIO
1995,5,13,20.27777777777777,100.0,0.8,1.0,1.6222222222222218,MODELED_SCENARIO
1995,5,14,11.666666666666668,100.0,0.8,1.0,0.9333333333333335,MODELED_SCENARIO
1995,5,15,4.722222222222222,100.0,0.8,1.0,0.37777777777777777,MODELED_SCENARIO
1995,5,16,0.8333333333333334,100.0,0.8,1.0,0.06666666666666668,MODELED_SCENARIO
1995,5,17,0.0,100.0,0.8,1.0,0.0,MODELED_SCENARIO
1995,5,18,0.0,100.0,0.8,1.0,0.0,MODELED_SCENARIO
1995,5,19,0.0,100.0,0.8,1.0,0.0,MODELED_SCENARIO
1995,5,20,0.0,100.0,0.8,1.0,0.0,MODELED_SCENARIO
1995,5,21,0.0,100.0,0.8,1.0,0.0,MODELED_SCENARIO
1995,5,22,0.0,100.0,0.8,1.0,0.0,MODELED_SCENARIO
1995,5,23,0.0,100.0,0.8,1.0,0.0,MODELED_SCENARIO
1995,5,24,0.0,100.0,0.8,1.0,0.0,MODELED_SCENARIO
1995,6,1,,100.0,0.8,1.0,,MODELED_SCENARIO
1995,6,2,,100.0,0.8,1.0,,MODELED_SCENARIO
1995,6,3,,100.0,0.8,1.0,,MODELED_SCENARIO
1995,6,4,,100.0,0.8,1.0,,MODELED_SCENARIO
1995,6,5,,100.0,0.8,1.0,,MODELED_SCENARIO
1995,6,6,,100.0,0.8,1.0,,MODELED_SCENARIO
1995,6,7,,100.0,0.8,1.0,,MODELED_SCENARIO
1995,6,8,,100.0,0.8,1.0,,MODELED_SCENARIO
1995,6,9,,100.0,0.8,1.0,,MODELED_SCENARIO
1995,6,10,,100.0,0.8,1.0,,MODELED_SCENARIO
1995,6,11,,100.0,0.8,1.0,,MODELED_SCENARIO
1995,6,12,,100.0,0.8,1.0,,MODELED_SCENARIO
1995,6,13,,100.0,0.8,1.0,,MODELED_SCENARIO
1995,6,14,,100.0,0.8,1.0,,MODELED_SCENARIO
1995,6,15,,100.0,0.8,1.0,,MODELED_SCENARIO
1995,6,16,,100.0,0.8,1.0,,MODELED_SCENARIO
1995,6,17,,100.0,0.8,1.0,,MODELED_SCENARIO
1995,6,18,,100.0,0.8,1.0,,MODELED_SCENARIO
1995,6,19,,100.0,0.8,1.0,,MODELED_SCENARIO
1995,6,20,,100.0,0.8,1.0,,MODELED_SCENARIO
1995,6,21,,100.0,0.8,1.0,,MODELED_SCENARIO
1995,6,22,,100.0,0.8,1.0,,MODELED_SCENARIO
1995,6,23,,100.0,0.8,1.0,,MODELED_SCENARIO
1995,6,24,,100.0,0.8,1.0,,MODELED_SCENARIO
1995,7,1,0.0,100.0,0.8,1.0,0.0,MODELED_SCENARIO
1995,7,2,0.0,100.0,0.8,1.0,0.0,MODELED_SCENARIO
1995,7,3,0.0,100.0,0.8,1.0,0.0,MODELED_SCENARIO
1995,7,4,0.0,100.0,0.8,1.0,0.0,MODELED_SCENARIO
1995,7,5,0.0,100.0,0.8,1.0,0.0,MODELED_SCENARIO
1995,7,6,0.0,100.0,0.8,1.0,0.0,MODELED_SCENARIO
1995,7,7,0.0,100.0,0.8,1.0,0.0,MODELED_SCENARIO
1995,7,8,0.0,100.0,0.8,1.0,0.0,MODELED_SCENARIO
1995,7,9,0.0,100.0,0.8,1.0,0.0,MODELED_SCENARIO
1995,7,10,0.5555555555555556,100.0,0.8,1.0,0.044444444444444446,MODELED_SCENARIO
1995,7,11,6.666666666666667,100.0,0.8,1.0,0.5333333333333334,MODELED_SCENARIO
1995,7,12,15.833333333333334,100.0,0.8,1.0,1.2666666666666668,MODELED_SCENARIO
1995,7,13,14.72222222222222,100.0,0.8,1.0,1.1777777777777776,MODELED_SCENARIO
1995,7,14,7.222222222222221,100.0,0.8,1.0,0.5777777777777777,MODELED_SCENARIO
1995,7,15,0.8333333333333334,100.0,0.8,1.0,0.06666666666666668,MODELED_SCENARIO
1995,7,16,0.0,100.0,0.8,1.0,0.0,MODELED_SCENARIO
1995,7,17,0.0,100.0,0.8,1.0,0.0,MODELED_SCENARIO
1995,7,18,0.0,100.0,0.8,1.0,0.0,MODELED_SCENARIO
1995,7,19,0.0,100.0,0.8,1.0,0.0,MODELED_SCENARIO
1995,7,20,0.0,100.0,0.8,1.0,0.0,MODELED_SCENARIO
1995,7,21,0.0,100.0,0.8,1.0,0.0,MODELED_SCENARIO
1995,7,22,0.0,100.0,0.8,1.0,0.0,MODELED_SCENARIO
1995,7,23,0.0,100.0,0.8,1.0,0.0,MODELED_SCENARIO
1995,7,24,0.0,100.0,0.8,1.0,0.0,MODELED_SCENARIO
1995,8,1,0.0,100.0,0.8,1.0,0.0,MODELED_SCENARIO
1995,8,2,0.0,100.0,0.8,1.0,0.0,MODELED_SCENARIO
1995,8,3,0.0,100.0,0.8,1.0,0.0,MODELED_SCENARIO
1995,8,4,0.0,100.0,0.8,1.0,0.0,MODELED_SCENARIO
1995,8,5,0.0,100.0,0.8,1.0,0.0,MODELED_SCENARIO
1995,8,6,0.0,100.0,0.8,1.0,0.0,MODELED_SCENARIO
1995,8,7,0.0,100.0,0.8,1.0,0.0,MODELED_SCENARIO
1995,8,8,0.5555555555555556,100.0,0.8,1.0,0.044444444444444446,MODELED_SCENARIO
1995,8,9,5.277777777777778,100.0,0.8,1.0,0.4222222222222223,MODELED_SCENARIO
1995,8,10,25.27777777777777,100.0,0.8,1.0,2.0222222222222217,MODELED_SCENARIO
1995,8,11,54.44444444444444,100.0,0.8,1.0,4.355555555555555,MODELED_SCENARIO
1995,8,12,71.38888888888889,100.0,0.8,1.0,5.711111111111112,MODELED_SCENARIO
1995,8,13,71.11111111111111,100.0,0.8,1.0,5.688888888888889,MODELED_SCENARIO
1995,8,14,48.05555555555555,100.0,0.8,1.0,3.8444444444444446,MODELED_SCENARIO
1995,8,15,25.27777777777777,100.0,0.8,1.0,2.0222222222222217,MODELED_SCENARIO
1995,8,16,9.444444444444445,100.0,0.8,1.0,0.7555555555555555,MODELED_SCENARIO
1995,8,17,1.9444444444444444,100.0,0.8,1.0,0.15555555555555556,MODELED_SCENARIO
1995,8,18,0.2777777777777778,100.0,0.8,1.0,0.022222222222222223,MODELED_SCENARIO
1995,8,19,0.0,100.0,0.8,1.0,0.0,MODELED_SCENARIO
1995,8,20,0.0,100.0,0.8,1.0,0.0,MODELED_SCENARIO
1995,8,21,0.0,100.0,0.8,1.0,0.0,MODELED_SCENARIO
1995,8,22,0.0,100.0,0.8,1.0,0.0,MODELED_SCENARIO
1995,8,23,0.0,100.0,0.8,1.0,0.0,MODELED_SCENARIO
1995,8,24,0.0,100.0,0.8,1.0,0.0,MODELED_SCENARIO
1995,9,1,0.0,100.0,0.8,1.0,0.0,MODELED_SCENARIO
1995,9,2,0.0,100.0,0.8,1.0,0.0,MODELED_SCENARIO
1995,9,3,0.0,100.0,0.8,1.0,0.0,MODELED_SCENARIO
1995,9,4,0.0,100.0,0.8,1.0,0.0,MODELED_SCENARIO
1995,9,5,0.0,100.0,0.8,1.0,0.0,MODELED_SCENARIO
1995,9,6,1.9444444444444444,100.0,0.8,1.0,0.15555555555555556,MODELED_SCENARIO
1995,9,7,23.88888888888889,100.0,0.8,1.0,1.9111111111111112,MODELED_SCENARIO
1995,9,8,86.38888888888889,100.0,0.8,1.0,6.911111111111111,MODELED_SCENARIO
1995,9,9,161.94444444444443,100.0,0.8,1.0,12.955555555555556,MODELED_SCENARIO
1995,9,10,221.11111111111111,100.0,0.8,1.0,17.68888888888889,MODELED_SCENARIO
1995,9,11,262.5,100.0,0.8,1.0,21.0,MODELED_SCENARIO
1995,9,12,281.9444444444444,100.0,0.8,1.0,22.555555555555554,MODELED_SCENARIO
1995,9,13,285.27777777777777,100.0,0.8,1.0,22.822222222222223,MODELED_SCENARIO
1995,9,14,263.6111111111111,100.0,0.8,1.0,21.08888888888889,MODELED_SCENARIO
1995,9,15,222.5,100.0,0.8,1.0,17.8,MODELED_SCENARIO
1995,9,16,153.61111111111111,100.0,0.8,1.0,12.28888888888889,MODELED_SCENARIO
1995,9,17,77.22222222222223,100.0,0.8,1.0,6.177777777777779,MODELED_SCENARIO
1995,9,18,21.944444444444443,100.0,0.8,1.0,1.7555555555555555,MODELED_SCENARIO
1995,9,19,1.6666666666666667,100.0,0.8,1.0,0.13333333333333336,MODELED_SCENARIO
1995,9,20,0.0,100.0,0.8,1.0,0.0,MODELED_SCENARIO
1995,9,21,0.0,100.0,0.8,1.0,0.0,MODELED_SCENARIO
1995,9,22,0.0,100.0,0.8,1.0,0.0,MODELED_SCENARIO
1995,9,23,0.0,100.0,0.8,1.0,0.0,MODELED_SCENARIO
1995,9,24,0.0,100.0,0.8,1.0,0.0,MODELED_SCENARIO
1995,10,1,0.0,100.0,0.8,1.0,0.0,MODELED_SCENARIO
1995,10,2,0.0,100.0,0.8,1.0,0.0,MODELED_SCENARIO
1995,10,3,1.1111111111111112,100.0,0.8,1.0,0.08888888888888889,MODELED_SCENARIO
1995,10,4,5.555555555555555,100.0,0.8,1.0,0.4444444444444445,MODELED_SCENARIO
1995,10,5,28.611111111111107,100.0,0.8,1.0,2.2888888888888888,MODELED_SCENARIO
1995,10,6,75.27777777777779,100.0,0.8,1.0,6.022222222222224,MODELED_SCENARIO
1995,10,7,144.44444444444446,100.0,0.8,1.0,11.555555555555557,MODELED_SCENARIO
1995,10,8,231.1111111111111,100.0,0.8,1.0,18.488888888888887,MODELED_SCENARIO
1995,10,9,321.1111111111111,100.0,0.8,1.0,25.688888888888886,MODELED_SCENARIO
1995,10,10,392.77777777777777,100.0,0.8,1.0,31.422222222222224,MODELED_SCENARIO
1995,10,11,451.1111111111112,100.0,0.8,1.0,36.088888888888896,MODELED_SCENARIO
1995,10,12,480.83333333333337,100.0,0.8,1.0,38.46666666666667,MODELED_SCENARIO
1995,10,13,476.94444444444446,100.0,0.8,1.0,38.15555555555556,MODELED_SCENARIO
1995,10,14,455.55555555555554,100.0,0.8,1.0,36.44444444444445,MODELED_SCENARIO
1995,10,15,405.0,100.0,0.8,1.0,32.4,MODELED_SCENARIO
1995,10,16,330.0,100.0,0.8,1.0,26.400000000000002,MODELED_SCENARIO
1995,10,17,255.0,100.0,0.8,1.0,20.400000000000002,MODELED_SCENARIO
1995,10,18,169.44444444444443,100.0,0.8,1.0,13.555555555555555,MODELED_SCENARIO
1995,10,19,82.77777777777777,100.0,0.8,1.0,6.622222222222222,MODELED_SCENARIO
1995,10,20,24.444444444444443,100.0,0.8,1.0,1.9555555555555555,MODELED_SCENARIO
1995,10,21,2.7777777777777777,100.0,0.8,1.0,0.22222222222222224,MODELED_SCENARIO
1995,10,22,0.0,100.0,0.8,1.0,0.0,MODELED_SCENARIO
1995,10,23,0.0,100.0,0.8,1.0,0.0,MODELED_SCENARIO
1995,10,24,0.0,100.0,0.8,1.0,0.0,MODELED_SCENARIO
1995,11,1,0.0,100.0,0.8,1.0,0.0,MODELED_SCENARIO
1995,11,2,1.6666666666666667,100.0,0.8,1.0,0.13333333333333336,MODELED_SCENARIO
1995,11,3,27.77777777777778,100.0,0.8,1.0,2.2222222222222228,MODELED_SCENARIO
1995,11,4,68.33333333333333,100.0,0.8,1.0,5.466666666666667,MODELED_SCENARIO
1995,11,5,129.44444444444446,100.0,0.8,1.0,10.355555555555556,MODELED_SCENARIO
1995,11,6,193.6111111111111,100.0,0.8,1.0,15.488888888888889,MODELED_SCENARIO
1995,11,7,269.44444444444446,100.0,0.8,1.0,21.555555555555557,MODELED_SCENARIO
1995,11,8,343.61111111111114,100.0,0.8,1.0,27.488888888888894,MODELED_SCENARIO
1995,11,9,428.3333333333333,100.0,0.8,1.0,34.266666666666666,MODELED_SCENARIO
1995,11,10,485.83333333333337,100.0,0.8,1.0,38.866666666666674,MODELED_SCENARIO
1995,11,11,533.6111111111111,100.0,0.8,1.0,42.68888888888888,MODELED_SCENARIO
1995,11,12,551.1111111111111,100.0,0.8,1.0,44.088888888888896,MODELED_SCENARIO
1995,11,13,536.9444444444445,100.0,0.8,1.0,42.955555555555556,MODELED_SCENARIO
1995,11,14,532.2222222222222,100.0,0.8,1.0,42.577777777777776,MODELED_SCENARIO
1995,11,15,492.5,100.0,0.8,1.0,39.400000000000006,MODELED_SCENARIO
1995,11,16,440.27777777777777,100.0,0.8,1.0,35.22222222222222,MODELED_SCENARIO
1995,11,17,354.16666666666663,100.0,0.8,1.0,28.333333333333332,MODELED_SCENARIO
1995,11,18,272.5,100.0,0.8,1.0,21.800000000000004,MODELED_SCENARIO
1995,11,19,200.55555555555557,100.0,0.8,1.0,16.044444444444448,MODELED_SCENARIO
1995,11,20,125.0,100.0,0.8,1.0,10.0,MODELED_SCENARIO
1995,11,21,66.66666666666666,100.0,0.8,1.0,5.333333333333332,MODELED_SCENARIO
1995,11,22,16.944444444444443,100.0,0.8,1.0,1.3555555555555554,MODELED_SCENARIO
1995,11,23,1.9444444444444444,100.0,0.8,1.0,0.15555555555555556,MODELED_SCENARIO
1995,11,24,0.8333333333333334,100.0,0.8,1.0,0.06666666666666668,MODELED_SCENARIO
1995,12,1,26.11111111111111,100.0,0.8,1.0,2.0888888888888886,MODELED_SCENARIO
1995,12,2,50.0,100.0,0.8,1.0,4.0,MODELED_SCENARIO
1995,12,3,80.27777777777777,100.0,0.8,1.0,6.422222222222222,MODELED_SCENARIO
1995,12,4,122.77777777777776,100.0,0.8,1.0,9.822222222222223,MODELED_SCENARIO
1995,12,5,175.27777777777777,100.0,0.8,1.0,14.022222222222224,MODELED_SCENARIO
1995,12,6,252.77777777777777,100.0,0.8,1.0,20.222222222222225,MODELED_SCENARIO
1995,12,7,331.3888888888889,100.0,0.8,1.0,26.511111111111116,MODELED_SCENARIO
1995,12,8,403.6111111111112,100.0,0.8,1.0,32.2888888888889,MODELED_SCENARIO
1995,12,9,465.8333333333333,100.0,0.8,1.0,37.266666666666666,MODELED_SCENARIO
1995,12,10,549.4444444444445,100.0,0.8,1.0,43.955555555555556,MODELED_SCENARIO
1995,12,11,587.5,100.0,0.8,1.0,47.0,MODELED_SCENARIO
1995,12,12,598.3333333333333,100.0,0.8,1.0,47.86666666666667,MODELED_SCENARIO
1995,12,13,606.1111111111111,100.0,0.8,1.0,48.48888888888889,MODELED_SCENARIO
1995,12,14,578.0555555555555,100.0,0.8,1.0,46.24444444444445,MODELED_SCENARIO
1995,12,15,501.9444444444444,100.0,0.8,1.0,40.15555555555556,MODELED_SCENARIO
1995,12,16,443.6111111111111,100.0,0.8,1.0,35.48888888888889,MODELED_SCENARIO
1995,12,17,386.38888888888886,100.0,0.8,1.0,30.91111111111111,MODELED_SCENARIO
1995,12,18,321.94444444444446,100.0,0.8,1.0,25.75555555555556,MODELED_SCENARIO
1995,12,19,255.27777777777777,100.0,0.8,1.0,20.422222222222224,MODELED_SCENARIO
1995,12,20,194.44444444444443,100.0,0.8,1.0,15.555555555555555,MODELED_SCENARIO
1995,12,21,133.61111111111111,100.0,0.8,1.0,10.68888888888889,MODELED_SCENARIO
1995,12,22,89.44444444444444,100.0,0.8,1.0,7.155555555555555,MODELED_SCENARIO
1995,12,23,45.0,100.0,0.8,1.0,3.6,MODELED_SCENARIO
1995,12,24,26.944444444444443,100.0,0.8,1.0,2.155555555555556,MODELED_SCENARIO
1996,1,1,4.166666666666666,100.0,0.8,1.0,0.33333333333333326,MODELED_SCENARIO
1996,1,2,38.333333333333336,100.0,0.8,1.0,3.0666666666666673,MODELED_SCENARIO
1996,1,3,92.5,100.0,0.8,1.0,7.4,MODELED_SCENARIO
1996,1,4,159.44444444444443,100.0,0.8,1.0,12.755555555555553,MODELED_SCENARIO
1996,1,5,234.7222222222222,100.0,0.8,1.0,18.777777777777775,MODELED_SCENARIO
1996,1,6,334.72222222222223,100.0,0.8,1.0,26.777777777777786,MODELED_SCENARIO
1996,1,7,431.6666666666667,100.0,0.8,1.0,34.53333333333334,MODELED_SCENARIO
1996,1,8,536.9444444444445,100.0,0.8,1.0,42.955555555555556,MODELED_SCENARIO
1996,1,9,612.7777777777777,100.0,0.8,1.0,49.022222222222226,MODELED_SCENARIO
1996,1,10,653.8888888888889,100.0,0.8,1.0,52.311111111111124,MODELED_SCENARIO
1996,1,11,714.1666666666667,100.0,0.8,1.0,57.13333333333334,MODELED_SCENARIO
1996,1,12,727.5,100.0,0.8,1.0,58.2,MODELED_SCENARIO
1996,1,13,690.0,100.0,0.8,1.0,55.2,MODELED_SCENARIO
1996,1,14,626.6666666666666,100.0,0.8,1.0,50.133333333333326,MODELED_SCENARIO
1996,1,15,558.3333333333333,100.0,0.8,1.0,44.66666666666666,MODELED_SCENARIO
1996,1,16,453.05555555555554,100.0,0.8,1.0,36.24444444444445,MODELED_SCENARIO
1996,1,17,358.8888888888889,100.0,0.8,1.0,28.711111111111116,MODELED_SCENARIO
1996,1,18,268.6111111111111,100.0,0.8,1.0,21.488888888888887,MODELED_SCENARIO
1996,1,19,188.33333333333331,100.0,0.8,1.0,15.066666666666666,MODELED_SCENARIO
1996,1,20,113.33333333333331,100.0,0.8,1.0,9.066666666666666,MODELED_SCENARIO
1996,1,21,43.05555555555556,100.0,0.8,1.0,3.4444444444444446,MODELED_SCENARIO
1996,1,22,20.83333333333333,100.0,0.8,1.0,1.6666666666666665,MODELED_SCENARIO
1996,1,23,5.277777777777778,100.0,0.8,1.0,0.4222222222222223,MODELED_SCENARIO
1996,1,24,1.3888888888888888,100.0,0.8,1.0,0.11111111111111112,MODELED_SCENARIO
1996,2,1,0.0,100.0,0.8,1.0,0.0,MODELED_SCENARIO
1996,2,2,0.0,100.0,0.8,1.0,0.0,MODELED_SCENARIO
1996,2,3,20.27777777777777,100.0,0.8,1.0,1.6222222222222218,MODELED_SCENARIO
1996,2,4,68.88888888888889,100.0,0.8,1.0,5.511111111111112,MODELED_SCENARIO
1996,2,5,129.44444444444446,100.0,0.8,1.0,10.355555555555556,MODELED_SCENARIO
1996,2,6,198.6111111111111,100.0,0.8,1.0,15.88888888888889,MODELED_SCENARIO
1996,2,7,238.88888888888889,100.0,0.8,1.0,19.11111111111111,MODELED_SCENARIO
1996,2,8,323.3333333333333,100.0,0.8,1.0,25.866666666666664,MODELED_SCENARIO
1996,2,9,351.38888888888886,100.0,0.8,1.0,28.11111111111111,MODELED_SCENARIO
1996,2,10,397.77777777777777,100.0,0.8,1.0,31.822222222222223,MODELED_SCENARIO
1996,2,11,426.6666666666667,100.0,0.8,1.0,34.13333333333334,MODELED_SCENARIO
1996,2,12,437.22222222222223,100.0,0.8,1.0,34.97777777777778,MODELED_SCENARIO
1996,2,13,435.27777777777777,100.0,0.8,1.0,34.82222222222222,MODELED_SCENARIO
1996,2,14,396.3888888888889,100.0,0.8,1.0,31.711111111111116,MODELED_SCENARIO
1996,2,15,313.6111111111111,100.0,0.8,1.0,25.08888888888889,MODELED_SCENARIO
1996,2,16,243.05555555555557,100.0,0.8,1.0,19.444444444444446,MODELED_SCENARIO
1996,2,17,166.11111111111111,100.0,0.8,1.0,13.288888888888891,MODELED_SCENARIO
1996,2,18,102.77777777777776,100.0,0.8,1.0,8.222222222222221,MODELED_SCENARIO
1996,2,19,51.388888888888886,100.0,0.8,1.0,4.111111111111111,MODELED_SCENARIO
1996,2,20,11.666666666666668,100.0,0.8,1.0,0.9333333333333335,MODELED_SCENARIO
1996,2,21,1.9444444444444444,100.0,0.8,1.0,0.15555555555555556,MODELED_SCENARIO
1996,2,22,0.8333333333333334,100.0,0.8,1.0,0.06666666666666668,MODELED_SCENARIO
1996,2,23,0.0,100.0,0.8,1.0,0.0,MODELED_SCENARIO
1996,2,24,0.0,100.0,0.8,1.0,0.0,MODELED_SCENARIO
1996,3,1,0.0,100.0,0.8,1.0,0.0,MODELED_SCENARIO
1996,3,2,0.0,100.0,0.8,1.0,0.0,MODELED_SCENARIO
1996,3,3,0.0,100.0,0.8,1.0,0.0,MODELED_SCENARIO
1996,3,4,1.9444444444444444,100.0,0.8,1.0,0.15555555555555556,MODELED_SCENARIO
1996,3,5,24.166666666666664,100.0,0.8,1.0,1.933333333333333,MODELED_SCENARIO
1996,3,6,79.16666666666666,100.0,0.8,1.0,6.333333333333333,MODELED_SCENARIO
1996,3,7,156.38888888888886,100.0,0.8,1.0,12.51111111111111,MODELED_SCENARIO
1996,3,8,222.77777777777777,100.0,0.8,1.0,17.822222222222223,MODELED_SCENARIO
1996,3,9,279.7222222222222,100.0,0.8,1.0,22.377777777777773,MODELED_SCENARIO
1996,3,10,313.6111111111111,100.0,0.8,1.0,25.08888888888889,MODELED_SCENARIO
1996,3,11,333.3333333333333,100.0,0.8,1.0,26.666666666666664,MODELED_SCENARIO
1996,3,12,328.61111111111114,100.0,0.8,1.0,26.28888888888889,MODELED_SCENARIO
1996,3,13,301.38888888888886,100.0,0.8,1.0,24.11111111111111,MODELED_SCENARIO
1996,3,14,260.55555555555554,100.0,0.8,1.0,20.844444444444445,MODELED_SCENARIO
1996,3,15,186.94444444444449,100.0,0.8,1.0,14.955555555555561,MODELED_SCENARIO
1996,3,16,111.94444444444444,100.0,0.8,1.0,8.955555555555556,MODELED_SCENARIO
1996,3,17,44.72222222222222,100.0,0.8,1.0,3.5777777777777775,MODELED_SCENARIO
1996,3,18,6.944444444444445,100.0,0.8,1.0,0.5555555555555557,MODELED_SCENARIO
1996,3,19,0.2777777777777778,100.0,0.8,1.0,0.022222222222222223,MODELED_SCENARIO
1996,3,20,0.0,100.0,0.8,1.0,0.0,MODELED_SCENARIO
1996,3,21,0.0,100.0,0.8,1.0,0.0,MODELED_SCENARIO
1996,3,22,0.0,100.0,0.8,1.0,0.0,MODELED_SCENARIO
1996,3,23,0.0,100.0,0.8,1.0,0.0,MODELED_SCENARIO
1996,3,24,0.0,100.0,0.8,1.0,0.0,MODELED_SCENARIO
1996,4,1,0.0,100.0,0.8,1.0,0.0,MODELED_SCENARIO
1996,4,2,0.0,100.0,0.8,1.0,0.0,MODELED_SCENARIO
1996,4,3,0.0,100.0,0.8,1.0,0.0,MODELED_SCENARIO
1996,4,4,0.0,100.0,0.8,1.0,0.0,MODELED_SCENARIO
1996,4,5,0.0,100.0,0.8,1.0,0.0,MODELED_SCENARIO
1996,4,6,3.055555555555556,100.0,0.8,1.0,0.24444444444444446,MODELED_SCENARIO
1996,4,7,20.83333333333333,100.0,0.8,1.0,1.6666666666666665,MODELED_SCENARIO
1996,4,8,59.16666666666666,100.0,0.8,1.0,4.733333333333333,MODELED_SCENARIO
1996,4,9,95.55555555555554,100.0,0.8,1.0,7.644444444444445,MODELED_SCENARIO
1996,4,10,123.88888888888889,100.0,0.8,1.0,9.911111111111111,MODELED_SCENARIO
1996,4,11,131.11111111111111,100.0,0.8,1.0,10.48888888888889,MODELED_SCENARIO
1996,4,12,118.33333333333331,100.0,0.8,1.0,9.466666666666667,MODELED_SCENARIO
1996,4,13,86.94444444444444,100.0,0.8,1.0,6.955555555555556,MODELED_SCENARIO
1996,4,14,50.27777777777778,100.0,0.8,1.0,4.022222222222222,MODELED_SCENARIO
1996,4,15,19.444444444444446,100.0,0.8,1.0,1.5555555555555556,MODELED_SCENARIO
1996,4,16,3.611111111111111,100.0,0.8,1.0,0.2888888888888889,MODELED_SCENARIO
1996,4,17,1.6666666666666667,100.0,0.8,1.0,0.13333333333333336,MODELED_SCENARIO
1996,4,18,0.0,100.0,0.8,1.0,0.0,MODELED_SCENARIO
1996,4,19,0.0,100.0,0.8,1.0,0.0,MODELED_SCENARIO
1996,4,20,0.0,100.0,0.8,1.0,0.0,MODELED_SCENARIO
1996,4,21,0.0,100.0,0.8,1.0,0.0,MODELED_SCENARIO
1996,4,22,0.0,100.0,0.8,1.0,0.0,MODELED_SCENARIO
1996,4,23,0.0,100.0,0.8,1.0,0.0,MODELED_SCENARIO
1996,4,24,0.0,100.0,0.8,1.0,0.0,MODELED_SCENARIO
1996,5,1,,100.0,0.8,1.0,,MODELED_SCENARIO
1996,5,2,,100.0,0.8,1.0,,MODELED_SCENARIO
1996,5,3,,100.0,0.8,1.0,,MODELED_SCENARIO
1996,5,4,,100.0,0.8,1.0,,MODELED_SCENARIO
1996,5,5,,100.0,0.8,1.0,,MODELED_SCENARIO
1996,5,6,,100.0,0.8,1.0,,MODELED_SCENARIO
1996,5,7,,100.0,0.8,1.0,,MODELED_SCENARIO
1996,5,8,,100.0,0.8,1.0,,MODELED_SCENARIO
1996,5,9,,100.0,0.8,1.0,,MODELED_SCENARIO
1996,5,10,,100.0,0.8,1.0,,MODELED_SCENARIO
1996,5,11,,100.0,0.8,1.0,,MODELED_SCENARIO
1996,5,12,,100.0,0.8,1.0,,MODELED_SCENARIO
1996,5,13,,100.0,0.8,1.0,,MODELED_SCENARIO
1996,5,14,,100.0,0.8,1.0,,MODELED_SCENARIO
1996,5,15,,100.0,0.8,1.0,,MODELED_SCENARIO
1996,5,16,,100.0,0.8,1.0,,MODELED_SCENARIO
1996,5,17,,100.0,0.8,1.0,,MODELED_SCENARIO
1996,5,18,,100.0,0.8,1.0,,MODELED_SCENARIO
1996,5,19,,100.0,0.8,1.0,,MODELED_SCENARIO
1996,5,20,,100.0,0.8,1.0,,MODELED_SCENARIO
1996,5,21,,100.0,0.8,1.0,,MODELED_SCENARIO
1996,5,22,,100.0,0.8,1.0,,MODELED_SCENARIO
1996,5,23,,100.0,0.8,1.0,,MODELED_SCENARIO
1996,5,24,,100.0,0.8,1.0,,MODELED_SCENARIO
1996,6,1,,100.0,0.8,1.0,,MODELED_SCENARIO
1996,6,2,,100.0,0.8,1.0,,MODELED_SCENARIO
1996,6,3,,100.0,0.8,1.0,,MODELED_SCENARIO
1996,6,4,,100.0,0.8,1.0,,MODELED_SCENARIO
1996,6,5,,100.0,0.8,1.0,,MODELED_SCENARIO
1996,6,6,,100.0,0.8,1.0,,MODELED_SCENARIO
1996,6,7,,100.0,0.8,1.0,,MODELED_SCENARIO
1996,6,8,,100.0,0.8,1.0,,MODELED_SCENARIO
1996,6,9,,100.0,0.8,1.0,,MODELED_SCENARIO
1996,6,10,,100.0,0.8,1.0,,MODELED_SCENARIO
1996,6,11,,100.0,0.8,1.0,,MODELED_SCENARIO
1996,6,12,,100.0,0.8,1.0,,MODELED_SCENARIO
1996,6,13,,100.0,0.8,1.0,,MODELED_SCENARIO
1996,6,14,,100.0,0.8,1.0,,MODELED_SCENARIO
1996,6,15,,100.0,0.8,1.0,,MODELED_SCENARIO
1996,6,16,,100.0,0.8,1.0,,MODELED_SCENARIO
1996,6,17,,100.0,0.8,1.0,,MODELED_SCENARIO
1996,6,18,,100.0,0.8,1.0,,MODELED_SCENARIO
1996,6,19,,100.0,0.8,1.0,,MODELED_SCENARIO
1996,6,20,,100.0,0.8,1.0,,MODELED_SCENARIO
1996,6,21,,100.0,0.8,1.0,,MODELED_SCENARIO
1996,6,22,,100.0,0.8,1.0,,MODELED_SCENARIO
1996,6,23,,100.0,0.8,1.0,,MODELED_SCENARIO
1996,6,24,,100.0,0.8,1.0,,MODELED_SCENARIO
1996,7,1,0.0,100.0,0.8,1.0,0.0,MODELED_SCENARIO
1996,7,2,0.0,100.0,0.8,1.0,0.0,MODELED_SCENARIO
1996,7,3,0.0,100.0,0.8,1.0,0.0,MODELED_SCENARIO
1996,7,4,0.0,100.0,0.8,1.0,0.0,MODELED_SCENARIO
1996,7,5,0.0,100.0,0.8,1.0,0.0,MODELED_SCENARIO
1996,7,6,0.0,100.0,0.8,1.0,0.0,MODELED_SCENARIO
1996,7,7,0.0,100.0,0.8,1.0,0.0,MODELED_SCENARIO
1996,7,8,0.0,100.0,0.8,1.0,0.0,MODELED_SCENARIO
1996,7,9,1.1111111111111112,100.0,0.8,1.0,0.08888888888888889,MODELED_SCENARIO
1996,7,10,3.888888888888889,100.0,0.8,1.0,0.3111111111111111,MODELED_SCENARIO
1996,7,11,7.222222222222221,100.0,0.8,1.0,0.5777777777777777,MODELED_SCENARIO
1996,7,12,4.444444444444445,100.0,0.8,1.0,0.35555555555555557,MODELED_SCENARIO
1996,7,13,3.055555555555556,100.0,0.8,1.0,0.24444444444444446,MODELED_SCENARIO
1996,7,14,1.1111111111111112,100.0,0.8,1.0,0.08888888888888889,MODELED_SCENARIO
1996,7,15,0.0,100.0,0.8,1.0,0.0,MODELED_SCENARIO
1996,7,16,0.0,100.0,0.8,1.0,0.0,MODELED_SCENARIO
1996,7,17,0.0,100.0,0.8,1.0,0.0,MODELED_SCENARIO
1996,7,18,0.0,100.0,0.8,1.0,0.0,MODELED_SCENARIO
1996,7,19,0.0,100.0,0.8,1.0,0.0,MODELED_SCENARIO
1996,7,20,0.0,100.0,0.8,1.0,0.0,MODELED_SCENARIO
1996,7,21,0.0,100.0,0.8,1.0,0.0,MODELED_SCENARIO
1996,7,22,0.0,100.0,0.8,1.0,0.0,MODELED_SCENARIO
1996,7,23,0.0,100.0,0.8,1.0,0.0,MODELED_SCENARIO
1996,7,24,0.0,100.0,0.8,1.0,0.0,MODELED_SCENARIO
1996,8,1,0.0,100.0,0.8,1.0,0.0,MODELED_SCENARIO
1996,8,2,0.0,100.0,0.8,1.0,0.0,MODELED_SCENARIO
1996,8,3,0.0,100.0,0.8,1.0,0.0,MODELED_SCENARIO
1996,8,4,0.0,100.0,0.8,1.0,0.0,MODELED_SCENARIO
1996,8,5,0.0,100.0,0.8,1.0,0.0,MODELED_SCENARIO
1996,8,6,0.0,100.0,0.8,1.0,0.0,MODELED_SCENARIO
1996,8,7,2.5,100.0,0.8,1.0,0.2,MODELED_SCENARIO
1996,8,8,17.22222222222222,100.0,0.8,1.0,1.377777777777778,MODELED_SCENARIO
1996,8,9,40.55555555555555,100.0,0.8,1.0,3.2444444444444445,MODELED_SCENARIO
1996,8,10,65.83333333333333,100.0,0.8,1.0,5.266666666666667,MODELED_SCENARIO
1996,8,11,79.72222222222221,100.0,0.8,1.0,6.377777777777776,MODELED_SCENARIO
1996,8,12,73.61111111111111,100.0,0.8,1.0,5.888888888888889,MODELED_SCENARIO
1996,8,13,48.33333333333333,100.0,0.8,1.0,3.866666666666666,MODELED_SCENARIO
1996,8,14,18.61111111111111,100.0,0.8,1.0,1.488888888888889,MODELED_SCENARIO
1996,8,15,2.7777777777777777,100.0,0.8,1.0,0.22222222222222224,MODELED_SCENARIO
1996,8,16,0.0,100.0,0.8,1.0,0.0,MODELED_SCENARIO
1996,8,17,0.0,100.0,0.8,1.0,0.0,MODELED_SCENARIO
1996,8,18,0.0,100.0,0.8,1.0,0.0,MODELED_SCENARIO
1996,8,19,0.0,100.0,0.8,1.0,0.0,MODELED_SCENARIO
1996,8,20,0.0,100.0,0.8,1.0,0.0,MODELED_SCENARIO
1996,8,21,0.0,100.0,0.8,1.0,0.0,MODELED_SCENARIO
1996,8,22,0.0,100.0,0.8,1.0,0.0,MODELED_SCENARIO
1996,8,23,0.0,100.0,0.8,1.0,0.0,MODELED_SCENARIO
1996,8,24,0.0,100.0,0.8,1.0,0.0,MODELED_SCENARIO
1996,9,1,0.0,100.0,0.8,1.0,0.0,MODELED_SCENARIO
1996,9,2,0.0,100.0,0.8,1.0,0.0,MODELED_SCENARIO
1996,9,3,0.0,100.0,0.8,1.0,0.0,MODELED_SCENARIO
1996,9,4,0.2777777777777778,100.0,0.8,1.0,0.022222222222222223,MODELED_SCENARIO
1996,9,5,7.777777777777778,100.0,0.8,1.0,0.6222222222222222,MODELED_SCENARIO
1996,9,6,33.61111111111111,100.0,0.8,1.0,2.6888888888888887,MODELED_SCENARIO
1996,9,7,77.77777777777779,100.0,0.8,1.0,6.222222222222222,MODELED_SCENARIO
1996,9,8,129.72222222222223,100.0,0.8,1.0,10.37777777777778,MODELED_SCENARIO
1996,9,9,165.27777777777777,100.0,0.8,1.0,13.222222222222223,MODELED_SCENARIO
1996,9,10,186.66666666666669,100.0,0.8,1.0,14.933333333333335,MODELED_SCENARIO
1996,9,11,201.94444444444443,100.0,0.8,1.0,16.155555555555555,MODELED_SCENARIO
1996,9,12,175.0,100.0,0.8,1.0,14.0,MODELED_SCENARIO
1996,9,13,145.0,100.0,0.8,1.0,11.6,MODELED_SCENARIO
1996,9,14,111.11111111111111,100.0,0.8,1.0,8.888888888888891,MODELED_SCENARIO
1996,9,15,59.44444444444444,100.0,0.8,1.0,4.7555555555555555,MODELED_SCENARIO
1996,9,16,21.38888888888889,100.0,0.8,1.0,1.7111111111111112,MODELED_SCENARIO
1996,9,17,5.277777777777778,100.0,0.8,1.0,0.4222222222222223,MODELED_SCENARIO
1996,9,18,0.5555555555555556,100.0,0.8,1.0,0.044444444444444446,MODELED_SCENARIO
1996,9,19,0.0,100.0,0.8,1.0,0.0,MODELED_SCENARIO
1996,9,20,0.0,100.0,0.8,1.0,0.0,MODELED_SCENARIO
1996,9,21,0.0,100.0,0.8,1.0,0.0,MODELED_SCENARIO
1996,9,22,0.0,100.0,0.8,1.0,0.0,MODELED_SCENARIO
1996,9,23,0.0,100.0,0.8,1.0,0.0,MODELED_SCENARIO
1996,9,24,0.0,100.0,0.8,1.0,0.0,MODELED_SCENARIO
1996,10,1,0.0,100.0,0.8,1.0,0.0,MODELED_SCENARIO
1996,10,2,3.611111111111111,100.0,0.8,1.0,0.2888888888888889,MODELED_SCENARIO
1996,10,3,26.666666666666668,100.0,0.8,1.0,2.1333333333333337,MODELED_SCENARIO
1996,10,4,60.83333333333333,100.0,0.8,1.0,4.866666666666667,MODELED_SCENARIO
1996,10,5,131.38888888888889,100.0,0.8,1.0,10.511111111111113,MODELED_SCENARIO
1996,10,6,201.94444444444443,100.0,0.8,1.0,16.155555555555555,MODELED_SCENARIO
1996,10,7,276.6666666666667,100.0,0.8,1.0,22.133333333333336,MODELED_SCENARIO
1996,10,8,346.94444444444446,100.0,0.8,1.0,27.755555555555556,MODELED_SCENARIO
1996,10,9,389.72222222222223,100.0,0.8,1.0,31.177777777777777,MODELED_SCENARIO
1996,10,10,419.7222222222222,100.0,0.8,1.0,33.577777777777776,MODELED_SCENARIO
1996,10,11,417.77777777777777,100.0,0.8,1.0,33.42222222222222,MODELED_SCENARIO
1996,10,12,394.1666666666667,100.0,0.8,1.0,31.53333333333333,MODELED_SCENARIO
1996,10,13,363.3333333333333,100.0,0.8,1.0,29.06666666666667,MODELED_SCENARIO
1996,10,14,304.44444444444446,100.0,0.8,1.0,24.355555555555558,MODELED_SCENARIO
1996,10,15,225.0,100.0,0.8,1.0,18.0,MODELED_SCENARIO
1996,10,16,147.22222222222223,100.0,0.8,1.0,11.777777777777779,MODELED_SCENARIO
1996,10,17,76.66666666666667,100.0,0.8,1.0,6.133333333333335,MODELED_SCENARIO
1996,10,18,27.77777777777778,100.0,0.8,1.0,2.2222222222222228,MODELED_SCENARIO
1996,10,19,1.3888888888888888,100.0,0.8,1.0,0.11111111111111112,MODELED_SCENARIO
1996,10,20,0.0,100.0,0.8,1.0,0.0,MODELED_SCENARIO
1996,10,21,0.0,100.0,0.8,1.0,0.0,MODELED_SCENARIO
1996,10,22,0.0,100.0,0.8,1.0,0.0,MODELED_SCENARIO
1996,10,23,0.0,100.0,0.8,1.0,0.0,MODELED_SCENARIO
1996,10,24,0.0,100.0,0.8,1.0,0.0,MODELED_SCENARIO
1996,11,1,26.666666666666668,100.0,0.8,1.0,2.1333333333333337,MODELED_SCENARIO
1996,11,2,81.38888888888889,100.0,0.8,1.0,6.511111111111112,MODELED_SCENARIO
1996,11,3,152.5,100.0,0.8,1.0,12.200000000000001,MODELED_SCENARIO
1996,11,4,219.44444444444449,100.0,0.8,1.0,17.55555555555556,MODELED_SCENARIO
1996,11,5,303.05555555555554,100.0,0.8,1.0,24.244444444444444,MODELED_SCENARIO
1996,11,6,395.55555555555554,100.0,0.8,1.0,31.644444444444446,MODELED_SCENARIO
1996,11,7,483.88888888888886,100.0,0.8,1.0,38.71111111111111,MODELED_SCENARIO
1996,11,8,558.3333333333333,100.0,0.8,1.0,44.66666666666666,MODELED_SCENARIO
1996,11,9,605.5555555555555,100.0,0.8,1.0,48.44444444444444,MODELED_SCENARIO
1996,11,10,625.5555555555554,100.0,0.8,1.0,50.04444444444444,MODELED_SCENARIO
1996,11,11,618.3333333333333,100.0,0.8,1.0,49.46666666666667,MODELED_SCENARIO
1996,11,12,591.9444444444443,100.0,0.8,1.0,47.355555555555554,MODELED_SCENARIO
1996,11,13,532.7777777777777,100.0,0.8,1.0,42.62222222222222,MODELED_SCENARIO
1996,11,14,460.8333333333333,100.0,0.8,1.0,36.86666666666667,MODELED_SCENARIO
1996,11,15,387.5,100.0,0.8,1.0,31.0,MODELED_SCENARIO
1996,11,16,297.5,100.0,0.8,1.0,23.8,MODELED_SCENARIO
1996,11,17,221.11111111111111,100.0,0.8,1.0,17.68888888888889,MODELED_SCENARIO
1996,11,18,161.66666666666666,100.0,0.8,1.0,12.933333333333332,MODELED_SCENARIO
1996,11,19,84.44444444444444,100.0,0.8,1.0,6.755555555555556,MODELED_SCENARIO
1996,11,20,32.77777777777778,100.0,0.8,1.0,2.6222222222222227,MODELED_SCENARIO
1996,11,21,12.22222222222222,100.0,0.8,1.0,0.9777777777777775,MODELED_SCENARIO
1996,11,22,6.944444444444445,100.0,0.8,1.0,0.5555555555555557,MODELED_SCENARIO
1996,11,23,6.666666666666667,100.0,0.8,1.0,0.5333333333333334,MODELED_SCENARIO
1996,11,24,8.055555555555555,100.0,0.8,1.0,0.6444444444444445,MODELED_SCENARIO
1996,12,1,76.3888888888889,100.0,0.8,1.0,6.111111111111112,MODELED_SCENARIO
1996,12,2,122.2222222222222,100.0,0.8,1.0,9.777777777777777,MODELED_SCENARIO
1996,12,3,173.88888888888889,100.0,0.8,1.0,13.911111111111111,MODELED_SCENARIO
1996,12,4,244.16666666666663,100.0,0.8,1.0,19.53333333333333,MODELED_SCENARIO
1996,12,5,327.77777777777777,100.0,0.8,1.0,26.222222222222225,MODELED_SCENARIO
1996,12,6,398.88888888888886,100.0,0.8,1.0,31.91111111111111,MODELED_SCENARIO
1996,12,7,478.3333333333333,100.0,0.8,1.0,38.26666666666667,MODELED_SCENARIO
1996,12,8,550.2777777777778,100.0,0.8,1.0,44.02222222222223,MODELED_SCENARIO
1996,12,9,591.1111111111111,100.0,0.8,1.0,47.288888888888884,MODELED_SCENARIO
1996,12,10,635.8333333333334,100.0,0.8,1.0,50.866666666666674,MODELED_SCENARIO
1996,12,11,656.9444444444445,100.0,0.8,1.0,52.55555555555556,MODELED_SCENARIO
1996,12,12,656.3888888888889,100.0,0.8,1.0,52.51111111111111,MODELED_SCENARIO
1996,12,13,598.0555555555555,100.0,0.8,1.0,47.84444444444445,MODELED_SCENARIO
1996,12,14,520.0,100.0,0.8,1.0,41.6,MODELED_SCENARIO
1996,12,15,451.38888888888886,100.0,0.8,1.0,36.11111111111111,MODELED_SCENARIO
1996,12,16,368.8888888888889,100.0,0.8,1.0,29.511111111111116,MODELED_SCENARIO
1996,12,17,293.3333333333333,100.0,0.8,1.0,23.46666666666667,MODELED_SCENARIO
1996,12,18,223.61111111111111,100.0,0.8,1.0,17.88888888888889,MODELED_SCENARIO
1996,12,19,153.88888888888889,100.0,0.8,1.0,12.31111111111111,MODELED_SCENARIO
1996,12,20,98.6111111111111,100.0,0.8,1.0,7.8888888888888875,MODELED_SCENARIO
1996,12,21,36.11111111111112,100.0,0.8,1.0,2.8888888888888897,MODELED_SCENARIO
1996,12,22,17.22222222222222,100.0,0.8,1.0,1.377777777777778,MODELED_SCENARIO
1996,12,23,7.222222222222221,100.0,0.8,1.0,0.5777777777777777,MODELED_SCENARIO
1996,12,24,3.611111111111111,100.0,0.8,1.0,0.2888888888888889,MODELED_SCENARIO
1997,1,1,4.999999999999999,100.0,0.8,1.0,0.39999999999999997,MODELED_SCENARIO
1997,1,2,24.444444444444443,100.0,0.8,1.0,1.9555555555555555,MODELED_SCENARIO
1997,1,3,67.22222222222221,100.0,0.8,1.0,5.377777777777777,MODELED_SCENARIO
1997,1,4,113.88888888888889,100.0,0.8,1.0,9.111111111111112,MODELED_SCENARIO
1997,1,5,169.72222222222223,100.0,0.8,1.0,13.577777777777778,MODELED_SCENARIO
1997,1,6,250.0,100.0,0.8,1.0,20.0,MODELED_SCENARIO
1997,1,7,353.05555555555554,100.0,0.8,1.0,28.244444444444447,MODELED_SCENARIO
1997,1,8,431.1111111111111,100.0,0.8,1.0,34.488888888888894,MODELED_SCENARIO
1997,1,9,520.0,100.0,0.8,1.0,41.6,MODELED_SCENARIO
1997,1,10,599.4444444444445,100.0,0.8,1.0,47.955555555555556,MODELED_SCENARIO
1997,1,11,658.8888888888888,100.0,0.8,1.0,52.7111111111111,MODELED_SCENARIO
1997,1,12,672.4999999999999,100.0,0.8,1.0,53.79999999999999,MODELED_SCENARIO
1997,1,13,692.5,100.0,0.8,1.0,55.400000000000006,MODELED_SCENARIO
1997,1,14,649.1666666666667,100.0,0.8,1.0,51.93333333333334,MODELED_SCENARIO
1997,1,15,611.6666666666666,100.0,0.8,1.0,48.93333333333333,MODELED_SCENARIO
1997,1,16,536.6666666666666,100.0,0.8,1.0,42.93333333333334,MODELED_SCENARIO
1997,1,17,451.38888888888886,100.0,0.8,1.0,36.11111111111111,MODELED_SCENARIO
1997,1,18,365.55555555555554,100.0,0.8,1.0,29.24444444444444,MODELED_SCENARIO
1997,1,19,278.6111111111111,100.0,0.8,1.0,22.288888888888888,MODELED_SCENARIO
1997,1,20,194.44444444444443,100.0,0.8,1.0,15.555555555555555,MODELED_SCENARIO
1997,1,21,123.05555555555556,100.0,0.8,1.0,9.844444444444445,MODELED_SCENARIO
1997,1,22,57.49999999999999,100.0,0.8,1.0,4.6000000000000005,MODELED_SCENARIO
1997,1,23,13.61111111111111,100.0,0.8,1.0,1.0888888888888888,MODELED_SCENARIO
1997,1,24,4.166666666666666,100.0,0.8,1.0,0.33333333333333326,MODELED_SCENARIO
1997,2,1,0.8333333333333334,100.0,0.8,1.0,0.06666666666666668,MODELED_SCENARIO
1997,2,2,1.6666666666666667,100.0,0.8,1.0,0.13333333333333336,MODELED_SCENARIO
1997,2,3,2.7777777777777777,100.0,0.8,1.0,0.22222222222222224,MODELED_SCENARIO
1997,2,4,17.5,100.0,0.8,1.0,1.4000000000000004,MODELED_SCENARIO
1997,2,5,69.16666666666667,100.0,0.8,1.0,5.533333333333334,MODELED_SCENARIO
1997,2,6,123.61111111111111,100.0,0.8,1.0,9.88888888888889,MODELED_SCENARIO
1997,2,7,190.5555555555556,100.0,0.8,1.0,15.244444444444447,MODELED_SCENARIO
1997,2,8,260.27777777777777,100.0,0.8,1.0,20.822222222222223,MODELED_SCENARIO
1997,2,9,341.3888888888889,100.0,0.8,1.0,27.311111111111117,MODELED_SCENARIO
1997,2,10,410.0,100.0,0.8,1.0,32.800000000000004,MODELED_SCENARIO
1997,2,11,476.1111111111111,100.0,0.8,1.0,38.08888888888889,MODELED_SCENARIO
1997,2,12,504.7222222222222,100.0,0.8,1.0,40.37777777777778,MODELED_SCENARIO
1997,2,13,540.8333333333334,100.0,0.8,1.0,43.26666666666667,MODELED_SCENARIO
1997,2,14,534.7222222222222,100.0,0.8,1.0,42.77777777777778,MODELED_SCENARIO
1997,2,15,497.5,100.0,0.8,1.0,39.800000000000004,MODELED_SCENARIO
1997,2,16,426.1111111111111,100.0,0.8,1.0,34.088888888888896,MODELED_SCENARIO
1997,2,17,352.49999999999994,100.0,0.8,1.0,28.199999999999996,MODELED_SCENARIO
1997,2,18,263.3333333333333,100.0,0.8,1.0,21.066666666666666,MODELED_SCENARIO
1997,2,19,181.11111111111111,100.0,0.8,1.0,14.488888888888889,MODELED_SCENARIO
1997,2,20,105.0,100.0,0.8,1.0,8.4,MODELED_SCENARIO
1997,2,21,30.555555555555557,100.0,0.8,1.0,2.4444444444444446,MODELED_SCENARIO
1997,2,22,5.833333333333334,100.0,0.8,1.0,0.46666666666666673,MODELED_SCENARIO
1997,2,23,0.2777777777777778,100.0,0.8,1.0,0.022222222222222223,MODELED_SCENARIO
1997,2,24,0.0,100.0,0.8,1.0,0.0,MODELED_SCENARIO
1997,3,1,0.0,100.0,0.8,1.0,0.0,MODELED_SCENARIO
1997,3,2,0.0,100.0,0.8,1.0,0.0,MODELED_SCENARIO
1997,3,3,0.0,100.0,0.8,1.0,0.0,MODELED_SCENARIO
1997,3,4,0.0,100.0,0.8,1.0,0.0,MODELED_SCENARIO
1997,3,5,0.2777777777777778,100.0,0.8,1.0,0.022222222222222223,MODELED_SCENARIO
1997,3,6,6.388888888888888,100.0,0.8,1.0,0.5111111111111111,MODELED_SCENARIO
1997,3,7,47.22222222222222,100.0,0.8,1.0,3.777777777777778,MODELED_SCENARIO
1997,3,8,122.5,100.0,0.8,1.0,9.8,MODELED_SCENARIO
1997,3,9,198.05555555555557,100.0,0.8,1.0,15.844444444444447,MODELED_SCENARIO
1997,3,10,271.94444444444446,100.0,0.8,1.0,21.755555555555556,MODELED_SCENARIO
1997,3,11,299.72222222222223,100.0,0.8,1.0,23.977777777777778,MODELED_SCENARIO
1997,3,12,314.4444444444444,100.0,0.8,1.0,25.155555555555555,MODELED_SCENARIO
1997,3,13,321.1111111111111,100.0,0.8,1.0,25.688888888888886,MODELED_SCENARIO
1997,3,14,290.55555555555554,100.0,0.8,1.0,23.244444444444447,MODELED_SCENARIO
1997,3,15,252.22222222222223,100.0,0.8,1.0,20.17777777777778,MODELED_SCENARIO
1997,3,16,189.72222222222223,100.0,0.8,1.0,15.17777777777778,MODELED_SCENARIO
1997,3,17,120.55555555555556,100.0,0.8,1.0,9.644444444444446,MODELED_SCENARIO
1997,3,18,50.55555555555555,100.0,0.8,1.0,4.044444444444443,MODELED_SCENARIO
1997,3,19,12.777777777777777,100.0,0.8,1.0,1.0222222222222221,MODELED_SCENARIO
1997,3,20,1.3888888888888888,100.0,0.8,1.0,0.11111111111111112,MODELED_SCENARIO
1997,3,21,0.0,100.0,0.8,1.0,0.0,MODELED_SCENARIO
1997,3,22,0.0,100.0,0.8,1.0,0.0,MODELED_SCENARIO
1997,3,23,0.0,100.0,0.8,1.0,0.0,MODELED_SCENARIO
1997,3,24,0.0,100.0,0.8,1.0,0.0,MODELED_SCENARIO
1997,4,1,0.0,100.0,0.8,1.0,0.0,MODELED_SCENARIO
1997,4,2,0.0,100.0,0.8,1.0,0.0,MODELED_SCENARIO
1997,4,3,0.0,100.0,0.8,1.0,0.0,MODELED_SCENARIO
1997,4,4,0.0,100.0,0.8,1.0,0.0,MODELED_SCENARIO
1997,4,5,0.0,100.0,0.8,1.0,0.0,MODELED_SCENARIO
1997,4,6,0.0,100.0,0.8,1.0,0.0,MODELED_SCENARIO
1997,4,7,0.0,100.0,0.8,1.0,0.0,MODELED_SCENARIO
1997,4,8,5.277777777777778,100.0,0.8,1.0,0.4222222222222223,MODELED_SCENARIO
1997,4,9,37.5,100.0,0.8,1.0,3.0,MODELED_SCENARIO
1997,4,10,75.27777777777779,100.0,0.8,1.0,6.022222222222224,MODELED_SCENARIO
1997,4,11,103.61111111111111,100.0,0.8,1.0,8.28888888888889,MODELED_SCENARIO
1997,4,12,125.0,100.0,0.8,1.0,10.0,MODELED_SCENARIO
1997,4,13,116.94444444444444,100.0,0.8,1.0,9.355555555555556,MODELED_SCENARIO
1997,4,14,90.0,100.0,0.8,1.0,7.2,MODELED_SCENARIO
1997,4,15,61.11111111111111,100.0,0.8,1.0,4.888888888888889,MODELED_SCENARIO
1997,4,16,29.166666666666664,100.0,0.8,1.0,2.3333333333333335,MODELED_SCENARIO
1997,4,17,3.611111111111111,100.0,0.8,1.0,0.2888888888888889,MODELED_SCENARIO
1997,4,18,0.0,100.0,0.8,1.0,0.0,MODELED_SCENARIO
1997,4,19,0.0,100.0,0.8,1.0,0.0,MODELED_SCENARIO
1997,4,20,0.0,100.0,0.8,1.0,0.0,MODELED_SCENARIO
1997,4,21,0.0,100.0,0.8,1.0,0.0,MODELED_SCENARIO
1997,4,22,0.0,100.0,0.8,1.0,0.0,MODELED_SCENARIO
1997,4,23,0.0,100.0,0.8,1.0,0.0,MODELED_SCENARIO
1997,4,24,0.0,100.0,0.8,1.0,0.0,MODELED_SCENARIO
1997,5,1,0.0,100.0,0.8,1.0,0.0,MODELED_SCENARIO
1997,5,2,0.0,100.0,0.8,1.0,0.0,MODELED_SCENARIO
1997,5,3,0.0,100.0,0.8,1.0,0.0,MODELED_SCENARIO
1997,5,4,0.0,100.0,0.8,1.0,0.0,MODELED_SCENARIO
1997,5,5,0.0,100.0,0.8,1.0,0.0,MODELED_SCENARIO
1997,5,6,0.0,100.0,0.8,1.0,0.0,MODELED_SCENARIO
1997,5,7,0.0,100.0,0.8,1.0,0.0,MODELED_SCENARIO
1997,5,8,0.0,100.0,0.8,1.0,0.0,MODELED_SCENARIO
1997,5,9,0.0,100.0,0.8,1.0,0.0,MODELED_SCENARIO
1997,5,10,1.3888888888888888,100.0,0.8,1.0,0.11111111111111112,MODELED_SCENARIO
1997,5,11,11.944444444444445,100.0,0.8,1.0,0.9555555555555556,MODELED_SCENARIO
1997,5,12,21.11111111111111,100.0,0.8,1.0,1.688888888888889,MODELED_SCENARIO
1997,5,13,18.88888888888889,100.0,0.8,1.0,1.511111111111111,MODELED_SCENARIO
1997,5,14,12.777777777777777,100.0,0.8,1.0,1.0222222222222221,MODELED_SCENARIO
1997,5,15,3.055555555555556,100.0,0.8,1.0,0.24444444444444446,MODELED_SCENARIO
1997,5,16,0.2777777777777778,100.0,0.8,1.0,0.022222222222222223,MODELED_SCENARIO
1997,5,17,0.0,100.0,0.8,1.0,0.0,MODELED_SCENARIO
1997,5,18,0.0,100.0,0.8,1.0,0.0,MODELED_SCENARIO
1997,5,19,0.0,100.0,0.8,1.0,0.0,MODELED_SCENARIO
1997,5,20,0.0,100.0,0.8,1.0,0.0,MODELED_SCENARIO
1997,5,21,0.0,100.0,0.8,1.0,0.0,MODELED_SCENARIO
1997,5,22,0.0,100.0,0.8,1.0,0.0,MODELED_SCENARIO
1997,5,23,0.0,100.0,0.8,1.0,0.0,MODELED_SCENARIO
1997,5,24,0.0,100.0,0.8,1.0,0.0,MODELED_SCENARIO
1997,6,1,,100.0,0.8,1.0,,MODELED_SCENARIO
1997,6,2,,100.0,0.8,1.0,,MODELED_SCENARIO
1997,6,3,,100.0,0.8,1.0,,MODELED_SCENARIO
1997,6,4,,100.0,0.8,1.0,,MODELED_SCENARIO
1997,6,5,,100.0,0.8,1.0,,MODELED_SCENARIO
1997,6,6,,100.0,0.8,1.0,,MODELED_SCENARIO
1997,6,7,,100.0,0.8,1.0,,MODELED_SCENARIO
1997,6,8,,100.0,0.8,1.0,,MODELED_SCENARIO
1997,6,9,,100.0,0.8,1.0,,MODELED_SCENARIO
1997,6,10,,100.0,0.8,1.0,,MODELED_SCENARIO
1997,6,11,,100.0,0.8,1.0,,MODELED_SCENARIO
1997,6,12,,100.0,0.8,1.0,,MODELED_SCENARIO
1997,6,13,,100.0,0.8,1.0,,MODELED_SCENARIO
1997,6,14,,100.0,0.8,1.0,,MODELED_SCENARIO
1997,6,15,,100.0,0.8,1.0,,MODELED_SCENARIO
1997,6,16,,100.0,0.8,1.0,,MODELED_SCENARIO
1997,6,17,,100.0,0.8,1.0,,MODELED_SCENARIO
1997,6,18,,100.0,0.8,1.0,,MODELED_SCENARIO
1997,6,19,,100.0,0.8,1.0,,MODELED_SCENARIO
1997,6,20,,100.0,0.8,1.0,,MODELED_SCENARIO
1997,6,21,,100.0,0.8,1.0,,MODELED_SCENARIO
1997,6,22,,100.0,0.8,1.0,,MODELED_SCENARIO
1997,6,23,,100.0,0.8,1.0,,MODELED_SCENARIO
1997,6,24,,100.0,0.8,1.0,,MODELED_SCENARIO
1997,7,1,,100.0,0.8,1.0,,MODELED_SCENARIO
1997,7,2,,100.0,0.8,1.0,,MODELED_SCENARIO
1997,7,3,,100.0,0.8,1.0,,MODELED_SCENARIO
1997,7,4,,100.0,0.8,1.0,,MODELED_SCENARIO
1997,7,5,,100.0,0.8,1.0,,MODELED_SCENARIO
1997,7,6,,100.0,0.8,1.0,,MODELED_SCENARIO
1997,7,7,,100.0,0.8,1.0,,MODELED_SCENARIO
1997,7,8,,100.0,0.8,1.0,,MODELED_SCENARIO
1997,7,9,,100.0,0.8,1.0,,MODELED_SCENARIO
1997,7,10,,100.0,0.8,1.0,,MODELED_SCENARIO
1997,7,11,,100.0,0.8,1.0,,MODELED_SCENARIO
1997,7,12,,100.0,0.8,1.0,,MODELED_SCENARIO
1997,7,13,,100.0,0.8,1.0,,MODELED_SCENARIO
1997,7,14,,100.0,0.8,1.0,,MODELED_SCENARIO
1997,7,15,,100.0,0.8,1.0,,MODELED_SCENARIO
1997,7,16,,100.0,0.8,1.0,,MODELED_SCENARIO
1997,7,17,,100.0,0.8,1.0,,MODELED_SCENARIO
1997,7,18,,100.0,0.8,1.0,,MODELED_SCENARIO
1997,7,19,,100.0,0.8,1.0,,MODELED_SCENARIO
1997,7,20,,100.0,0.8,1.0,,MODELED_SCENARIO
1997,7,21,,100.0,0.8,1.0,,MODELED_SCENARIO
1997,7,22,,100.0,0.8,1.0,,MODELED_SCENARIO
1997,7,23,,100.0,0.8,1.0,,MODELED_SCENARIO
1997,7,24,,100.0,0.8,1.0,,MODELED_SCENARIO
1997,8,1,0.0,100.0,0.8,1.0,0.0,MODELED_SCENARIO
1997,8,2,0.0,100.0,0.8,1.0,0.0,MODELED_SCENARIO
1997,8,3,0.0,100.0,0.8,1.0,0.0,MODELED_SCENARIO
1997,8,4,0.0,100.0,0.8,1.0,0.0,MODELED_SCENARIO
1997,8,5,0.0,100.0,0.8,1.0,0.0,MODELED_SCENARIO
1997,8,6,0.0,100.0,0.8,1.0,0.0,MODELED_SCENARIO
1997,8,7,0.0,100.0,0.8,1.0,0.0,MODELED_SCENARIO
1997,8,8,0.8333333333333334,100.0,0.8,1.0,0.06666666666666668,MODELED_SCENARIO
1997,8,9,10.555555555555555,100.0,0.8,1.0,0.8444444444444446,MODELED_SCENARIO
1997,8,10,35.27777777777778,100.0,0.8,1.0,2.8222222222222224,MODELED_SCENARIO
1997,8,11,65.83333333333333,100.0,0.8,1.0,5.266666666666667,MODELED_SCENARIO
1997,8,12,85.83333333333333,100.0,0.8,1.0,6.866666666666667,MODELED_SCENARIO
1997,8,13,85.83333333333333,100.0,0.8,1.0,6.866666666666667,MODELED_SCENARIO
1997,8,14,69.72222222222221,100.0,0.8,1.0,5.5777777777777775,MODELED_SCENARIO
1997,8,15,40.27777777777777,100.0,0.8,1.0,3.2222222222222223,MODELED_SCENARIO
1997,8,16,15.0,100.0,0.8,1.0,1.2000000000000002,MODELED_SCENARIO
1997,8,17,1.6666666666666667,100.0,0.8,1.0,0.13333333333333336,MODELED_SCENARIO
1997,8,18,0.0,100.0,0.8,1.0,0.0,MODELED_SCENARIO
1997,8,19,0.0,100.0,0.8,1.0,0.0,MODELED_SCENARIO
1997,8,20,0.0,100.0,0.8,1.0,0.0,MODELED_SCENARIO
1997,8,21,0.0,100.0,0.8,1.0,0.0,MODELED_SCENARIO
1997,8,22,0.0,100.0,0.8,1.0,0.0,MODELED_SCENARIO
1997,8,23,0.0,100.0,0.8,1.0,0.0,MODELED_SCENARIO
1997,8,24,0.0,100.0,0.8,1.0,0.0,MODELED_SCENARIO
1997,9,1,0.0,100.0,0.8,1.0,0.0,MODELED_SCENARIO
1997,9,2,0.0,100.0,0.8,1.0,0.0,MODELED_SCENARIO
1997,9,3,0.0,100.0,0.8,1.0,0.0,MODELED_SCENARIO
1997,9,4,0.0,100.0,0.8,1.0,0.0,MODELED_SCENARIO
1997,9,5,0.0,100.0,0.8,1.0,0.0,MODELED_SCENARIO
1997,9,6,0.5555555555555556,100.0,0.8,1.0,0.044444444444444446,MODELED_SCENARIO
1997,9,7,14.166666666666666,100.0,0.8,1.0,1.1333333333333333,MODELED_SCENARIO
1997,9,8,58.61111111111111,100.0,0.8,1.0,4.688888888888889,MODELED_SCENARIO
1997,9,9,120.0,100.0,0.8,1.0,9.600000000000001,MODELED_SCENARIO
1997,9,10,178.05555555555554,100.0,0.8,1.0,14.244444444444444,MODELED_SCENARIO
1997,9,11,220.0,100.0,0.8,1.0,17.6,MODELED_SCENARIO
1997,9,12,234.44444444444443,100.0,0.8,1.0,18.755555555555556,MODELED_SCENARIO
1997,9,13,237.2222222222222,100.0,0.8,1.0,18.977777777777774,MODELED_SCENARIO
1997,9,14,213.88888888888889,100.0,0.8,1.0,17.11111111111111,MODELED_SCENARIO
1997,9,15,172.5,100.0,0.8,1.0,13.8,MODELED_SCENARIO
1997,9,16,118.05555555555554,100.0,0.8,1.0,9.444444444444443,MODELED_SCENARIO
1997,9,17,61.94444444444444,100.0,0.8,1.0,4.955555555555556,MODELED_SCENARIO
1997,9,18,17.5,100.0,0.8,1.0,1.4000000000000004,MODELED_SCENARIO
1997,9,19,1.3888888888888888,100.0,0.8,1.0,0.11111111111111112,MODELED_SCENARIO
1997,9,20,0.0,100.0,0.8,1.0,0.0,MODELED_SCENARIO
1997,9,21,0.0,100.0,0.8,1.0,0.0,MODELED_SCENARIO
1997,9,22,0.0,100.0,0.8,1.0,0.0,MODELED_SCENARIO
1997,9,23,0.0,100.0,0.8,1.0,0.0,MODELED_SCENARIO
1997,9,24,0.0,100.0,0.8,1.0,0.0,MODELED_SCENARIO
1997,10,1,0.0,100.0,0.8,1.0,0.0,MODELED_SCENARIO
1997,10,2,0.0,100.0,0.8,1.0,0.0,MODELED_SCENARIO
1997,10,3,0.0,100.0,0.8,1.0,0.0,MODELED_SCENARIO
1997,10,4,6.944444444444445,100.0,0.8,1.0,0.5555555555555557,MODELED_SCENARIO
1997,10,5,43.05555555555556,100.0,0.8,1.0,3.4444444444444446,MODELED_SCENARIO
1997,10,6,99.16666666666666,100.0,0.8,1.0,7.933333333333334,MODELED_SCENARIO
1997,10,7,191.94444444444443,100.0,0.8,1.0,15.355555555555554,MODELED_SCENARIO
1997,10,8,283.8888888888889,100.0,0.8,1.0,22.711111111111116,MODELED_SCENARIO
1997,10,9,368.05555555555554,100.0,0.8,1.0,29.444444444444443,MODELED_SCENARIO
1997,10,10,449.1666666666666,100.0,0.8,1.0,35.93333333333333,MODELED_SCENARIO
1997,10,11,503.8888888888889,100.0,0.8,1.0,40.31111111111112,MODELED_SCENARIO
1997,10,12,511.38888888888886,100.0,0.8,1.0,40.91111111111111,MODELED_SCENARIO
1997,10,13,507.22222222222223,100.0,0.8,1.0,40.57777777777778,MODELED_SCENARIO
1997,10,14,475.83333333333337,100.0,0.8,1.0,38.06666666666667,MODELED_SCENARIO
1997,10,15,426.9444444444444,100.0,0.8,1.0,34.15555555555556,MODELED_SCENARIO
1997,10,16,343.88888888888886,100.0,0.8,1.0,27.51111111111111,MODELED_SCENARIO
1997,10,17,271.38888888888886,100.0,0.8,1.0,21.71111111111111,MODELED_SCENARIO
1997,10,18,194.16666666666663,100.0,0.8,1.0,15.533333333333331,MODELED_SCENARIO
1997,10,19,113.6111111111111,100.0,0.8,1.0,9.088888888888887,MODELED_SCENARIO
1997,10,20,36.94444444444444,100.0,0.8,1.0,2.9555555555555553,MODELED_SCENARIO
1997,10,21,4.444444444444445,100.0,0.8,1.0,0.35555555555555557,MODELED_SCENARIO
1997,10,22,0.2777777777777778,100.0,0.8,1.0,0.022222222222222223,MODELED_SCENARIO
1997,10,23,0.0,100.0,0.8,1.0,0.0,MODELED_SCENARIO
1997,10,24,0.0,100.0,0.8,1.0,0.0,MODELED_SCENARIO
1997,11,1,1.6666666666666667,100.0,0.8,1.0,0.13333333333333336,MODELED_SCENARIO
1997,11,2,3.055555555555556,100.0,0.8,1.0,0.24444444444444446,MODELED_SCENARIO
1997,11,3,21.944444444444443,100.0,0.8,1.0,1.7555555555555555,MODELED_SCENARIO
1997,11,4,65.55555555555556,100.0,0.8,1.0,5.244444444444445,MODELED_SCENARIO
1997,11,5,116.1111111111111,100.0,0.8,1.0,9.288888888888888,MODELED_SCENARIO
1997,11,6,177.5,100.0,0.8,1.0,14.200000000000001,MODELED_SCENARIO
1997,11,7,251.94444444444449,100.0,0.8,1.0,20.15555555555556,MODELED_SCENARIO
1997,11,8,327.2222222222222,100.0,0.8,1.0,26.177777777777777,MODELED_SCENARIO
1997,11,9,397.5,100.0,0.8,1.0,31.8,MODELED_SCENARIO
1997,11,10,462.77777777777777,100.0,0.8,1.0,37.022222222222226,MODELED_SCENARIO
1997,11,11,508.8888888888889,100.0,0.8,1.0,40.711111111111116,MODELED_SCENARIO
1997,11,12,541.6666666666666,100.0,0.8,1.0,43.333333333333336,MODELED_SCENARIO
1997,11,13,563.3333333333334,100.0,0.8,1.0,45.06666666666667,MODELED_SCENARIO
1997,11,14,558.8888888888889,100.0,0.8,1.0,44.71111111111111,MODELED_SCENARIO
1997,11,15,490.8333333333333,100.0,0.8,1.0,39.266666666666666,MODELED_SCENARIO
1997,11,16,428.05555555555554,100.0,0.8,1.0,34.24444444444444,MODELED_SCENARIO
1997,11,17,348.05555555555554,100.0,0.8,1.0,27.84444444444445,MODELED_SCENARIO
1997,11,18,265.27777777777777,100.0,0.8,1.0,21.222222222222225,MODELED_SCENARIO
1997,11,19,194.44444444444443,100.0,0.8,1.0,15.555555555555555,MODELED_SCENARIO
1997,11,20,125.27777777777776,100.0,0.8,1.0,10.022222222222222,MODELED_SCENARIO
1997,11,21,64.16666666666667,100.0,0.8,1.0,5.133333333333335,MODELED_SCENARIO
1997,11,22,23.61111111111111,100.0,0.8,1.0,1.888888888888889,MODELED_SCENARIO
1997,11,23,5.277777777777778,100.0,0.8,1.0,0.4222222222222223,MODELED_SCENARIO
1997,11,24,2.2222222222222223,100.0,0.8,1.0,0.17777777777777778,MODELED_SCENARIO
1997,12,1,5.555555555555555,100.0,0.8,1.0,0.4444444444444445,MODELED_SCENARIO
1997,12,2,37.5,100.0,0.8,1.0,3.0,MODELED_SCENARIO
1997,12,3,93.8888888888889,100.0,0.8,1.0,7.511111111111112,MODELED_SCENARIO
1997,12,4,137.77777777777777,100.0,0.8,1.0,11.022222222222224,MODELED_SCENARIO
1997,12,5,199.44444444444443,100.0,0.8,1.0,15.955555555555556,MODELED_SCENARIO
1997,12,6,280.2777777777777,100.0,0.8,1.0,22.42222222222222,MODELED_SCENARIO
1997,12,7,379.44444444444446,100.0,0.8,1.0,30.35555555555556,MODELED_SCENARIO
1997,12,8,466.94444444444446,100.0,0.8,1.0,37.355555555555554,MODELED_SCENARIO
1997,12,9,554.1666666666666,100.0,0.8,1.0,44.33333333333333,MODELED_SCENARIO
1997,12,10,643.6111111111112,100.0,0.8,1.0,51.48888888888891,MODELED_SCENARIO
1997,12,11,696.3888888888889,100.0,0.8,1.0,55.71111111111112,MODELED_SCENARIO
1997,12,12,725.2777777777778,100.0,0.8,1.0,58.02222222222223,MODELED_SCENARIO
1997,12,13,706.9444444444445,100.0,0.8,1.0,56.55555555555556,MODELED_SCENARIO
1997,12,14,711.6666666666666,100.0,0.8,1.0,56.93333333333334,MODELED_SCENARIO
1997,12,15,668.6111111111111,100.0,0.8,1.0,53.48888888888888,MODELED_SCENARIO
1997,12,16,588.3333333333333,100.0,0.8,1.0,47.06666666666666,MODELED_SCENARIO
1997,12,17,483.6111111111112,100.0,0.8,1.0,38.6888888888889,MODELED_SCENARIO
1997,12,18,393.05555555555554,100.0,0.8,1.0,31.444444444444446,MODELED_SCENARIO
1997,12,19,304.16666666666663,100.0,0.8,1.0,24.333333333333332,MODELED_SCENARIO
1997,12,20,218.88888888888889,100.0,0.8,1.0,17.511111111111113,MODELED_SCENARIO
1997,12,21,148.05555555555557,100.0,0.8,1.0,11.844444444444447,MODELED_SCENARIO
1997,12,22,95.2777777777778,100.0,0.8,1.0,7.622222222222224,MODELED_SCENARIO
1997,12,23,25.27777777777777,100.0,0.8,1.0,2.0222222222222217,MODELED_SCENARIO
1997,12,24,5.555555555555555,100.0,0.8,1.0,0.4444444444444445,MODELED_SCENARIO
1998,1,1,1.9444444444444444,100.0,0.8,1.0,0.15555555555555556,MODELED_SCENARIO
1998,1,2,17.77777777777778,100.0,0.8,1.0,1.4222222222222223,MODELED_SCENARIO
1998,1,3,61.11111111111111,100.0,0.8,1.0,4.888888888888889,MODELED_SCENARIO
1998,1,4,115.55555555555554,100.0,0.8,1.0,9.244444444444444,MODELED_SCENARIO
1998,1,5,162.77777777777777,100.0,0.8,1.0,13.022222222222224,MODELED_SCENARIO
1998,1,6,243.3333333333333,100.0,0.8,1.0,19.466666666666665,MODELED_SCENARIO
1998,1,7,317.5,100.0,0.8,1.0,25.400000000000002,MODELED_SCENARIO
1998,1,8,416.1111111111111,100.0,0.8,1.0,33.288888888888884,MODELED_SCENARIO
1998,1,9,501.9444444444444,100.0,0.8,1.0,40.15555555555556,MODELED_SCENARIO
1998,1,10,563.0555555555555,100.0,0.8,1.0,45.044444444444444,MODELED_SCENARIO
1998,1,11,623.8888888888889,100.0,0.8,1.0,49.91111111111112,MODELED_SCENARIO
1998,1,12,640.2777777777778,100.0,0.8,1.0,51.22222222222223,MODELED_SCENARIO
1998,1,13,638.8888888888888,100.0,0.8,1.0,51.111111111111114,MODELED_SCENARIO
1998,1,14,621.3888888888889,100.0,0.8,1.0,49.71111111111111,MODELED_SCENARIO
1998,1,15,570.5555555555555,100.0,0.8,1.0,45.644444444444446,MODELED_SCENARIO
1998,1,16,487.5,100.0,0.8,1.0,39.0,MODELED_SCENARIO
1998,1,17,405.0,100.0,0.8,1.0,32.4,MODELED_SCENARIO
1998,1,18,299.72222222222223,100.0,0.8,1.0,23.977777777777778,MODELED_SCENARIO
1998,1,19,224.44444444444449,100.0,0.8,1.0,17.95555555555556,MODELED_SCENARIO
1998,1,20,160.55555555555554,100.0,0.8,1.0,12.844444444444443,MODELED_SCENARIO
1998,1,21,101.66666666666666,100.0,0.8,1.0,8.133333333333333,MODELED_SCENARIO
1998,1,22,51.388888888888886,100.0,0.8,1.0,4.111111111111111,MODELED_SCENARIO
1998,1,23,11.38888888888889,100.0,0.8,1.0,0.9111111111111111,MODELED_SCENARIO
1998,1,24,1.9444444444444444,100.0,0.8,1.0,0.15555555555555556,MODELED_SCENARIO
1998,2,1,1.1111111111111112,100.0,0.8,1.0,0.08888888888888889,MODELED_SCENARIO
1998,2,2,2.7777777777777777,100.0,0.8,1.0,0.22222222222222224,MODELED_SCENARIO
1998,2,3,14.166666666666666,100.0,0.8,1.0,1.1333333333333333,MODELED_SCENARIO
1998,2,4,37.5,100.0,0.8,1.0,3.0,MODELED_SCENARIO
1998,2,5,79.16666666666666,100.0,0.8,1.0,6.333333333333333,MODELED_SCENARIO
1998,2,6,156.94444444444443,100.0,0.8,1.0,12.555555555555557,MODELED_SCENARIO
1998,2,7,246.38888888888889,100.0,0.8,1.0,19.711111111111112,MODELED_SCENARIO
1998,2,8,329.1666666666667,100.0,0.8,1.0,26.333333333333332,MODELED_SCENARIO
1998,2,9,423.3333333333333,100.0,0.8,1.0,33.86666666666667,MODELED_SCENARIO
1998,2,10,486.9444444444444,100.0,0.8,1.0,38.955555555555556,MODELED_SCENARIO
1998,2,11,532.2222222222222,100.0,0.8,1.0,42.577777777777776,MODELED_SCENARIO
1998,2,12,550.2777777777778,100.0,0.8,1.0,44.02222222222223,MODELED_SCENARIO
1998,2,13,534.4444444444445,100.0,0.8,1.0,42.75555555555556,MODELED_SCENARIO
1998,2,14,514.4444444444445,100.0,0.8,1.0,41.155555555555566,MODELED_SCENARIO
1998,2,15,466.6666666666666,100.0,0.8,1.0,37.33333333333333,MODELED_SCENARIO
1998,2,16,382.7777777777777,100.0,0.8,1.0,30.62222222222222,MODELED_SCENARIO
1998,2,17,301.11111111111114,100.0,0.8,1.0,24.088888888888896,MODELED_SCENARIO
1998,2,18,220.83333333333331,100.0,0.8,1.0,17.666666666666668,MODELED_SCENARIO
1998,2,19,136.94444444444443,100.0,0.8,1.0,10.955555555555556,MODELED_SCENARIO
1998,2,20,66.38888888888889,100.0,0.8,1.0,5.311111111111111,MODELED_SCENARIO
1998,2,21,15.833333333333334,100.0,0.8,1.0,1.2666666666666668,MODELED_SCENARIO
1998,2,22,3.888888888888889,100.0,0.8,1.0,0.3111111111111111,MODELED_SCENARIO
1998,2,23,1.6666666666666667,100.0,0.8,1.0,0.13333333333333336,MODELED_SCENARIO
1998,2,24,1.1111111111111112,100.0,0.8,1.0,0.08888888888888889,MODELED_SCENARIO
1998,3,1,0.0,100.0,0.8,1.0,0.0,MODELED_SCENARIO
1998,3,2,0.0,100.0,0.8,1.0,0.0,MODELED_SCENARIO
1998,3,3,0.0,100.0,0.8,1.0,0.0,MODELED_SCENARIO
1998,3,4,0.5555555555555556,100.0,0.8,1.0,0.044444444444444446,MODELED_SCENARIO
1998,3,5,6.944444444444445,100.0,0.8,1.0,0.5555555555555557,MODELED_SCENARIO
1998,3,6,38.61111111111112,100.0,0.8,1.0,3.0888888888888903,MODELED_SCENARIO
1998,3,7,99.16666666666666,100.0,0.8,1.0,7.933333333333334,MODELED_SCENARIO
1998,3,8,165.83333333333331,100.0,0.8,1.0,13.266666666666666,MODELED_SCENARIO
1998,3,9,216.94444444444449,100.0,0.8,1.0,17.35555555555556,MODELED_SCENARIO
1998,3,10,244.44444444444443,100.0,0.8,1.0,19.555555555555557,MODELED_SCENARIO
1998,3,11,270.27777777777777,100.0,0.8,1.0,21.622222222222224,MODELED_SCENARIO
1998,3,12,269.16666666666663,100.0,0.8,1.0,21.53333333333333,MODELED_SCENARIO
1998,3,13,253.61111111111111,100.0,0.8,1.0,20.28888888888889,MODELED_SCENARIO
1998,3,14,223.33333333333331,100.0,0.8,1.0,17.866666666666667,MODELED_SCENARIO
1998,3,15,175.55555555555554,100.0,0.8,1.0,14.044444444444444,MODELED_SCENARIO
1998,3,16,127.5,100.0,0.8,1.0,10.200000000000001,MODELED_SCENARIO
1998,3,17,66.94444444444444,100.0,0.8,1.0,5.355555555555556,MODELED_SCENARIO
1998,3,18,23.61111111111111,100.0,0.8,1.0,1.888888888888889,MODELED_SCENARIO
1998,3,19,6.111111111111111,100.0,0.8,1.0,0.4888888888888889,MODELED_SCENARIO
1998,3,20,4.166666666666666,100.0,0.8,1.0,0.33333333333333326,MODELED_SCENARIO
1998,3,21,0.2777777777777778,100.0,0.8,1.0,0.022222222222222223,MODELED_SCENARIO
1998,3,22,0.0,100.0,0.8,1.0,0.0,MODELED_SCENARIO
1998,3,23,0.0,100.0,0.8,1.0,0.0,MODELED_SCENARIO
1998,3,24,0.0,100.0,0.8,1.0,0.0,MODELED_SCENARIO
1998,4,1,0.0,100.0,0.8,1.0,0.0,MODELED_SCENARIO
1998,4,2,0.0,100.0,0.8,1.0,0.0,MODELED_SCENARIO
1998,4,3,0.0,100.0,0.8,1.0,0.0,MODELED_SCENARIO
1998,4,4,0.0,100.0,0.8,1.0,0.0,MODELED_SCENARIO
1998,4,5,0.0,100.0,0.8,1.0,0.0,MODELED_SCENARIO
1998,4,6,0.2777777777777778,100.0,0.8,1.0,0.022222222222222223,MODELED_SCENARIO
1998,4,7,11.38888888888889,100.0,0.8,1.0,0.9111111111111111,MODELED_SCENARIO
1998,4,8,53.333333333333336,100.0,0.8,1.0,4.2666666666666675,MODELED_SCENARIO
1998,4,9,103.88888888888889,100.0,0.8,1.0,8.311111111111112,MODELED_SCENARIO
1998,4,10,147.22222222222223,100.0,0.8,1.0,11.777777777777779,MODELED_SCENARIO
1998,4,11,168.33333333333331,100.0,0.8,1.0,13.466666666666667,MODELED_SCENARIO
1998,4,12,163.88888888888889,100.0,0.8,1.0,13.111111111111112,MODELED_SCENARIO
1998,4,13,133.05555555555554,100.0,0.8,1.0,10.644444444444444,MODELED_SCENARIO
1998,4,14,93.05555555555556,100.0,0.8,1.0,7.444444444444445,MODELED_SCENARIO
1998,4,15,42.77777777777778,100.0,0.8,1.0,3.4222222222222225,MODELED_SCENARIO
1998,4,16,8.055555555555555,100.0,0.8,1.0,0.6444444444444445,MODELED_SCENARIO
1998,4,17,0.5555555555555556,100.0,0.8,1.0,0.044444444444444446,MODELED_SCENARIO
1998,4,18,0.0,100.0,0.8,1.0,0.0,MODELED_SCENARIO
1998,4,19,0.0,100.0,0.8,1.0,0.0,MODELED_SCENARIO
1998,4,20,0.0,100.0,0.8,1.0,0.0,MODELED_SCENARIO
1998,4,21,0.0,100.0,0.8,1.0,0.0,MODELED_SCENARIO
1998,4,22,0.0,100.0,0.8,1.0,0.0,MODELED_SCENARIO
1998,4,23,0.0,100.0,0.8,1.0,0.0,MODELED_SCENARIO
1998,4,24,0.0,100.0,0.8,1.0,0.0,MODELED_SCENARIO
1998,5,1,0.0,100.0,0.8,1.0,0.0,MODELED_SCENARIO
1998,5,2,0.0,100.0,0.8,1.0,0.0,MODELED_SCENARIO
1998,5,3,0.0,100.0,0.8,1.0,0.0,MODELED_SCENARIO
1998,5,4,0.0,100.0,0.8,1.0,0.0,MODELED_SCENARIO
1998,5,5,0.0,100.0,0.8,1.0,0.0,MODELED_SCENARIO
1998,5,6,0.0,100.0,0.8,1.0,0.0,MODELED_SCENARIO
1998,5,7,0.0,100.0,0.8,1.0,0.0,MODELED_SCENARIO
1998,5,8,0.0,100.0,0.8,1.0,0.0,MODELED_SCENARIO
1998,5,9,1.3888888888888888,100.0,0.8,1.0,0.11111111111111112,MODELED_SCENARIO
1998,5,10,13.61111111111111,100.0,0.8,1.0,1.0888888888888888,MODELED_SCENARIO
1998,5,11,25.0,100.0,0.8,1.0,2.0,MODELED_SCENARIO
1998,5,12,24.72222222222222,100.0,0.8,1.0,1.9777777777777779,MODELED_SCENARIO
1998,5,13,14.166666666666666,100.0,0.8,1.0,1.1333333333333333,MODELED_SCENARIO
1998,5,14,3.333333333333333,100.0,0.8,1.0,0.26666666666666666,MODELED_SCENARIO
1998,5,15,0.0,100.0,0.8,1.0,0.0,MODELED_SCENARIO
1998,5,16,0.0,100.0,0.8,1.0,0.0,MODELED_SCENARIO
1998,5,17,0.0,100.0,0.8,1.0,0.0,MODELED_SCENARIO
1998,5,18,0.0,100.0,0.8,1.0,0.0,MODELED_SCENARIO
1998,5,19,0.0,100.0,0.8,1.0,0.0,MODELED_SCENARIO
1998,5,20,0.0,100.0,0.8,1.0,0.0,MODELED_SCENARIO
1998,5,21,0.0,100.0,0.8,1.0,0.0,MODELED_SCENARIO
1998,5,22,0.0,100.0,0.8,1.0,0.0,MODELED_SCENARIO
1998,5,23,0.0,100.0,0.8,1.0,0.0,MODELED_SCENARIO
1998,5,24,0.0,100.0,0.8,1.0,0.0,MODELED_SCENARIO
1998,6,1,,100.0,0.8,1.0,,MODELED_SCENARIO
1998,6,2,,100.0,0.8,1.0,,MODELED_SCENARIO
1998,6,3,,100.0,0.8,1.0,,MODELED_SCENARIO
1998,6,4,,100.0,0.8,1.0,,MODELED_SCENARIO
1998,6,5,,100.0,0.8,1.0,,MODELED_SCENARIO
1998,6,6,,100.0,0.8,1.0,,MODELED_SCENARIO
1998,6,7,,100.0,0.8,1.0,,MODELED_SCENARIO
1998,6,8,,100.0,0.8,1.0,,MODELED_SCENARIO
1998,6,9,,100.0,0.8,1.0,,MODELED_SCENARIO
1998,6,10,,100.0,0.8,1.0,,MODELED_SCENARIO
1998,6,11,,100.0,0.8,1.0,,MODELED_SCENARIO
1998,6,12,,100.0,0.8,1.0,,MODELED_SCENARIO
1998,6,13,,100.0,0.8,1.0,,MODELED_SCENARIO
1998,6,14,,100.0,0.8,1.0,,MODELED_SCENARIO
1998,6,15,,100.0,0.8,1.0,,MODELED_SCENARIO
1998,6,16,,100.0,0.8,1.0,,MODELED_SCENARIO
1998,6,17,,100.0,0.8,1.0,,MODELED_SCENARIO
1998,6,18,,100.0,0.8,1.0,,MODELED_SCENARIO
1998,6,19,,100.0,0.8,1.0,,MODELED_SCENARIO
1998,6,20,,100.0,0.8,1.0,,MODELED_SCENARIO
1998,6,21,,100.0,0.8,1.0,,MODELED_SCENARIO
1998,6,22,,100.0,0.8,1.0,,MODELED_SCENARIO
1998,6,23,,100.0,0.8,1.0,,MODELED_SCENARIO
1998,6,24,,100.0,0.8,1.0,,MODELED_SCENARIO
1998,7,1,,100.0,0.8,1.0,,MODELED_SCENARIO
1998,7,2,,100.0,0.8,1.0,,MODELED_SCENARIO
1998,7,3,,100.0,0.8,1.0,,MODELED_SCENARIO
1998,7,4,,100.0,0.8,1.0,,MODELED_SCENARIO
1998,7,5,,100.0,0.8,1.0,,MODELED_SCENARIO
1998,7,6,,100.0,0.8,1.0,,MODELED_SCENARIO
1998,7,7,,100.0,0.8,1.0,,MODELED_SCENARIO
1998,7,8,,100.0,0.8,1.0,,MODELED_SCENARIO
1998,7,9,,100.0,0.8,1.0,,MODELED_SCENARIO
1998,7,10,,100.0,0.8,1.0,,MODELED_SCENARIO
1998,7,11,,100.0,0.8,1.0,,MODELED_SCENARIO
1998,7,12,,100.0,0.8,1.0,,MODELED_SCENARIO
1998,7,13,,100.0,0.8,1.0,,MODELED_SCENARIO
1998,7,14,,100.0,0.8,1.0,,MODELED_SCENARIO
1998,7,15,,100.0,0.8,1.0,,MODELED_SCENARIO
1998,7,16,,100.0,0.8,1.0,,MODELED_SCENARIO
1998,7,17,,100.0,0.8,1.0,,MODELED_SCENARIO
1998,7,18,,100.0,0.8,1.0,,MODELED_SCENARIO
1998,7,19,,100.0,0.8,1.0,,MODELED_SCENARIO
1998,7,20,,100.0,0.8,1.0,,MODELED_SCENARIO
1998,7,21,,100.0,0.8,1.0,,MODELED_SCENARIO
1998,7,22,,100.0,0.8,1.0,,MODELED_SCENARIO
1998,7,23,,100.0,0.8,1.0,,MODELED_SCENARIO
1998,7,24,,100.0,0.8,1.0,,MODELED_SCENARIO
1998,8,1,0.0,100.0,0.8,1.0,0.0,MODELED_SCENARIO
1998,8,2,0.0,100.0,0.8,1.0,0.0,MODELED_SCENARIO
1998,8,3,0.0,100.0,0.8,1.0,0.0,MODELED_SCENARIO
1998,8,4,0.0,100.0,0.8,1.0,0.0,MODELED_SCENARIO
1998,8,5,0.0,100.0,0.8,1.0,0.0,MODELED_SCENARIO
1998,8,6,0.0,100.0,0.8,1.0,0.0,MODELED_SCENARIO
1998,8,7,0.0,100.0,0.8,1.0,0.0,MODELED_SCENARIO
1998,8,8,7.222222222222221,100.0,0.8,1.0,0.5777777777777777,MODELED_SCENARIO
1998,8,9,32.77777777777778,100.0,0.8,1.0,2.6222222222222227,MODELED_SCENARIO
1998,8,10,62.77777777777778,100.0,0.8,1.0,5.022222222222222,MODELED_SCENARIO
1998,8,11,79.44444444444444,100.0,0.8,1.0,6.355555555555556,MODELED_SCENARIO
1998,8,12,83.33333333333333,100.0,0.8,1.0,6.666666666666666,MODELED_SCENARIO
1998,8,13,67.5,100.0,0.8,1.0,5.4,MODELED_SCENARIO
1998,8,14,40.27777777777777,100.0,0.8,1.0,3.2222222222222223,MODELED_SCENARIO
1998,8,15,10.833333333333334,100.0,0.8,1.0,0.8666666666666668,MODELED_SCENARIO
1998,8,16,0.5555555555555556,100.0,0.8,1.0,0.044444444444444446,MODELED_SCENARIO
1998,8,17,0.0,100.0,0.8,1.0,0.0,MODELED_SCENARIO
1998,8,18,0.0,100.0,0.8,1.0,0.0,MODELED_SCENARIO
1998,8,19,0.0,100.0,0.8,1.0,0.0,MODELED_SCENARIO
1998,8,20,0.0,100.0,0.8,1.0,0.0,MODELED_SCENARIO
1998,8,21,0.0,100.0,0.8,1.0,0.0,MODELED_SCENARIO
1998,8,22,0.0,100.0,0.8,1.0,0.0,MODELED_SCENARIO
1998,8,23,0.0,100.0,0.8,1.0,0.0,MODELED_SCENARIO
1998,8,24,0.0,100.0,0.8,1.0,0.0,MODELED_SCENARIO
1998,9,1,0.0,100.0,0.8,1.0,0.0,MODELED_SCENARIO
1998,9,2,0.0,100.0,0.8,1.0,0.0,MODELED_SCENARIO
1998,9,3,0.0,100.0,0.8,1.0,0.0,MODELED_SCENARIO
1998,9,4,0.0,100.0,0.8,1.0,0.0,MODELED_SCENARIO
1998,9,5,1.1111111111111112,100.0,0.8,1.0,0.08888888888888889,MODELED_SCENARIO
1998,9,6,20.27777777777777,100.0,0.8,1.0,1.6222222222222218,MODELED_SCENARIO
1998,9,7,82.5,100.0,0.8,1.0,6.6000000000000005,MODELED_SCENARIO
1998,9,8,155.0,100.0,0.8,1.0,12.4,MODELED_SCENARIO
1998,9,9,212.5,100.0,0.8,1.0,17.0,MODELED_SCENARIO
1998,9,10,249.44444444444449,100.0,0.8,1.0,19.955555555555563,MODELED_SCENARIO
1998,9,11,275.0,100.0,0.8,1.0,22.000000000000004,MODELED_SCENARIO
1998,9,12,265.55555555555554,100.0,0.8,1.0,21.244444444444444,MODELED_SCENARIO
1998,9,13,246.38888888888889,100.0,0.8,1.0,19.711111111111112,MODELED_SCENARIO
1998,9,14,210.27777777777777,100.0,0.8,1.0,16.82222222222222,MODELED_SCENARIO
1998,9,15,151.94444444444446,100.0,0.8,1.0,12.155555555555559,MODELED_SCENARIO
1998,9,16,80.83333333333333,100.0,0.8,1.0,6.466666666666666,MODELED_SCENARIO
1998,9,17,27.22222222222222,100.0,0.8,1.0,2.1777777777777776,MODELED_SCENARIO
1998,9,18,3.888888888888889,100.0,0.8,1.0,0.3111111111111111,MODELED_SCENARIO
1998,9,19,0.5555555555555556,100.0,0.8,1.0,0.044444444444444446,MODELED_SCENARIO
1998,9,20,0.0,100.0,0.8,1.0,0.0,MODELED_SCENARIO
1998,9,21,0.0,100.0,0.8,1.0,0.0,MODELED_SCENARIO
1998,9,22,0.0,100.0,0.8,1.0,0.0,MODELED_SCENARIO
1998,9,23,0.0,100.0,0.8,1.0,0.0,MODELED_SCENARIO
1998,9,24,0.0,100.0,0.8,1.0,0.0,MODELED_SCENARIO
1998,10,1,0.0,100.0,0.8,1.0,0.0,MODELED_SCENARIO
1998,10,2,0.2777777777777778,100.0,0.8,1.0,0.022222222222222223,MODELED_SCENARIO
1998,10,3,4.166666666666666,100.0,0.8,1.0,0.33333333333333326,MODELED_SCENARIO
1998,10,4,28.05555555555556,100.0,0.8,1.0,2.244444444444445,MODELED_SCENARIO
1998,10,5,87.5,100.0,0.8,1.0,7.0,MODELED_SCENARIO
1998,10,6,169.44444444444443,100.0,0.8,1.0,13.555555555555555,MODELED_SCENARIO
1998,10,7,256.6666666666667,100.0,0.8,1.0,20.53333333333334,MODELED_SCENARIO
1998,10,8,338.3333333333333,100.0,0.8,1.0,27.066666666666663,MODELED_SCENARIO
1998,10,9,398.3333333333333,100.0,0.8,1.0,31.866666666666664,MODELED_SCENARIO
1998,10,10,443.33333333333337,100.0,0.8,1.0,35.46666666666667,MODELED_SCENARIO
1998,10,11,470.8333333333333,100.0,0.8,1.0,37.66666666666667,MODELED_SCENARIO
1998,10,12,463.3333333333333,100.0,0.8,1.0,37.06666666666666,MODELED_SCENARIO
1998,10,13,432.22222222222223,100.0,0.8,1.0,34.577777777777776,MODELED_SCENARIO
1998,10,14,387.2222222222222,100.0,0.8,1.0,30.977777777777778,MODELED_SCENARIO
1998,10,15,307.5,100.0,0.8,1.0,24.6,MODELED_SCENARIO
1998,10,16,225.5555555555556,100.0,0.8,1.0,18.044444444444448,MODELED_SCENARIO
1998,10,17,148.61111111111111,100.0,0.8,1.0,11.88888888888889,MODELED_SCENARIO
1998,10,18,69.16666666666667,100.0,0.8,1.0,5.533333333333334,MODELED_SCENARIO
1998,10,19,20.83333333333333,100.0,0.8,1.0,1.6666666666666665,MODELED_SCENARIO
1998,10,20,2.7777777777777777,100.0,0.8,1.0,0.22222222222222224,MODELED_SCENARIO
1998,10,21,0.5555555555555556,100.0,0.8,1.0,0.044444444444444446,MODELED_SCENARIO
1998,10,22,0.0,100.0,0.8,1.0,0.0,MODELED_SCENARIO
1998,10,23,0.0,100.0,0.8,1.0,0.0,MODELED_SCENARIO
1998,10,24,0.0,100.0,0.8,1.0,0.0,MODELED_SCENARIO
1998,11,1,8.055555555555555,100.0,0.8,1.0,0.6444444444444445,MODELED_SCENARIO
1998,11,2,41.388888888888886,100.0,0.8,1.0,3.311111111111111,MODELED_SCENARIO
1998,11,3,95.83333333333331,100.0,0.8,1.0,7.666666666666664,MODELED_SCENARIO
1998,11,4,161.1111111111111,100.0,0.8,1.0,12.88888888888889,MODELED_SCENARIO
1998,11,5,251.94444444444449,100.0,0.8,1.0,20.15555555555556,MODELED_SCENARIO
1998,11,6,336.66666666666663,100.0,0.8,1.0,26.933333333333334,MODELED_SCENARIO
1998,11,7,436.6666666666667,100.0,0.8,1.0,34.93333333333334,MODELED_SCENARIO
1998,11,8,519.1666666666666,100.0,0.8,1.0,41.53333333333333,MODELED_SCENARIO
1998,11,9,589.7222222222223,100.0,0.8,1.0,47.177777777777784,MODELED_SCENARIO
1998,11,10,634.7222222222223,100.0,0.8,1.0,50.777777777777786,MODELED_SCENARIO
1998,11,11,653.3333333333333,100.0,0.8,1.0,52.26666666666665,MODELED_SCENARIO
1998,11,12,652.5,100.0,0.8,1.0,52.2,MODELED_SCENARIO
1998,11,13,638.0555555555555,100.0,0.8,1.0,51.04444444444445,MODELED_SCENARIO
1998,11,14,587.2222222222222,100.0,0.8,1.0,46.97777777777778,MODELED_SCENARIO
1998,11,15,516.9444444444445,100.0,0.8,1.0,41.355555555555554,MODELED_SCENARIO
1998,11,16,440.27777777777777,100.0,0.8,1.0,35.22222222222222,MODELED_SCENARIO
1998,11,17,344.72222222222223,100.0,0.8,1.0,27.57777777777778,MODELED_SCENARIO
1998,11,18,252.77777777777777,100.0,0.8,1.0,20.222222222222225,MODELED_SCENARIO
1998,11,19,173.88888888888889,100.0,0.8,1.0,13.911111111111111,MODELED_SCENARIO
1998,11,20,100.55555555555556,100.0,0.8,1.0,8.044444444444444,MODELED_SCENARIO
1998,11,21,38.333333333333336,100.0,0.8,1.0,3.0666666666666673,MODELED_SCENARIO
1998,11,22,4.999999999999999,100.0,0.8,1.0,0.39999999999999997,MODELED_SCENARIO
1998,11,23,0.8333333333333334,100.0,0.8,1.0,0.06666666666666668,MODELED_SCENARIO
1998,11,24,0.0,100.0,0.8,1.0,0.0,MODELED_SCENARIO
1998,12,1,43.888888888888886,100.0,0.8,1.0,3.511111111111111,MODELED_SCENARIO
1998,12,2,97.77777777777776,100.0,0.8,1.0,7.82222222222222,MODELED_SCENARIO
1998,12,3,139.16666666666666,100.0,0.8,1.0,11.133333333333333,MODELED_SCENARIO
1998,12,4,204.72222222222223,100.0,0.8,1.0,16.377777777777776,MODELED_SCENARIO
1998,12,5,274.44444444444446,100.0,0.8,1.0,21.955555555555556,MODELED_SCENARIO
1998,12,6,362.77777777777777,100.0,0.8,1.0,29.022222222222226,MODELED_SCENARIO
1998,12,7,448.6111111111111,100.0,0.8,1.0,35.888888888888886,MODELED_SCENARIO
1998,12,8,536.9444444444445,100.0,0.8,1.0,42.955555555555556,MODELED_SCENARIO
1998,12,9,596.3888888888888,100.0,0.8,1.0,47.7111111111111,MODELED_SCENARIO
1998,12,10,640.2777777777778,100.0,0.8,1.0,51.22222222222223,MODELED_SCENARIO
1998,12,11,663.0555555555555,100.0,0.8,1.0,53.04444444444445,MODELED_SCENARIO
1998,12,12,672.4999999999999,100.0,0.8,1.0,53.79999999999999,MODELED_SCENARIO
1998,12,13,660.0,100.0,0.8,1.0,52.800000000000004,MODELED_SCENARIO
1998,12,14,582.5,100.0,0.8,1.0,46.6,MODELED_SCENARIO
1998,12,15,523.6111111111111,100.0,0.8,1.0,41.88888888888889,MODELED_SCENARIO
1998,12,16,430.27777777777777,100.0,0.8,1.0,34.422222222222224,MODELED_SCENARIO
1998,12,17,348.3333333333333,100.0,0.8,1.0,27.86666666666667,MODELED_SCENARIO
1998,12,18,270.0,100.0,0.8,1.0,21.6,MODELED_SCENARIO
1998,12,19,201.66666666666663,100.0,0.8,1.0,16.133333333333333,MODELED_SCENARIO
1998,12,20,152.22222222222223,100.0,0.8,1.0,12.177777777777779,MODELED_SCENARIO
1998,12,21,92.22222222222224,100.0,0.8,1.0,7.37777777777778,MODELED_SCENARIO
1998,12,22,31.666666666666668,100.0,0.8,1.0,2.5333333333333337,MODELED_SCENARIO
1998,12,23,3.611111111111111,100.0,0.8,1.0,0.2888888888888889,MODELED_SCENARIO
1998,12,24,0.5555555555555556,100.0,0.8,1.0,0.044444444444444446,MODELED_SCENARIO
1999,1,1,5.555555555555555,100.0,0.8,1.0,0.4444444444444445,MODELED_SCENARIO
1999,1,2,30.83333333333333,100.0,0.8,1.0,2.4666666666666663,MODELED_SCENARIO
1999,1,3,77.22222222222223,100.0,0.8,1.0,6.177777777777779,MODELED_SCENARIO
1999,1,4,119.16666666666666,100.0,0.8,1.0,9.533333333333333,MODELED_SCENARIO
1999,1,5,183.88888888888889,100.0,0.8,1.0,14.711111111111112,MODELED_SCENARIO
1999,1,6,248.33333333333331,100.0,0.8,1.0,19.866666666666667,MODELED_SCENARIO
1999,1,7,334.4444444444444,100.0,0.8,1.0,26.75555555555555,MODELED_SCENARIO
1999,1,8,438.8888888888889,100.0,0.8,1.0,35.111111111111114,MODELED_SCENARIO
1999,1,9,509.72222222222223,100.0,0.8,1.0,40.77777777777778,MODELED_SCENARIO
1999,1,10,550.0,100.0,0.8,1.0,44.00000000000001,MODELED_SCENARIO
1999,1,11,575.5555555555555,100.0,0.8,1.0,46.04444444444445,MODELED_SCENARIO
1999,1,12,551.3888888888889,100.0,0.8,1.0,44.111111111111114,MODELED_SCENARIO
1999,1,13,588.6111111111112,100.0,0.8,1.0,47.0888888888889,MODELED_SCENARIO
1999,1,14,535.8333333333334,100.0,0.8,1.0,42.866666666666674,MODELED_SCENARIO
1999,1,15,503.3333333333333,100.0,0.8,1.0,40.266666666666666,MODELED_SCENARIO
1999,1,16,426.1111111111111,100.0,0.8,1.0,34.088888888888896,MODELED_SCENARIO
1999,1,17,349.7222222222222,100.0,0.8,1.0,27.977777777777774,MODELED_SCENARIO
1999,1,18,262.5,100.0,0.8,1.0,21.0,MODELED_SCENARIO
1999,1,19,174.44444444444443,100.0,0.8,1.0,13.955555555555556,MODELED_SCENARIO
1999,1,20,110.83333333333334,100.0,0.8,1.0,8.866666666666667,MODELED_SCENARIO
1999,1,21,61.94444444444444,100.0,0.8,1.0,4.955555555555556,MODELED_SCENARIO
1999,1,22,17.22222222222222,100.0,0.8,1.0,1.377777777777778,MODELED_SCENARIO
1999,1,23,2.5,100.0,0.8,1.0,0.2,MODELED_SCENARIO
1999,1,24,1.1111111111111112,100.0,0.8,1.0,0.08888888888888889,MODELED_SCENARIO
1999,2,1,0.0,100.0,0.8,1.0,0.0,MODELED_SCENARIO
1999,2,2,0.0,100.0,0.8,1.0,0.0,MODELED_SCENARIO
1999,2,3,9.999999999999998,100.0,0.8,1.0,0.7999999999999999,MODELED_SCENARIO
1999,2,4,45.833333333333336,100.0,0.8,1.0,3.6666666666666674,MODELED_SCENARIO
1999,2,5,97.5,100.0,0.8,1.0,7.800000000000001,MODELED_SCENARIO
1999,2,6,173.33333333333334,100.0,0.8,1.0,13.866666666666669,MODELED_SCENARIO
1999,2,7,250.55555555555557,100.0,0.8,1.0,20.044444444444448,MODELED_SCENARIO
1999,2,8,328.05555555555554,100.0,0.8,1.0,26.244444444444447,MODELED_SCENARIO
1999,2,9,409.44444444444446,100.0,0.8,1.0,32.75555555555555,MODELED_SCENARIO
1999,2,10,460.27777777777777,100.0,0.8,1.0,36.82222222222222,MODELED_SCENARIO
1999,2,11,506.1111111111112,100.0,0.8,1.0,40.488888888888894,MODELED_SCENARIO
1999,2,12,526.9444444444445,100.0,0.8,1.0,42.15555555555556,MODELED_SCENARIO
1999,2,13,505.27777777777777,100.0,0.8,1.0,40.42222222222223,MODELED_SCENARIO
1999,2,14,462.77777777777777,100.0,0.8,1.0,37.022222222222226,MODELED_SCENARIO
1999,2,15,402.22222222222223,100.0,0.8,1.0,32.17777777777778,MODELED_SCENARIO
1999,2,16,340.55555555555554,100.0,0.8,1.0,27.244444444444447,MODELED_SCENARIO
1999,2,17,258.05555555555554,100.0,0.8,1.0,20.644444444444446,MODELED_SCENARIO
1999,2,18,176.38888888888889,100.0,0.8,1.0,14.111111111111109,MODELED_SCENARIO
1999,2,19,96.94444444444444,100.0,0.8,1.0,7.755555555555556,MODELED_SCENARIO
1999,2,20,34.72222222222222,100.0,0.8,1.0,2.777777777777778,MODELED_SCENARIO
1999,2,21,5.833333333333334,100.0,0.8,1.0,0.46666666666666673,MODELED_SCENARIO
1999,2,22,0.2777777777777778,100.0,0.8,1.0,0.022222222222222223,MODELED_SCENARIO
1999,2,23,0.0,100.0,0.8,1.0,0.0,MODELED_SCENARIO
1999,2,24,0.0,100.0,0.8,1.0,0.0,MODELED_SCENARIO
1999,3,1,0.0,100.0,0.8,1.0,0.0,MODELED_SCENARIO
1999,3,2,0.0,100.0,0.8,1.0,0.0,MODELED_SCENARIO
1999,3,3,0.0,100.0,0.8,1.0,0.0,MODELED_SCENARIO
1999,3,4,0.0,100.0,0.8,1.0,0.0,MODELED_SCENARIO
1999,3,5,4.999999999999999,100.0,0.8,1.0,0.39999999999999997,MODELED_SCENARIO
1999,3,6,39.44444444444444,100.0,0.8,1.0,3.1555555555555554,MODELED_SCENARIO
1999,3,7,106.66666666666669,100.0,0.8,1.0,8.533333333333335,MODELED_SCENARIO
1999,3,8,173.05555555555554,100.0,0.8,1.0,13.844444444444443,MODELED_SCENARIO
1999,3,9,226.94444444444443,100.0,0.8,1.0,18.155555555555555,MODELED_SCENARIO
1999,3,10,283.3333333333333,100.0,0.8,1.0,22.666666666666668,MODELED_SCENARIO
1999,3,11,317.2222222222222,100.0,0.8,1.0,25.377777777777776,MODELED_SCENARIO
1999,3,12,318.88888888888886,100.0,0.8,1.0,25.511111111111106,MODELED_SCENARIO
1999,3,13,316.1111111111111,100.0,0.8,1.0,25.288888888888888,MODELED_SCENARIO
1999,3,14,269.16666666666663,100.0,0.8,1.0,21.53333333333333,MODELED_SCENARIO
1999,3,15,214.44444444444449,100.0,0.8,1.0,17.155555555555562,MODELED_SCENARIO
1999,3,16,146.11111111111111,100.0,0.8,1.0,11.68888888888889,MODELED_SCENARIO
1999,3,17,73.88888888888889,100.0,0.8,1.0,5.9111111111111105,MODELED_SCENARIO
1999,3,18,25.27777777777777,100.0,0.8,1.0,2.0222222222222217,MODELED_SCENARIO
1999,3,19,3.333333333333333,100.0,0.8,1.0,0.26666666666666666,MODELED_SCENARIO
1999,3,20,0.0,100.0,0.8,1.0,0.0,MODELED_SCENARIO
1999,3,21,0.0,100.0,0.8,1.0,0.0,MODELED_SCENARIO
1999,3,22,0.0,100.0,0.8,1.0,0.0,MODELED_SCENARIO
1999,3,23,0.0,100.0,0.8,1.0,0.0,MODELED_SCENARIO
1999,3,24,0.0,100.0,0.8,1.0,0.0,MODELED_SCENARIO
1999,4,1,0.0,100.0,0.8,1.0,0.0,MODELED_SCENARIO
1999,4,2,0.0,100.0,0.8,1.0,0.0,MODELED_SCENARIO
1999,4,3,0.0,100.0,0.8,1.0,0.0,MODELED_SCENARIO
1999,4,4,0.0,100.0,0.8,1.0,0.0,MODELED_SCENARIO
1999,4,5,0.0,100.0,0.8,1.0,0.0,MODELED_SCENARIO
1999,4,6,0.0,100.0,0.8,1.0,0.0,MODELED_SCENARIO
1999,4,7,5.833333333333334,100.0,0.8,1.0,0.46666666666666673,MODELED_SCENARIO
1999,4,8,39.16666666666666,100.0,0.8,1.0,3.133333333333333,MODELED_SCENARIO
1999,4,9,91.11111111111111,100.0,0.8,1.0,7.288888888888889,MODELED_SCENARIO
1999,4,10,132.5,100.0,0.8,1.0,10.600000000000001,MODELED_SCENARIO
1999,4,11,151.94444444444446,100.0,0.8,1.0,12.155555555555559,MODELED_SCENARIO
1999,4,12,165.55555555555554,100.0,0.8,1.0,13.244444444444444,MODELED_SCENARIO
1999,4,13,149.44444444444446,100.0,0.8,1.0,11.955555555555557,MODELED_SCENARIO
1999,4,14,108.88888888888889,100.0,0.8,1.0,8.71111111111111,MODELED_SCENARIO
1999,4,15,59.16666666666666,100.0,0.8,1.0,4.733333333333333,MODELED_SCENARIO
1999,4,16,16.944444444444443,100.0,0.8,1.0,1.3555555555555554,MODELED_SCENARIO
1999,4,17,1.1111111111111112,100.0,0.8,1.0,0.08888888888888889,MODELED_SCENARIO
1999,4,18,0.0,100.0,0.8,1.0,0.0,MODELED_SCENARIO
1999,4,19,0.0,100.0,0.8,1.0,0.0,MODELED_SCENARIO
1999,4,20,0.0,100.0,0.8,1.0,0.0,MODELED_SCENARIO
1999,4,21,0.0,100.0,0.8,1.0,0.0,MODELED_SCENARIO
1999,4,22,0.0,100.0,0.8,1.0,0.0,MODELED_SCENARIO
1999,4,23,0.0,100.0,0.8,1.0,0.0,MODELED_SCENARIO
1999,4,24,0.0,100.0,0.8,1.0,0.0,MODELED_SCENARIO
1999,5,1,0.0,100.0,0.8,1.0,0.0,MODELED_SCENARIO
1999,5,2,0.0,100.0,0.8,1.0,0.0,MODELED_SCENARIO
1999,5,3,0.0,100.0,0.8,1.0,0.0,MODELED_SCENARIO
1999,5,4,0.0,100.0,0.8,1.0,0.0,MODELED_SCENARIO
1999,5,5,0.0,100.0,0.8,1.0,0.0,MODELED_SCENARIO
1999,5,6,0.0,100.0,0.8,1.0,0.0,MODELED_SCENARIO
1999,5,7,0.0,100.0,0.8,1.0,0.0,MODELED_SCENARIO
1999,5,8,0.0,100.0,0.8,1.0,0.0,MODELED_SCENARIO
1999,5,9,0.8333333333333334,100.0,0.8,1.0,0.06666666666666668,MODELED_SCENARIO
1999,5,10,15.555555555555555,100.0,0.8,1.0,1.2444444444444445,MODELED_SCENARIO
1999,5,11,31.666666666666668,100.0,0.8,1.0,2.5333333333333337,MODELED_SCENARIO
1999,5,12,33.61111111111111,100.0,0.8,1.0,2.6888888888888887,MODELED_SCENARIO
1999,5,13,20.555555555555557,100.0,0.8,1.0,1.6444444444444448,MODELED_SCENARIO
1999,5,14,3.611111111111111,100.0,0.8,1.0,0.2888888888888889,MODELED_SCENARIO
1999,5,15,0.0,100.0,0.8,1.0,0.0,MODELED_SCENARIO
1999,5,16,0.0,100.0,0.8,1.0,0.0,MODELED_SCENARIO
1999,5,17,0.0,100.0,0.8,1.0,0.0,MODELED_SCENARIO
1999,5,18,0.0,100.0,0.8,1.0,0.0,MODELED_SCENARIO
1999,5,19,0.0,100.0,0.8,1.0,0.0,MODELED_SCENARIO
1999,5,20,0.0,100.0,0.8,1.0,0.0,MODELED_SCENARIO
1999,5,21,0.0,100.0,0.8,1.0,0.0,MODELED_SCENARIO
1999,5,22,0.0,100.0,0.8,1.0,0.0,MODELED_SCENARIO
1999,5,23,0.0,100.0,0.8,1.0,0.0,MODELED_SCENARIO
1999,5,24,0.0,100.0,0.8,1.0,0.0,MODELED_SCENARIO
1999,6,1,,100.0,0.8,1.0,,MODELED_SCENARIO
1999,6,2,,100.0,0.8,1.0,,MODELED_SCENARIO
1999,6,3,,100.0,0.8,1.0,,MODELED_SCENARIO
1999,6,4,,100.0,0.8,1.0,,MODELED_SCENARIO
1999,6,5,,100.0,0.8,1.0,,MODELED_SCENARIO
1999,6,6,,100.0,0.8,1.0,,MODELED_SCENARIO
1999,6,7,,100.0,0.8,1.0,,MODELED_SCENARIO
1999,6,8,,100.0,0.8,1.0,,MODELED_SCENARIO
1999,6,9,,100.0,0.8,1.0,,MODELED_SCENARIO
1999,6,10,,100.0,0.8,1.0,,MODELED_SCENARIO
1999,6,11,,100.0,0.8,1.0,,MODELED_SCENARIO
1999,6,12,,100.0,0.8,1.0,,MODELED_SCENARIO
1999,6,13,,100.0,0.8,1.0,,MODELED_SCENARIO
1999,6,14,,100.0,0.8,1.0,,MODELED_SCENARIO
1999,6,15,,100.0,0.8,1.0,,MODELED_SCENARIO
1999,6,16,,100.0,0.8,1.0,,MODELED_SCENARIO
1999,6,17,,100.0,0.8,1.0,,MODELED_SCENARIO
1999,6,18,,100.0,0.8,1.0,,MODELED_SCENARIO
1999,6,19,,100.0,0.8,1.0,,MODELED_SCENARIO
1999,6,20,,100.0,0.8,1.0,,MODELED_SCENARIO
1999,6,21,,100.0,0.8,1.0,,MODELED_SCENARIO
1999,6,22,,100.0,0.8,1.0,,MODELED_SCENARIO
1999,6,23,,100.0,0.8,1.0,,MODELED_SCENARIO
1999,6,24,,100.0,0.8,1.0,,MODELED_SCENARIO
1999,7,1,0.0,100.0,0.8,1.0,0.0,MODELED_SCENARIO
1999,7,2,0.0,100.0,0.8,1.0,0.0,MODELED_SCENARIO
1999,7,3,0.0,100.0,0.8,1.0,0.0,MODELED_SCENARIO
1999,7,4,0.0,100.0,0.8,1.0,0.0,MODELED_SCENARIO
1999,7,5,0.0,100.0,0.8,1.0,0.0,MODELED_SCENARIO
1999,7,6,0.0,100.0,0.8,1.0,0.0,MODELED_SCENARIO
1999,7,7,0.0,100.0,0.8,1.0,0.0,MODELED_SCENARIO
1999,7,8,0.0,100.0,0.8,1.0,0.0,MODELED_SCENARIO
1999,7,9,0.0,100.0,0.8,1.0,0.0,MODELED_SCENARIO
1999,7,10,0.0,100.0,0.8,1.0,0.0,MODELED_SCENARIO
1999,7,11,14.72222222222222,100.0,0.8,1.0,1.1777777777777776,MODELED_SCENARIO
1999,7,12,19.444444444444446,100.0,0.8,1.0,1.5555555555555556,MODELED_SCENARIO
1999,7,13,4.722222222222222,100.0,0.8,1.0,0.37777777777777777,MODELED_SCENARIO
1999,7,14,0.0,100.0,0.8,1.0,0.0,MODELED_SCENARIO
1999,7,15,0.0,100.0,0.8,1.0,0.0,MODELED_SCENARIO
1999,7,16,0.0,100.0,0.8,1.0,0.0,MODELED_SCENARIO
1999,7,17,0.0,100.0,0.8,1.0,0.0,MODELED_SCENARIO
1999,7,18,0.0,100.0,0.8,1.0,0.0,MODELED_SCENARIO
1999,7,19,0.0,100.0,0.8,1.0,0.0,MODELED_SCENARIO
1999,7,20,0.0,100.0,0.8,1.0,0.0,MODELED_SCENARIO
1999,7,21,0.0,100.0,0.8,1.0,0.0,MODELED_SCENARIO
1999,7,22,0.0,100.0,0.8,1.0,0.0,MODELED_SCENARIO
1999,7,23,0.0,100.0,0.8,1.0,0.0,MODELED_SCENARIO
1999,7,24,0.0,100.0,0.8,1.0,0.0,MODELED_SCENARIO
1999,8,1,0.0,100.0,0.8,1.0,0.0,MODELED_SCENARIO
1999,8,2,0.0,100.0,0.8,1.0,0.0,MODELED_SCENARIO
1999,8,3,0.0,100.0,0.8,1.0,0.0,MODELED_SCENARIO
1999,8,4,0.0,100.0,0.8,1.0,0.0,MODELED_SCENARIO
1999,8,5,0.0,100.0,0.8,1.0,0.0,MODELED_SCENARIO
1999,8,6,0.0,100.0,0.8,1.0,0.0,MODELED_SCENARIO
1999,8,7,0.0,100.0,0.8,1.0,0.0,MODELED_SCENARIO
1999,8,8,3.055555555555556,100.0,0.8,1.0,0.24444444444444446,MODELED_SCENARIO
1999,8,9,15.277777777777777,100.0,0.8,1.0,1.2222222222222223,MODELED_SCENARIO
1999,8,10,36.94444444444444,100.0,0.8,1.0,2.9555555555555553,MODELED_SCENARIO
1999,8,11,48.05555555555555,100.0,0.8,1.0,3.8444444444444446,MODELED_SCENARIO
1999,8,12,47.22222222222222,100.0,0.8,1.0,3.777777777777778,MODELED_SCENARIO
1999,8,13,39.72222222222222,100.0,0.8,1.0,3.177777777777778,MODELED_SCENARIO
1999,8,14,23.88888888888889,100.0,0.8,1.0,1.9111111111111112,MODELED_SCENARIO
1999,8,15,7.5,100.0,0.8,1.0,0.6000000000000001,MODELED_SCENARIO
1999,8,16,0.5555555555555556,100.0,0.8,1.0,0.044444444444444446,MODELED_SCENARIO
1999,8,17,0.0,100.0,0.8,1.0,0.0,MODELED_SCENARIO
1999,8,18,0.0,100.0,0.8,1.0,0.0,MODELED_SCENARIO
1999,8,19,0.0,100.0,0.8,1.0,0.0,MODELED_SCENARIO
1999,8,20,0.0,100.0,0.8,1.0,0.0,MODELED_SCENARIO
1999,8,21,0.0,100.0,0.8,1.0,0.0,MODELED_SCENARIO
1999,8,22,0.0,100.0,0.8,1.0,0.0,MODELED_SCENARIO
1999,8,23,0.0,100.0,0.8,1.0,0.0,MODELED_SCENARIO
1999,8,24,0.0,100.0,0.8,1.0,0.0,MODELED_SCENARIO
1999,9,1,0.0,100.0,0.8,1.0,0.0,MODELED_SCENARIO
1999,9,2,0.0,100.0,0.8,1.0,0.0,MODELED_SCENARIO
1999,9,3,0.0,100.0,0.8,1.0,0.0,MODELED_SCENARIO
1999,9,4,0.0,100.0,0.8,1.0,0.0,MODELED_SCENARIO
1999,9,5,1.6666666666666667,100.0,0.8,1.0,0.13333333333333336,MODELED_SCENARIO
1999,9,6,15.555555555555555,100.0,0.8,1.0,1.2444444444444445,MODELED_SCENARIO
1999,9,7,56.66666666666666,100.0,0.8,1.0,4.533333333333333,MODELED_SCENARIO
1999,9,8,116.66666666666666,100.0,0.8,1.0,9.333333333333334,MODELED_SCENARIO
1999,9,9,170.0,100.0,0.8,1.0,13.600000000000001,MODELED_SCENARIO
1999,9,10,214.44444444444449,100.0,0.8,1.0,17.155555555555562,MODELED_SCENARIO
1999,9,11,243.05555555555557,100.0,0.8,1.0,19.444444444444446,MODELED_SCENARIO
1999,9,12,251.94444444444449,100.0,0.8,1.0,20.15555555555556,MODELED_SCENARIO
1999,9,13,237.2222222222222,100.0,0.8,1.0,18.977777777777774,MODELED_SCENARIO
1999,9,14,195.27777777777777,100.0,0.8,1.0,15.622222222222224,MODELED_SCENARIO
1999,9,15,141.66666666666666,100.0,0.8,1.0,11.333333333333334,MODELED_SCENARIO
1999,9,16,78.88888888888889,100.0,0.8,1.0,6.311111111111111,MODELED_SCENARIO
1999,9,17,27.5,100.0,0.8,1.0,2.2,MODELED_SCENARIO
1999,9,18,1.3888888888888888,100.0,0.8,1.0,0.11111111111111112,MODELED_SCENARIO
1999,9,19,0.0,100.0,0.8,1.0,0.0,MODELED_SCENARIO
1999,9,20,0.0,100.0,0.8,1.0,0.0,MODELED_SCENARIO
1999,9,21,0.0,100.0,0.8,1.0,0.0,MODELED_SCENARIO
1999,9,22,0.0,100.0,0.8,1.0,0.0,MODELED_SCENARIO
1999,9,23,0.0,100.0,0.8,1.0,0.0,MODELED_SCENARIO
1999,9,24,0.0,100.0,0.8,1.0,0.0,MODELED_SCENARIO
1999,10,1,0.0,100.0,0.8,1.0,0.0,MODELED_SCENARIO
1999,10,2,0.0,100.0,0.8,1.0,0.0,MODELED_SCENARIO
1999,10,3,3.611111111111111,100.0,0.8,1.0,0.2888888888888889,MODELED_SCENARIO
1999,10,4,26.38888888888889,100.0,0.8,1.0,2.111111111111111,MODELED_SCENARIO
1999,10,5,74.16666666666667,100.0,0.8,1.0,5.933333333333334,MODELED_SCENARIO
1999,10,6,163.88888888888889,100.0,0.8,1.0,13.111111111111112,MODELED_SCENARIO
1999,10,7,271.94444444444446,100.0,0.8,1.0,21.755555555555556,MODELED_SCENARIO
1999,10,8,363.05555555555554,100.0,0.8,1.0,29.04444444444444,MODELED_SCENARIO
1999,10,9,435.8333333333333,100.0,0.8,1.0,34.86666666666667,MODELED_SCENARIO
1999,10,10,490.2777777777777,100.0,0.8,1.0,39.22222222222222,MODELED_SCENARIO
1999,10,11,506.9444444444444,100.0,0.8,1.0,40.55555555555556,MODELED_SCENARIO
1999,10,12,511.9444444444444,100.0,0.8,1.0,40.955555555555556,MODELED_SCENARIO
1999,10,13,475.0,100.0,0.8,1.0,38.0,MODELED_SCENARIO
1999,10,14,431.9444444444444,100.0,0.8,1.0,34.55555555555556,MODELED_SCENARIO
1999,10,15,358.05555555555554,100.0,0.8,1.0,28.644444444444442,MODELED_SCENARIO
1999,10,16,262.77777777777777,100.0,0.8,1.0,21.022222222222226,MODELED_SCENARIO
1999,10,17,168.88888888888889,100.0,0.8,1.0,13.511111111111113,MODELED_SCENARIO
1999,10,18,85.0,100.0,0.8,1.0,6.800000000000001,MODELED_SCENARIO
1999,10,19,23.333333333333336,100.0,0.8,1.0,1.866666666666667,MODELED_SCENARIO
1999,10,20,2.5,100.0,0.8,1.0,0.2,MODELED_SCENARIO
1999,10,21,0.0,100.0,0.8,1.0,0.0,MODELED_SCENARIO
1999,10,22,0.0,100.0,0.8,1.0,0.0,MODELED_SCENARIO
1999,10,23,0.0,100.0,0.8,1.0,0.0,MODELED_SCENARIO
1999,10,24,0.0,100.0,0.8,1.0,0.0,MODELED_SCENARIO
1999,11,1,4.722222222222222,100.0,0.8,1.0,0.37777777777777777,MODELED_SCENARIO
1999,11,2,40.55555555555555,100.0,0.8,1.0,3.2444444444444445,MODELED_SCENARIO
1999,11,3,110.55555555555556,100.0,0.8,1.0,8.844444444444445,MODELED_SCENARIO
1999,11,4,185.27777777777777,100.0,0.8,1.0,14.822222222222221,MODELED_SCENARIO
1999,11,5,269.16666666666663,100.0,0.8,1.0,21.53333333333333,MODELED_SCENARIO
1999,11,6,356.6666666666667,100.0,0.8,1.0,28.53333333333334,MODELED_SCENARIO
1999,11,7,441.1111111111112,100.0,0.8,1.0,35.28888888888889,MODELED_SCENARIO
1999,11,8,527.2222222222222,100.0,0.8,1.0,42.17777777777778,MODELED_SCENARIO
1999,11,9,592.2222222222223,100.0,0.8,1.0,47.37777777777779,MODELED_SCENARIO
1999,11,10,647.5,100.0,0.8,1.0,51.800000000000004,MODELED_SCENARIO
1999,11,11,663.0555555555555,100.0,0.8,1.0,53.04444444444445,MODELED_SCENARIO
1999,11,12,663.6111111111111,100.0,0.8,1.0,53.08888888888888,MODELED_SCENARIO
1999,11,13,641.9444444444445,100.0,0.8,1.0,51.355555555555554,MODELED_SCENARIO
1999,11,14,599.7222222222222,100.0,0.8,1.0,47.977777777777774,MODELED_SCENARIO
1999,11,15,531.6666666666666,100.0,0.8,1.0,42.53333333333333,MODELED_SCENARIO
1999,11,16,456.6666666666666,100.0,0.8,1.0,36.533333333333324,MODELED_SCENARIO
1999,11,17,350.8333333333333,100.0,0.8,1.0,28.06666666666667,MODELED_SCENARIO
1999,11,18,257.5,100.0,0.8,1.0,20.6,MODELED_SCENARIO
1999,11,19,180.27777777777777,100.0,0.8,1.0,14.42222222222222,MODELED_SCENARIO
1999,11,20,103.33333333333331,100.0,0.8,1.0,8.266666666666666,MODELED_SCENARIO
1999,11,21,29.166666666666664,100.0,0.8,1.0,2.3333333333333335,MODELED_SCENARIO
1999,11,22,4.444444444444445,100.0,0.8,1.0,0.35555555555555557,MODELED_SCENARIO
1999,11,23,1.3888888888888888,100.0,0.8,1.0,0.11111111111111112,MODELED_SCENARIO
1999,11,24,0.0,100.0,0.8,1.0,0.0,MODELED_SCENARIO
1999,12,1,17.5,100.0,0.8,1.0,1.4000000000000004,MODELED_SCENARIO
1999,12,2,63.333333333333336,100.0,0.8,1.0,5.066666666666667,MODELED_SCENARIO
1999,12,3,112.22222222222224,100.0,0.8,1.0,8.97777777777778,MODELED_SCENARIO
1999,12,4,182.77777777777777,100.0,0.8,1.0,14.62222222222222,MODELED_SCENARIO
1999,12,5,267.77777777777777,100.0,0.8,1.0,21.422222222222224,MODELED_SCENARIO
1999,12,6,359.16666666666663,100.0,0.8,1.0,28.733333333333334,MODELED_SCENARIO
1999,12,7,457.7777777777777,100.0,0.8,1.0,36.62222222222222,MODELED_SCENARIO
1999,12,8,541.1111111111111,100.0,0.8,1.0,43.28888888888889,MODELED_SCENARIO
1999,12,9,616.1111111111111,100.0,0.8,1.0,49.28888888888889,MODELED_SCENARIO
1999,12,10,706.9444444444445,100.0,0.8,1.0,56.55555555555556,MODELED_SCENARIO
1999,12,11,736.6666666666667,100.0,0.8,1.0,58.93333333333334,MODELED_SCENARIO
1999,12,12,738.8888888888889,100.0,0.8,1.0,59.111111111111114,MODELED_SCENARIO
1999,12,13,682.7777777777778,100.0,0.8,1.0,54.622222222222234,MODELED_SCENARIO
1999,12,14,660.5555555555555,100.0,0.8,1.0,52.84444444444445,MODELED_SCENARIO
1999,12,15,575.8333333333333,100.0,0.8,1.0,46.06666666666666,MODELED_SCENARIO
1999,12,16,475.0,100.0,0.8,1.0,38.0,MODELED_SCENARIO
1999,12,17,396.94444444444446,100.0,0.8,1.0,31.755555555555556,MODELED_SCENARIO
1999,12,18,299.16666666666663,100.0,0.8,1.0,23.933333333333334,MODELED_SCENARIO
1999,12,19,215.55555555555557,100.0,0.8,1.0,17.244444444444447,MODELED_SCENARIO
1999,12,20,144.16666666666666,100.0,0.8,1.0,11.533333333333333,MODELED_SCENARIO
1999,12,21,76.94444444444444,100.0,0.8,1.0,6.155555555555555,MODELED_SCENARIO
1999,12,22,25.555555555555557,100.0,0.8,1.0,2.0444444444444447,MODELED_SCENARIO
1999,12,23,2.5,100.0,0.8,1.0,0.2,MODELED_SCENARIO
1999,12,24,0.2777777777777778,100.0,0.8,1.0,0.022222222222222223,MODELED_SCENARIO
2000,1,1,34.72222222222222,100.0,0.8,1.0,2.777777777777778,MODELED_SCENARIO
2000,1,2,86.66666666666667,100.0,0.8,1.0,6.9333333333333345,MODELED_SCENARIO
2000,1,3,155.0,100.0,0.8,1.0,12.4,MODELED_SCENARIO
2000,1,4,229.16666666666663,100.0,0.8,1.0,18.333333333333332,MODELED_SCENARIO
2000,1,5,324.1666666666667,100.0,0.8,1.0,25.933333333333334,MODELED_SCENARIO
2000,1,6,428.8888888888889,100.0,0.8,1.0,34.31111111111112,MODELED_SCENARIO
2000,1,7,519.7222222222222,100.0,0.8,1.0,41.57777777777778,MODELED_SCENARIO
2000,1,8,608.0555555555555,100.0,0.8,1.0,48.644444444444446,MODELED_SCENARIO
2000,1,9,668.3333333333334,100.0,0.8,1.0,53.46666666666667,MODELED_SCENARIO
2000,1,10,710.0,100.0,0.8,1.0,56.800000000000004,MODELED_SCENARIO
2000,1,11,727.7777777777778,100.0,0.8,1.0,58.22222222222223,MODELED_SCENARIO
2000,1,12,711.6666666666666,100.0,0.8,1.0,56.93333333333334,MODELED_SCENARIO
2000,1,13,676.9444444444443,100.0,0.8,1.0,54.155555555555544,MODELED_SCENARIO
2000,1,14,627.7777777777777,100.0,0.8,1.0,50.22222222222223,MODELED_SCENARIO
2000,1,15,559.1666666666666,100.0,0.8,1.0,44.73333333333333,MODELED_SCENARIO
2000,1,16,471.3888888888889,100.0,0.8,1.0,37.711111111111116,MODELED_SCENARIO
2000,1,17,357.77777777777777,100.0,0.8,1.0,28.62222222222222,MODELED_SCENARIO
2000,1,18,252.77777777777777,100.0,0.8,1.0,20.222222222222225,MODELED_SCENARIO
2000,1,19,185.5555555555556,100.0,0.8,1.0,14.844444444444449,MODELED_SCENARIO
2000,1,20,108.61111111111111,100.0,0.8,1.0,8.68888888888889,MODELED_SCENARIO
2000,1,21,39.99999999999999,100.0,0.8,1.0,3.1999999999999997,MODELED_SCENARIO
2000,1,22,16.944444444444443,100.0,0.8,1.0,1.3555555555555554,MODELED_SCENARIO
2000,1,23,14.444444444444445,100.0,0.8,1.0,1.1555555555555557,MODELED_SCENARIO
2000,1,24,15.0,100.0,0.8,1.0,1.2000000000000002,MODELED_SCENARIO
2000,2,1,0.0,100.0,0.8,1.0,0.0,MODELED_SCENARIO
2000,2,2,1.9444444444444444,100.0,0.8,1.0,0.15555555555555556,MODELED_SCENARIO
2000,2,3,21.38888888888889,100.0,0.8,1.0,1.7111111111111112,MODELED_SCENARIO
2000,2,4,73.61111111111111,100.0,0.8,1.0,5.888888888888889,MODELED_SCENARIO
2000,2,5,135.0,100.0,0.8,1.0,10.8,MODELED_SCENARIO
2000,2,6,221.38888888888889,100.0,0.8,1.0,17.711111111111112,MODELED_SCENARIO
2000,2,7,314.4444444444444,100.0,0.8,1.0,25.155555555555555,MODELED_SCENARIO
2000,2,8,393.6111111111111,100.0,0.8,1.0,31.488888888888887,MODELED_SCENARIO
2000,2,9,457.2222222222222,100.0,0.8,1.0,36.577777777777776,MODELED_SCENARIO
2000,2,10,504.7222222222222,100.0,0.8,1.0,40.37777777777778,MODELED_SCENARIO
2000,2,11,535.8333333333334,100.0,0.8,1.0,42.866666666666674,MODELED_SCENARIO
2000,2,12,520.2777777777777,100.0,0.8,1.0,41.62222222222222,MODELED_SCENARIO
2000,2,13,518.8888888888889,100.0,0.8,1.0,41.51111111111112,MODELED_SCENARIO
2000,2,14,468.05555555555554,100.0,0.8,1.0,37.44444444444445,MODELED_SCENARIO
2000,2,15,402.77777777777777,100.0,0.8,1.0,32.22222222222222,MODELED_SCENARIO
2000,2,16,317.77777777777777,100.0,0.8,1.0,25.422222222222224,MODELED_SCENARIO
2000,2,17,219.44444444444449,100.0,0.8,1.0,17.55555555555556,MODELED_SCENARIO
2000,2,18,153.05555555555557,100.0,0.8,1.0,12.244444444444447,MODELED_SCENARIO
2000,2,19,75.27777777777779,100.0,0.8,1.0,6.022222222222224,MODELED_SCENARIO
2000,2,20,12.5,100.0,0.8,1.0,1.0,MODELED_SCENARIO
2000,2,21,0.0,100.0,0.8,1.0,0.0,MODELED_SCENARIO
2000,2,22,0.0,100.0,0.8,1.0,0.0,MODELED_SCENARIO
2000,2,23,0.0,100.0,0.8,1.0,0.0,MODELED_SCENARIO
2000,2,24,0.0,100.0,0.8,1.0,0.0,MODELED_SCENARIO
2000,3,1,0.0,100.0,0.8,1.0,0.0,MODELED_SCENARIO
2000,3,2,0.8333333333333334,100.0,0.8,1.0,0.06666666666666668,MODELED_SCENARIO
2000,3,3,10.277777777777777,100.0,0.8,1.0,0.8222222222222222,MODELED_SCENARIO
2000,3,4,35.833333333333336,100.0,0.8,1.0,2.866666666666667,MODELED_SCENARIO
2000,3,5,73.05555555555556,100.0,0.8,1.0,5.844444444444445,MODELED_SCENARIO
2000,3,6,139.16666666666666,100.0,0.8,1.0,11.133333333333333,MODELED_SCENARIO
2000,3,7,224.16666666666669,100.0,0.8,1.0,17.933333333333334,MODELED_SCENARIO
2000,3,8,293.3333333333333,100.0,0.8,1.0,23.46666666666667,MODELED_SCENARIO
2000,3,9,357.22222222222223,100.0,0.8,1.0,28.57777777777778,MODELED_SCENARIO
2000,3,10,405.83333333333337,100.0,0.8,1.0,32.46666666666667,MODELED_SCENARIO
2000,3,11,431.38888888888886,100.0,0.8,1.0,34.51111111111111,MODELED_SCENARIO
2000,3,12,422.77777777777777,100.0,0.8,1.0,33.82222222222222,MODELED_SCENARIO
2000,3,13,404.72222222222223,100.0,0.8,1.0,32.37777777777778,MODELED_SCENARIO
2000,3,14,354.7222222222222,100.0,0.8,1.0,28.377777777777773,MODELED_SCENARIO
2000,3,15,288.8888888888889,100.0,0.8,1.0,23.111111111111114,MODELED_SCENARIO
2000,3,16,211.94444444444443,100.0,0.8,1.0,16.955555555555556,MODELED_SCENARIO
2000,3,17,132.5,100.0,0.8,1.0,10.600000000000001,MODELED_SCENARIO
2000,3,18,81.94444444444444,100.0,0.8,1.0,6.555555555555556,MODELED_SCENARIO
2000,3,19,37.22222222222222,100.0,0.8,1.0,2.977777777777778,MODELED_SCENARIO
2000,3,20,6.111111111111111,100.0,0.8,1.0,0.4888888888888889,MODELED_SCENARIO
2000,3,21,0.0,100.0,0.8,1.0,0.0,MODELED_SCENARIO
2000,3,22,0.0,100.0,0.8,1.0,0.0,MODELED_SCENARIO
2000,3,23,0.0,100.0,0.8,1.0,0.0,MODELED_SCENARIO
2000,3,24,0.0,100.0,0.8,1.0,0.0,MODELED_SCENARIO
2000,4,1,0.0,100.0,0.8,1.0,0.0,MODELED_SCENARIO
2000,4,2,0.0,100.0,0.8,1.0,0.0,MODELED_SCENARIO
2000,4,3,0.0,100.0,0.8,1.0,0.0,MODELED_SCENARIO
2000,4,4,0.0,100.0,0.8,1.0,0.0,MODELED_SCENARIO
2000,4,5,0.0,100.0,0.8,1.0,0.0,MODELED_SCENARIO
2000,4,6,0.8333333333333334,100.0,0.8,1.0,0.06666666666666668,MODELED_SCENARIO
2000,4,7,13.055555555555555,100.0,0.8,1.0,1.0444444444444443,MODELED_SCENARIO
2000,4,8,39.99999999999999,100.0,0.8,1.0,3.1999999999999997,MODELED_SCENARIO
2000,4,9,78.88888888888889,100.0,0.8,1.0,6.311111111111111,MODELED_SCENARIO
2000,4,10,106.38888888888889,100.0,0.8,1.0,8.511111111111111,MODELED_SCENARIO
2000,4,11,117.5,100.0,0.8,1.0,9.4,MODELED_SCENARIO
2000,4,12,105.0,100.0,0.8,1.0,8.4,MODELED_SCENARIO
2000,4,13,78.6111111111111,100.0,0.8,1.0,6.288888888888889,MODELED_SCENARIO
2000,4,14,46.11111111111112,100.0,0.8,1.0,3.68888888888889,MODELED_SCENARIO
2000,4,15,15.0,100.0,0.8,1.0,1.2000000000000002,MODELED_SCENARIO
2000,4,16,0.8333333333333334,100.0,0.8,1.0,0.06666666666666668,MODELED_SCENARIO
2000,4,17,0.0,100.0,0.8,1.0,0.0,MODELED_SCENARIO
2000,4,18,0.0,100.0,0.8,1.0,0.0,MODELED_SCENARIO
2000,4,19,0.0,100.0,0.8,1.0,0.0,MODELED_SCENARIO
2000,4,20,0.0,100.0,0.8,1.0,0.0,MODELED_SCENARIO
2000,4,21,0.0,100.0,0.8,1.0,0.0,MODELED_SCENARIO
2000,4,22,0.0,100.0,0.8,1.0,0.0,MODELED_SCENARIO
2000,4,23,0.0,100.0,0.8,1.0,0.0,MODELED_SCENARIO
2000,4,24,0.0,100.0,0.8,1.0,0.0,MODELED_SCENARIO
2000,5,1,0.0,100.0,0.8,1.0,0.0,MODELED_SCENARIO
2000,5,2,0.0,100.0,0.8,1.0,0.0,MODELED_SCENARIO
2000,5,3,0.0,100.0,0.8,1.0,0.0,MODELED_SCENARIO
2000,5,4,0.0,100.0,0.8,1.0,0.0,MODELED_SCENARIO
2000,5,5,0.0,100.0,0.8,1.0,0.0,MODELED_SCENARIO
2000,5,6,0.0,100.0,0.8,1.0,0.0,MODELED_SCENARIO
2000,5,7,0.0,100.0,0.8,1.0,0.0,MODELED_SCENARIO
2000,5,8,0.0,100.0,0.8,1.0,0.0,MODELED_SCENARIO
2000,5,9,2.5,100.0,0.8,1.0,0.2,MODELED_SCENARIO
2000,5,10,10.833333333333334,100.0,0.8,1.0,0.8666666666666668,MODELED_SCENARIO
2000,5,11,15.277777777777777,100.0,0.8,1.0,1.2222222222222223,MODELED_SCENARIO
2000,5,12,16.11111111111111,100.0,0.8,1.0,1.288888888888889,MODELED_SCENARIO
2000,5,13,3.055555555555556,100.0,0.8,1.0,0.24444444444444446,MODELED_SCENARIO
2000,5,14,0.0,100.0,0.8,1.0,0.0,MODELED_SCENARIO
2000,5,15,0.0,100.0,0.8,1.0,0.0,MODELED_SCENARIO
2000,5,16,0.0,100.0,0.8,1.0,0.0,MODELED_SCENARIO
2000,5,17,0.0,100.0,0.8,1.0,0.0,MODELED_SCENARIO
2000,5,18,0.0,100.0,0.8,1.0,0.0,MODELED_SCENARIO
2000,5,19,0.0,100.0,0.8,1.0,0.0,MODELED_SCENARIO
2000,5,20,0.0,100.0,0.8,1.0,0.0,MODELED_SCENARIO
2000,5,21,0.0,100.0,0.8,1.0,0.0,MODELED_SCENARIO
2000,5,22,0.0,100.0,0.8,1.0,0.0,MODELED_SCENARIO
2000,5,23,0.0,100.0,0.8,1.0,0.0,MODELED_SCENARIO
2000,5,24,0.0,100.0,0.8,1.0,0.0,MODELED_SCENARIO
2000,6,1,,100.0,0.8,1.0,,MODELED_SCENARIO
2000,6,2,,100.0,0.8,1.0,,MODELED_SCENARIO
2000,6,3,,100.0,0.8,1.0,,MODELED_SCENARIO
2000,6,4,,100.0,0.8,1.0,,MODELED_SCENARIO
2000,6,5,,100.0,0.8,1.0,,MODELED_SCENARIO
2000,6,6,,100.0,0.8,1.0,,MODELED_SCENARIO
2000,6,7,,100.0,0.8,1.0,,MODELED_SCENARIO
2000,6,8,,100.0,0.8,1.0,,MODELED_SCENARIO
2000,6,9,,100.0,0.8,1.0,,MODELED_SCENARIO
2000,6,10,,100.0,0.8,1.0,,MODELED_SCENARIO
2000,6,11,,100.0,0.8,1.0,,MODELED_SCENARIO
2000,6,12,,100.0,0.8,1.0,,MODELED_SCENARIO
2000,6,13,,100.0,0.8,1.0,,MODELED_SCENARIO
2000,6,14,,100.0,0.8,1.0,,MODELED_SCENARIO
2000,6,15,,100.0,0.8,1.0,,MODELED_SCENARIO
2000,6,16,,100.0,0.8,1.0,,MODELED_SCENARIO
2000,6,17,,100.0,0.8,1.0,,MODELED_SCENARIO
2000,6,18,,100.0,0.8,1.0,,MODELED_SCENARIO
2000,6,19,,100.0,0.8,1.0,,MODELED_SCENARIO
2000,6,20,,100.0,0.8,1.0,,MODELED_SCENARIO
2000,6,21,,100.0,0.8,1.0,,MODELED_SCENARIO
2000,6,22,,100.0,0.8,1.0,,MODELED_SCENARIO
2000,6,23,,100.0,0.8,1.0,,MODELED_SCENARIO
2000,6,24,,100.0,0.8,1.0,,MODELED_SCENARIO
2000,7,1,0.0,100.0,0.8,1.0,0.0,MODELED_SCENARIO
2000,7,2,0.0,100.0,0.8,1.0,0.0,MODELED_SCENARIO
2000,7,3,0.0,100.0,0.8,1.0,0.0,MODELED_SCENARIO
2000,7,4,0.0,100.0,0.8,1.0,0.0,MODELED_SCENARIO
2000,7,5,0.0,100.0,0.8,1.0,0.0,MODELED_SCENARIO
2000,7,6,0.0,100.0,0.8,1.0,0.0,MODELED_SCENARIO
2000,7,7,0.0,100.0,0.8,1.0,0.0,MODELED_SCENARIO
2000,7,8,0.0,100.0,0.8,1.0,0.0,MODELED_SCENARIO
2000,7,9,0.0,100.0,0.8,1.0,0.0,MODELED_SCENARIO
2000,7,10,7.777777777777778,100.0,0.8,1.0,0.6222222222222222,MODELED_SCENARIO
2000,7,11,18.05555555555556,100.0,0.8,1.0,1.4444444444444449,MODELED_SCENARIO
2000,7,12,20.0,100.0,0.8,1.0,1.6,MODELED_SCENARIO
2000,7,13,7.777777777777778,100.0,0.8,1.0,0.6222222222222222,MODELED_SCENARIO
2000,7,14,0.0,100.0,0.8,1.0,0.0,MODELED_SCENARIO
2000,7,15,0.0,100.0,0.8,1.0,0.0,MODELED_SCENARIO
2000,7,16,0.0,100.0,0.8,1.0,0.0,MODELED_SCENARIO
2000,7,17,0.0,100.0,0.8,1.0,0.0,MODELED_SCENARIO
2000,7,18,0.0,100.0,0.8,1.0,0.0,MODELED_SCENARIO
2000,7,19,0.0,100.0,0.8,1.0,0.0,MODELED_SCENARIO
2000,7,20,0.0,100.0,0.8,1.0,0.0,MODELED_SCENARIO
2000,7,21,0.0,100.0,0.8,1.0,0.0,MODELED_SCENARIO
2000,7,22,0.0,100.0,0.8,1.0,0.0,MODELED_SCENARIO
2000,7,23,0.0,100.0,0.8,1.0,0.0,MODELED_SCENARIO
2000,7,24,0.0,100.0,0.8,1.0,0.0,MODELED_SCENARIO
2000,8,1,0.0,100.0,0.8,1.0,0.0,MODELED_SCENARIO
2000,8,2,0.0,100.0,0.8,1.0,0.0,MODELED_SCENARIO
2000,8,3,0.0,100.0,0.8,1.0,0.0,MODELED_SCENARIO
2000,8,4,0.0,100.0,0.8,1.0,0.0,MODELED_SCENARIO
2000,8,5,0.0,100.0,0.8,1.0,0.0,MODELED_SCENARIO
2000,8,6,0.0,100.0,0.8,1.0,0.0,MODELED_SCENARIO
2000,8,7,0.5555555555555556,100.0,0.8,1.0,0.044444444444444446,MODELED_SCENARIO
2000,8,8,9.722222222222223,100.0,0.8,1.0,0.7777777777777778,MODELED_SCENARIO
2000,8,9,28.05555555555556,100.0,0.8,1.0,2.244444444444445,MODELED_SCENARIO
2000,8,10,48.33333333333333,100.0,0.8,1.0,3.866666666666666,MODELED_SCENARIO
2000,8,11,59.72222222222222,100.0,0.8,1.0,4.777777777777778,MODELED_SCENARIO
2000,8,12,56.11111111111112,100.0,0.8,1.0,4.48888888888889,MODELED_SCENARIO
2000,8,13,35.27777777777778,100.0,0.8,1.0,2.8222222222222224,MODELED_SCENARIO
2000,8,14,10.277777777777777,100.0,0.8,1.0,0.8222222222222222,MODELED_SCENARIO
2000,8,15,0.8333333333333334,100.0,0.8,1.0,0.06666666666666668,MODELED_SCENARIO
2000,8,16,0.0,100.0,0.8,1.0,0.0,MODELED_SCENARIO
2000,8,17,0.0,100.0,0.8,1.0,0.0,MODELED_SCENARIO
2000,8,18,0.0,100.0,0.8,1.0,0.0,MODELED_SCENARIO
2000,8,19,0.0,100.0,0.8,1.0,0.0,MODELED_SCENARIO
2000,8,20,0.0,100.0,0.8,1.0,0.0,MODELED_SCENARIO
2000,8,21,0.0,100.0,0.8,1.0,0.0,MODELED_SCENARIO
2000,8,22,0.0,100.0,0.8,1.0,0.0,MODELED_SCENARIO
2000,8,23,0.0,100.0,0.8,1.0,0.0,MODELED_SCENARIO
2000,8,24,0.0,100.0,0.8,1.0,0.0,MODELED_SCENARIO
2000,9,1,0.0,100.0,0.8,1.0,0.0,MODELED_SCENARIO
2000,9,2,0.0,100.0,0.8,1.0,0.0,MODELED_SCENARIO
2000,9,3,0.0,100.0,0.8,1.0,0.0,MODELED_SCENARIO
2000,9,4,1.1111111111111112,100.0,0.8,1.0,0.08888888888888889,MODELED_SCENARIO
2000,9,5,11.11111111111111,100.0,0.8,1.0,0.888888888888889,MODELED_SCENARIO
2000,9,6,38.333333333333336,100.0,0.8,1.0,3.0666666666666673,MODELED_SCENARIO
2000,9,7,92.22222222222224,100.0,0.8,1.0,7.37777777777778,MODELED_SCENARIO
2000,9,8,145.27777777777777,100.0,0.8,1.0,11.622222222222224,MODELED_SCENARIO
2000,9,9,191.94444444444443,100.0,0.8,1.0,15.355555555555554,MODELED_SCENARIO
2000,9,10,223.0555555555556,100.0,0.8,1.0,17.84444444444445,MODELED_SCENARIO
2000,9,11,238.3333333333333,100.0,0.8,1.0,19.066666666666663,MODELED_SCENARIO
2000,9,12,225.8333333333333,100.0,0.8,1.0,18.066666666666663,MODELED_SCENARIO
2000,9,13,195.8333333333333,100.0,0.8,1.0,15.666666666666664,MODELED_SCENARIO
2000,9,14,141.66666666666666,100.0,0.8,1.0,11.333333333333334,MODELED_SCENARIO
2000,9,15,72.5,100.0,0.8,1.0,5.8,MODELED_SCENARIO
2000,9,16,21.38888888888889,100.0,0.8,1.0,1.7111111111111112,MODELED_SCENARIO
2000,9,17,2.2222222222222223,100.0,0.8,1.0,0.17777777777777778,MODELED_SCENARIO
2000,9,18,0.2777777777777778,100.0,0.8,1.0,0.022222222222222223,MODELED_SCENARIO
2000,9,19,0.0,100.0,0.8,1.0,0.0,MODELED_SCENARIO
2000,9,20,0.0,100.0,0.8,1.0,0.0,MODELED_SCENARIO
2000,9,21,0.0,100.0,0.8,1.0,0.0,MODELED_SCENARIO
2000,9,22,0.0,100.0,0.8,1.0,0.0,MODELED_SCENARIO
2000,9,23,0.0,100.0,0.8,1.0,0.0,MODELED_SCENARIO
2000,9,24,0.0,100.0,0.8,1.0,0.0,MODELED_SCENARIO
2000,10,1,0.0,100.0,0.8,1.0,0.0,MODELED_SCENARIO
2000,10,2,4.444444444444445,100.0,0.8,1.0,0.35555555555555557,MODELED_SCENARIO
2000,10,3,26.11111111111111,100.0,0.8,1.0,2.0888888888888886,MODELED_SCENARIO
2000,10,4,69.16666666666667,100.0,0.8,1.0,5.533333333333334,MODELED_SCENARIO
2000,10,5,146.11111111111111,100.0,0.8,1.0,11.68888888888889,MODELED_SCENARIO
2000,10,6,231.66666666666663,100.0,0.8,1.0,18.53333333333333,MODELED_SCENARIO
2000,10,7,307.77777777777777,100.0,0.8,1.0,24.62222222222222,MODELED_SCENARIO
2000,10,8,375.8333333333333,100.0,0.8,1.0,30.066666666666663,MODELED_SCENARIO
2000,10,9,440.55555555555554,100.0,0.8,1.0,35.24444444444444,MODELED_SCENARIO
2000,10,10,470.27777777777777,100.0,0.8,1.0,37.62222222222223,MODELED_SCENARIO
2000,10,11,484.1666666666667,100.0,0.8,1.0,38.73333333333334,MODELED_SCENARIO
2000,10,12,456.94444444444446,100.0,0.8,1.0,36.55555555555556,MODELED_SCENARIO
2000,10,13,399.4444444444444,100.0,0.8,1.0,31.95555555555555,MODELED_SCENARIO
2000,10,14,333.05555555555554,100.0,0.8,1.0,26.644444444444446,MODELED_SCENARIO
2000,10,15,252.5,100.0,0.8,1.0,20.200000000000003,MODELED_SCENARIO
2000,10,16,163.05555555555554,100.0,0.8,1.0,13.044444444444444,MODELED_SCENARIO
2000,10,17,85.27777777777777,100.0,0.8,1.0,6.822222222222222,MODELED_SCENARIO
2000,10,18,24.72222222222222,100.0,0.8,1.0,1.9777777777777779,MODELED_SCENARIO
2000,10,19,4.166666666666666,100.0,0.8,1.0,0.33333333333333326,MODELED_SCENARIO
2000,10,20,0.8333333333333334,100.0,0.8,1.0,0.06666666666666668,MODELED_SCENARIO
2000,10,21,0.2777777777777778,100.0,0.8,1.0,0.022222222222222223,MODELED_SCENARIO
2000,10,22,0.0,100.0,0.8,1.0,0.0,MODELED_SCENARIO
2000,10,23,0.0,100.0,0.8,1.0,0.0,MODELED_SCENARIO
2000,10,24,0.0,100.0,0.8,1.0,0.0,MODELED_SCENARIO
2000,11,1,27.5,100.0,0.8,1.0,2.2,MODELED_SCENARIO
2000,11,2,69.72222222222221,100.0,0.8,1.0,5.5777777777777775,MODELED_SCENARIO
2000,11,3,135.27777777777777,100.0,0.8,1.0,10.822222222222223,MODELED_SCENARIO
2000,11,4,214.44444444444449,100.0,0.8,1.0,17.155555555555562,MODELED_SCENARIO
2000,11,5,298.8888888888889,100.0,0.8,1.0,23.911111111111115,MODELED_SCENARIO
2000,11,6,390.27777777777777,100.0,0.8,1.0,31.222222222222225,MODELED_SCENARIO
2000,11,7,453.3333333333333,100.0,0.8,1.0,36.266666666666666,MODELED_SCENARIO
2000,11,8,504.7222222222222,100.0,0.8,1.0,40.37777777777778,MODELED_SCENARIO
2000,11,9,571.1111111111111,100.0,0.8,1.0,45.6888888888889,MODELED_SCENARIO
2000,11,10,612.5,100.0,0.8,1.0,49.00000000000001,MODELED_SCENARIO
2000,11,11,595.5555555555555,100.0,0.8,1.0,47.644444444444446,MODELED_SCENARIO
2000,11,12,580.5555555555555,100.0,0.8,1.0,46.44444444444444,MODELED_SCENARIO
2000,11,13,543.8888888888889,100.0,0.8,1.0,43.51111111111111,MODELED_SCENARIO
2000,11,14,475.83333333333337,100.0,0.8,1.0,38.06666666666667,MODELED_SCENARIO
2000,11,15,404.4444444444444,100.0,0.8,1.0,32.35555555555555,MODELED_SCENARIO
2000,11,16,304.44444444444446,100.0,0.8,1.0,24.355555555555558,MODELED_SCENARIO
2000,11,17,218.33333333333331,100.0,0.8,1.0,17.466666666666665,MODELED_SCENARIO
2000,11,18,139.72222222222223,100.0,0.8,1.0,11.177777777777777,MODELED_SCENARIO
2000,11,19,70.55555555555556,100.0,0.8,1.0,5.644444444444445,MODELED_SCENARIO
2000,11,20,33.61111111111111,100.0,0.8,1.0,2.6888888888888887,MODELED_SCENARIO
2000,11,21,12.777777777777777,100.0,0.8,1.0,1.0222222222222221,MODELED_SCENARIO
2000,11,22,7.5,100.0,0.8,1.0,0.6000000000000001,MODELED_SCENARIO
2000,11,23,5.277777777777778,100.0,0.8,1.0,0.4222222222222223,MODELED_SCENARIO
2000,11,24,5.833333333333334,100.0,0.8,1.0,0.46666666666666673,MODELED_SCENARIO
2000,12,1,76.11111111111111,100.0,0.8,1.0,6.0888888888888895,MODELED_SCENARIO
2000,12,2,118.6111111111111,100.0,0.8,1.0,9.488888888888887,MODELED_SCENARIO
2000,12,3,190.83333333333331,100.0,0.8,1.0,15.266666666666666,MODELED_SCENARIO
2000,12,4,258.8888888888889,100.0,0.8,1.0,20.711111111111112,MODELED_SCENARIO
2000,12,5,352.77777777777777,100.0,0.8,1.0,28.222222222222218,MODELED_SCENARIO
2000,12,6,469.72222222222223,100.0,0.8,1.0,37.577777777777776,MODELED_SCENARIO
2000,12,7,549.1666666666666,100.0,0.8,1.0,43.93333333333333,MODELED_SCENARIO
2000,12,8,587.7777777777778,100.0,0.8,1.0,47.02222222222223,MODELED_SCENARIO
2000,12,9,654.7222222222223,100.0,0.8,1.0,52.37777777777779,MODELED_SCENARIO
2000,12,10,716.3888888888889,100.0,0.8,1.0,57.311111111111124,MODELED_SCENARIO
2000,12,11,760.0,100.0,0.8,1.0,60.800000000000004,MODELED_SCENARIO
2000,12,12,695.8333333333333,100.0,0.8,1.0,55.666666666666664,MODELED_SCENARIO
2000,12,13,646.3888888888889,100.0,0.8,1.0,51.71111111111111,MODELED_SCENARIO
2000,12,14,586.9444444444445,100.0,0.8,1.0,46.95555555555556,MODELED_SCENARIO
2000,12,15,496.6666666666667,100.0,0.8,1.0,39.73333333333334,MODELED_SCENARIO
2000,12,16,409.1666666666667,100.0,0.8,1.0,32.73333333333334,MODELED_SCENARIO
2000,12,17,314.72222222222223,100.0,0.8,1.0,25.17777777777778,MODELED_SCENARIO
2000,12,18,226.38888888888889,100.0,0.8,1.0,18.11111111111111,MODELED_SCENARIO
2000,12,19,160.55555555555554,100.0,0.8,1.0,12.844444444444443,MODELED_SCENARIO
2000,12,20,106.38888888888889,100.0,0.8,1.0,8.511111111111111,MODELED_SCENARIO
2000,12,21,45.55555555555556,100.0,0.8,1.0,3.6444444444444444,MODELED_SCENARIO
2000,12,22,15.277777777777777,100.0,0.8,1.0,1.2222222222222223,MODELED_SCENARIO
2000,12,23,13.055555555555555,100.0,0.8,1.0,1.0444444444444443,MODELED_SCENARIO
2000,12,24,20.0,100.0,0.8,1.0,1.6,MODELED_SCENARIO
