









year	month	hours	values
1985	1	2	0.0410000000000000017
1985	1	3	0.159000000000000002
1985	1	4	0.446000000000000008
1985	1	5	0.719999999999999973
1985	1	6	0.974999999999999978
1985	1	7	1.32600000000000007
1985	1	8	1.6180000000000001
1985	1	9	1.97500000000000009
1985	1	10	2.22500000000000009
1985	1	11	2.40399999999999991
1985	1	12	2.5219999999999998
1985	1	13	2.43299999999999983
1985	1	14	2.29599999999999982
1985	1	15	2.08099999999999996
1985	1	16	1.75
1985	1	17	1.45700000000000007
1985	1	18	1.125
1985	1	19	0.803000000000000047
1985	1	20	0.512000000000000011
1985	1	21	0.301999999999999991
1985	1	22	0.162000000000000005
1985	1	23	0.0830000000000000043
1985	1	24	0.0359999999999999973
1985	2	1	0.00800000000000000017
1985	2	2	0.0179999999999999986
1985	2	3	0.0429999999999999966
1985	2	4	0.141999999999999987
1985	2	5	0.307999999999999996
1985	2	6	0.544000000000000039
1985	2	7	0.862999999999999989
1985	2	8	1.20900000000000007
1985	2	9	1.5
1985	2	10	1.77499999999999991
1985	2	11	2.01399999999999979
1985	2	12	2.16100000000000003
1985	2	13	2.08499999999999996
1985	2	14	1.94399999999999995
1985	2	15	1.70900000000000007
1985	2	16	1.39900000000000002
1985	2	17	1.10499999999999998
1985	2	18	0.827999999999999958
1985	2	19	0.498999999999999999
1985	2	20	0.285999999999999976
1985	2	21	0.137000000000000011
1985	2	22	0.0759999999999999981
1985	2	23	0.0400000000000000008
1985	2	24	0.0240000000000000005
1985	3	1	0
1985	3	2	0
1985	3	3	0
1985	3	4	0
1985	3	5	0.00200000000000000004
1985	3	6	0.0570000000000000021
1985	3	7	0.259000000000000008
1985	3	8	0.577999999999999958
1985	3	9	0.975999999999999979
1985	3	10	1.246
1985	3	11	1.55699999999999994
1985	3	12	1.68900000000000006
1985	3	13	1.68199999999999994
1985	3	14	1.4910000000000001
1985	3	15	1.246
1985	3	16	0.969999999999999973
1985	3	17	0.59099999999999997
1985	3	18	0.266000000000000014
1985	3	19	0.0719999999999999946
1985	3	20	0.00200000000000000004
1985	3	21	0
1985	3	22	0
1985	3	23	0
1985	3	24	0
1985	4	1	0
1985	4	2	0
1985	4	3	0
1985	4	4	0
1985	4	5	0
1985	4	6	0
1985	4	7	0.00800000000000000017
1985	4	8	0.192000000000000004
1985	4	9	0.203999999999999987
1985	4	10	0.447000000000000008
1985	4	11	0.569999999999999951
1985	4	12	0.798000000000000043
1985	4	13	0.675000000000000044
1985	4	14	0.584999999999999964
1985	4	15	0.42599999999999999
1985	4	16	0.20799999999999999
1985	4	17	0.112000000000000002
1985	4	18	0.0140000000000000003
1985	4	19	0
1985	4	20	0
1985	4	21	0
1985	4	22	0
1985	4	23	0
1985	4	24	0
1985	5	1	null
1985	5	2	null
1985	5	3	null
1985	5	4	null
1985	5	5	null
1985	5	6	null
1985	5	7	null
1985	5	8	null
1985	5	9	null
1985	5	10	null
1985	5	11	null
1985	5	12	null
1985	5	13	null
1985	5	14	null
1985	5	15	null
1985	5	16	null
1985	5	17	null
1985	5	18	null
1985	5	19	null
1985	5	20	null
1985	5	21	null
1985	5	22	null
1985	5	23	null
1985	5	24	null
1985	6	1	null
1985	6	2	null
1985	6	3	null
1985	6	4	null
1985	6	5	null
1985	6	6	null
1985	6	7	null
1985	6	8	null
1985	6	9	null
1985	6	10	null
1985	6	11	null
1985	6	12	null
1985	6	13	null
1985	6	14	null
1985	6	15	null
1985	6	16	null
1985	6	17	null
1985	6	18	null
1985	6	19	null
1985	6	20	null
1985	6	21	null
1985	6	22	null
1985	6	23	null
1985	6	24	null
1985	7	1	null
1985	7	2	null
1985	7	3	null
1985	7	4	null
1985	7	5	null
1985	7	6	null
1985	7	7	null
1985	7	8	null
1985	7	9	null
1985	7	10	null
1985	7	11	null
1985	7	12	null
1985	7	13	null
1985	7	14	null
1985	7	15	null
1985	7	16	null
1985	7	17	null
1985	7	18	null
1985	7	19	null
1985	7	20	null
1985	7	21	null
1985	7	22	null
1985	7	23	null
1985	7	24	null
1985	8	1	0
1985	8	2	0
1985	8	3	0
1985	8	4	0
1985	8	5	0
1985	8	6	0
1985	8	7	0
1985	8	8	0.0410000000000000017
1985	8	9	0.160000000000000003
1985	8	10	0.375
1985	8	11	0.484999999999999987
1985	8	12	0.54500000000000004
1985	8	13	0.531000000000000028
1985	8	14	0.404000000000000026
1985	8	15	0.401000000000000023
1985	8	16	0.128000000000000003
1985	8	17	0.0739999999999999963
1985	8	18	0
1985	8	19	0
1985	8	20	0
1985	8	21	0
1985	8	22	0
1985	8	23	0
1985	8	24	0
1985	9	1	0
1985	9	2	0
1985	9	3	0
1985	9	4	0
1985	9	5	0
1985	9	6	0.00200000000000000004
1985	9	7	0.121999999999999997
1985	9	8	0.274000000000000021
1985	9	9	0.515000000000000013
1985	9	10	0.729999999999999982
1985	9	11	0.936000000000000054
1985	9	12	1.05200000000000005
1985	9	13	1.02299999999999991
1985	9	14	0.907000000000000028
1985	9	15	0.712999999999999967
1985	9	16	0.446000000000000008
1985	9	17	0.259000000000000008
1985	9	18	0.104999999999999996
1985	9	19	0.00300000000000000006
1985	9	20	0
1985	9	21	0
1985	9	22	0
1985	9	23	0
1985	9	24	0
1985	10	1	0
1985	10	2	0
1985	10	3	0
1985	10	4	0.0340000000000000024
1985	10	5	0.128000000000000003
1985	10	6	0.302999999999999992
1985	10	7	0.594999999999999973
1985	10	8	0.967999999999999972
1985	10	9	1.30099999999999993
1985	10	10	1.64700000000000002
1985	10	11	1.88700000000000001
1985	10	12	1.89799999999999991
1985	10	13	1.87999999999999989
1985	10	14	1.78299999999999992
1985	10	15	1.52499999999999991
1985	10	16	1.22199999999999998
1985	10	17	0.895000000000000018
1985	10	18	0.577999999999999958
1985	10	19	0.328000000000000014
1985	10	20	0.135000000000000009
1985	10	21	0.0219999999999999987
1985	10	22	0
1985	10	23	0
1985	10	24	0
1985	11	1	0.0570000000000000021
1985	11	2	0.0990000000000000047
1985	11	3	0.145999999999999991
1985	11	4	0.33500000000000002
1985	11	5	0.52300000000000002
1985	11	6	0.777000000000000024
1985	11	7	1.05699999999999994
1985	11	8	1.40999999999999992
1985	11	9	1.77699999999999991
1985	11	10	2.08700000000000019
1985	11	11	2.29800000000000004
1985	11	12	2.44399999999999995
1985	11	13	2.44099999999999984
1985	11	14	2.34799999999999986
1985	11	15	2.13200000000000012
1985	11	16	1.91100000000000003
1985	11	17	1.70700000000000007
1985	11	18	1.38500000000000001
1985	11	19	1.03200000000000003
1985	11	20	0.698999999999999955
1985	11	21	0.375
1985	11	22	0.204999999999999988
1985	11	23	0.14499999999999999
1985	11	24	0.0500000000000000028
1985	12	1	0.127000000000000002
1985	12	2	0.248999999999999999
1985	12	3	0.344999999999999973
1985	12	4	0.498999999999999999
1985	12	5	0.742999999999999994
1985	12	6	1.05400000000000005
1985	12	7	1.32499999999999996
1985	12	8	1.70999999999999996
1985	12	9	2.03100000000000014
1985	12	10	2.29300000000000015
1985	12	11	2.43100000000000005
1985	12	12	2.55100000000000016
1985	12	13	2.73600000000000021
1985	12	14	2.65899999999999981
1985	12	15	2.41500000000000004
1985	12	16	2.16999999999999993
1985	12	17	1.81299999999999994
1985	12	18	1.47199999999999998
1985	12	19	1.10600000000000009
1985	12	20	0.814999999999999947
1985	12	21	0.554000000000000048
1985	12	22	0.356999999999999984
1985	12	23	0.214999999999999997
1985	12	24	0.127000000000000002
1986	1	1	0.0909999999999999976
1986	1	2	0.17599999999999999
1986	1	3	0.256000000000000005
1986	1	4	0.353999999999999981
1986	1	5	0.580999999999999961
1986	1	6	0.86399999999999999
1986	1	7	1.18700000000000006
1986	1	8	1.498
1986	1	9	1.83000000000000007
1986	1	10	2.09699999999999998
1986	1	11	2.35499999999999998
1986	1	12	2.5259999999999998
1986	1	13	2.51399999999999979
1986	1	14	2.51200000000000001
1986	1	15	2.30900000000000016
1986	1	16	1.96900000000000008
1986	1	17	1.67700000000000005
1986	1	18	1.35600000000000009
1986	1	19	0.971999999999999975
1986	1	20	0.642000000000000015
1986	1	21	0.448000000000000009
1986	1	22	0.299999999999999989
1986	1	23	0.174999999999999989
1986	1	24	0.0909999999999999976
1986	2	1	0
1986	2	2	0
1986	2	3	0.0179999999999999986
1986	2	4	0.117000000000000007
1986	2	5	0.171000000000000013
1986	2	6	0.383000000000000007
1986	2	7	0.639000000000000012
1986	2	8	0.914000000000000035
1986	2	9	1.129
1986	2	10	1.52200000000000002
1986	2	11	1.60499999999999998
1986	2	12	1.74399999999999999
1986	2	13	1.82600000000000007
1986	2	14	1.85200000000000009
1986	2	15	1.59800000000000009
1986	2	16	1.42100000000000004
1986	2	17	1.14700000000000002
1986	2	18	0.836999999999999966
1986	2	19	0.471999999999999975
1986	2	20	0.252000000000000002
1986	2	21	0.114000000000000004
1986	2	22	0.0580000000000000029
1986	2	23	0
1986	2	24	0
1986	3	1	0
1986	3	2	0
1986	3	3	0
1986	3	4	0
1986	3	5	0.00100000000000000002
1986	3	6	0.0290000000000000015
1986	3	7	0.169000000000000011
1986	3	8	0.444000000000000006
1986	3	9	0.748999999999999999
1986	3	10	0.997999999999999998
1986	3	11	1.16100000000000003
1986	3	12	1.37200000000000011
1986	3	13	1.41300000000000003
1986	3	14	1.29600000000000004
1986	3	15	1.05600000000000005
1986	3	16	0.882000000000000006
1986	3	17	0.611999999999999988
1986	3	18	0.320000000000000007
1986	3	19	0.102999999999999994
1986	3	20	0.00700000000000000015
1986	3	21	0
1986	3	22	0
1986	3	23	0
1986	3	24	0
1986	4	1	0
1986	4	2	0
1986	4	3	0
1986	4	4	0
1986	4	5	0
1986	4	6	0
1986	4	7	0.00300000000000000006
1986	4	8	0.0280000000000000006
1986	4	9	0.125
1986	4	10	0.264000000000000012
1986	4	11	0.385000000000000009
1986	4	12	0.461000000000000021
1986	4	13	0.508000000000000007
1986	4	14	0.458000000000000018
1986	4	15	0.342000000000000026
1986	4	16	0.171000000000000013
1986	4	17	0.0500000000000000028
1986	4	18	0.00300000000000000006
1986	4	19	0
1986	4	20	0
1986	4	21	0
1986	4	22	0
1986	4	23	0
1986	4	24	0
1986	5	1	0
1986	5	2	0
1986	5	3	0
1986	5	4	0
1986	5	5	0
1986	5	6	0
1986	5	7	0
1986	5	8	0
1986	5	9	0.00300000000000000006
1986	5	10	0.0189999999999999995
1986	5	11	0.0640000000000000013
1986	5	12	0.109
1986	5	13	0.105999999999999997
1986	5	14	0.0680000000000000049
1986	5	15	0.0160000000000000003
1986	5	16	0.00100000000000000002
1986	5	17	0
1986	5	18	0
1986	5	19	0
1986	5	20	0
1986	5	21	0
1986	5	22	0
1986	5	23	0
1986	5	24	0
1986	6	1	null
1986	6	2	null
1986	6	3	null
1986	6	4	null
1986	6	5	null
1986	6	6	null
1986	6	7	null
1986	6	8	null
1986	6	9	null
1986	6	10	null
1986	6	11	null
1986	6	12	null
1986	6	13	null
1986	6	14	null
1986	6	15	null
1986	6	16	null
1986	6	17	null
1986	6	18	null
1986	6	19	null
1986	6	20	null
1986	6	21	null
1986	6	22	null
1986	6	23	null
1986	6	24	null
1986	7	1	0
1986	7	2	0
1986	7	3	0
1986	7	4	0
1986	7	5	0
1986	7	6	0
1986	7	7	0
1986	7	8	0
1986	7	9	0.00100000000000000002
1986	7	10	0.00700000000000000015
1986	7	11	0.0259999999999999988
1986	7	12	0.0630000000000000004
1986	7	13	0.0660000000000000031
1986	7	14	0.0259999999999999988
1986	7	15	0.00300000000000000006
1986	7	16	0
1986	7	17	0
1986	7	18	0
1986	7	19	0
1986	7	20	0
1986	7	21	0
1986	7	22	0
1986	7	23	0
1986	7	24	0
1986	8	1	0
1986	8	2	0
1986	8	3	0
1986	8	4	0
1986	8	5	0
1986	8	6	0
1986	8	7	0
1986	8	8	0.00300000000000000006
1986	8	9	0.0490000000000000019
1986	8	10	0.139000000000000012
1986	8	11	0.233000000000000013
1986	8	12	0.293999999999999984
1986	8	13	0.312
1986	8	14	0.256000000000000005
1986	8	15	0.16800000000000001
1986	8	16	0.0570000000000000021
1986	8	17	0.00600000000000000012
1986	8	18	0
1986	8	19	0
1986	8	20	0
1986	8	21	0
1986	8	22	0
1986	8	23	0
1986	8	24	0
1986	9	1	0
1986	9	2	0
1986	9	3	0
1986	9	4	0
1986	9	5	0
1986	9	6	0.00700000000000000015
1986	9	7	0.0650000000000000022
1986	9	8	0.252000000000000002
1986	9	9	0.560000000000000053
1986	9	10	0.875
1986	9	11	1.12799999999999989
1986	9	12	1.24399999999999999
1986	9	13	1.26800000000000002
1986	9	14	0.93100000000000005
1986	9	15	0.830999999999999961
1986	9	16	0.553000000000000047
1986	9	17	0.298999999999999988
1986	9	18	0.113000000000000003
1986	9	19	0.0170000000000000012
1986	9	20	0
1986	9	21	0
1986	9	22	0
1986	9	23	0
1986	9	24	0
1986	10	1	0
1986	10	2	0
1986	10	3	0.00100000000000000002
1986	10	4	0.0369999999999999982
1986	10	5	0.145999999999999991
1986	10	6	0.396000000000000019
1986	10	7	0.755000000000000004
1986	10	8	1.10299999999999998
1986	10	9	1.19199999999999995
1986	10	10	1.53800000000000003
1986	10	11	1.52899999999999991
1986	10	12	1.9890000000000001
1986	10	13	1.74500000000000011
1986	10	14	1.72300000000000009
1986	10	15	1.5149999999999999
1986	10	16	1.54299999999999993
1986	10	17	1.21100000000000008
1986	10	18	0.770000000000000018
1986	10	19	0.685000000000000053
1986	10	20	0.356999999999999984
1986	10	21	0.0729999999999999954
1986	10	22	0.00300000000000000006
1986	10	23	0
1986	10	24	0
1986	11	1	0
1986	11	2	0.00100000000000000002
1986	11	3	0.0129999999999999994
1986	11	4	0.0660000000000000031
1986	11	5	0.208999999999999991
1986	11	6	0.417999999999999983
1986	11	7	0.804000000000000048
1986	11	8	1.07600000000000007
1986	11	9	1.3600000000000001
1986	11	10	1.67199999999999993
1986	11	11	1.89500000000000002
1986	11	12	2.02099999999999991
1986	11	13	2.07200000000000006
1986	11	14	2.00800000000000001
1986	11	15	1.87400000000000011
1986	11	16	1.67599999999999993
1986	11	17	1.39700000000000002
1986	11	18	1.05899999999999994
1986	11	19	0.73899999999999999
1986	11	20	0.393000000000000016
1986	11	21	0.129000000000000004
1986	11	22	0.0250000000000000014
1986	11	23	0
1986	11	24	0
1986	12	1	0.115000000000000005
1986	12	2	0.149999999999999994
1986	12	3	0.251000000000000001
1986	12	4	0.409999999999999976
1986	12	5	0.674000000000000044
1986	12	6	0.892000000000000015
1986	12	7	1.27600000000000002
1986	12	8	1.57699999999999996
1986	12	9	1.95900000000000007
1986	12	10	2.25599999999999978
1986	12	11	2.44099999999999984
1986	12	12	2.51600000000000001
1986	12	13	2.62800000000000011
1986	12	14	2.56199999999999983
1986	12	15	2.40899999999999981
1986	12	16	2.16199999999999992
1986	12	17	1.879
1986	12	18	1.54000000000000004
1986	12	19	1.21599999999999997
1986	12	20	0.868999999999999995
1986	12	21	0.525000000000000022
1986	12	22	0.299999999999999989
1986	12	23	0.204999999999999988
1986	12	24	0.118999999999999995
1987	1	1	0.0459999999999999992
1987	1	2	0.0790000000000000008
1987	1	3	0.239999999999999991
1987	1	4	0.408999999999999975
1987	1	5	0.663000000000000034
1987	1	6	0.887000000000000011
1987	1	7	1.29000000000000004
1987	1	8	1.68300000000000005
1987	1	9	1.97100000000000009
1987	1	10	2.36100000000000021
1987	1	11	2.48399999999999999
1987	1	12	2.7799999999999998
1987	1	13	2.78799999999999981
1987	1	14	2.67600000000000016
1987	1	15	2.46099999999999985
1987	1	16	2.18000000000000016
1987	1	17	1.76899999999999991
1987	1	18	1.40700000000000003
1987	1	19	1.06000000000000005
1987	1	20	0.651000000000000023
1987	1	21	0.396000000000000019
1987	1	22	0.187
1987	1	23	0.0950000000000000011
1987	1	24	0.0459999999999999992
1987	2	1	0
1987	2	2	0.0050000000000000001
1987	2	3	0.0170000000000000012
1987	2	4	0.0899999999999999967
1987	2	5	0.234000000000000014
1987	2	6	0.459000000000000019
1987	2	7	0.782000000000000028
1987	2	8	1.07499999999999996
1987	2	9	1.34499999999999997
1987	2	10	1.70199999999999996
1987	2	11	1.88900000000000001
1987	2	12	1.97999999999999998
1987	2	13	2.06999999999999984
1987	2	14	1.97300000000000009
1987	2	15	1.70599999999999996
1987	2	16	1.41700000000000004
1987	2	17	1.1120000000000001
1987	2	18	0.760000000000000009
1987	2	19	0.454000000000000015
1987	2	20	0.237999999999999989
1987	2	21	0.0919999999999999984
1987	2	22	0.0160000000000000003
1987	2	23	0.00100000000000000002
1987	2	24	0
1987	3	1	0
1987	3	2	0
1987	3	3	0
1987	3	4	0
1987	3	5	0.00600000000000000012
1987	3	6	0.0439999999999999974
1987	3	7	0.235999999999999988
1987	3	8	0.524000000000000021
1987	3	9	0.765000000000000013
1987	3	10	1.01600000000000001
1987	3	11	1.16900000000000004
1987	3	12	1.248
1987	3	13	1.27499999999999991
1987	3	14	1.28000000000000003
1987	3	15	1.11699999999999999
1987	3	16	0.757000000000000006
1987	3	17	0.51100000000000001
1987	3	18	0.235999999999999988
1987	3	19	0.0810000000000000026
1987	3	20	0.00700000000000000015
1987	3	21	0
1987	3	22	0
1987	3	23	0
1987	3	24	0
1987	4	1	0
1987	4	2	0
1987	4	3	0
1987	4	4	0
1987	4	5	0
1987	4	6	0
1987	4	7	0.00200000000000000004
1987	4	8	0.0320000000000000007
1987	4	9	0.125
1987	4	10	0.276000000000000023
1987	4	11	0.361999999999999988
1987	4	12	0.478999999999999981
1987	4	13	0.479999999999999982
1987	4	14	0.447000000000000008
1987	4	15	0.333000000000000018
1987	4	16	0.163000000000000006
1987	4	17	0.0490000000000000019
1987	4	18	0.00400000000000000008
1987	4	19	0
1987	4	20	0
1987	4	21	0
1987	4	22	0
1987	4	23	0
1987	4	24	0
1987	5	1	0
1987	5	2	0
1987	5	3	0
1987	5	4	0
1987	5	5	0
1987	5	6	0
1987	5	7	0
1987	5	8	0
1987	5	9	0.00400000000000000008
1987	5	10	0.0269999999999999997
1987	5	11	0.0739999999999999963
1987	5	12	0.126000000000000001
1987	5	13	0.134000000000000008
1987	5	14	0.0990000000000000047
1987	5	15	0.0369999999999999982
1987	5	16	0.00300000000000000006
1987	5	17	0
1987	5	18	0
1987	5	19	0
1987	5	20	0
1987	5	21	0
1987	5	22	0
1987	5	23	0
1987	5	24	0
1987	6	1	null
1987	6	2	null
1987	6	3	null
1987	6	4	null
1987	6	5	null
1987	6	6	null
1987	6	7	null
1987	6	8	null
1987	6	9	null
1987	6	10	null
1987	6	11	null
1987	6	12	null
1987	6	13	null
1987	6	14	null
1987	6	15	null
1987	6	16	null
1987	6	17	null
1987	6	18	null
1987	6	19	null
1987	6	20	null
1987	6	21	null
1987	6	22	null
1987	6	23	null
1987	6	24	null
1987	7	1	null
1987	7	2	null
1987	7	3	null
1987	7	4	null
1987	7	5	null
1987	7	6	null
1987	7	7	null
1987	7	8	null
1987	7	9	null
1987	7	10	null
1987	7	11	null
1987	7	12	null
1987	7	13	null
1987	7	14	null
1987	7	15	null
1987	7	16	null
1987	7	17	null
1987	7	18	null
1987	7	19	null
1987	7	20	null
1987	7	21	null
1987	7	22	null
1987	7	23	null
1987	7	24	null
1987	8	1	0
1987	8	2	0
1987	8	3	0
1987	8	4	0
1987	8	5	0
1987	8	6	0
1987	8	7	0
1987	8	8	0.00300000000000000006
1987	8	9	0.0660000000000000031
1987	8	10	0.132000000000000006
1987	8	11	0.219
1987	8	12	0.242999999999999994
1987	8	13	0.287999999999999978
1987	8	14	0.234999999999999987
1987	8	15	0.139000000000000012
1987	8	16	0.0369999999999999982
1987	8	17	0.00100000000000000002
1987	8	18	0
1987	8	19	0
1987	8	20	0
1987	8	21	0
1987	8	22	0
1987	8	23	0
1987	8	24	0
1987	9	1	0
1987	9	2	0
1987	9	3	0
1987	9	4	0
1987	9	5	0
1987	9	6	0.00200000000000000004
1987	9	7	0.0519999999999999976
1987	9	8	0.23000000000000001
1987	9	9	0.484999999999999987
1987	9	10	0.747999999999999998
1987	9	11	0.861999999999999988
1987	9	12	0.979999999999999982
1987	9	13	1.05400000000000005
1987	9	14	0.923000000000000043
1987	9	15	0.708999999999999964
1987	9	16	0.442000000000000004
1987	9	17	0.194000000000000006
1987	9	18	0.0560000000000000012
1987	9	19	0.00600000000000000012
1987	9	20	0
1987	9	21	0
1987	9	22	0
1987	9	23	0
1987	9	24	0
1987	10	1	0
1987	10	2	0
1987	10	3	0.00100000000000000002
1987	10	4	0.0539999999999999994
1987	10	5	0.203000000000000014
1987	10	6	0.469999999999999973
1987	10	7	0.849999999999999978
1987	10	8	1.23799999999999999
1987	10	9	1.57299999999999995
1987	10	10	1.85299999999999998
1987	10	11	1.98199999999999998
1987	10	12	2.10400000000000009
1987	10	13	2.2330000000000001
1987	10	14	2.02400000000000002
1987	10	15	1.89399999999999991
1987	10	16	1.53200000000000003
1987	10	17	1.20500000000000007
1987	10	18	0.794000000000000039
1987	10	19	0.469999999999999973
1987	10	20	0.185999999999999999
1987	10	21	0.0519999999999999976
1987	10	22	0.0050000000000000001
1987	10	23	0
1987	10	24	0
1987	11	1	0.0280000000000000006
1987	11	2	0.0560000000000000012
1987	11	3	0.129000000000000004
1987	11	4	0.270000000000000018
1987	11	5	0.491999999999999993
1987	11	6	0.809000000000000052
1987	11	7	1.15700000000000003
1987	11	8	1.59699999999999998
1987	11	9	1.97300000000000009
1987	11	10	2.31000000000000005
1987	11	11	2.49000000000000021
1987	11	12	2.43999999999999995
1987	11	13	2.57399999999999984
1987	11	14	2.42099999999999982
1987	11	15	2.20699999999999985
1987	11	16	1.93100000000000005
1987	11	17	1.59800000000000009
1987	11	18	1.20799999999999996
1987	11	19	0.876000000000000001
1987	11	20	0.540000000000000036
1987	11	21	0.303999999999999992
1987	11	22	0.140999999999999986
1987	11	23	0.0619999999999999996
1987	11	24	0.0330000000000000016
1987	12	1	0.115000000000000005
1987	12	2	0.210999999999999993
1987	12	3	0.354999999999999982
1987	12	4	0.532000000000000028
1987	12	5	0.854999999999999982
1987	12	6	1.19999999999999996
1987	12	7	1.46399999999999997
1987	12	8	1.78600000000000003
1987	12	9	2.12999999999999989
1987	12	10	2.3879999999999999
1987	12	11	2.56599999999999984
1987	12	12	2.70500000000000007
1987	12	13	2.754
1987	12	14	2.71399999999999997
1987	12	15	2.49299999999999988
1987	12	16	2.18400000000000016
1987	12	17	1.84899999999999998
1987	12	18	1.46999999999999997
1987	12	19	1.09400000000000008
1987	12	20	0.764000000000000012
1987	12	21	0.489999999999999991
1987	12	22	0.308999999999999997
1987	12	23	0.164000000000000007
1987	12	24	0.100000000000000006
1988	1	1	0.0149999999999999994
1988	1	2	0.0400000000000000008
1988	1	3	0.107999999999999999
1988	1	4	0.166000000000000009
1988	1	5	0.284999999999999976
1988	1	6	0.426999999999999991
1988	1	7	0.618999999999999995
1988	1	8	0.803000000000000047
1988	1	9	0.96599999999999997
1988	1	10	1.07400000000000007
1988	1	11	1.17100000000000004
1988	1	12	1.19900000000000007
1988	1	13	1.25099999999999989
1988	1	14	1.17799999999999994
1988	1	15	1.07000000000000006
1988	1	16	0.912000000000000033
1988	1	17	0.798000000000000043
1988	1	18	0.619999999999999996
1988	1	19	0.437
1988	1	20	0.294999999999999984
1988	1	21	0.183999999999999997
1988	1	22	0.0950000000000000011
1988	1	23	0.0350000000000000033
1988	1	24	0.0149999999999999994
1988	2	1	0
1988	2	2	0
1988	2	3	0.00200000000000000004
1988	2	4	0.0219999999999999987
1988	2	5	0.164000000000000007
1988	2	6	0.464000000000000024
1988	2	7	0.598999999999999977
1988	2	8	0.889000000000000012
1988	2	9	1.22999999999999998
1988	2	10	1.41900000000000004
1988	2	11	1.58299999999999996
1988	2	12	1.65500000000000003
1988	2	13	1.73199999999999998
1988	2	14	1.70799999999999996
1988	2	15	1.47799999999999998
1988	2	16	1.29899999999999993
1988	2	17	1.03499999999999992
1988	2	18	0.746999999999999997
1988	2	19	0.466000000000000025
1988	2	20	0.192000000000000004
1988	2	21	0.0640000000000000013
1988	2	22	0.0140000000000000003
1988	2	23	0.00200000000000000004
1988	2	24	0
1988	3	1	0
1988	3	2	0
1988	3	3	0
1988	3	4	0.00100000000000000002
1988	3	5	0.0120000000000000002
1988	3	6	0.0400000000000000008
1988	3	7	0.301999999999999991
1988	3	8	0.61399999999999999
1988	3	9	0.843999999999999972
1988	3	10	1.08699999999999997
1988	3	11	1.33699999999999997
1988	3	12	1.25600000000000001
1988	3	13	1.36499999999999999
1988	3	14	1.16300000000000003
1988	3	15	1.04400000000000004
1988	3	16	0.877000000000000002
1988	3	17	0.641000000000000014
1988	3	18	0.765000000000000013
1988	3	19	0.114000000000000004
1988	3	20	0.0149999999999999994
1988	3	21	0
1988	3	22	0
1988	3	23	0
1988	3	24	0
1988	4	1	0
1988	4	2	0
1988	4	3	0
1988	4	4	0
1988	4	5	0
1988	4	6	0
1988	4	7	0.00100000000000000002
1988	4	8	0.0400000000000000008
1988	4	9	0.142999999999999988
1988	4	10	0.269000000000000017
1988	4	11	0.418999999999999984
1988	4	12	0.454000000000000015
1988	4	13	0.471999999999999975
1988	4	14	0.381000000000000005
1988	4	15	0.266000000000000014
1988	4	16	0.112000000000000002
1988	4	17	0.0459999999999999992
1988	4	18	0.00600000000000000012
1988	4	19	0
1988	4	20	0
1988	4	21	0
1988	4	22	0
1988	4	23	0
1988	4	24	0
1988	5	1	0
1988	5	2	0
1988	5	3	0
1988	5	4	0
1988	5	5	0
1988	5	6	0
1988	5	7	0
1988	5	8	0
1988	5	9	0.00200000000000000004
1988	5	10	0.0379999999999999991
1988	5	11	0.117999999999999994
1988	5	12	0.161000000000000004
1988	5	13	0.172999999999999987
1988	5	14	0.123999999999999999
1988	5	15	0.0519999999999999976
1988	5	16	0.00600000000000000012
1988	5	17	0
1988	5	18	0
1988	5	19	0
1988	5	20	0
1988	5	21	0
1988	5	22	0
1988	5	23	0
1988	5	24	0
1988	6	1	null
1988	6	2	null
1988	6	3	null
1988	6	4	null
1988	6	5	null
1988	6	6	null
1988	6	7	null
1988	6	8	null
1988	6	9	null
1988	6	10	null
1988	6	11	null
1988	6	12	null
1988	6	13	null
1988	6	14	null
1988	6	15	null
1988	6	16	null
1988	6	17	null
1988	6	18	null
1988	6	19	null
1988	6	20	null
1988	6	21	null
1988	6	22	null
1988	6	23	null
1988	6	24	null
1988	7	1	null
1988	7	2	null
1988	7	3	null
1988	7	4	null
1988	7	5	null
1988	7	6	null
1988	7	7	null
1988	7	8	null
1988	7	9	null
1988	7	10	null
1988	7	11	null
1988	7	12	null
1988	7	13	null
1988	7	14	null
1988	7	15	null
1988	7	16	null
1988	7	17	null
1988	7	18	null
1988	7	19	null
1988	7	20	null
1988	7	21	null
1988	7	22	null
1988	7	23	null
1988	7	24	null
1988	8	1	0
1988	8	2	0
1988	8	3	0
1988	8	4	0
1988	8	5	0
1988	8	6	0
1988	8	7	0
1988	8	8	0.0050000000000000001
1988	8	9	0.0449999999999999983
1988	8	10	0.138000000000000012
1988	8	11	0.285999999999999976
1988	8	12	0.343000000000000027
1988	8	13	0.380000000000000004
1988	8	14	0.356999999999999984
1988	8	15	0.219
1988	8	16	0.086999999999999994
1988	8	17	0.0109999999999999994
1988	8	18	0
1988	8	19	0
1988	8	20	0
1988	8	21	0
1988	8	22	0
1988	8	23	0
1988	8	24	0
1988	9	1	0
1988	9	2	0
1988	9	3	0
1988	9	4	0
1988	9	5	0
1988	9	6	0
1988	9	7	0.048000000000000001
1988	9	8	0.227000000000000007
1988	9	9	0.42599999999999999
1988	9	10	0.651000000000000023
1988	9	11	0.817999999999999949
1988	9	12	0.929000000000000048
1988	9	13	0.933000000000000052
1988	9	14	0.885000000000000009
1988	9	15	0.741999999999999993
1988	9	16	0.530000000000000027
1988	9	17	0.244999999999999996
1988	9	18	0.0779999999999999999
1988	9	19	0.00700000000000000015
1988	9	20	0
1988	9	21	0
1988	9	22	0
1988	9	23	0
1988	9	24	0
1988	10	1	0
1988	10	2	0
1988	10	3	0
1988	10	4	0.0160000000000000003
1988	10	5	0.0850000000000000061
1988	10	6	0.267000000000000015
1988	10	7	0.515000000000000013
1988	10	8	0.831999999999999962
1988	10	9	1.125
1988	10	10	1.40100000000000002
1988	10	11	1.57600000000000007
1988	10	12	1.68500000000000005
1988	10	13	1.73799999999999999
1988	10	14	1.69799999999999995
1988	10	15	1.54499999999999993
1988	10	16	1.246
1988	10	17	1.03299999999999992
1988	10	18	0.757000000000000006
1988	10	19	0.399000000000000021
1988	10	20	0.138000000000000012
1988	10	21	0.0309999999999999998
1988	10	22	0.00300000000000000006
1988	10	23	0
1988	10	24	0
1988	11	1	0.0170000000000000012
1988	11	2	0.0680000000000000049
1988	11	3	0.190000000000000002
1988	11	4	0.380000000000000004
1988	11	5	0.561000000000000054
1988	11	6	0.862999999999999989
1988	11	7	1.19900000000000007
1988	11	8	1.496
1988	11	9	1.80200000000000005
1988	11	10	2.06999999999999984
1988	11	11	2.33599999999999985
1988	11	12	2.41400000000000015
1988	11	13	2.41299999999999981
1988	11	14	2.29599999999999982
1988	11	15	2.22100000000000009
1988	11	16	2.00700000000000012
1988	11	17	1.7589999999999999
1988	11	18	1.33400000000000007
1988	11	19	0.973999999999999977
1988	11	20	0.663000000000000034
1988	11	21	0.396000000000000019
1988	11	22	0.198000000000000009
1988	11	23	0.0650000000000000022
1988	11	24	0.0189999999999999995
1988	12	1	0.107999999999999999
1988	12	2	0.17599999999999999
1988	12	3	0.309999999999999998
1988	12	4	0.508000000000000007
1988	12	5	0.731999999999999984
1988	12	6	1.03200000000000003
1988	12	7	1.39799999999999991
1988	12	8	1.70300000000000007
1988	12	9	1.93199999999999994
1988	12	10	2.16299999999999981
1988	12	11	2.35700000000000021
1988	12	12	2.4780000000000002
1988	12	13	2.54000000000000004
1988	12	14	2.47599999999999998
1988	12	15	2.32399999999999984
1988	12	16	2.10099999999999998
1988	12	17	1.81400000000000006
1988	12	18	1.46199999999999997
1988	12	19	1.11299999999999999
1988	12	20	0.819999999999999951
1988	12	21	0.531000000000000028
1988	12	22	0.338000000000000023
1988	12	23	0.200000000000000011
1988	12	24	0.119999999999999996
1989	1	1	0.0759999999999999981
1989	1	2	0.102999999999999994
1989	1	3	0.190000000000000002
1989	1	4	0.315000000000000002
1989	1	5	0.437
1989	1	6	0.741999999999999993
1989	1	7	1.01000000000000001
1989	1	8	1.30200000000000005
1989	1	9	1.57899999999999996
1989	1	10	1.86299999999999999
1989	1	11	2.14999999999999991
1989	1	12	2.22900000000000009
1989	1	13	2.2330000000000001
1989	1	14	2.19399999999999995
1989	1	15	1.98999999999999999
1989	1	16	1.62999999999999989
1989	1	17	1.31699999999999995
1989	1	18	1.05400000000000005
1989	1	19	0.791000000000000036
1989	1	20	0.495999999999999996
1989	1	21	0.336000000000000021
1989	1	22	0.170000000000000012
1989	1	23	0.105999999999999997
1989	1	24	0.0580000000000000029
1989	2	1	0
1989	2	2	0
1989	2	3	0.00600000000000000012
1989	2	4	0.0509999999999999967
1989	2	5	0.161000000000000004
1989	2	6	0.362999999999999989
1989	2	7	0.61399999999999999
1989	2	8	0.888000000000000012
1989	2	9	1.08299999999999996
1989	2	10	1.35099999999999998
1989	2	11	1.58400000000000007
1989	2	12	1.621
1989	2	13	1.69199999999999995
1989	2	14	1.60499999999999998
1989	2	15	1.43399999999999994
1989	2	16	1.19999999999999996
1989	2	17	1.0069999999999999
1989	2	18	0.706999999999999962
1989	2	19	0.437
1989	2	20	0.239999999999999991
1989	2	21	0.0650000000000000022
1989	2	22	0.0100000000000000002
1989	2	23	0
1989	2	24	0
1989	3	1	0
1989	3	2	0
1989	3	3	0
1989	3	4	0
1989	3	5	0.00300000000000000006
1989	3	6	0.0420000000000000026
1989	3	7	0.17599999999999999
1989	3	8	0.380000000000000004
1989	3	9	0.595999999999999974
1989	3	10	0.803000000000000047
1989	3	11	0.958999999999999964
1989	3	12	1.08099999999999996
1989	3	13	1.12200000000000011
1989	3	14	1.05499999999999994
1989	3	15	0.858999999999999986
1989	3	16	0.651000000000000023
1989	3	17	0.426999999999999991
1989	3	18	0.198000000000000009
1989	3	19	0.0459999999999999992
1989	3	20	0.00200000000000000004
1989	3	21	0
1989	3	22	0
1989	3	23	0
1989	3	24	0
1989	4	1	0
1989	4	2	0
1989	4	3	0
1989	4	4	0
1989	4	5	0
1989	4	6	0
1989	4	7	0.00300000000000000006
1989	4	8	0.0340000000000000024
1989	4	9	0.137000000000000011
1989	4	10	0.282999999999999974
1989	4	11	0.410999999999999976
1989	4	12	0.465000000000000024
1989	4	13	0.453000000000000014
1989	4	14	0.407999999999999974
1989	4	15	0.295999999999999985
1989	4	16	0.157000000000000001
1989	4	17	0.0350000000000000033
1989	4	18	0.00100000000000000002
1989	4	19	0
1989	4	20	0
1989	4	21	0
1989	4	22	0
1989	4	23	0
1989	4	24	0
1989	5	1	0
1989	5	2	0
1989	5	3	0
1989	5	4	0
1989	5	5	0
1989	5	6	0
1989	5	7	0
1989	5	8	0
1989	5	9	0
1989	5	10	0.00700000000000000015
1989	5	11	0.0350000000000000033
1989	5	12	0.0599999999999999978
1989	5	13	0.0909999999999999976
1989	5	14	0.0589999999999999969
1989	5	15	0.0100000000000000002
1989	5	16	0
1989	5	17	0
1989	5	18	0
1989	5	19	0
1989	5	20	0
1989	5	21	0
1989	5	22	0
1989	5	23	0
1989	5	24	0
1989	6	1	null
1989	6	2	null
1989	6	3	null
1989	6	4	null
1989	6	5	null
1989	6	6	null
1989	6	7	null
1989	6	8	null
1989	6	9	null
1989	6	10	null
1989	6	11	null
1989	6	12	null
1989	6	13	null
1989	6	14	null
1989	6	15	null
1989	6	16	null
1989	6	17	null
1989	6	18	null
1989	6	19	null
1989	6	20	null
1989	6	21	null
1989	6	22	null
1989	6	23	null
1989	6	24	null
1989	7	1	0
1989	7	2	0
1989	7	3	0
1989	7	4	0
1989	7	5	0
1989	7	6	0
1989	7	7	0
1989	7	8	0
1989	7	9	0
1989	7	10	0.00300000000000000006
1989	7	11	0.0219999999999999987
1989	7	12	0.0650000000000000022
1989	7	13	0.0700000000000000067
1989	7	14	0.0299999999999999989
1989	7	15	0.00200000000000000004
1989	7	16	0
1989	7	17	0
1989	7	18	0
1989	7	19	0
1989	7	20	0
1989	7	21	0
1989	7	22	0
1989	7	23	0
1989	7	24	0
1989	8	1	0
1989	8	2	0
1989	8	3	0
1989	8	4	0
1989	8	5	0
1989	8	6	0
1989	8	7	0
1989	8	8	0.00600000000000000012
1989	8	9	0.0439999999999999974
1989	8	10	0.139000000000000012
1989	8	11	0.262000000000000011
1989	8	12	0.322000000000000008
1989	8	13	0.333000000000000018
1989	8	14	0.270000000000000018
1989	8	15	0.173999999999999988
1989	8	16	0.0619999999999999996
1989	8	17	0.00899999999999999932
1989	8	18	0
1989	8	19	0
1989	8	20	0
1989	8	21	0
1989	8	22	0
1989	8	23	0
1989	8	24	0
1989	9	1	0
1989	9	2	0
1989	9	3	0
1989	9	4	0
1989	9	5	0
1989	9	6	0.00600000000000000012
1989	9	7	0.0779999999999999999
1989	9	8	0.271000000000000019
1989	9	9	0.491999999999999993
1989	9	10	0.72699999999999998
1989	9	11	0.903000000000000025
1989	9	12	0.98899999999999999
1989	9	13	1.01600000000000001
1989	9	14	0.961999999999999966
1989	9	15	0.799000000000000044
1989	9	16	0.619999999999999996
1989	9	17	0.323000000000000009
1989	9	18	0.117000000000000007
1989	9	19	0.0120000000000000002
1989	9	20	0
1989	9	21	0
1989	9	22	0
1989	9	23	0
1989	9	24	0
1989	10	1	0
1989	10	2	0
1989	10	3	0
1989	10	4	0.0189999999999999995
1989	10	5	0.102999999999999994
1989	10	6	0.285999999999999976
1989	10	7	0.53400000000000003
1989	10	8	0.814999999999999947
1989	10	9	1.09299999999999997
1989	10	10	1.31800000000000006
1989	10	11	1.53699999999999992
1989	10	12	1.66399999999999992
1989	10	13	1.68500000000000005
1989	10	14	1.62999999999999989
1989	10	15	1.47199999999999998
1989	10	16	1.22700000000000009
1989	10	17	0.96599999999999997
1989	10	18	0.687999999999999945
1989	10	19	0.344999999999999973
1989	10	20	0.114000000000000004
1989	10	21	0.0170000000000000012
1989	10	22	0.00100000000000000002
1989	10	23	0
1989	10	24	0
1989	11	1	0.0259999999999999988
1989	11	2	0.0400000000000000008
1989	11	3	0.105999999999999997
1989	11	4	0.257000000000000006
1989	11	5	0.426999999999999991
1989	11	6	0.698999999999999955
1989	11	7	1.01600000000000001
1989	11	8	1.32899999999999996
1989	11	9	1.64300000000000002
1989	11	10	1.95700000000000007
1989	11	11	2.121
1989	11	12	2.22299999999999986
1989	11	13	2.21300000000000008
1989	11	14	2.15600000000000014
1989	11	15	2.01500000000000012
1989	11	16	1.78400000000000003
1989	11	17	1.54499999999999993
1989	11	18	1.19700000000000006
1989	11	19	0.92000000000000004
1989	11	20	0.615999999999999992
1989	11	21	0.339000000000000024
1989	11	22	0.165000000000000008
1989	11	23	0.0660000000000000031
1989	11	24	0.0290000000000000015
1989	12	1	0.16800000000000001
1989	12	2	0.201000000000000012
1989	12	3	0.282999999999999974
1989	12	4	0.427999999999999992
1989	12	5	0.588999999999999968
1989	12	6	0.869999999999999996
1989	12	7	1.17700000000000005
1989	12	8	1.60400000000000009
1989	12	9	1.94300000000000006
1989	12	10	2.24000000000000021
1989	12	11	2.41599999999999993
1989	12	12	2.49400000000000022
1989	12	13	2.54700000000000015
1989	12	14	2.55500000000000016
1989	12	15	2.47500000000000009
1989	12	16	2.21799999999999997
1989	12	17	1.90599999999999992
1989	12	18	1.53099999999999992
1989	12	19	1.14100000000000001
1989	12	20	0.812000000000000055
1989	12	21	0.541000000000000036
1989	12	22	0.317000000000000004
1989	12	23	0.231000000000000011
1989	12	24	0.178999999999999992
1990	1	1	null
1990	1	2	null
1990	1	3	null
1990	1	4	null
1990	1	5	null
1990	1	6	null
1990	1	7	null
1990	1	8	null
1990	1	9	null
1990	1	10	null
1990	1	11	null
1990	1	12	null
1990	1	13	null
1990	1	14	null
1990	1	15	null
1990	1	16	null
1990	1	17	null
1990	1	18	null
1990	1	19	null
1990	1	20	null
1990	1	21	null
1990	1	22	null
1990	1	23	null
1990	1	24	null
1990	2	1	0
1990	2	2	0
1990	2	3	0
1990	2	4	0.0100000000000000002
1990	2	5	0.138000000000000012
1990	2	6	0.427999999999999992
1990	2	7	0.675000000000000044
1990	2	8	1.0169999999999999
1990	2	9	1.28699999999999992
1990	2	10	1.498
1990	2	11	1.6379999999999999
1990	2	12	1.53499999999999992
1990	2	13	1.79499999999999993
1990	2	14	1.82499999999999996
1990	2	15	1.53800000000000003
1990	2	16	1.19300000000000006
1990	2	17	0.900000000000000022
1990	2	18	0.517000000000000015
1990	2	19	0.267000000000000015
1990	2	20	0.0570000000000000021
1990	2	21	0.0050000000000000001
1990	2	22	0
1990	2	23	0
1990	2	24	0
1990	3	1	0
1990	3	2	0
1990	3	3	0
1990	3	4	0
1990	3	5	0.00300000000000000006
1990	3	6	0.0609999999999999987
1990	3	7	0.196000000000000008
1990	3	8	0.418999999999999984
1990	3	9	0.655000000000000027
1990	3	10	0.85199999999999998
1990	3	11	1.01400000000000001
1990	3	12	1.05299999999999994
1990	3	13	1.07200000000000006
1990	3	14	1.05499999999999994
1990	3	15	0.942999999999999949
1990	3	16	0.712999999999999967
1990	3	17	0.468999999999999972
1990	3	18	0.194000000000000006
1990	3	19	0.0589999999999999969
1990	3	20	0.00200000000000000004
1990	3	21	0
1990	3	22	0
1990	3	23	0
1990	3	24	0
1990	4	1	0
1990	4	2	0
1990	4	3	0
1990	4	4	0
1990	4	5	0
1990	4	6	0
1990	4	7	0
1990	4	8	0.0200000000000000004
1990	4	9	0.115000000000000005
1990	4	10	0.258000000000000007
1990	4	11	0.370999999999999996
1990	4	12	0.443000000000000005
1990	4	13	0.466000000000000025
1990	4	14	0.400000000000000022
1990	4	15	0.27300000000000002
1990	4	16	0.139000000000000012
1990	4	17	0.0429999999999999966
1990	4	18	0
1990	4	19	0
1990	4	20	0
1990	4	21	0
1990	4	22	0
1990	4	23	0
1990	4	24	0
1990	5	1	0
1990	5	2	0
1990	5	3	0
1990	5	4	0
1990	5	5	0
1990	5	6	0
1990	5	7	0
1990	5	8	0
1990	5	9	0
1990	5	10	0
1990	5	11	0.00899999999999999932
1990	5	12	0.048000000000000001
1990	5	13	0.0580000000000000029
1990	5	14	0.0259999999999999988
1990	5	15	0.00800000000000000017
1990	5	16	0
1990	5	17	0
1990	5	18	0
1990	5	19	0
1990	5	20	0
1990	5	21	0
1990	5	22	0
1990	5	23	0
1990	5	24	0
1990	6	1	null
1990	6	2	null
1990	6	3	null
1990	6	4	null
1990	6	5	null
1990	6	6	null
1990	6	7	null
1990	6	8	null
1990	6	9	null
1990	6	10	null
1990	6	11	null
1990	6	12	null
1990	6	13	null
1990	6	14	null
1990	6	15	null
1990	6	16	null
1990	6	17	null
1990	6	18	null
1990	6	19	null
1990	6	20	null
1990	6	21	null
1990	6	22	null
1990	6	23	null
1990	6	24	null
1990	7	1	0
1990	7	2	0
1990	7	3	0
1990	7	4	0
1990	7	5	0
1990	7	6	0
1990	7	7	0
1990	7	8	0
1990	7	9	0
1990	7	10	0
1990	7	11	0
1990	7	12	0.0200000000000000004
1990	7	13	0.0229999999999999996
1990	7	14	0.00300000000000000006
1990	7	15	0
1990	7	16	0
1990	7	17	0
1990	7	18	0
1990	7	19	0
1990	7	20	0
1990	7	21	0
1990	7	22	0
1990	7	23	0
1990	7	24	0
1990	8	1	0
1990	8	2	0
1990	8	3	0
1990	8	4	0
1990	8	5	0
1990	8	6	0
1990	8	7	0
1990	8	8	0.00600000000000000012
1990	8	9	0.0400000000000000008
1990	8	10	0.129000000000000004
1990	8	11	0.254000000000000004
1990	8	12	0.340000000000000024
1990	8	13	0.354999999999999982
1990	8	14	0.284999999999999976
1990	8	15	0.169000000000000011
1990	8	16	0.0529999999999999985
1990	8	17	0.00600000000000000012
1990	8	18	0
1990	8	19	0
1990	8	20	0
1990	8	21	0
1990	8	22	0
1990	8	23	0
1990	8	24	0
1990	9	1	0
1990	9	2	0
1990	9	3	0
1990	9	4	0
1990	9	5	0
1990	9	6	0.0050000000000000001
1990	9	7	0.0879999999999999949
1990	9	8	0.313
1990	9	9	0.597999999999999976
1990	9	10	0.813999999999999946
1990	9	11	0.960999999999999965
1990	9	12	1.03200000000000003
1990	9	13	1.05200000000000005
1990	9	14	0.951999999999999957
1990	9	15	0.791000000000000036
1990	9	16	0.546000000000000041
1990	9	17	0.283999999999999975
1990	9	18	0.0889999999999999958
1990	9	19	0.00200000000000000004
1990	9	20	0
1990	9	21	0
1990	9	22	0
1990	9	23	0
1990	9	24	0
1990	10	1	0
1990	10	2	0
1990	10	3	0
1990	10	4	0.00800000000000000017
1990	10	5	0.086999999999999994
1990	10	6	0.26100000000000001
1990	10	7	0.572999999999999954
1990	10	8	0.857999999999999985
1990	10	9	1.10699999999999998
1990	10	10	1.30499999999999994
1990	10	11	1.496
1990	10	12	1.64599999999999991
1990	10	13	1.64300000000000002
1990	10	14	1.48599999999999999
1990	10	15	1.33400000000000007
1990	10	16	1.15100000000000002
1990	10	17	0.894000000000000017
1990	10	18	0.562999999999999945
1990	10	19	0.280000000000000027
1990	10	20	0.0599999999999999978
1990	10	21	0.00200000000000000004
1990	10	22	0
1990	10	23	0
1990	10	24	0
1990	11	1	0.0129999999999999994
1990	11	2	0.0299999999999999989
1990	11	3	0.142999999999999988
1990	11	4	0.375
1990	11	5	0.639000000000000012
1990	11	6	0.889000000000000012
1990	11	7	1.20999999999999996
1990	11	8	1.51000000000000001
1990	11	9	1.79099999999999993
1990	11	10	2.05799999999999983
1990	11	11	2.22599999999999998
1990	11	12	2.37000000000000011
1990	11	13	2.30299999999999994
1990	11	14	2.2200000000000002
1990	11	15	2.06899999999999995
1990	11	16	1.873
1990	11	17	1.53600000000000003
1990	11	18	1.20999999999999996
1990	11	19	0.881000000000000005
1990	11	20	0.586999999999999966
1990	11	21	0.32400000000000001
1990	11	22	0.0779999999999999999
1990	11	23	0.0210000000000000013
1990	11	24	0.0100000000000000002
1990	12	1	0.105999999999999997
1990	12	2	0.165000000000000008
1990	12	3	0.418999999999999984
1990	12	4	0.61399999999999999
1990	12	5	0.841999999999999971
1990	12	6	1.13700000000000001
1990	12	7	1.5089999999999999
1990	12	8	1.81699999999999995
1990	12	9	2.1339999999999999
1990	12	10	2.46300000000000008
1990	12	11	2.67099999999999982
1990	12	12	2.76900000000000013
1990	12	13	2.6509999999999998
1990	12	14	2.64900000000000002
1990	12	15	2.44099999999999984
1990	12	16	2.12999999999999989
1990	12	17	1.748
1990	12	18	1.44999999999999996
1990	12	19	1.13700000000000001
1990	12	20	0.888000000000000012
1990	12	21	0.654000000000000026
1990	12	22	0.417999999999999983
1990	12	23	0.151999999999999996
1990	12	24	0.105999999999999997
1991	1	1	0.0109999999999999994
1991	1	2	0.0210000000000000013
1991	1	3	0.113000000000000003
1991	1	4	0.266000000000000014
1991	1	5	0.465000000000000024
1991	1	6	0.730999999999999983
1991	1	7	1.05099999999999993
1991	1	8	1.36899999999999999
1991	1	9	1.7589999999999999
1991	1	10	2.0259999999999998
1991	1	11	2.18299999999999983
1991	1	12	2.27000000000000002
1991	1	13	2.25099999999999989
1991	1	14	2.1549999999999998
1991	1	15	1.94100000000000006
1991	1	16	1.81400000000000006
1991	1	17	1.5
1991	1	18	1.13500000000000001
1991	1	19	0.830999999999999961
1991	1	20	0.560000000000000053
1991	1	21	0.361999999999999988
1991	1	22	0.154999999999999999
1991	1	23	0.0299999999999999989
1991	1	24	0.0210000000000000013
1991	2	1	0
1991	2	2	0.00100000000000000002
1991	2	3	0.0050000000000000001
1991	2	4	0.0609999999999999987
1991	2	5	0.213999999999999996
1991	2	6	0.427999999999999992
1991	2	7	0.594999999999999973
1991	2	8	0.857999999999999985
1991	2	9	1.0149999999999999
1991	2	10	1.26000000000000001
1991	2	11	1.46900000000000008
1991	2	12	1.39799999999999991
1991	2	13	1.56499999999999995
1991	2	14	1.56400000000000006
1991	2	15	1.38300000000000001
1991	2	16	1.18300000000000005
1991	2	17	0.953999999999999959
1991	2	18	0.700999999999999956
1991	2	19	0.439000000000000001
1991	2	20	0.245999999999999996
1991	2	21	0.0700000000000000067
1991	2	22	0.00800000000000000017
1991	2	23	0.00100000000000000002
1991	2	24	0
1991	3	1	0
1991	3	2	0
1991	3	3	0
1991	3	4	0
1991	3	5	0.00200000000000000004
1991	3	6	0.048000000000000001
1991	3	7	0.171000000000000013
1991	3	8	0.41499999999999998
1991	3	9	0.611999999999999988
1991	3	10	0.804000000000000048
1991	3	11	0.980999999999999983
1991	3	12	1.1080000000000001
1991	3	13	1.12599999999999989
1991	3	14	1.03699999999999992
1991	3	15	0.867999999999999994
1991	3	16	0.64700000000000002
1991	3	17	0.451000000000000012
1991	3	18	0.240999999999999992
1991	3	19	0.0660000000000000031
1991	3	20	0.00100000000000000002
1991	3	21	0
1991	3	22	0
1991	3	23	null
1991	3	24	null
1991	4	1	0
1991	4	2	0
1991	4	3	0
1991	4	4	0
1991	4	5	0
1991	4	6	0
1991	4	7	0
1991	4	8	0.0269999999999999997
1991	4	9	0.142999999999999988
1991	4	10	0.292999999999999983
1991	4	11	0.438
1991	4	12	0.516000000000000014
1991	4	13	0.524000000000000021
1991	4	14	0.457000000000000017
1991	4	15	0.316000000000000003
1991	4	16	0.158000000000000002
1991	4	17	0.0359999999999999973
1991	4	18	0
1991	4	19	0
1991	4	20	0
1991	4	21	0
1991	4	22	0
1991	4	23	0
1991	4	24	0
1991	5	1	0
1991	5	2	0
1991	5	3	0
1991	5	4	0
1991	5	5	0
1991	5	6	0
1991	5	7	0
1991	5	8	0
1991	5	9	0
1991	5	10	0.00300000000000000006
1991	5	11	0.0429999999999999966
1991	5	12	0.105999999999999997
1991	5	13	0.114000000000000004
1991	5	14	0.0609999999999999987
1991	5	15	0.0109999999999999994
1991	5	16	0
1991	5	17	0
1991	5	18	0
1991	5	19	0
1991	5	20	0
1991	5	21	0
1991	5	22	0
1991	5	23	0
1991	5	24	0
1991	6	1	null
1991	6	2	null
1991	6	3	null
1991	6	4	null
1991	6	5	null
1991	6	6	null
1991	6	7	null
1991	6	8	null
1991	6	9	null
1991	6	10	null
1991	6	11	null
1991	6	12	null
1991	6	13	null
1991	6	14	null
1991	6	15	null
1991	6	16	null
1991	6	17	null
1991	6	18	null
1991	6	19	null
1991	6	20	null
1991	6	21	null
1991	6	22	null
1991	6	23	null
1991	6	24	null
1991	7	1	0
1991	7	2	0
1991	7	3	0
1991	7	4	0
1991	7	5	0
1991	7	6	0
1991	7	7	0
1991	7	8	0
1991	7	9	0
1991	7	10	0
1991	7	11	0.00300000000000000006
1991	7	12	0.0350000000000000033
1991	7	13	0.048000000000000001
1991	7	14	0.0050000000000000001
1991	7	15	0
1991	7	16	0
1991	7	17	0
1991	7	18	0
1991	7	19	0
1991	7	20	0
1991	7	21	0
1991	7	22	0
1991	7	23	0
1991	7	24	0
1991	8	1	0
1991	8	2	0
1991	8	3	0
1991	8	4	0
1991	8	5	0
1991	8	6	0
1991	8	7	0
1991	8	8	0.00100000000000000002
1991	8	9	0.0229999999999999996
1991	8	10	0.109
1991	8	11	0.201000000000000012
1991	8	12	0.271000000000000019
1991	8	13	0.274000000000000021
1991	8	14	0.216999999999999998
1991	8	15	0.122999999999999998
1991	8	16	0.0309999999999999998
1991	8	17	0.00100000000000000002
1991	8	18	0
1991	8	19	0
1991	8	20	0
1991	8	21	0
1991	8	22	0
1991	8	23	0
1991	8	24	0
1991	9	1	0
1991	9	2	0
1991	9	3	0
1991	9	4	0
1991	9	5	0
1991	9	6	0.00300000000000000006
1991	9	7	0.0389999999999999999
1991	9	8	0.197000000000000008
1991	9	9	0.416999999999999982
1991	9	10	0.640000000000000013
1991	9	11	0.798000000000000043
1991	9	12	0.904000000000000026
1991	9	13	0.916000000000000036
1991	9	14	0.819999999999999951
1991	9	15	0.637000000000000011
1991	9	16	0.443000000000000005
1991	9	17	0.194000000000000006
1991	9	18	0.0369999999999999982
1991	9	19	0.00200000000000000004
1991	9	20	0
1991	9	21	0
1991	9	22	0
1991	9	23	0
1991	9	24	0
1991	10	1	0
1991	10	2	0
1991	10	3	0
1991	10	4	0.0109999999999999994
1991	10	5	0.0929999999999999993
1991	10	6	0.286999999999999977
1991	10	7	0.598999999999999977
1991	10	8	0.926000000000000045
1991	10	9	1.252
1991	10	10	1.496
1991	10	11	1.68799999999999994
1991	10	12	1.79899999999999993
1991	10	13	1.77899999999999991
1991	10	14	1.67700000000000005
1991	10	15	1.49900000000000011
1991	10	16	1.22599999999999998
1991	10	17	0.936000000000000054
1991	10	18	0.635000000000000009
1991	10	19	0.32400000000000001
1991	10	20	0.0970000000000000029
1991	10	21	0.0170000000000000012
1991	10	22	0.00100000000000000002
1991	10	23	0
1991	10	24	0
1991	11	1	0.0100000000000000002
1991	11	2	0.0200000000000000004
1991	11	3	0.0759999999999999981
1991	11	4	0.234000000000000014
1991	11	5	0.47699999999999998
1991	11	6	0.751000000000000001
1991	11	7	1.06099999999999994
1991	11	8	1.37400000000000011
1991	11	9	1.69100000000000006
1991	11	10	1.96999999999999997
1991	11	11	2.13700000000000001
1991	11	12	2.23099999999999987
1991	11	13	2.18199999999999994
1991	11	14	2.06099999999999994
1991	11	15	1.90900000000000003
1991	11	16	1.67300000000000004
1991	11	17	1.377
1991	11	18	1.06800000000000006
1991	11	19	0.782000000000000028
1991	11	20	0.497999999999999998
1991	11	21	0.257000000000000006
1991	11	22	0.0840000000000000052
1991	11	23	0.0240000000000000005
1991	11	24	0.0109999999999999994
1991	12	1	0.115000000000000005
1991	12	2	0.161000000000000004
1991	12	3	0.259000000000000008
1991	12	4	0.421999999999999986
1991	12	5	0.635000000000000009
1991	12	6	0.929000000000000048
1991	12	7	1.17799999999999994
1991	12	8	1.47900000000000009
1991	12	9	1.81299999999999994
1991	12	10	2.03200000000000003
1991	12	11	2.20000000000000018
1991	12	12	2.28900000000000015
1991	12	13	2.24299999999999988
1991	12	14	2.1339999999999999
1991	12	15	1.98599999999999999
1991	12	16	1.78099999999999992
1991	12	17	1.54499999999999993
1991	12	18	1.26899999999999991
1991	12	19	0.964999999999999969
1991	12	20	0.69399999999999995
1991	12	21	0.492999999999999994
1991	12	22	0.315000000000000002
1991	12	23	0.171000000000000013
1991	12	24	0.118999999999999995
1992	1	1	0
1992	1	2	0.0269999999999999997
1992	1	3	0.0539999999999999994
1992	1	4	0.116000000000000006
1992	1	5	0.176999999999999991
1992	1	6	0.319000000000000006
1992	1	7	0.492999999999999994
1992	1	8	0.684000000000000052
1992	1	9	0.913000000000000034
1992	1	10	1.07400000000000007
1992	1	11	1.39599999999999991
1992	1	12	1.6100000000000001
1992	1	13	1.7589999999999999
1992	1	14	1.68700000000000006
1992	1	15	1.47599999999999998
1992	1	16	1.33699999999999997
1992	1	17	1.10600000000000009
1992	1	18	0.764000000000000012
1992	1	19	0.479999999999999982
1992	1	20	0.32400000000000001
1992	1	21	0.150999999999999995
1992	1	22	0.0570000000000000021
1992	1	23	0.0200000000000000004
1992	1	24	0
1992	2	1	0
1992	2	2	0.00300000000000000006
1992	2	3	0.0200000000000000004
1992	2	4	0.0820000000000000034
1992	2	5	0.195000000000000007
1992	2	6	0.380000000000000004
1992	2	7	0.687999999999999945
1992	2	8	0.981999999999999984
1992	2	9	1.19700000000000006
1992	2	10	1.48199999999999998
1992	2	11	1.69700000000000006
1992	2	12	1.75099999999999989
1992	2	13	1.6359999999999999
1992	2	14	1.4890000000000001
1992	2	15	1.34699999999999998
1992	2	16	1.14500000000000002
1992	2	17	0.910000000000000031
1992	2	18	0.641000000000000014
1992	2	19	0.372999999999999998
1992	2	20	0.153999999999999998
1992	2	21	0.0580000000000000029
1992	2	22	0.0109999999999999994
1992	2	23	0.00200000000000000004
1992	2	24	0
1992	3	1	0
1992	3	2	0
1992	3	3	0
1992	3	4	0
1992	3	5	0.00200000000000000004
1992	3	6	0.0229999999999999996
1992	3	7	0.131000000000000005
1992	3	8	0.333000000000000018
1992	3	9	0.512000000000000011
1992	3	10	0.691999999999999948
1992	3	11	0.817999999999999949
1992	3	12	0.923000000000000043
1992	3	13	0.927000000000000046
1992	3	14	0.854999999999999982
1992	3	15	0.740999999999999992
1992	3	16	0.536000000000000032
1992	3	17	0.320000000000000007
1992	3	18	0.126000000000000001
1992	3	19	0.0219999999999999987
1992	3	20	0
1992	3	21	0
1992	3	22	0
1992	3	23	0
1992	3	24	0
1992	4	1	0
1992	4	2	0
1992	4	3	0
1992	4	4	0
1992	4	5	0
1992	4	6	0
1992	4	7	0
1992	4	8	0.0299999999999999989
1992	4	9	0.125
1992	4	10	0.25
1992	4	11	0.383000000000000007
1992	4	12	0.455000000000000016
1992	4	13	0.467000000000000026
1992	4	14	0.401000000000000023
1992	4	15	0.26100000000000001
1992	4	16	0.122999999999999998
1992	4	17	0.0269999999999999997
1992	4	18	0
1992	4	19	0
1992	4	20	0
1992	4	21	0
1992	4	22	0
1992	4	23	0
1992	4	24	0
1992	5	1	0
1992	5	2	0
1992	5	3	0
1992	5	4	0
1992	5	5	0
1992	5	6	0
1992	5	7	0
1992	5	8	0
1992	5	9	0
1992	5	10	0.0050000000000000001
1992	5	11	0.0550000000000000003
1992	5	12	0.0919999999999999984
1992	5	13	0.106999999999999998
1992	5	14	0.0709999999999999937
1992	5	15	0.0140000000000000003
1992	5	16	0
1992	5	17	0
1992	5	18	0
1992	5	19	0
1992	5	20	0
1992	5	21	0
1992	5	22	0
1992	5	23	0
1992	5	24	0
1992	6	1	null
1992	6	2	null
1992	6	3	null
1992	6	4	null
1992	6	5	null
1992	6	6	null
1992	6	7	null
1992	6	8	null
1992	6	9	null
1992	6	10	null
1992	6	11	null
1992	6	12	null
1992	6	13	null
1992	6	14	null
1992	6	15	null
1992	6	16	null
1992	6	17	null
1992	6	18	null
1992	6	19	null
1992	6	20	null
1992	6	21	null
1992	6	22	null
1992	6	23	null
1992	6	24	null
1992	7	1	null
1992	7	2	null
1992	7	3	null
1992	7	4	null
1992	7	5	null
1992	7	6	null
1992	7	7	null
1992	7	8	null
1992	7	9	null
1992	7	10	null
1992	7	11	null
1992	7	12	null
1992	7	13	null
1992	7	14	null
1992	7	15	null
1992	7	16	null
1992	7	17	null
1992	7	18	null
1992	7	19	null
1992	7	20	null
1992	7	21	null
1992	7	22	null
1992	7	23	null
1992	7	24	null
1992	8	1	0
1992	8	2	0
1992	8	3	0
1992	8	4	0
1992	8	5	0
1992	8	6	0
1992	8	7	0
1992	8	8	0.0050000000000000001
1992	8	9	0.0389999999999999999
1992	8	10	0.116000000000000006
1992	8	11	0.223000000000000004
1992	8	12	0.281999999999999973
1992	8	13	0.283999999999999975
1992	8	14	0.226000000000000006
1992	8	15	0.133000000000000007
1992	8	16	0.0470000000000000001
1992	8	17	0.0050000000000000001
1992	8	18	0
1992	8	19	0
1992	8	20	0
1992	8	21	0
1992	8	22	0
1992	8	23	0
1992	8	24	0
1992	9	1	0
1992	9	2	0
1992	9	3	0
1992	9	4	0
1992	9	5	0
1992	9	6	0.00300000000000000006
1992	9	7	0.0560000000000000012
1992	9	8	0.232000000000000012
1992	9	9	0.474999999999999978
1992	9	10	0.720999999999999974
1992	9	11	0.901000000000000023
1992	9	12	1.0109999999999999
1992	9	13	1.02699999999999991
1992	9	14	0.959999999999999964
1992	9	15	0.774000000000000021
1992	9	16	0.526000000000000023
1992	9	17	0.280000000000000027
1992	9	18	0.0909999999999999976
1992	9	19	0.00899999999999999932
1992	9	20	0
1992	9	21	0
1992	9	22	0
1992	9	23	0
1992	9	24	0
1992	10	1	0
1992	10	2	0
1992	10	3	0.00100000000000000002
1992	10	4	0.0210000000000000013
1992	10	5	0.0909999999999999976
1992	10	6	0.277000000000000024
1992	10	7	0.560000000000000053
1992	10	8	0.881000000000000005
1992	10	9	1.17500000000000004
1992	10	10	1.42199999999999993
1992	10	11	1.64700000000000002
1992	10	12	1.79099999999999993
1992	10	13	1.80200000000000005
1992	10	14	1.69900000000000007
1992	10	15	1.49900000000000011
1992	10	16	1.26800000000000002
1992	10	17	0.964999999999999969
1992	10	18	0.644000000000000017
1992	10	19	0.305999999999999994
1992	10	20	0.0980000000000000038
1992	10	21	0.0129999999999999994
1992	10	22	0
1992	10	23	0
1992	10	24	0
1992	11	1	0.00200000000000000004
1992	11	2	0.0200000000000000004
1992	11	3	0.111000000000000001
1992	11	4	0.287999999999999978
1992	11	5	0.543000000000000038
1992	11	6	0.837999999999999967
1992	11	7	1.21199999999999997
1992	11	8	1.51800000000000002
1992	11	9	1.86499999999999999
1992	11	10	2.06899999999999995
1992	11	11	2.31800000000000006
1992	11	12	2.42399999999999993
1992	11	13	2.44499999999999984
1992	11	14	2.33800000000000008
1992	11	15	2.1419999999999999
1992	11	16	1.89300000000000002
1992	11	17	1.58000000000000007
1992	11	18	1.24199999999999999
1992	11	19	0.902000000000000024
1992	11	20	0.585999999999999965
1992	11	21	0.315000000000000002
1992	11	22	0.123999999999999999
1992	11	23	0.0280000000000000006
1992	11	24	0.00200000000000000004
1992	12	1	0.0140000000000000003
1992	12	2	0.0820000000000000034
1992	12	3	0.217999999999999999
1992	12	4	0.368999999999999995
1992	12	5	0.587999999999999967
1992	12	6	0.859999999999999987
1992	12	7	1.16599999999999993
1992	12	8	1.50499999999999989
1992	12	9	1.81299999999999994
1992	12	10	2.10599999999999987
1992	12	11	2.25999999999999979
1992	12	12	2.3919999999999999
1992	12	13	2.42700000000000005
1992	12	14	2.33700000000000019
1992	12	15	2.15200000000000014
1992	12	16	1.77600000000000002
1992	12	17	1.44900000000000007
1992	12	18	1.16599999999999993
1992	12	19	0.836999999999999966
1992	12	20	0.597999999999999976
1992	12	21	0.446000000000000008
1992	12	22	0.234999999999999987
1992	12	23	0.0820000000000000034
1992	12	24	0.0259999999999999988
1993	1	1	0.0290000000000000015
1993	1	2	0.0759999999999999981
1993	1	3	0.172999999999999987
1993	1	4	0.302999999999999992
1993	1	5	0.536000000000000032
1993	1	6	0.809000000000000052
1993	1	7	1.12000000000000011
1993	1	8	1.44700000000000006
1993	1	9	1.70500000000000007
1993	1	10	1.96799999999999997
1993	1	11	2.1120000000000001
1993	1	12	2.26200000000000001
1993	1	13	2.23600000000000021
1993	1	14	2.07399999999999984
1993	1	15	1.94799999999999995
1993	1	16	1.76600000000000001
1993	1	17	1.42799999999999994
1993	1	18	1.1180000000000001
1993	1	19	0.841999999999999971
1993	1	20	0.549000000000000044
1993	1	21	0.346999999999999975
1993	1	22	0.183999999999999997
1993	1	23	0.0739999999999999963
1993	1	24	0.0280000000000000006
1993	2	1	0
1993	2	2	0.00100000000000000002
1993	2	3	0.0100000000000000002
1993	2	4	0.0439999999999999974
1993	2	5	0.16700000000000001
1993	2	6	0.323000000000000009
1993	2	7	0.540000000000000036
1993	2	8	0.800000000000000044
1993	2	9	1.03800000000000003
1993	2	10	1.29099999999999993
1993	2	11	1.52400000000000002
1993	2	12	1.56499999999999995
1993	2	13	1.50600000000000001
1993	2	14	1.48599999999999999
1993	2	15	1.31299999999999994
1993	2	16	1.10400000000000009
1993	2	17	0.894000000000000017
1993	2	18	0.652000000000000024
1993	2	19	0.396000000000000019
1993	2	20	0.184999999999999998
1993	2	21	0.0529999999999999985
1993	2	22	0.0100000000000000002
1993	2	23	0
1993	2	24	0
1993	3	1	0
1993	3	2	0
1993	3	3	0
1993	3	4	0
1993	3	5	0.00200000000000000004
1993	3	6	0.0410000000000000017
1993	3	7	0.204999999999999988
1993	3	8	0.456000000000000016
1993	3	9	0.721999999999999975
1993	3	10	0.893000000000000016
1993	3	11	1.02299999999999991
1993	3	12	1.07099999999999995
1993	3	13	1.08600000000000008
1993	3	14	1.03400000000000003
1993	3	15	0.871999999999999997
1993	3	16	0.657000000000000028
1993	3	17	0.417999999999999983
1993	3	18	0.190000000000000002
1993	3	19	0.0400000000000000008
1993	3	20	0.00300000000000000006
1993	3	21	0
1993	3	22	0
1993	3	23	0
1993	3	24	0
1993	4	1	0
1993	4	2	0
1993	4	3	0
1993	4	4	0
1993	4	5	0
1993	4	6	0.00100000000000000002
1993	4	7	0.00700000000000000015
1993	4	8	0.0459999999999999992
1993	4	9	0.147999999999999993
1993	4	10	0.268000000000000016
1993	4	11	0.390000000000000013
1993	4	12	0.459000000000000019
1993	4	13	0.442000000000000004
1993	4	14	0.400000000000000022
1993	4	15	0.259000000000000008
1993	4	16	0.122999999999999998
1993	4	17	0.0379999999999999991
1993	4	18	0.00700000000000000015
1993	4	19	0.00100000000000000002
1993	4	20	0
1993	4	21	0
1993	4	22	0
1993	4	23	0
1993	4	24	0
1993	5	1	0
1993	5	2	0
1993	5	3	0
1993	5	4	0
1993	5	5	0
1993	5	6	0
1993	5	7	0
1993	5	8	0.00100000000000000002
1993	5	9	0.00100000000000000002
1993	5	10	0.0109999999999999994
1993	5	11	0.0369999999999999982
1993	5	12	0.076999999999999999
1993	5	13	0.0810000000000000026
1993	5	14	0.0389999999999999999
1993	5	15	0.00700000000000000015
1993	5	16	0
1993	5	17	0
1993	5	18	0
1993	5	19	0
1993	5	20	0
1993	5	21	0
1993	5	22	0
1993	5	23	0
1993	5	24	0
1993	6	1	null
1993	6	2	null
1993	6	3	null
1993	6	4	null
1993	6	5	null
1993	6	6	null
1993	6	7	null
1993	6	8	null
1993	6	9	null
1993	6	10	null
1993	6	11	null
1993	6	12	null
1993	6	13	null
1993	6	14	null
1993	6	15	null
1993	6	16	null
1993	6	17	null
1993	6	18	null
1993	6	19	null
1993	6	20	null
1993	6	21	null
1993	6	22	null
1993	6	23	null
1993	6	24	null
1993	7	1	0
1993	7	2	0
1993	7	3	0
1993	7	4	0
1993	7	5	0
1993	7	6	0
1993	7	7	0
1993	7	8	0
1993	7	9	0
1993	7	10	0
1993	7	11	0.0050000000000000001
1993	7	12	0.0219999999999999987
1993	7	13	0.0219999999999999987
1993	7	14	0.0050000000000000001
1993	7	15	0
1993	7	16	0
1993	7	17	0
1993	7	18	0
1993	7	19	0
1993	7	20	0
1993	7	21	0
1993	7	22	0
1993	7	23	0
1993	7	24	0
1993	8	1	0
1993	8	2	0
1993	8	3	0
1993	8	4	0
1993	8	5	0
1993	8	6	0
1993	8	7	0
1993	8	8	0.00300000000000000006
1993	8	9	0.0429999999999999966
1993	8	10	0.134000000000000008
1993	8	11	0.234999999999999987
1993	8	12	0.296999999999999986
1993	8	13	0.306999999999999995
1993	8	14	0.253000000000000003
1993	8	15	0.147999999999999993
1993	8	16	0.0439999999999999974
1993	8	17	0.00300000000000000006
1993	8	18	0
1993	8	19	0
1993	8	20	0
1993	8	21	0
1993	8	22	0
1993	8	23	0
1993	8	24	0
1993	9	1	0
1993	9	2	0
1993	9	3	0
1993	9	4	0
1993	9	5	0
1993	9	6	0.0050000000000000001
1993	9	7	0.0650000000000000022
1993	9	8	0.225000000000000006
1993	9	9	0.419999999999999984
1993	9	10	0.61399999999999999
1993	9	11	0.748999999999999999
1993	9	12	0.831999999999999962
1993	9	13	0.845999999999999974
1993	9	14	0.771000000000000019
1993	9	15	0.626000000000000001
1993	9	16	0.403000000000000025
1993	9	17	0.20699999999999999
1993	9	18	0.0630000000000000004
1993	9	19	0.00600000000000000012
1993	9	20	0
1993	9	21	0
1993	9	22	0
1993	9	23	0
1993	9	24	0
1993	10	1	0
1993	10	2	0
1993	10	3	0
1993	10	4	0.0120000000000000002
1993	10	5	0.076999999999999999
1993	10	6	0.222000000000000003
1993	10	7	0.468999999999999972
1993	10	8	0.755000000000000004
1993	10	9	1.02299999999999991
1993	10	10	1.30899999999999994
1993	10	11	1.48399999999999999
1993	10	12	1.55299999999999994
1993	10	13	1.62000000000000011
1993	10	14	1.50499999999999989
1993	10	15	1.33099999999999996
1993	10	16	1.08400000000000007
1993	10	17	0.794000000000000039
1993	10	18	0.521000000000000019
1993	10	19	0.264000000000000012
1993	10	20	0.0850000000000000061
1993	10	21	0.0189999999999999995
1993	10	22	0.00200000000000000004
1993	10	23	0
1993	10	24	0
1993	11	1	0.0359999999999999973
1993	11	2	0.0539999999999999994
1993	11	3	0.171999999999999986
1993	11	4	0.413999999999999979
1993	11	5	0.705999999999999961
1993	11	6	1.04000000000000004
1993	11	7	1.3620000000000001
1993	11	8	1.68300000000000005
1993	11	9	2.004
1993	11	10	2.28100000000000014
1993	11	11	2.4910000000000001
1993	11	12	2.60599999999999987
1993	11	13	2.60899999999999999
1993	11	14	2.55600000000000005
1993	11	15	2.34399999999999986
1993	11	16	2.0990000000000002
1993	11	17	1.73100000000000009
1993	11	18	1.33600000000000008
1993	11	19	1.0169999999999999
1993	11	20	0.701999999999999957
1993	11	21	0.409999999999999976
1993	11	22	0.153999999999999998
1993	11	23	0.0570000000000000021
1993	11	24	0.0420000000000000026
1993	12	1	0.119999999999999996
1993	12	2	0.193000000000000005
1993	12	3	0.317000000000000004
1993	12	4	0.454000000000000015
1993	12	5	0.594999999999999973
1993	12	6	0.869999999999999996
1993	12	7	1.1140000000000001
1993	12	8	1.44999999999999996
1993	12	9	1.7569999999999999
1993	12	10	1.95700000000000007
1993	12	11	2.125
1993	12	12	2.18400000000000016
1993	12	13	2.12699999999999978
1993	12	14	2.07699999999999996
1993	12	15	1.98399999999999999
1993	12	16	1.80800000000000005
1993	12	17	1.60099999999999998
1993	12	18	1.2629999999999999
1993	12	19	1.0169999999999999
1993	12	20	0.733999999999999986
1993	12	21	0.513000000000000012
1993	12	22	0.325000000000000011
1993	12	23	0.163000000000000006
1993	12	24	0.116000000000000006
1994	1	1	0
1994	1	2	0.0420000000000000026
1994	1	3	0.171000000000000013
1994	1	4	0.373999999999999999
1994	1	5	0.632000000000000006
1994	1	6	0.894000000000000017
1994	1	7	1.26800000000000002
1994	1	8	1.57000000000000006
1994	1	9	1.91599999999999993
1994	1	10	2.19399999999999995
1994	1	11	2.37000000000000011
1994	1	12	2.47900000000000009
1994	1	13	2.54999999999999982
1994	1	14	2.41199999999999992
1994	1	15	2.19099999999999984
1994	1	16	1.91199999999999992
1994	1	17	1.66199999999999992
1994	1	18	1.27899999999999991
1994	1	19	0.975999999999999979
1994	1	20	0.629000000000000004
1994	1	21	0.368999999999999995
1994	1	22	0.156
1994	1	23	0.0309999999999999998
1994	1	24	0.00200000000000000004
1994	2	1	0
1994	2	2	0
1994	2	3	0.0280000000000000006
1994	2	4	0.114000000000000004
1994	2	5	0.327000000000000013
1994	2	6	0.586999999999999966
1994	2	7	0.95499999999999996
1994	2	8	1.35600000000000009
1994	2	9	1.71399999999999997
1994	2	10	1.95500000000000007
1994	2	11	2.20000000000000018
1994	2	12	2.22999999999999998
1994	2	13	2.35899999999999999
1994	2	14	2.19399999999999995
1994	2	15	2.12000000000000011
1994	2	16	1.77699999999999991
1994	2	17	1.31800000000000006
1994	2	18	0.985999999999999988
1994	2	19	0.651000000000000023
1994	2	20	0.313
1994	2	21	0.0779999999999999999
1994	2	22	0.0259999999999999988
1994	2	23	0
1994	2	24	0
1994	3	1	0
1994	3	2	0
1994	3	3	0
1994	3	4	0
1994	3	5	0.0290000000000000015
1994	3	6	0.0759999999999999981
1994	3	7	0.216999999999999998
1994	3	8	0.432999999999999996
1994	3	9	0.695999999999999952
1994	3	10	0.940999999999999948
1994	3	11	1.12999999999999989
1994	3	12	1.20199999999999996
1994	3	13	1.20599999999999996
1994	3	14	1.15799999999999992
1994	3	15	0.985999999999999988
1994	3	16	0.764000000000000012
1994	3	17	0.507000000000000006
1994	3	18	0.223000000000000004
1994	3	19	0.0459999999999999992
1994	3	20	0.00800000000000000017
1994	3	21	0
1994	3	22	0
1994	3	23	0
1994	3	24	0
1994	4	1	0
1994	4	2	0
1994	4	3	0
1994	4	4	0
1994	4	5	0
1994	4	6	0
1994	4	7	0.00200000000000000004
1994	4	8	0.0240000000000000005
1994	4	9	0.0550000000000000003
1994	4	10	0.117000000000000007
1994	4	11	0.213999999999999996
1994	4	12	0.278000000000000025
1994	4	13	0.264000000000000012
1994	4	14	0.219
1994	4	15	0.216999999999999998
1994	4	16	0.138000000000000012
1994	4	17	0.0660000000000000031
1994	4	18	0
1994	4	19	0
1994	4	20	0
1994	4	21	0
1994	4	22	0
1994	4	23	0
1994	4	24	0
1994	5	1	0
1994	5	2	0
1994	5	3	0
1994	5	4	0
1994	5	5	0
1994	5	6	0
1994	5	7	0
1994	5	8	0
1994	5	9	0
1994	5	10	0.0109999999999999994
1994	5	11	0.0619999999999999996
1994	5	12	0.133000000000000007
1994	5	13	0.134000000000000008
1994	5	14	0.0889999999999999958
1994	5	15	0.0290000000000000015
1994	5	16	0.00200000000000000004
1994	5	17	0
1994	5	18	0
1994	5	19	0
1994	5	20	0
1994	5	21	0
1994	5	22	0
1994	5	23	0
1994	5	24	0
1994	6	1	null
1994	6	2	null
1994	6	3	null
1994	6	4	null
1994	6	5	null
1994	6	6	null
1994	6	7	null
1994	6	8	null
1994	6	9	null
1994	6	10	null
1994	6	11	null
1994	6	12	null
1994	6	13	null
1994	6	14	null
1994	6	15	null
1994	6	16	null
1994	6	17	null
1994	6	18	null
1994	6	19	null
1994	6	20	null
1994	6	21	null
1994	6	22	null
1994	6	23	null
1994	6	24	null
1994	7	1	0
1994	7	2	0
1994	7	3	0
1994	7	4	0
1994	7	5	0
1994	7	6	0
1994	7	7	0
1994	7	8	0
1994	7	9	0
1994	7	10	0
1994	7	11	0.0100000000000000002
1994	7	12	0.0700000000000000067
1994	7	13	0.0899999999999999967
1994	7	14	0.0400000000000000008
1994	7	15	0.0149999999999999994
1994	7	16	0
1994	7	17	0
1994	7	18	0
1994	7	19	0
1994	7	20	0
1994	7	21	0
1994	7	22	0
1994	7	23	0
1994	7	24	0
1994	8	1	0
1994	8	2	0
1994	8	3	0
1994	8	4	0
1994	8	5	0
1994	8	6	0
1994	8	7	0
1994	8	8	0.00899999999999999932
1994	8	9	0.0609999999999999987
1994	8	10	0.140999999999999986
1994	8	11	0.203999999999999987
1994	8	12	0.252000000000000002
1994	8	13	0.237999999999999989
1994	8	14	0.178999999999999992
1994	8	15	0.107999999999999999
1994	8	16	0.0330000000000000016
1994	8	17	0.00300000000000000006
1994	8	18	0
1994	8	19	0
1994	8	20	0
1994	8	21	0
1994	8	22	0
1994	8	23	0
1994	8	24	0
1994	9	1	0
1994	9	2	0
1994	9	3	0
1994	9	4	0
1994	9	5	0
1994	9	6	0.0120000000000000002
1994	9	7	0.0919999999999999984
1994	9	8	0.281000000000000028
1994	9	9	0.491999999999999993
1994	9	10	0.69399999999999995
1994	9	11	0.838999999999999968
1994	9	12	0.90900000000000003
1994	9	13	0.930000000000000049
1994	9	14	0.868999999999999995
1994	9	15	0.717999999999999972
1994	9	16	0.512000000000000011
1994	9	17	0.278000000000000025
1994	9	18	0.0990000000000000047
1994	9	19	0.00700000000000000015
1994	9	20	0
1994	9	21	0
1994	9	22	0
1994	9	23	0
1994	9	24	0
1994	10	1	0
1994	10	2	0
1994	10	3	0.00100000000000000002
1994	10	4	0.0269999999999999997
1994	10	5	0.129000000000000004
1994	10	6	0.280000000000000027
1994	10	7	0.54500000000000004
1994	10	8	0.832999999999999963
1994	10	9	1.15799999999999992
1994	10	10	1.35899999999999999
1994	10	11	1.54299999999999993
1994	10	12	1.66700000000000004
1994	10	13	1.60099999999999998
1994	10	14	1.54699999999999993
1994	10	15	1.373
1994	10	16	1.123
1994	10	17	0.902000000000000024
1994	10	18	0.609999999999999987
1994	10	19	0.349999999999999978
1994	10	20	0.131000000000000005
1994	10	21	0.0309999999999999998
1994	10	22	0.00300000000000000006
1994	10	23	0
1994	10	24	0
1994	11	1	0.0050000000000000001
1994	11	2	0.0170000000000000012
1994	11	3	0.138000000000000012
1994	11	4	0.346999999999999975
1994	11	5	0.572999999999999954
1994	11	6	0.802000000000000046
1994	11	7	1.12999999999999989
1994	11	8	1.39300000000000002
1994	11	9	1.7629999999999999
1994	11	10	2.08199999999999985
1994	11	11	2.29000000000000004
1994	11	12	2.3879999999999999
1994	11	13	2.40300000000000002
1994	11	14	2.31999999999999984
1994	11	15	2.07900000000000018
1994	11	16	1.73799999999999999
1994	11	17	1.39100000000000001
1994	11	18	1.15199999999999991
1994	11	19	0.927000000000000046
1994	11	20	0.592999999999999972
1994	11	21	0.336000000000000021
1994	11	22	0.123999999999999999
1994	11	23	0.0290000000000000015
1994	11	24	0.0129999999999999994
1994	12	1	0.0149999999999999994
1994	12	2	0.0810000000000000026
1994	12	3	0.251000000000000001
1994	12	4	0.420999999999999985
1994	12	5	0.627000000000000002
1994	12	6	0.902000000000000024
1994	12	7	1.28099999999999992
1994	12	8	1.55499999999999994
1994	12	9	1.81499999999999995
1994	12	10	2.1379999999999999
1994	12	11	2.24699999999999989
1994	12	12	2.32299999999999995
1994	12	13	2.39800000000000013
1994	12	14	2.37000000000000011
1994	12	15	2.20800000000000018
1994	12	16	1.97300000000000009
1994	12	17	1.63300000000000001
1994	12	18	1.34099999999999997
1994	12	19	1.02899999999999991
1994	12	20	0.739999999999999991
1994	12	21	0.467000000000000026
1994	12	22	0.281000000000000028
1994	12	23	0.0919999999999999984
1994	12	24	0.0250000000000000014
1995	1	1	0.0420000000000000026
1995	1	2	0.0680000000000000049
1995	1	3	0.173999999999999988
1995	1	4	0.343000000000000027
1995	1	5	0.567999999999999949
1995	1	6	0.821999999999999953
1995	1	7	1.17100000000000004
1995	1	8	1.53899999999999992
1995	1	9	1.89999999999999991
1995	1	10	2.12400000000000011
1995	1	11	2.23799999999999999
1995	1	12	2.37599999999999989
1995	1	13	2.46899999999999986
1995	1	14	2.30900000000000016
1995	1	15	2.14500000000000002
1995	1	16	1.879
1995	1	17	1.58600000000000008
1995	1	18	1.20900000000000007
1995	1	19	0.89700000000000002
1995	1	20	0.605999999999999983
1995	1	21	0.390000000000000013
1995	1	22	0.180999999999999994
1995	1	23	0.076999999999999999
1995	1	24	0.0459999999999999992
1995	2	1	0.00600000000000000012
1995	2	2	0.00700000000000000015
1995	2	3	0.0219999999999999987
1995	2	4	0.0909999999999999976
1995	2	5	0.248999999999999999
1995	2	6	0.434999999999999998
1995	2	7	0.645000000000000018
1995	2	8	0.880000000000000004
1995	2	9	1.11099999999999999
1995	2	10	1.33200000000000007
1995	2	11	1.45999999999999996
1995	2	12	1.66199999999999992
1995	2	13	1.64599999999999991
1995	2	14	1.59400000000000008
1995	2	15	1.40599999999999992
1995	2	16	1.15500000000000003
1995	2	17	0.924000000000000044
1995	2	18	0.72799999999999998
1995	2	19	0.473999999999999977
1995	2	20	0.234000000000000014
1995	2	21	0.0820000000000000034
1995	2	22	0.0240000000000000005
1995	2	23	0.00600000000000000012
1995	2	24	0.00300000000000000006
1995	3	1	0
1995	3	2	0
1995	3	3	0
1995	3	4	0
1995	3	5	0.0050000000000000001
1995	3	6	0.0500000000000000028
1995	3	7	0.220000000000000001
1995	3	8	0.473999999999999977
1995	3	9	0.731999999999999984
1995	3	10	1.0069999999999999
1995	3	11	1.1319999999999999
1995	3	12	1.15100000000000002
1995	3	13	1.17500000000000004
1995	3	14	1.127
1995	3	15	0.991999999999999993
1995	3	16	0.777000000000000024
1995	3	17	0.53400000000000003
1995	3	18	0.284999999999999976
1995	3	19	0.0859999999999999931
1995	3	20	0.00600000000000000012
1995	3	21	0
1995	3	22	0
1995	3	23	0
1995	3	24	0
1995	4	1	0
1995	4	2	0
1995	4	3	0
1995	4	4	0
1995	4	5	0
1995	4	6	0
1995	4	7	0
1995	4	8	0.0120000000000000002
1995	4	9	0.0749999999999999972
1995	4	10	0.235999999999999988
1995	4	11	0.317000000000000004
1995	4	12	0.357999999999999985
1995	4	13	0.322000000000000008
1995	4	14	0.310999999999999999
1995	4	15	0.234000000000000014
1995	4	16	0.115000000000000005
1995	4	17	0.0280000000000000006
1995	4	18	0.00200000000000000004
1995	4	19	0
1995	4	20	0
1995	4	21	0
1995	4	22	0
1995	4	23	0
1995	4	24	0
1995	5	1	0
1995	5	2	0
1995	5	3	0
1995	5	4	0
1995	5	5	0
1995	5	6	0
1995	5	7	0
1995	5	8	0
1995	5	9	0
1995	5	10	0.00800000000000000017
1995	5	11	0.0449999999999999983
1995	5	12	0.0719999999999999946
1995	5	13	0.0729999999999999954
1995	5	14	0.0420000000000000026
1995	5	15	0.0170000000000000012
1995	5	16	0.00300000000000000006
1995	5	17	0
1995	5	18	0
1995	5	19	0
1995	5	20	0
1995	5	21	0
1995	5	22	0
1995	5	23	0
1995	5	24	0
1995	6	1	null
1995	6	2	null
1995	6	3	null
1995	6	4	null
1995	6	5	null
1995	6	6	null
1995	6	7	null
1995	6	8	null
1995	6	9	null
1995	6	10	null
1995	6	11	null
1995	6	12	null
1995	6	13	null
1995	6	14	null
1995	6	15	null
1995	6	16	null
1995	6	17	null
1995	6	18	null
1995	6	19	null
1995	6	20	null
1995	6	21	null
1995	6	22	null
1995	6	23	null
1995	6	24	null
1995	7	1	0
1995	7	2	0
1995	7	3	0
1995	7	4	0
1995	7	5	0
1995	7	6	0
1995	7	7	0
1995	7	8	0
1995	7	9	0
1995	7	10	0.00200000000000000004
1995	7	11	0.0240000000000000005
1995	7	12	0.0570000000000000021
1995	7	13	0.0529999999999999985
1995	7	14	0.0259999999999999988
1995	7	15	0.00300000000000000006
1995	7	16	0
1995	7	17	0
1995	7	18	0
1995	7	19	0
1995	7	20	0
1995	7	21	0
1995	7	22	0
1995	7	23	0
1995	7	24	0
1995	8	1	0
1995	8	2	0
1995	8	3	0
1995	8	4	0
1995	8	5	0
1995	8	6	0
1995	8	7	0
1995	8	8	0.00200000000000000004
1995	8	9	0.0189999999999999995
1995	8	10	0.0909999999999999976
1995	8	11	0.196000000000000008
1995	8	12	0.257000000000000006
1995	8	13	0.256000000000000005
1995	8	14	0.172999999999999987
1995	8	15	0.0909999999999999976
1995	8	16	0.0340000000000000024
1995	8	17	0.00700000000000000015
1995	8	18	0.00100000000000000002
1995	8	19	0
1995	8	20	0
1995	8	21	0
1995	8	22	0
1995	8	23	0
1995	8	24	0
1995	9	1	0
1995	9	2	0
1995	9	3	0
1995	9	4	0
1995	9	5	0
1995	9	6	0.00700000000000000015
1995	9	7	0.0859999999999999931
1995	9	8	0.310999999999999999
1995	9	9	0.582999999999999963
1995	9	10	0.796000000000000041
1995	9	11	0.944999999999999951
1995	9	12	1.0149999999999999
1995	9	13	1.02699999999999991
1995	9	14	0.948999999999999955
1995	9	15	0.801000000000000045
1995	9	16	0.553000000000000047
1995	9	17	0.278000000000000025
1995	9	18	0.0790000000000000008
1995	9	19	0.00600000000000000012
1995	9	20	0
1995	9	21	0
1995	9	22	0
1995	9	23	0
1995	9	24	0
1995	10	1	0
1995	10	2	0
1995	10	3	0.00400000000000000008
1995	10	4	0.0200000000000000004
1995	10	5	0.102999999999999994
1995	10	6	0.271000000000000019
1995	10	7	0.520000000000000018
1995	10	8	0.831999999999999962
1995	10	9	1.15599999999999992
1995	10	10	1.41399999999999992
1995	10	11	1.62400000000000011
1995	10	12	1.73100000000000009
1995	10	13	1.71700000000000008
1995	10	14	1.6399999999999999
1995	10	15	1.45799999999999996
1995	10	16	1.18799999999999994
1995	10	17	0.918000000000000038
1995	10	18	0.609999999999999987
1995	10	19	0.297999999999999987
1995	10	20	0.0879999999999999949
1995	10	21	0.0100000000000000002
1995	10	22	0
1995	10	23	0
1995	10	24	0
1995	11	1	0
1995	11	2	0.00600000000000000012
1995	11	3	0.100000000000000006
1995	11	4	0.245999999999999996
1995	11	5	0.466000000000000025
1995	11	6	0.696999999999999953
1995	11	7	0.969999999999999973
1995	11	8	1.2370000000000001
1995	11	9	1.54200000000000004
1995	11	10	1.74900000000000011
1995	11	11	1.92100000000000004
1995	11	12	1.98399999999999999
1995	11	13	1.93300000000000005
1995	11	14	1.91599999999999993
1995	11	15	1.77299999999999991
1995	11	16	1.58499999999999996
1995	11	17	1.27499999999999991
1995	11	18	0.980999999999999983
1995	11	19	0.721999999999999975
1995	11	20	0.450000000000000011
1995	11	21	0.239999999999999991
1995	11	22	0.0609999999999999987
1995	11	23	0.00700000000000000015
1995	11	24	0.00300000000000000006
1995	12	1	0.0940000000000000002
1995	12	2	0.179999999999999993
1995	12	3	0.288999999999999979
1995	12	4	0.442000000000000004
1995	12	5	0.631000000000000005
1995	12	6	0.910000000000000031
1995	12	7	1.19300000000000006
1995	12	8	1.45300000000000007
1995	12	9	1.67700000000000005
1995	12	10	1.97799999999999998
1995	12	11	2.11500000000000021
1995	12	12	2.15399999999999991
1995	12	13	2.18199999999999994
1995	12	14	2.08099999999999996
1995	12	15	1.80699999999999994
1995	12	16	1.59699999999999998
1995	12	17	1.39100000000000001
1995	12	18	1.15900000000000003
1995	12	19	0.919000000000000039
1995	12	20	0.699999999999999956
1995	12	21	0.480999999999999983
1995	12	22	0.322000000000000008
1995	12	23	0.162000000000000005
1995	12	24	0.0970000000000000029
1996	1	1	0.0149999999999999994
1996	1	2	0.138000000000000012
1996	1	3	0.333000000000000018
1996	1	4	0.573999999999999955
1996	1	5	0.844999999999999973
1996	1	6	1.20500000000000007
1996	1	7	1.55400000000000005
1996	1	8	1.93300000000000005
1996	1	9	2.20599999999999996
1996	1	10	2.35400000000000009
1996	1	11	2.57100000000000017
1996	1	12	2.61900000000000022
1996	1	13	2.48399999999999999
1996	1	14	2.25599999999999978
1996	1	15	2.00999999999999979
1996	1	16	1.63100000000000001
1996	1	17	1.29200000000000004
1996	1	18	0.966999999999999971
1996	1	19	0.678000000000000047
1996	1	20	0.407999999999999974
1996	1	21	0.154999999999999999
1996	1	22	0.0749999999999999972
1996	1	23	0.0189999999999999995
1996	1	24	0.0050000000000000001
1996	2	1	0
1996	2	2	0
1996	2	3	0.0729999999999999954
1996	2	4	0.247999999999999998
1996	2	5	0.466000000000000025
1996	2	6	0.714999999999999969
1996	2	7	0.859999999999999987
1996	2	8	1.16399999999999992
1996	2	9	1.2649999999999999
1996	2	10	1.43199999999999994
1996	2	11	1.53600000000000003
1996	2	12	1.57400000000000007
1996	2	13	1.56699999999999995
1996	2	14	1.42700000000000005
1996	2	15	1.129
1996	2	16	0.875
1996	2	17	0.597999999999999976
1996	2	18	0.369999999999999996
1996	2	19	0.184999999999999998
1996	2	20	0.0420000000000000026
1996	2	21	0.00700000000000000015
1996	2	22	0.00300000000000000006
1996	2	23	0
1996	2	24	0
1996	3	1	0
1996	3	2	0
1996	3	3	0
1996	3	4	0.00700000000000000015
1996	3	5	0.086999999999999994
1996	3	6	0.284999999999999976
1996	3	7	0.562999999999999945
1996	3	8	0.802000000000000046
1996	3	9	1.0069999999999999
1996	3	10	1.129
1996	3	11	1.19999999999999996
1996	3	12	1.18300000000000005
1996	3	13	1.08499999999999996
1996	3	14	0.937999999999999945
1996	3	15	0.673000000000000043
1996	3	16	0.403000000000000025
1996	3	17	0.161000000000000004
1996	3	18	0.0250000000000000014
1996	3	19	0.00100000000000000002
1996	3	20	0
1996	3	21	0
1996	3	22	0
1996	3	23	0
1996	3	24	0
1996	4	1	0
1996	4	2	0
1996	4	3	0
1996	4	4	0
1996	4	5	0
1996	4	6	0.0109999999999999994
1996	4	7	0.0749999999999999972
1996	4	8	0.212999999999999995
1996	4	9	0.343999999999999972
1996	4	10	0.446000000000000008
1996	4	11	0.471999999999999975
1996	4	12	0.42599999999999999
1996	4	13	0.313
1996	4	14	0.180999999999999994
1996	4	15	0.0700000000000000067
1996	4	16	0.0129999999999999994
1996	4	17	0.00600000000000000012
1996	4	18	0
1996	4	19	0
1996	4	20	0
1996	4	21	0
1996	4	22	0
1996	4	23	0
1996	4	24	0
1996	5	1	null
1996	5	2	null
1996	5	3	null
1996	5	4	null
1996	5	5	null
1996	5	6	null
1996	5	7	null
1996	5	8	null
1996	5	9	null
1996	5	10	null
1996	5	11	null
1996	5	12	null
1996	5	13	null
1996	5	14	null
1996	5	15	null
1996	5	16	null
1996	5	17	null
1996	5	18	null
1996	5	19	null
1996	5	20	null
1996	5	21	null
1996	5	22	null
1996	5	23	null
1996	5	24	null
1996	6	1	null
1996	6	2	null
1996	6	3	null
1996	6	4	null
1996	6	5	null
1996	6	6	null
1996	6	7	null
1996	6	8	null
1996	6	9	null
1996	6	10	null
1996	6	11	null
1996	6	12	null
1996	6	13	null
1996	6	14	null
1996	6	15	null
1996	6	16	null
1996	6	17	null
1996	6	18	null
1996	6	19	null
1996	6	20	null
1996	6	21	null
1996	6	22	null
1996	6	23	null
1996	6	24	null
1996	7	1	0
1996	7	2	0
1996	7	3	0
1996	7	4	0
1996	7	5	0
1996	7	6	0
1996	7	7	0
1996	7	8	0
1996	7	9	0.00400000000000000008
1996	7	10	0.0140000000000000003
1996	7	11	0.0259999999999999988
1996	7	12	0.0160000000000000003
1996	7	13	0.0109999999999999994
1996	7	14	0.00400000000000000008
1996	7	15	0
1996	7	16	0
1996	7	17	0
1996	7	18	0
1996	7	19	0
1996	7	20	0
1996	7	21	0
1996	7	22	0
1996	7	23	0
1996	7	24	0
1996	8	1	0
1996	8	2	0
1996	8	3	0
1996	8	4	0
1996	8	5	0
1996	8	6	0
1996	8	7	0.00899999999999999932
1996	8	8	0.0619999999999999996
1996	8	9	0.145999999999999991
1996	8	10	0.236999999999999988
1996	8	11	0.286999999999999977
1996	8	12	0.265000000000000013
1996	8	13	0.173999999999999988
1996	8	14	0.067000000000000004
1996	8	15	0.0100000000000000002
1996	8	16	0
1996	8	17	0
1996	8	18	0
1996	8	19	0
1996	8	20	0
1996	8	21	0
1996	8	22	0
1996	8	23	0
1996	8	24	0
1996	9	1	0
1996	9	2	0
1996	9	3	0
1996	9	4	0.00100000000000000002
1996	9	5	0.0280000000000000006
1996	9	6	0.120999999999999996
1996	9	7	0.280000000000000027
1996	9	8	0.467000000000000026
1996	9	9	0.594999999999999973
1996	9	10	0.672000000000000042
1996	9	11	0.72699999999999998
1996	9	12	0.630000000000000004
1996	9	13	0.52200000000000002
1996	9	14	0.400000000000000022
1996	9	15	0.213999999999999996
1996	9	16	0.076999999999999999
1996	9	17	0.0189999999999999995
1996	9	18	0.00200000000000000004
1996	9	19	0
1996	9	20	0
1996	9	21	0
1996	9	22	0
1996	9	23	0
1996	9	24	0
1996	10	1	0
1996	10	2	0.0129999999999999994
1996	10	3	0.096000000000000002
1996	10	4	0.219
1996	10	5	0.472999999999999976
1996	10	6	0.72699999999999998
1996	10	7	0.995999999999999996
1996	10	8	1.24900000000000011
1996	10	9	1.40300000000000002
1996	10	10	1.5109999999999999
1996	10	11	1.504
1996	10	12	1.41900000000000004
1996	10	13	1.30800000000000005
1996	10	14	1.09600000000000009
1996	10	15	0.810000000000000053
1996	10	16	0.530000000000000027
1996	10	17	0.276000000000000023
1996	10	18	0.100000000000000006
1996	10	19	0.0050000000000000001
1996	10	20	0
1996	10	21	0
1996	10	22	0
1996	10	23	0
1996	10	24	0
1996	11	1	0.096000000000000002
1996	11	2	0.292999999999999983
1996	11	3	0.549000000000000044
1996	11	4	0.790000000000000036
1996	11	5	1.09099999999999997
1996	11	6	1.42399999999999993
1996	11	7	1.74199999999999999
1996	11	8	2.00999999999999979
1996	11	9	2.18000000000000016
1996	11	10	2.25199999999999978
1996	11	11	2.22599999999999998
1996	11	12	2.13099999999999978
1996	11	13	1.91799999999999993
1996	11	14	1.65900000000000003
1996	11	15	1.39500000000000002
1996	11	16	1.07099999999999995
1996	11	17	0.796000000000000041
1996	11	18	0.581999999999999962
1996	11	19	0.303999999999999992
1996	11	20	0.117999999999999994
1996	11	21	0.0439999999999999974
1996	11	22	0.0250000000000000014
1996	11	23	0.0240000000000000005
1996	11	24	0.0290000000000000015
1996	12	1	0.275000000000000022
1996	12	2	0.440000000000000002
1996	12	3	0.626000000000000001
1996	12	4	0.879000000000000004
1996	12	5	1.17999999999999994
1996	12	6	1.43599999999999994
1996	12	7	1.72199999999999998
1996	12	8	1.98100000000000009
1996	12	9	2.12800000000000011
1996	12	10	2.28900000000000015
1996	12	11	2.36500000000000021
1996	12	12	2.36299999999999999
1996	12	13	2.15300000000000002
1996	12	14	1.87200000000000011
1996	12	15	1.625
1996	12	16	1.32800000000000007
1996	12	17	1.05600000000000005
1996	12	18	0.805000000000000049
1996	12	19	0.554000000000000048
1996	12	20	0.354999999999999982
1996	12	21	0.130000000000000004
1996	12	22	0.0619999999999999996
1996	12	23	0.0259999999999999988
1996	12	24	0.0129999999999999994
1997	1	1	0.0179999999999999986
1997	1	2	0.0879999999999999949
1997	1	3	0.241999999999999993
1997	1	4	0.409999999999999976
1997	1	5	0.610999999999999988
1997	1	6	0.900000000000000022
1997	1	7	1.27099999999999991
1997	1	8	1.55200000000000005
1997	1	9	1.87200000000000011
1997	1	10	2.15799999999999992
1997	1	11	2.37199999999999989
1997	1	12	2.42099999999999982
1997	1	13	2.49299999999999988
1997	1	14	2.33700000000000019
1997	1	15	2.20199999999999996
1997	1	16	1.93199999999999994
1997	1	17	1.625
1997	1	18	1.31600000000000006
1997	1	19	1.00299999999999989
1997	1	20	0.699999999999999956
1997	1	21	0.443000000000000005
1997	1	22	0.20699999999999999
1997	1	23	0.0490000000000000019
1997	1	24	0.0149999999999999994
1997	2	1	0.00300000000000000006
1997	2	2	0.00600000000000000012
1997	2	3	0.0100000000000000002
1997	2	4	0.0630000000000000004
1997	2	5	0.248999999999999999
1997	2	6	0.445000000000000007
1997	2	7	0.686000000000000054
1997	2	8	0.937000000000000055
1997	2	9	1.22900000000000009
1997	2	10	1.47599999999999998
1997	2	11	1.71399999999999997
1997	2	12	1.81699999999999995
1997	2	13	1.94700000000000006
1997	2	14	1.92500000000000004
1997	2	15	1.79099999999999993
1997	2	16	1.53400000000000003
1997	2	17	1.26899999999999991
1997	2	18	0.947999999999999954
1997	2	19	0.652000000000000024
1997	2	20	0.378000000000000003
1997	2	21	0.110000000000000001
1997	2	22	0.0210000000000000013
1997	2	23	0.00100000000000000002
1997	2	24	0
1997	3	1	0
1997	3	2	0
1997	3	3	0
1997	3	4	0
1997	3	5	0.00100000000000000002
1997	3	6	0.0229999999999999996
1997	3	7	0.170000000000000012
1997	3	8	0.441000000000000003
1997	3	9	0.712999999999999967
1997	3	10	0.978999999999999981
1997	3	11	1.07899999999999996
1997	3	12	1.1319999999999999
1997	3	13	1.15599999999999992
1997	3	14	1.04600000000000004
1997	3	15	0.908000000000000029
1997	3	16	0.683000000000000052
1997	3	17	0.433999999999999997
1997	3	18	0.181999999999999995
1997	3	19	0.0459999999999999992
1997	3	20	0.0050000000000000001
1997	3	21	0
1997	3	22	0
1997	3	23	0
1997	3	24	0
1997	4	1	0
1997	4	2	0
1997	4	3	0
1997	4	4	0
1997	4	5	0
1997	4	6	0
1997	4	7	0
1997	4	8	0.0189999999999999995
1997	4	9	0.135000000000000009
1997	4	10	0.271000000000000019
1997	4	11	0.372999999999999998
1997	4	12	0.450000000000000011
1997	4	13	0.420999999999999985
1997	4	14	0.32400000000000001
1997	4	15	0.220000000000000001
1997	4	16	0.104999999999999996
1997	4	17	0.0129999999999999994
1997	4	18	0
1997	4	19	0
1997	4	20	0
1997	4	21	0
1997	4	22	0
1997	4	23	0
1997	4	24	0
1997	5	1	0
1997	5	2	0
1997	5	3	0
1997	5	4	0
1997	5	5	0
1997	5	6	0
1997	5	7	0
1997	5	8	0
1997	5	9	0
1997	5	10	0.0050000000000000001
1997	5	11	0.0429999999999999966
1997	5	12	0.0759999999999999981
1997	5	13	0.0680000000000000049
1997	5	14	0.0459999999999999992
1997	5	15	0.0109999999999999994
1997	5	16	0.00100000000000000002
1997	5	17	0
1997	5	18	0
1997	5	19	0
1997	5	20	0
1997	5	21	0
1997	5	22	0
1997	5	23	0
1997	5	24	0
1997	6	1	null
1997	6	2	null
1997	6	3	null
1997	6	4	null
1997	6	5	null
1997	6	6	null
1997	6	7	null
1997	6	8	null
1997	6	9	null
1997	6	10	null
1997	6	11	null
1997	6	12	null
1997	6	13	null
1997	6	14	null
1997	6	15	null
1997	6	16	null
1997	6	17	null
1997	6	18	null
1997	6	19	null
1997	6	20	null
1997	6	21	null
1997	6	22	null
1997	6	23	null
1997	6	24	null
1997	7	1	null
1997	7	2	null
1997	7	3	null
1997	7	4	null
1997	7	5	null
1997	7	6	null
1997	7	7	null
1997	7	8	null
1997	7	9	null
1997	7	10	null
1997	7	11	null
1997	7	12	null
1997	7	13	null
1997	7	14	null
1997	7	15	null
1997	7	16	null
1997	7	17	null
1997	7	18	null
1997	7	19	null
1997	7	20	null
1997	7	21	null
1997	7	22	null
1997	7	23	null
1997	7	24	null
1997	8	1	0
1997	8	2	0
1997	8	3	0
1997	8	4	0
1997	8	5	0
1997	8	6	0
1997	8	7	0
1997	8	8	0.00300000000000000006
1997	8	9	0.0379999999999999991
1997	8	10	0.127000000000000002
1997	8	11	0.236999999999999988
1997	8	12	0.308999999999999997
1997	8	13	0.308999999999999997
1997	8	14	0.251000000000000001
1997	8	15	0.14499999999999999
1997	8	16	0.0539999999999999994
1997	8	17	0.00600000000000000012
1997	8	18	0
1997	8	19	0
1997	8	20	0
1997	8	21	0
1997	8	22	0
1997	8	23	0
1997	8	24	0
1997	9	1	0
1997	9	2	0
1997	9	3	0
1997	9	4	0
1997	9	5	0
1997	9	6	0.00200000000000000004
1997	9	7	0.0509999999999999967
1997	9	8	0.210999999999999993
1997	9	9	0.431999999999999995
1997	9	10	0.641000000000000014
1997	9	11	0.792000000000000037
1997	9	12	0.843999999999999972
1997	9	13	0.853999999999999981
1997	9	14	0.770000000000000018
1997	9	15	0.620999999999999996
1997	9	16	0.424999999999999989
1997	9	17	0.223000000000000004
1997	9	18	0.0630000000000000004
1997	9	19	0.0050000000000000001
1997	9	20	0
1997	9	21	0
1997	9	22	0
1997	9	23	0
1997	9	24	0
1997	10	1	0
1997	10	2	0
1997	10	3	0
1997	10	4	0.0250000000000000014
1997	10	5	0.154999999999999999
1997	10	6	0.356999999999999984
1997	10	7	0.690999999999999948
1997	10	8	1.02200000000000002
1997	10	9	1.32499999999999996
1997	10	10	1.61699999999999999
1997	10	11	1.81400000000000006
1997	10	12	1.84099999999999997
1997	10	13	1.82600000000000007
1997	10	14	1.71300000000000008
1997	10	15	1.53699999999999992
1997	10	16	1.23799999999999999
1997	10	17	0.97699999999999998
1997	10	18	0.698999999999999955
1997	10	19	0.408999999999999975
1997	10	20	0.133000000000000007
1997	10	21	0.0160000000000000003
1997	10	22	0.00100000000000000002
1997	10	23	0
1997	10	24	0
1997	11	1	0.00600000000000000012
1997	11	2	0.0109999999999999994
1997	11	3	0.0790000000000000008
1997	11	4	0.235999999999999988
1997	11	5	0.417999999999999983
1997	11	6	0.639000000000000012
1997	11	7	0.907000000000000028
1997	11	8	1.17799999999999994
1997	11	9	1.43100000000000005
1997	11	10	1.66599999999999993
1997	11	11	1.83200000000000007
1997	11	12	1.94999999999999996
1997	11	13	2.02800000000000002
1997	11	14	2.01200000000000001
1997	11	15	1.7669999999999999
1997	11	16	1.54099999999999993
1997	11	17	1.25299999999999989
1997	11	18	0.95499999999999996
1997	11	19	0.699999999999999956
1997	11	20	0.451000000000000012
1997	11	21	0.231000000000000011
1997	11	22	0.0850000000000000061
1997	11	23	0.0189999999999999995
1997	11	24	0.00800000000000000017
1997	12	1	0.0200000000000000004
1997	12	2	0.135000000000000009
1997	12	3	0.338000000000000023
1997	12	4	0.495999999999999996
1997	12	5	0.717999999999999972
1997	12	6	1.0089999999999999
1997	12	7	1.3660000000000001
1997	12	8	1.68100000000000005
1997	12	9	1.99500000000000011
1997	12	10	2.31700000000000017
1997	12	11	2.50700000000000012
1997	12	12	2.61100000000000021
1997	12	13	2.54499999999999993
1997	12	14	2.56199999999999983
1997	12	15	2.40700000000000003
1997	12	16	2.11799999999999988
1997	12	17	1.7410000000000001
1997	12	18	1.41500000000000004
1997	12	19	1.09499999999999997
1997	12	20	0.788000000000000034
1997	12	21	0.533000000000000029
1997	12	22	0.343000000000000027
1997	12	23	0.0909999999999999976
1997	12	24	0.0200000000000000004
1998	1	1	0.00700000000000000015
1998	1	2	0.0640000000000000013
1998	1	3	0.220000000000000001
1998	1	4	0.415999999999999981
1998	1	5	0.585999999999999965
1998	1	6	0.876000000000000001
1998	1	7	1.14300000000000002
1998	1	8	1.498
1998	1	9	1.80699999999999994
1998	1	10	2.02700000000000014
1998	1	11	2.246
1998	1	12	2.30500000000000016
1998	1	13	2.29999999999999982
1998	1	14	2.2370000000000001
1998	1	15	2.05399999999999983
1998	1	16	1.75499999999999989
1998	1	17	1.45799999999999996
1998	1	18	1.07899999999999996
1998	1	19	0.808000000000000052
1998	1	20	0.577999999999999958
1998	1	21	0.365999999999999992
1998	1	22	0.184999999999999998
1998	1	23	0.0410000000000000017
1998	1	24	0.00700000000000000015
1998	2	1	0.00400000000000000008
1998	2	2	0.0100000000000000002
1998	2	3	0.0509999999999999967
1998	2	4	0.135000000000000009
1998	2	5	0.284999999999999976
1998	2	6	0.564999999999999947
1998	2	7	0.887000000000000011
1998	2	8	1.18500000000000005
1998	2	9	1.52400000000000002
1998	2	10	1.75299999999999989
1998	2	11	1.91599999999999993
1998	2	12	1.98100000000000009
1998	2	13	1.92399999999999993
1998	2	14	1.85200000000000009
1998	2	15	1.67999999999999994
1998	2	16	1.37799999999999989
1998	2	17	1.08400000000000007
1998	2	18	0.79500000000000004
1998	2	19	0.492999999999999994
1998	2	20	0.23899999999999999
1998	2	21	0.0570000000000000021
1998	2	22	0.0140000000000000003
1998	2	23	0.00600000000000000012
1998	2	24	0.00400000000000000008
1998	3	1	0
1998	3	2	0
1998	3	3	0
1998	3	4	0.00200000000000000004
1998	3	5	0.0250000000000000014
1998	3	6	0.139000000000000012
1998	3	7	0.356999999999999984
1998	3	8	0.596999999999999975
1998	3	9	0.781000000000000028
1998	3	10	0.880000000000000004
1998	3	11	0.972999999999999976
1998	3	12	0.968999999999999972
1998	3	13	0.913000000000000034
1998	3	14	0.804000000000000048
1998	3	15	0.632000000000000006
1998	3	16	0.459000000000000019
1998	3	17	0.240999999999999992
1998	3	18	0.0850000000000000061
1998	3	19	0.0219999999999999987
1998	3	20	0.0149999999999999994
1998	3	21	0.00100000000000000002
1998	3	22	0
1998	3	23	0
1998	3	24	0
1998	4	1	0
1998	4	2	0
1998	4	3	0
1998	4	4	0
1998	4	5	0
1998	4	6	0.00100000000000000002
1998	4	7	0.0410000000000000017
1998	4	8	0.192000000000000004
1998	4	9	0.373999999999999999
1998	4	10	0.530000000000000027
1998	4	11	0.605999999999999983
1998	4	12	0.589999999999999969
1998	4	13	0.478999999999999981
1998	4	14	0.33500000000000002
1998	4	15	0.153999999999999998
1998	4	16	0.0290000000000000015
1998	4	17	0.00200000000000000004
1998	4	18	0
1998	4	19	0
1998	4	20	0
1998	4	21	0
1998	4	22	0
1998	4	23	0
1998	4	24	0
1998	5	1	0
1998	5	2	0
1998	5	3	0
1998	5	4	0
1998	5	5	0
1998	5	6	0
1998	5	7	0
1998	5	8	0
1998	5	9	0.0050000000000000001
1998	5	10	0.0490000000000000019
1998	5	11	0.0899999999999999967
1998	5	12	0.0889999999999999958
1998	5	13	0.0509999999999999967
1998	5	14	0.0120000000000000002
1998	5	15	0
1998	5	16	0
1998	5	17	0
1998	5	18	0
1998	5	19	0
1998	5	20	0
1998	5	21	0
1998	5	22	0
1998	5	23	0
1998	5	24	0
1998	6	1	null
1998	6	2	null
1998	6	3	null
1998	6	4	null
1998	6	5	null
1998	6	6	null
1998	6	7	null
1998	6	8	null
1998	6	9	null
1998	6	10	null
1998	6	11	null
1998	6	12	null
1998	6	13	null
1998	6	14	null
1998	6	15	null
1998	6	16	null
1998	6	17	null
1998	6	18	null
1998	6	19	null
1998	6	20	null
1998	6	21	null
1998	6	22	null
1998	6	23	null
1998	6	24	null
1998	7	1	null
1998	7	2	null
1998	7	3	null
1998	7	4	null
1998	7	5	null
1998	7	6	null
1998	7	7	null
1998	7	8	null
1998	7	9	null
1998	7	10	null
1998	7	11	null
1998	7	12	null
1998	7	13	null
1998	7	14	null
1998	7	15	null
1998	7	16	null
1998	7	17	null
1998	7	18	null
1998	7	19	null
1998	7	20	null
1998	7	21	null
1998	7	22	null
1998	7	23	null
1998	7	24	null
1998	8	1	0
1998	8	2	0
1998	8	3	0
1998	8	4	0
1998	8	5	0
1998	8	6	0
1998	8	7	0
1998	8	8	0.0259999999999999988
1998	8	9	0.117999999999999994
1998	8	10	0.226000000000000006
1998	8	11	0.285999999999999976
1998	8	12	0.299999999999999989
1998	8	13	0.242999999999999994
1998	8	14	0.14499999999999999
1998	8	15	0.0389999999999999999
1998	8	16	0.00200000000000000004
1998	8	17	0
1998	8	18	0
1998	8	19	0
1998	8	20	0
1998	8	21	0
1998	8	22	0
1998	8	23	0
1998	8	24	0
1998	9	1	0
1998	9	2	0
1998	9	3	0
1998	9	4	0
1998	9	5	0.00400000000000000008
1998	9	6	0.0729999999999999954
1998	9	7	0.296999999999999986
1998	9	8	0.558000000000000052
1998	9	9	0.765000000000000013
1998	9	10	0.89800000000000002
1998	9	11	0.989999999999999991
1998	9	12	0.955999999999999961
1998	9	13	0.887000000000000011
1998	9	14	0.757000000000000006
1998	9	15	0.547000000000000042
1998	9	16	0.290999999999999981
1998	9	17	0.0980000000000000038
1998	9	18	0.0140000000000000003
1998	9	19	0.00200000000000000004
1998	9	20	0
1998	9	21	0
1998	9	22	0
1998	9	23	0
1998	9	24	0
1998	10	1	0
1998	10	2	0.00100000000000000002
1998	10	3	0.0149999999999999994
1998	10	4	0.101000000000000006
1998	10	5	0.315000000000000002
1998	10	6	0.609999999999999987
1998	10	7	0.924000000000000044
1998	10	8	1.21799999999999997
1998	10	9	1.43399999999999994
1998	10	10	1.59600000000000009
1998	10	11	1.69500000000000006
1998	10	12	1.66799999999999993
1998	10	13	1.55600000000000005
1998	10	14	1.39399999999999991
1998	10	15	1.10699999999999998
1998	10	16	0.812000000000000055
1998	10	17	0.535000000000000031
1998	10	18	0.248999999999999999
1998	10	19	0.0749999999999999972
1998	10	20	0.0100000000000000002
1998	10	21	0.00200000000000000004
1998	10	22	0
1998	10	23	0
1998	10	24	0
1998	11	1	0.0290000000000000015
1998	11	2	0.148999999999999994
1998	11	3	0.344999999999999973
1998	11	4	0.57999999999999996
1998	11	5	0.907000000000000028
1998	11	6	1.21199999999999997
1998	11	7	1.57200000000000006
1998	11	8	1.86899999999999999
1998	11	9	2.12300000000000022
1998	11	10	2.28500000000000014
1998	11	11	2.35199999999999987
1998	11	12	2.3490000000000002
1998	11	13	2.29700000000000015
1998	11	14	2.11399999999999988
1998	11	15	1.86099999999999999
1998	11	16	1.58499999999999996
1998	11	17	1.2410000000000001
1998	11	18	0.910000000000000031
1998	11	19	0.626000000000000001
1998	11	20	0.361999999999999988
1998	11	21	0.138000000000000012
1998	11	22	0.0179999999999999986
1998	11	23	0.00300000000000000006
1998	11	24	0
1998	12	1	0.158000000000000002
1998	12	2	0.35199999999999998
1998	12	3	0.501000000000000001
1998	12	4	0.736999999999999988
1998	12	5	0.987999999999999989
1998	12	6	1.30600000000000005
1998	12	7	1.61499999999999999
1998	12	8	1.93300000000000005
1998	12	9	2.1469999999999998
1998	12	10	2.30500000000000016
1998	12	11	2.38700000000000001
1998	12	12	2.42099999999999982
1998	12	13	2.37599999999999989
1998	12	14	2.09699999999999998
1998	12	15	1.88500000000000001
1998	12	16	1.54899999999999993
1998	12	17	1.254
1998	12	18	0.971999999999999975
1998	12	19	0.725999999999999979
1998	12	20	0.548000000000000043
1998	12	21	0.332000000000000017
1998	12	22	0.114000000000000004
1998	12	23	0.0129999999999999994
1998	12	24	0.00200000000000000004
1999	1	1	0.0200000000000000004
1999	1	2	0.111000000000000001
1999	1	3	0.278000000000000025
1999	1	4	0.428999999999999992
1999	1	5	0.662000000000000033
1999	1	6	0.894000000000000017
1999	1	7	1.20399999999999996
1999	1	8	1.58000000000000007
1999	1	9	1.83499999999999996
1999	1	10	1.97999999999999998
1999	1	11	2.07200000000000006
1999	1	12	1.9850000000000001
1999	1	13	2.11900000000000022
1999	1	14	1.92900000000000005
1999	1	15	1.81200000000000006
1999	1	16	1.53400000000000003
1999	1	17	1.2589999999999999
1999	1	18	0.944999999999999951
1999	1	19	0.628000000000000003
1999	1	20	0.399000000000000021
1999	1	21	0.223000000000000004
1999	1	22	0.0619999999999999996
1999	1	23	0.00899999999999999932
1999	1	24	0.00400000000000000008
1999	2	1	0
1999	2	2	0
1999	2	3	0.0359999999999999973
1999	2	4	0.165000000000000008
1999	2	5	0.350999999999999979
1999	2	6	0.623999999999999999
1999	2	7	0.902000000000000024
1999	2	8	1.18100000000000005
1999	2	9	1.47399999999999998
1999	2	10	1.65700000000000003
1999	2	11	1.82200000000000006
1999	2	12	1.89700000000000002
1999	2	13	1.81899999999999995
1999	2	14	1.66599999999999993
1999	2	15	1.44799999999999995
1999	2	16	1.22599999999999998
1999	2	17	0.929000000000000048
1999	2	18	0.635000000000000009
1999	2	19	0.348999999999999977
1999	2	20	0.125
1999	2	21	0.0210000000000000013
1999	2	22	0.00100000000000000002
1999	2	23	0
1999	2	24	0
1999	3	1	0
1999	3	2	0
1999	3	3	0
1999	3	4	0
1999	3	5	0.0179999999999999986
1999	3	6	0.141999999999999987
1999	3	7	0.384000000000000008
1999	3	8	0.622999999999999998
1999	3	9	0.816999999999999948
1999	3	10	1.02000000000000002
1999	3	11	1.1419999999999999
1999	3	12	1.14799999999999991
1999	3	13	1.1379999999999999
1999	3	14	0.968999999999999972
1999	3	15	0.77200000000000002
1999	3	16	0.526000000000000023
1999	3	17	0.266000000000000014
1999	3	18	0.0909999999999999976
1999	3	19	0.0120000000000000002
1999	3	20	0
1999	3	21	0
1999	3	22	0
1999	3	23	0
1999	3	24	0
1999	4	1	0
1999	4	2	0
1999	4	3	0
1999	4	4	0
1999	4	5	0
1999	4	6	0
1999	4	7	0.0210000000000000013
1999	4	8	0.140999999999999986
1999	4	9	0.328000000000000014
1999	4	10	0.47699999999999998
1999	4	11	0.547000000000000042
1999	4	12	0.595999999999999974
1999	4	13	0.538000000000000034
1999	4	14	0.392000000000000015
1999	4	15	0.212999999999999995
1999	4	16	0.0609999999999999987
1999	4	17	0.00400000000000000008
1999	4	18	0
1999	4	19	0
1999	4	20	0
1999	4	21	0
1999	4	22	0
1999	4	23	0
1999	4	24	0
1999	5	1	0
1999	5	2	0
1999	5	3	0
1999	5	4	0
1999	5	5	0
1999	5	6	0
1999	5	7	0
1999	5	8	0
1999	5	9	0.00300000000000000006
1999	5	10	0.0560000000000000012
1999	5	11	0.114000000000000004
1999	5	12	0.120999999999999996
1999	5	13	0.0739999999999999963
1999	5	14	0.0129999999999999994
1999	5	15	0
1999	5	16	0
1999	5	17	0
1999	5	18	0
1999	5	19	0
1999	5	20	0
1999	5	21	0
1999	5	22	0
1999	5	23	0
1999	5	24	0
1999	6	1	null
1999	6	2	null
1999	6	3	null
1999	6	4	null
1999	6	5	null
1999	6	6	null
1999	6	7	null
1999	6	8	null
1999	6	9	null
1999	6	10	null
1999	6	11	null
1999	6	12	null
1999	6	13	null
1999	6	14	null
1999	6	15	null
1999	6	16	null
1999	6	17	null
1999	6	18	null
1999	6	19	null
1999	6	20	null
1999	6	21	null
1999	6	22	null
1999	6	23	null
1999	6	24	null
1999	7	1	0
1999	7	2	0
1999	7	3	0
1999	7	4	0
1999	7	5	0
1999	7	6	0
1999	7	7	0
1999	7	8	0
1999	7	9	0
1999	7	10	0
1999	7	11	0.0529999999999999985
1999	7	12	0.0700000000000000067
1999	7	13	0.0170000000000000012
1999	7	14	0
1999	7	15	0
1999	7	16	0
1999	7	17	0
1999	7	18	0
1999	7	19	0
1999	7	20	0
1999	7	21	0
1999	7	22	0
1999	7	23	0
1999	7	24	0
1999	8	1	0
1999	8	2	0
1999	8	3	0
1999	8	4	0
1999	8	5	0
1999	8	6	0
1999	8	7	0
1999	8	8	0.0109999999999999994
1999	8	9	0.0550000000000000003
1999	8	10	0.133000000000000007
1999	8	11	0.172999999999999987
1999	8	12	0.170000000000000012
1999	8	13	0.142999999999999988
1999	8	14	0.0859999999999999931
1999	8	15	0.0269999999999999997
1999	8	16	0.00200000000000000004
1999	8	17	0
1999	8	18	0
1999	8	19	0
1999	8	20	0
1999	8	21	0
1999	8	22	0
1999	8	23	0
1999	8	24	0
1999	9	1	0
1999	9	2	0
1999	9	3	0
1999	9	4	0
1999	9	5	0.00600000000000000012
1999	9	6	0.0560000000000000012
1999	9	7	0.203999999999999987
1999	9	8	0.419999999999999984
1999	9	9	0.611999999999999988
1999	9	10	0.77200000000000002
1999	9	11	0.875
1999	9	12	0.907000000000000028
1999	9	13	0.853999999999999981
1999	9	14	0.702999999999999958
1999	9	15	0.510000000000000009
1999	9	16	0.283999999999999975
1999	9	17	0.0990000000000000047
1999	9	18	0.0050000000000000001
1999	9	19	0
1999	9	20	0
1999	9	21	0
1999	9	22	0
1999	9	23	0
1999	9	24	0
1999	10	1	0
1999	10	2	0
1999	10	3	0.0129999999999999994
1999	10	4	0.0950000000000000011
1999	10	5	0.267000000000000015
1999	10	6	0.589999999999999969
1999	10	7	0.978999999999999981
1999	10	8	1.30699999999999994
1999	10	9	1.56899999999999995
1999	10	10	1.7649999999999999
1999	10	11	1.82499999999999996
1999	10	12	1.84299999999999997
1999	10	13	1.70999999999999996
1999	10	14	1.55499999999999994
1999	10	15	1.28899999999999992
1999	10	16	0.945999999999999952
1999	10	17	0.607999999999999985
1999	10	18	0.305999999999999994
1999	10	19	0.0840000000000000052
1999	10	20	0.00899999999999999932
1999	10	21	0
1999	10	22	0
1999	10	23	0
1999	10	24	0
1999	11	1	0.0170000000000000012
1999	11	2	0.145999999999999991
1999	11	3	0.39800000000000002
1999	11	4	0.667000000000000037
1999	11	5	0.968999999999999972
1999	11	6	1.28400000000000003
1999	11	7	1.58800000000000008
1999	11	8	1.89799999999999991
1999	11	9	2.13200000000000012
1999	11	10	2.33099999999999996
1999	11	11	2.38700000000000001
1999	11	12	2.38899999999999979
1999	11	13	2.31099999999999994
1999	11	14	2.15899999999999981
1999	11	15	1.91399999999999992
1999	11	16	1.64399999999999991
1999	11	17	1.2629999999999999
1999	11	18	0.927000000000000046
1999	11	19	0.649000000000000021
1999	11	20	0.371999999999999997
1999	11	21	0.104999999999999996
1999	11	22	0.0160000000000000003
1999	11	23	0.0050000000000000001
1999	11	24	0
1999	12	1	0.0630000000000000004
1999	12	2	0.228000000000000008
1999	12	3	0.404000000000000026
1999	12	4	0.658000000000000029
1999	12	5	0.963999999999999968
1999	12	6	1.29299999999999993
1999	12	7	1.64799999999999991
1999	12	8	1.94799999999999995
1999	12	9	2.21799999999999997
1999	12	10	2.54499999999999993
1999	12	11	2.65200000000000014
1999	12	12	2.66000000000000014
1999	12	13	2.45800000000000018
1999	12	14	2.37800000000000011
1999	12	15	2.07299999999999995
1999	12	16	1.70999999999999996
1999	12	17	1.42900000000000005
1999	12	18	1.07699999999999996
1999	12	19	0.776000000000000023
1999	12	20	0.519000000000000017
1999	12	21	0.277000000000000024
1999	12	22	0.0919999999999999984
1999	12	23	0.00899999999999999932
1999	12	24	0.00100000000000000002
2000	1	1	0.125
2000	1	2	0.312
2000	1	3	0.558000000000000052
2000	1	4	0.824999999999999956
2000	1	5	1.16700000000000004
2000	1	6	1.54400000000000004
2000	1	7	1.871
2000	1	8	2.18900000000000006
2000	1	9	2.40600000000000014
2000	1	10	2.55600000000000005
2000	1	11	2.62000000000000011
2000	1	12	2.56199999999999983
2000	1	13	2.43699999999999983
2000	1	14	2.25999999999999979
2000	1	15	2.0129999999999999
2000	1	16	1.69700000000000006
2000	1	17	1.28800000000000003
2000	1	18	0.910000000000000031
2000	1	19	0.668000000000000038
2000	1	20	0.391000000000000014
2000	1	21	0.143999999999999989
2000	1	22	0.0609999999999999987
2000	1	23	0.0519999999999999976
2000	1	24	0.0539999999999999994
2000	2	1	0
2000	2	2	0.00700000000000000015
2000	2	3	0.076999999999999999
2000	2	4	0.265000000000000013
2000	2	5	0.485999999999999988
2000	2	6	0.797000000000000042
2000	2	7	1.1319999999999999
2000	2	8	1.41700000000000004
2000	2	9	1.64599999999999991
2000	2	10	1.81699999999999995
2000	2	11	1.92900000000000005
2000	2	12	1.873
2000	2	13	1.8680000000000001
2000	2	14	1.68500000000000005
2000	2	15	1.44999999999999996
2000	2	16	1.14399999999999991
2000	2	17	0.790000000000000036
2000	2	18	0.551000000000000045
2000	2	19	0.271000000000000019
2000	2	20	0.0449999999999999983
2000	2	21	0
2000	2	22	0
2000	2	23	0
2000	2	24	0
2000	3	1	0
2000	3	2	0.00300000000000000006
2000	3	3	0.0369999999999999982
2000	3	4	0.129000000000000004
2000	3	5	0.263000000000000012
2000	3	6	0.501000000000000001
2000	3	7	0.807000000000000051
2000	3	8	1.05600000000000005
2000	3	9	1.28600000000000003
2000	3	10	1.46100000000000008
2000	3	11	1.55299999999999994
2000	3	12	1.52200000000000002
2000	3	13	1.45700000000000007
2000	3	14	1.27699999999999991
2000	3	15	1.04000000000000004
2000	3	16	0.763000000000000012
2000	3	17	0.47699999999999998
2000	3	18	0.294999999999999984
2000	3	19	0.134000000000000008
2000	3	20	0.0219999999999999987
2000	3	21	0
2000	3	22	0
2000	3	23	0
2000	3	24	0
2000	4	1	0
2000	4	2	0
2000	4	3	0
2000	4	4	0
2000	4	5	0
2000	4	6	0.00300000000000000006
2000	4	7	0.0470000000000000001
2000	4	8	0.143999999999999989
2000	4	9	0.283999999999999975
2000	4	10	0.383000000000000007
2000	4	11	0.422999999999999987
2000	4	12	0.378000000000000003
2000	4	13	0.282999999999999974
2000	4	14	0.166000000000000009
2000	4	15	0.0539999999999999994
2000	4	16	0.00300000000000000006
2000	4	17	0
2000	4	18	0
2000	4	19	0
2000	4	20	0
2000	4	21	0
2000	4	22	0
2000	4	23	0
2000	4	24	0
2000	5	1	0
2000	5	2	0
2000	5	3	0
2000	5	4	0
2000	5	5	0
2000	5	6	0
2000	5	7	0
2000	5	8	0
2000	5	9	0.00899999999999999932
2000	5	10	0.0389999999999999999
2000	5	11	0.0550000000000000003
2000	5	12	0.0580000000000000029
2000	5	13	0.0109999999999999994
2000	5	14	0
2000	5	15	0
2000	5	16	0
2000	5	17	0
2000	5	18	0
2000	5	19	0
2000	5	20	0
2000	5	21	0
2000	5	22	0
2000	5	23	0
2000	5	24	0
2000	6	1	null
2000	6	2	null
2000	6	3	null
2000	6	4	null
2000	6	5	null
2000	6	6	null
2000	6	7	null
2000	6	8	null
2000	6	9	null
2000	6	10	null
2000	6	11	null
2000	6	12	null
2000	6	13	null
2000	6	14	null
2000	6	15	null
2000	6	16	null
2000	6	17	null
2000	6	18	null
2000	6	19	null
2000	6	20	null
2000	6	21	null
2000	6	22	null
2000	6	23	null
2000	6	24	null
2000	7	1	0
2000	7	2	0
2000	7	3	0
2000	7	4	0
2000	7	5	0
2000	7	6	0
2000	7	7	0
2000	7	8	0
2000	7	9	0
2000	7	10	0.0280000000000000006
2000	7	11	0.0650000000000000022
2000	7	12	0.0719999999999999946
2000	7	13	0.0280000000000000006
2000	7	14	0
2000	7	15	0
2000	7	16	0
2000	7	17	0
2000	7	18	0
2000	7	19	0
2000	7	20	0
2000	7	21	0
2000	7	22	0
2000	7	23	0
2000	7	24	0
2000	8	1	0
2000	8	2	0
2000	8	3	0
2000	8	4	0
2000	8	5	0
2000	8	6	0
2000	8	7	0.00200000000000000004
2000	8	8	0.0350000000000000033
2000	8	9	0.101000000000000006
2000	8	10	0.173999999999999988
2000	8	11	0.214999999999999997
2000	8	12	0.202000000000000013
2000	8	13	0.127000000000000002
2000	8	14	0.0369999999999999982
2000	8	15	0.00300000000000000006
2000	8	16	0
2000	8	17	0
2000	8	18	0
2000	8	19	0
2000	8	20	0
2000	8	21	0
2000	8	22	0
2000	8	23	0
2000	8	24	0
2000	9	1	0
2000	9	2	0
2000	9	3	0
2000	9	4	0.00400000000000000008
2000	9	5	0.0400000000000000008
2000	9	6	0.138000000000000012
2000	9	7	0.332000000000000017
2000	9	8	0.52300000000000002
2000	9	9	0.690999999999999948
2000	9	10	0.803000000000000047
2000	9	11	0.857999999999999985
2000	9	12	0.812999999999999945
2000	9	13	0.70499999999999996
2000	9	14	0.510000000000000009
2000	9	15	0.26100000000000001
2000	9	16	0.076999999999999999
2000	9	17	0.00800000000000000017
2000	9	18	0.00100000000000000002
2000	9	19	0
2000	9	20	0
2000	9	21	0
2000	9	22	0
2000	9	23	0
2000	9	24	0
2000	10	1	0
2000	10	2	0.0160000000000000003
2000	10	3	0.0940000000000000002
2000	10	4	0.248999999999999999
2000	10	5	0.526000000000000023
2000	10	6	0.833999999999999964
2000	10	7	1.1080000000000001
2000	10	8	1.35299999999999998
2000	10	9	1.58600000000000008
2000	10	10	1.69300000000000006
2000	10	11	1.7430000000000001
2000	10	12	1.64500000000000002
2000	10	13	1.43799999999999994
2000	10	14	1.19900000000000007
2000	10	15	0.90900000000000003
2000	10	16	0.586999999999999966
2000	10	17	0.306999999999999995
2000	10	18	0.0889999999999999958
2000	10	19	0.0149999999999999994
2000	10	20	0.00300000000000000006
2000	10	21	0.00100000000000000002
2000	10	22	0
2000	10	23	0
2000	10	24	0
2000	11	1	0.0990000000000000047
2000	11	2	0.251000000000000001
2000	11	3	0.486999999999999988
2000	11	4	0.77200000000000002
2000	11	5	1.07600000000000007
2000	11	6	1.40500000000000003
2000	11	7	1.6319999999999999
2000	11	8	1.81699999999999995
2000	11	9	2.05600000000000005
2000	11	10	2.20500000000000007
2000	11	11	2.14400000000000013
2000	11	12	2.08999999999999986
2000	11	13	1.95799999999999996
2000	11	14	1.71300000000000008
2000	11	15	1.45599999999999996
2000	11	16	1.09600000000000009
2000	11	17	0.786000000000000032
2000	11	18	0.503000000000000003
2000	11	19	0.254000000000000004
2000	11	20	0.120999999999999996
2000	11	21	0.0459999999999999992
2000	11	22	0.0269999999999999997
2000	11	23	0.0189999999999999995
2000	11	24	0.0210000000000000013
2000	12	1	0.274000000000000021
2000	12	2	0.426999999999999991
2000	12	3	0.687000000000000055
2000	12	4	0.932000000000000051
2000	12	5	1.27000000000000002
2000	12	6	1.69100000000000006
2000	12	7	1.97700000000000009
2000	12	8	2.1160000000000001
2000	12	9	2.35700000000000021
2000	12	10	2.57900000000000018
2000	12	11	2.73600000000000021
2000	12	12	2.50499999999999989
2000	12	13	2.32699999999999996
2000	12	14	2.11299999999999999
2000	12	15	1.78800000000000003
2000	12	16	1.47300000000000009
2000	12	17	1.13300000000000001
2000	12	18	0.814999999999999947
2000	12	19	0.577999999999999958
2000	12	20	0.383000000000000007
2000	12	21	0.164000000000000007
2000	12	22	0.0550000000000000003
2000	12	23	0.0470000000000000001
2000	12	24	0.0719999999999999946
